3.198765814304351807e-01 6.219422221183776855e-01 3.524258732795715332e-01 4.309589862823486328e-01 1.845252513885498047e-01 9.449564814567565918e-01 3.080560564994812012e-01 4.697682857513427734e-01 7.803369760513305664e-01 0.000000000000000000e+00 0.000000000000000000e+00 0.000000000000000000e+00
8.127170205116271973e-01 2.182290554046630859e-01 8.448584079742431641e-01 2.987087965011596680e-01 1.821256875991821289e-01 9.862031936645507812e-01 1.341879367828369141e-01 4.475310444831848145e-01 9.659631848335266113e-01 0.000000000000000000e+00 0.000000000000000000e+00 0.000000000000000000e+00
5.928310751914978027e-01 9.404069185256958008e-02 7.985235452651977539e-01 2.146819233894348145e-01 1.846274137496948242e-01 9.621524810791015625e-01 7.081866860389709473e-01 4.480792880058288574e-01 7.499445080757141113e-01 0.000000000000000000e+00 0.000000000000000000e+00 0.000000000000000000e+00
9.898084998130798340e-01 1.033402681350708008e-01 5.429255366325378418e-01 7.032801508903503418e-01 7.980715632438659668e-01 4.121376872062683105e-01 5.874835252761840820e-01 1.901869773864746094e-01 7.302281856536865234e-01 0.000000000000000000e+00 0.000000000000000000e+00 0.000000000000000000e+00
3.758992254734039307e-01 5.890060663223266602e-01 3.497648239135742188e-02 3.274643421173095703e-02 9.822111129760742188e-01 5.559088587760925293e-01 4.878838062286376953e-01 2.996615767478942871e-01 5.585946440696716309e-01 0.000000000000000000e+00 1.000000000000000000e+00 0.000000000000000000e+00
8.394505977630615234e-01 6.298168897628784180e-01 2.932083606719970703e-02 6.656593084335327148e-01 6.443358659744262695e-01 8.994911313056945801e-01 6.773770451545715332e-01 7.291328907012939453e-02 3.122250437736511230e-01 0.000000000000000000e+00 1.000000000000000000e+00 0.000000000000000000e+00
9.989840388298034668e-01 1.616889238357543945e-01 3.787303566932678223e-01 9.623995423316955566e-01 5.125501155853271484e-01 1.171334385871887207e-01 8.582714796066284180e-01 8.342111706733703613e-01 4.881833195686340332e-01 0.000000000000000000e+00 0.000000000000000000e+00 0.000000000000000000e+00
8.498404622077941895e-01 9.444752931594848633e-01 9.480870962142944336e-01 3.463956117630004883e-01 9.757765531539916992e-01 2.188055515289306641e-01 7.327270507812500000e-02 1.982901692390441895e-01 2.247107625007629395e-01 0.000000000000000000e+00 0.000000000000000000e+00 0.000000000000000000e+00
3.244057893753051758e-01 7.409820556640625000e-01 9.018170833587646484e-02 4.502096772193908691e-01 2.471145391464233398e-01 5.594453811645507812e-01 4.338086843490600586e-01 3.710740804672241211e-02 9.639650583267211914e-01 1.000000000000000000e+00 0.000000000000000000e+00 0.000000000000000000e+00
9.471380114555358887e-01 8.769387006759643555e-02 9.960573911666870117e-02 6.572698354721069336e-01 8.995538949966430664e-02 3.309499025344848633e-01 2.522221207618713379e-01 8.288412094116210938e-01 8.449012637138366699e-01 0.000000000000000000e+00 0.000000000000000000e+00 0.000000000000000000e+00
2.134552299976348877e-01 8.359503746032714844e-01 6.260699629783630371e-01 3.902666568756103516e-01 1.475870609283447266e-03 3.303602933883666992e-01 7.986503243446350098e-01 5.669313073158264160e-01 4.683996438980102539e-01 1.000000000000000000e+00 1.000000000000000000e+00 1.000000000000000000e+00
3.232596814632415771e-01 6.008414030075073242e-01 6.057168841361999512e-01 2.931665182113647461e-01 2.683409452438354492e-01 4.352840185165405273e-01 3.173368573188781738e-01 4.344800114631652832e-01 6.502659320831298828e-01 0.000000000000000000e+00 0.000000000000000000e+00 0.000000000000000000e+00
4.783212244510650635e-01 9.581148624420166016e-01 4.662001729011535645e-01 2.213901877403259277e-01 6.749004721641540527e-01 2.324474453926086426e-01 4.930117726325988770e-01 2.257049083709716797e-02 9.016595482826232910e-01 1.000000000000000000e+00 0.000000000000000000e+00 0.000000000000000000e+00
9.328188896179199219e-01 5.242909789085388184e-01 8.265185356140136719e-02 8.443254232406616211e-01 8.682163953781127930e-01 4.598217606544494629e-01 3.647881746292114258e-02 2.370555400848388672e-01 3.248870968818664551e-01 0.000000000000000000e+00 0.000000000000000000e+00 0.000000000000000000e+00
9.784892797470092773e-01 5.734627246856689453e-01 7.430738210678100586e-01 9.481049776077270508e-01 7.755514383316040039e-01 3.991127014160156250e-01 9.753356575965881348e-01 5.244727730751037598e-01 2.009196877479553223e-01 0.000000000000000000e+00 0.000000000000000000e+00 0.000000000000000000e+00
5.900775194168090820e-01 5.565480589866638184e-01 5.685402750968933105e-01 3.964421749114990234e-01 7.451469302177429199e-01 7.846361994743347168e-01 4.294154047966003418e-01 2.340402007102966309e-01 8.177918195724487305e-02 0.000000000000000000e+00 0.000000000000000000e+00 0.000000000000000000e+00
9.619523286819458008e-01 3.824955821037292480e-01 8.800550103187561035e-01 8.952286243438720703e-01 3.189075589179992676e-01 3.545764684677124023e-01 4.620251655578613281e-01 1.697151660919189453e-01 4.537317156791687012e-01 0.000000000000000000e+00 0.000000000000000000e+00 0.000000000000000000e+00
9.878886342048645020e-01 3.843301534652709961e-02 6.277846693992614746e-01 8.360236883163452148e-01 6.927912831306457520e-01 8.655696511268615723e-01 8.496540784835815430e-02 8.883100152015686035e-01 8.459978103637695312e-01 0.000000000000000000e+00 0.000000000000000000e+00 0.000000000000000000e+00
3.206058442592620850e-01 6.635410189628601074e-01 5.238696932792663574e-01 1.318936347961425781e-01 2.228285074234008789e-01 1.356528997421264648e-01 4.339798688888549805e-01 8.357161879539489746e-01 1.307172775268554688e-01 1.000000000000000000e+00 0.000000000000000000e+00 0.000000000000000000e+00
6.339827179908752441e-01 3.938559293746948242e-01 4.096198081970214844e-01 8.625513315200805664e-01 6.988668441772460938e-02 6.647641062736511230e-01 6.236578822135925293e-01 2.867343425750732422e-01 2.339172363281250000e-02 0.000000000000000000e+00 1.000000000000000000e+00 0.000000000000000000e+00
9.961693882942199707e-01 8.053112030029296875e-02 1.021085977554321289e-01 9.250130653381347656e-01 8.329831957817077637e-01 4.794531464576721191e-01 2.183634042739868164e-01 1.807225942611694336e-01 4.552565217018127441e-01 0.000000000000000000e+00 1.000000000000000000e+00 0.000000000000000000e+00
4.117617905139923096e-01 2.413430809974670410e-01 1.572755575180053711e-01 4.101034998893737793e-01 6.016399264335632324e-01 5.393934249877929688e-02 7.063264846801757812e-01 9.119926095008850098e-01 5.269200801849365234e-01 0.000000000000000000e+00 0.000000000000000000e+00 0.000000000000000000e+00
9.055793881416320801e-01 3.957327604293823242e-01 1.985073685646057129e-01 6.510580778121948242e-01 7.810460329055786133e-01 1.148677468299865723e-01 9.699575901031494141e-01 8.735931515693664551e-01 8.892402052879333496e-01 0.000000000000000000e+00 0.000000000000000000e+00 0.000000000000000000e+00
7.752147316932678223e-01 9.100478887557983398e-02 3.654771447181701660e-01 5.875109434127807617e-01 4.608879685401916504e-01 7.505885958671569824e-01 7.967988848686218262e-01 4.359653592109680176e-01 8.828378319740295410e-01 0.000000000000000000e+00 0.000000000000000000e+00 0.000000000000000000e+00
9.517865777015686035e-01 2.354936599731445312e-01 9.077171683311462402e-01 6.146817803382873535e-01 2.257026433944702148e-01 3.310934305191040039e-01 8.339734673500061035e-01 1.129065752029418945e-01 8.447171449661254883e-01 1.000000000000000000e+00 0.000000000000000000e+00 0.000000000000000000e+00
9.577984809875488281e-01 1.267271041870117188e-01 8.328857421875000000e-01 8.053448200225830078e-01 7.401746511459350586e-02 1.505415439605712891e-01 2.330190539360046387e-01 3.314596414566040039e-01 2.807304859161376953e-01 0.000000000000000000e+00 0.000000000000000000e+00 0.000000000000000000e+00
9.841818213462829590e-01 8.062481880187988281e-03 8.127764463424682617e-01 8.295506834983825684e-01 3.543979525566101074e-01 5.264742374420166016e-01 6.547415256500244141e-01 8.859594464302062988e-01 7.938821911811828613e-01 0.000000000000000000e+00 0.000000000000000000e+00 0.000000000000000000e+00
3.917583525180816650e-01 7.222529053688049316e-01 1.717970371246337891e-01 3.237333893775939941e-01 6.497846245765686035e-01 8.204292058944702148e-01 6.882853507995605469e-01 8.192425966262817383e-01 1.933987736701965332e-01 1.000000000000000000e+00 0.000000000000000000e+00 0.000000000000000000e+00
7.813191413879394531e-01 4.315249919891357422e-01 8.966587781906127930e-01 8.518600463867187500e-02 7.262452244758605957e-01 3.910965323448181152e-01 7.531630992889404297e-01 2.873800992965698242e-01 2.298832535743713379e-01 0.000000000000000000e+00 0.000000000000000000e+00 0.000000000000000000e+00
3.819133341312408447e-01 9.054096937179565430e-01 1.459318399429321289e-02 9.868198633193969727e-02 5.849232077598571777e-01 4.227522611618041992e-01 7.041296362876892090e-01 2.580214738845825195e-01 9.393782615661621094e-01 1.000000000000000000e+00 0.000000000000000000e+00 0.000000000000000000e+00
8.993251323699951172e-01 3.327834606170654297e-01 7.240988612174987793e-01 4.322521686553955078e-01 9.300874471664428711e-01 5.744672417640686035e-01 8.489264249801635742e-01 1.343874931335449219e-01 8.570511341094970703e-01 0.000000000000000000e+00 1.000000000000000000e+00 0.000000000000000000e+00
9.174113869667053223e-01 4.064726233482360840e-01 2.810893654823303223e-01 6.221992969512939453e-01 8.373206853866577148e-01 6.678539514541625977e-01 6.475696563720703125e-01 4.600277543067932129e-01 6.520921587944030762e-01 0.000000000000000000e+00 0.000000000000000000e+00 0.000000000000000000e+00
8.830242156982421875e-01 5.479338765144348145e-01 8.587172031402587891e-01 8.269614577293395996e-01 7.699469923973083496e-01 3.434528112411499023e-01 3.025920987129211426e-01 5.373536348342895508e-01 6.391894817352294922e-01 0.000000000000000000e+00 0.000000000000000000e+00 0.000000000000000000e+00
4.329032003879547119e-01 1.997505426406860352e-01 5.725969076156616211e-01 2.334672212600708008e-02 1.511691212654113770e-01 7.914608120918273926e-01 5.117256641387939453e-01 2.221261262893676758e-01 6.171876192092895508e-02 0.000000000000000000e+00 0.000000000000000000e+00 0.000000000000000000e+00
5.232038497924804688e-01 6.379718780517578125e-01 8.586083054542541504e-01 8.374583721160888672e-01 2.587544918060302734e-02 8.175482749938964844e-01 4.788708090782165527e-01 1.458564996719360352e-01 8.564630746841430664e-01 0.000000000000000000e+00 0.000000000000000000e+00 0.000000000000000000e+00
2.843673527240753174e-01 1.280673146247863770e-01 3.443359136581420898e-01 2.155443429946899414e-01 3.203067183494567871e-01 7.609564661979675293e-01 7.881960272789001465e-01 8.605346679687500000e-01 7.651599645614624023e-01 1.000000000000000000e+00 0.000000000000000000e+00 0.000000000000000000e+00
2.538684308528900146e-01 5.476514697074890137e-01 5.298040509223937988e-01 1.338260173797607422e-01 2.824754714965820312e-01 4.874423742294311523e-01 3.422648906707763672e-01 1.480425000190734863e-01 9.214639663696289062e-02 0.000000000000000000e+00 1.000000000000000000e+00 0.000000000000000000e+00
7.029942870140075684e-01 5.924367308616638184e-01 1.232787370681762695e-01 6.512675881385803223e-01 6.061715483665466309e-01 1.999244689941406250e-01 7.777516245841979980e-01 6.630402803421020508e-02 1.085260510444641113e-01 0.000000000000000000e+00 0.000000000000000000e+00 0.000000000000000000e+00
4.821246862411499023e-01 7.608339786529541016e-01 6.399363875389099121e-01 7.412803173065185547e-01 1.323797106742858887e-01 3.775154352188110352e-01 6.494351625442504883e-01 7.122516632080078125e-02 4.629427790641784668e-01 0.000000000000000000e+00 0.000000000000000000e+00 0.000000000000000000e+00
9.268215298652648926e-01 5.192506909370422363e-01 7.663822174072265625e-01 9.389757513999938965e-01 1.878157854080200195e-01 4.260520339012145996e-01 9.940284490585327148e-01 3.347949981689453125e-01 5.650234818458557129e-01 0.000000000000000000e+00 0.000000000000000000e+00 0.000000000000000000e+00
5.392789840698242188e-01 7.590085864067077637e-01 7.509659528732299805e-01 1.021352410316467285e-01 5.546891689300537109e-01 5.629161000251770020e-01 6.617004275321960449e-01 8.105681538581848145e-01 2.572972178459167480e-01 1.000000000000000000e+00 0.000000000000000000e+00 0.000000000000000000e+00
3.202757835388183594e-01 1.140087246894836426e-01 9.867131710052490234e-02 1.688738465309143066e-01 8.709793090820312500e-01 3.689495325088500977e-01 7.959069609642028809e-01 6.196951866149902344e-01 6.276673078536987305e-01 0.000000000000000000e+00 1.000000000000000000e+00 0.000000000000000000e+00
9.697008728981018066e-01 4.175025224685668945e-02 9.842117428779602051e-01 2.696186900138854980e-01 4.918031096458435059e-01 7.980172038078308105e-01 5.622481703758239746e-01 9.230668544769287109e-01 8.504369258880615234e-01 0.000000000000000000e+00 0.000000000000000000e+00 0.000000000000000000e+00
8.096771240234375000e-01 8.274564743041992188e-01 2.112939953804016113e-01 8.757786154747009277e-01 2.721153497695922852e-01 9.891116619110107422e-01 1.161301732063293457e-01 2.531701326370239258e-01 1.518279314041137695e-01 1.000000000000000000e+00 0.000000000000000000e+00 0.000000000000000000e+00
9.851917028427124023e-01 2.814036011695861816e-01 8.284766674041748047e-01 6.081301569938659668e-01 9.810550212860107422e-01 2.059977054595947266e-01 8.347730040550231934e-01 9.835404157638549805e-01 5.115201473236083984e-01 1.000000000000000000e+00 0.000000000000000000e+00 0.000000000000000000e+00
4.102706909179687500e-01 2.797741293907165527e-01 3.296822905540466309e-01 2.709951996803283691e-01 4.782418608665466309e-01 8.330016732215881348e-01 9.855560660362243652e-01 8.669005632400512695e-01 6.582924723625183105e-01 1.000000000000000000e+00 0.000000000000000000e+00 0.000000000000000000e+00
7.562939524650573730e-01 9.570307135581970215e-01 4.605901241302490234e-01 7.435569763183593750e-01 4.155788421630859375e-01 2.683262228965759277e-01 6.129593253135681152e-01 2.565807104110717773e-02 9.584539532661437988e-01 0.000000000000000000e+00 0.000000000000000000e+00 0.000000000000000000e+00
4.277863204479217529e-01 9.839887619018554688e-01 7.503685355186462402e-01 6.313078999519348145e-01 1.237889528274536133e-01 3.931261897087097168e-01 3.682306408882141113e-01 4.878823757171630859e-01 3.803113102912902832e-01 1.000000000000000000e+00 0.000000000000000000e+00 0.000000000000000000e+00
9.896045923233032227e-01 4.525065422058105469e-03 5.182776451110839844e-01 8.098977208137512207e-01 8.512366414070129395e-01 5.645312666893005371e-01 6.622599363327026367e-01 3.788342475891113281e-01 7.607226371765136719e-01 0.000000000000000000e+00 1.000000000000000000e+00 0.000000000000000000e+00
7.796612977981567383e-01 9.485328197479248047e-01 9.062385559082031250e-01 8.728545308113098145e-01 6.871279478073120117e-01 7.646777629852294922e-01 7.048306465148925781e-01 3.692733645439147949e-01 5.087273716926574707e-01 0.000000000000000000e+00 0.000000000000000000e+00 0.000000000000000000e+00
4.663208127021789551e-01 7.971216440200805664e-01 2.899912595748901367e-01 4.281125068664550781e-01 1.364479660987854004e-01 6.499149203300476074e-01 6.765037775039672852e-01 4.510510563850402832e-01 3.390733003616333008e-01 1.000000000000000000e+00 0.000000000000000000e+00 0.000000000000000000e+00
2.447295635938644409e-01 8.005527257919311523e-01 2.776122093200683594e-01 3.873741626739501953e-02 2.764629721641540527e-01 7.520343065261840820e-01 2.028262615203857422e-02 4.201263189315795898e-01 2.408807873725891113e-01 1.000000000000000000e+00 0.000000000000000000e+00 0.000000000000000000e+00
9.968943595886230469e-01 3.686487674713134766e-03 3.156993389129638672e-01 8.363077640533447266e-01 6.335420012474060059e-01 5.222781300544738770e-01 6.741889119148254395e-01 1.936483383178710938e-02 9.689701199531555176e-01 0.000000000000000000e+00 0.000000000000000000e+00 0.000000000000000000e+00
6.229912042617797852e-01 1.606433987617492676e-01 4.779365062713623047e-01 2.908993959426879883e-01 6.259105205535888672e-01 4.557760953903198242e-01 6.125862598419189453e-01 9.190982580184936523e-02 6.880446076393127441e-01 0.000000000000000000e+00 0.000000000000000000e+00 0.000000000000000000e+00
9.358088970184326172e-01 1.265928745269775391e-01 1.720196604728698730e-01 7.839255332946777344e-01 3.624033331871032715e-01 6.948225498199462891e-01 1.911287307739257812e-01 4.675641059875488281e-01 5.683673024177551270e-01 0.000000000000000000e+00 0.000000000000000000e+00 0.000000000000000000e+00
7.679986357688903809e-01 6.984865069389343262e-01 9.057580828666687012e-01 5.843744277954101562e-01 6.305196285247802734e-01 7.358827590942382812e-01 5.602696537971496582e-01 2.816361188888549805e-02 7.839242219924926758e-01 1.000000000000000000e+00 0.000000000000000000e+00 0.000000000000000000e+00
6.182727217674255371e-01 7.384608387947082520e-01 7.204908132553100586e-02 6.442290544509887695e-01 4.220803976058959961e-01 9.169053435325622559e-01 5.699180960655212402e-01 7.863140106201171875e-02 4.614239931106567383e-01 1.000000000000000000e+00 0.000000000000000000e+00 0.000000000000000000e+00
8.444589972496032715e-01 9.302039742469787598e-01 1.933022141456604004e-01 5.718289613723754883e-01 9.923010468482971191e-01 8.237736225128173828e-01 1.447743177413940430e-02 7.057840824127197266e-01 5.756964087486267090e-01 0.000000000000000000e+00 0.000000000000000000e+00 0.000000000000000000e+00
6.455845236778259277e-01 2.027727365493774414e-01 8.694894909858703613e-01 8.333319425582885742e-02 1.894854307174682617e-01 4.313564300537109375e-01 6.233724951744079590e-01 1.163455247879028320e-01 7.849068641662597656e-01 0.000000000000000000e+00 1.000000000000000000e+00 0.000000000000000000e+00
7.211919426918029785e-01 7.286785244941711426e-01 1.061819195747375488e-01 7.813206911087036133e-01 5.570656061172485352e-02 8.361352086067199707e-01 9.097344875335693359e-01 9.563230872154235840e-01 2.116876244544982910e-01 0.000000000000000000e+00 0.000000000000000000e+00 0.000000000000000000e+00
5.241244435310363770e-01 2.208917140960693359e-01 5.091870427131652832e-01 5.676189064979553223e-01 8.301818370819091797e-02 9.688100218772888184e-01 4.054275751113891602e-01 9.460813403129577637e-01 7.276955246925354004e-01 1.000000000000000000e+00 0.000000000000000000e+00 0.000000000000000000e+00
5.780676007270812988e-01 8.668410778045654297e-01 5.517800450325012207e-01 6.518148183822631836e-01 1.521108150482177734e-01 9.683064818382263184e-01 3.949444293975830078e-01 3.147969245910644531e-01 7.344057559967041016e-01 1.000000000000000000e+00 0.000000000000000000e+00 0.000000000000000000e+00
6.434148550033569336e-01 4.474967122077941895e-01 7.837896943092346191e-01 5.400704145431518555e-01 3.210687637329101562e-02 2.951495647430419922e-01 1.113787889480590820e-01 8.696693778038024902e-01 7.921710610389709473e-01 1.000000000000000000e+00 0.000000000000000000e+00 0.000000000000000000e+00
2.670938372611999512e-01 1.476503014564514160e-01 1.573954224586486816e-01 2.369729280471801758e-01 9.018200635910034180e-01 6.862055063247680664e-01 3.840407729148864746e-01 7.091418504714965820e-01 2.030038833618164062e-01 1.000000000000000000e+00 0.000000000000000000e+00 0.000000000000000000e+00
4.995186328887939453e-01 5.794768333435058594e-01 8.824850320816040039e-01 1.513679027557373047e-01 1.956135034561157227e-02 8.922290802001953125e-02 5.258308649063110352e-01 4.438126087188720703e-02 6.597119569778442383e-01 0.000000000000000000e+00 0.000000000000000000e+00 0.000000000000000000e+00
9.625607132911682129e-01 4.487105607986450195e-01 2.029407024383544922e-02 9.146289229393005371e-01 6.064795255661010742e-01 5.022882819175720215e-01 7.281338572502136230e-01 4.205083847045898438e-02 4.099968075752258301e-01 0.000000000000000000e+00 1.000000000000000000e+00 0.000000000000000000e+00
7.314825057983398438e-01 6.602695584297180176e-01 4.389212131500244141e-01 8.955432772636413574e-01 2.066333293914794922e-01 5.708419084548950195e-01 6.501625776290893555e-01 9.491736888885498047e-01 2.742341756820678711e-01 0.000000000000000000e+00 0.000000000000000000e+00 0.000000000000000000e+00
9.858289957046508789e-01 2.564232945442199707e-01 5.984925627708435059e-01 7.962803840637207031e-01 7.390686273574829102e-01 3.428733348846435547e-01 1.315649747848510742e-01 2.585144639015197754e-01 7.512933611869812012e-01 0.000000000000000000e+00 1.000000000000000000e+00 0.000000000000000000e+00
7.678648829460144043e-01 8.195547461509704590e-01 9.803104400634765625e-02 8.306174874305725098e-01 7.972226738929748535e-01 5.485947728157043457e-01 1.436502337455749512e-01 7.542415857315063477e-01 6.809262037277221680e-01 0.000000000000000000e+00 0.000000000000000000e+00 0.000000000000000000e+00
6.589878201484680176e-01 5.233289599418640137e-01 2.454503178596496582e-01 3.830540180206298828e-01 8.169147372245788574e-01 9.028559923171997070e-02 5.326609015464782715e-01 8.972078561782836914e-01 5.342940092086791992e-01 1.000000000000000000e+00 1.000000000000000000e+00 1.000000000000000000e+00
9.254340529441833496e-01 2.106446027755737305e-02 3.912036418914794922e-01 8.086710572242736816e-01 3.689151406288146973e-01 8.906596302986145020e-01 3.839721083641052246e-01 2.025822997093200684e-01 4.702481031417846680e-01 0.000000000000000000e+00 1.000000000000000000e+00 0.000000000000000000e+00
4.254855215549468994e-01 2.654590010643005371e-01 3.562615513801574707e-01 2.135317325592041016e-01 9.599845409393310547e-01 7.242146730422973633e-01 1.354108452796936035e-01 3.926093578338623047e-01 1.066101789474487305e-01 0.000000000000000000e+00 1.000000000000000000e+00 0.000000000000000000e+00
2.644891738891601562e-01 9.370830059051513672e-01 6.817557811737060547e-01 4.381377696990966797e-01 1.628267765045166016e-01 3.856400847434997559e-01 3.938972949981689453e-01 1.658862829208374023e-01 2.015724182128906250e-01 1.000000000000000000e+00 1.000000000000000000e+00 1.000000000000000000e+00
2.609340250492095947e-01 9.458052515983581543e-01 5.560308694839477539e-01 3.021028041839599609e-01 1.227979063987731934e-01 8.932021856307983398e-01 6.461322307586669922e-02 1.262380480766296387e-01 5.407983064651489258e-01 0.000000000000000000e+00 0.000000000000000000e+00 0.000000000000000000e+00
9.863889813423156738e-01 6.399794220924377441e-01 7.243081927299499512e-01 9.909976124763488770e-01 4.862931370735168457e-01 8.951693773269653320e-02 7.096299529075622559e-01 5.296814441680908203e-01 8.942080140113830566e-01 0.000000000000000000e+00 0.000000000000000000e+00 0.000000000000000000e+00
6.506645679473876953e-01 7.189248204231262207e-01 4.453714489936828613e-01 7.013154029846191406e-01 1.419170498847961426e-01 1.646673679351806641e-01 9.123346805572509766e-01 5.393879413604736328e-01 7.224434018135070801e-01 1.000000000000000000e+00 0.000000000000000000e+00 0.000000000000000000e+00
6.591117382049560547e-01 4.486424326896667480e-01 3.906787037849426270e-01 6.165827512741088867e-01 4.041852951049804688e-01 5.142374038696289062e-01 8.602945804595947266e-01 2.788901925086975098e-01 3.457299470901489258e-01 1.000000000000000000e+00 0.000000000000000000e+00 0.000000000000000000e+00
5.866147279739379883e-01 7.779327034950256348e-01 8.446711301803588867e-01 4.115127325057983398e-01 6.018512248992919922e-01 7.887529730796813965e-01 4.603374004364013672e-02 9.424424171447753906e-01 4.358595013618469238e-01 1.000000000000000000e+00 0.000000000000000000e+00 0.000000000000000000e+00
5.144093930721282959e-02 6.344556808471679688e-02 5.777436494827270508e-02 2.392877340316772461e-01 1.257749795913696289e-01 4.329370856285095215e-01 2.043122649192810059e-01 2.875849008560180664e-01 7.153424024581909180e-01 1.000000000000000000e+00 1.000000000000000000e+00 1.000000000000000000e+00
6.215967535972595215e-01 4.441165924072265625e-01 3.744962811470031738e-01 2.229301929473876953e-01 9.786244034767150879e-01 8.650313615798950195e-01 2.529636621475219727e-01 9.812237620353698730e-01 8.159512877464294434e-01 1.000000000000000000e+00 0.000000000000000000e+00 0.000000000000000000e+00
7.508851885795593262e-01 5.044254660606384277e-01 3.810391426086425781e-01 7.171052694320678711e-01 9.847043752670288086e-01 7.654473185539245605e-01 8.431601524353027344e-01 5.753515958786010742e-01 3.973585367202758789e-02 0.000000000000000000e+00 0.000000000000000000e+00 0.000000000000000000e+00
4.472874104976654053e-01 5.077511072158813477e-01 1.966617703437805176e-01 5.171206593513488770e-01 3.375929594039916992e-01 3.489289879798889160e-01 4.917485713958740234e-01 6.083500981330871582e-01 5.859102606773376465e-01 0.000000000000000000e+00 0.000000000000000000e+00 0.000000000000000000e+00
9.796121716499328613e-01 5.271064043045043945e-01 8.193561434745788574e-01 8.824088573455810547e-01 8.296555280685424805e-01 2.490666508674621582e-01 5.652826428413391113e-01 9.060992598533630371e-01 3.579472303390502930e-01 0.000000000000000000e+00 0.000000000000000000e+00 0.000000000000000000e+00
6.246358156204223633e-01 2.318083643913269043e-01 9.000545740127563477e-02 5.252968072891235352e-01 2.729167938232421875e-01 4.684004783630371094e-01 2.240998744964599609e-01 3.333006501197814941e-01 2.390745878219604492e-01 0.000000000000000000e+00 1.000000000000000000e+00 0.000000000000000000e+00
3.780813813209533691e-01 7.275336980819702148e-01 9.948804974555969238e-01 4.321020841598510742e-02 3.922313451766967773e-02 3.863181471824645996e-01 8.913573026657104492e-01 9.405810236930847168e-01 8.157825469970703125e-01 1.000000000000000000e+00 0.000000000000000000e+00 0.000000000000000000e+00
2.215110212564468384e-01 6.706429719924926758e-01 5.563865900039672852e-01 7.875275611877441406e-02 4.173682332038879395e-01 6.913586258888244629e-01 7.792732715606689453e-01 3.814672231674194336e-01 4.504117965698242188e-01 0.000000000000000000e+00 0.000000000000000000e+00 0.000000000000000000e+00
6.184117197990417480e-01 7.432993054389953613e-01 3.992080688476562500e-03 4.106645584106445312e-01 5.095622539520263672e-01 1.085885763168334961e-01 6.921689510345458984e-01 4.561755657196044922e-01 4.660796523094177246e-01 1.000000000000000000e+00 0.000000000000000000e+00 0.000000000000000000e+00
2.846355438232421875e-01 2.576271891593933105e-01 3.000138998031616211e-01 2.964775562286376953e-01 3.903144598007202148e-01 9.932909607887268066e-01 4.359543323516845703e-02 7.946655750274658203e-01 5.607821941375732422e-01 1.000000000000000000e+00 1.000000000000000000e+00 1.000000000000000000e+00
9.910017848014831543e-01 2.822941541671752930e-02 5.939387679100036621e-01 9.036986231803894043e-01 9.283019304275512695e-01 8.799291849136352539e-01 1.213963031768798828e-01 1.460878252983093262e-01 3.429894447326660156e-01 0.000000000000000000e+00 0.000000000000000000e+00 0.000000000000000000e+00
7.493334412574768066e-01 4.493923783302307129e-01 5.258977413177490234e-01 2.412812709808349609e-01 7.133942246437072754e-01 8.197174668312072754e-01 9.639140963554382324e-01 1.369385123252868652e-01 3.858332037925720215e-01 0.000000000000000000e+00 0.000000000000000000e+00 0.000000000000000000e+00
9.156524538993835449e-01 7.858592271804809570e-02 7.700013518333435059e-01 7.039309740066528320e-01 4.249908328056335449e-01 7.629688382148742676e-01 6.277813315391540527e-01 9.189668297767639160e-01 2.694182395935058594e-01 0.000000000000000000e+00 0.000000000000000000e+00 0.000000000000000000e+00
5.023373365402221680e-01 9.288499951362609863e-01 3.544085025787353516e-01 8.748805522918701172e-02 5.922142863273620605e-01 8.644007444381713867e-01 1.691210269927978516e-01 8.210988044738769531e-01 9.711529612541198730e-01 0.000000000000000000e+00 0.000000000000000000e+00 0.000000000000000000e+00
4.473412632942199707e-01 6.868822574615478516e-01 4.523628950119018555e-02 6.728971600532531738e-01 1.043069362640380859e-02 7.731621861457824707e-01 2.963494658470153809e-01 8.030522465705871582e-01 3.666931390762329102e-02 0.000000000000000000e+00 0.000000000000000000e+00 0.000000000000000000e+00
6.932399272918701172e-01 8.536336421966552734e-01 2.531874179840087891e-01 6.330809593200683594e-01 6.323687434196472168e-01 6.190634369850158691e-01 4.328730106353759766e-01 3.091047406196594238e-01 3.070144653320312500e-01 1.000000000000000000e+00 0.000000000000000000e+00 0.000000000000000000e+00
9.553447365760803223e-01 2.712776064872741699e-01 9.160645008087158203e-01 9.351670145988464355e-01 3.217380642890930176e-01 3.392600417137145996e-01 6.846765279769897461e-01 9.795444011688232422e-01 1.152293086051940918e-01 0.000000000000000000e+00 0.000000000000000000e+00 0.000000000000000000e+00
5.761623382568359375e-01 9.284259676933288574e-01 5.808225870132446289e-01 7.566231489181518555e-02 4.704030752182006836e-01 3.307431936264038086e-02 9.013907909393310547e-01 3.864272832870483398e-01 2.534359097480773926e-01 0.000000000000000000e+00 0.000000000000000000e+00 0.000000000000000000e+00
9.854294061660766602e-01 2.520779967308044434e-01 7.254753112792968750e-01 8.899551033973693848e-01 8.301603794097900391e-01 5.890408754348754883e-01 5.406569838523864746e-01 9.152050614356994629e-01 3.241143822669982910e-01 0.000000000000000000e+00 0.000000000000000000e+00 0.000000000000000000e+00
2.406314909458160400e-01 8.995794057846069336e-01 3.681647181510925293e-01 5.114227533340454102e-02 1.259635686874389648e-01 8.721976280212402344e-01 7.554136514663696289e-01 3.274673223495483398e-01 6.556475162506103516e-01 0.000000000000000000e+00 0.000000000000000000e+00 0.000000000000000000e+00
4.992098212242126465e-01 1.223084926605224609e-01 4.393824338912963867e-01 2.606523036956787109e-02 4.132195711135864258e-01 5.059981346130371094e-02 7.165991663932800293e-01 5.616722106933593750e-01 3.422018885612487793e-01 0.000000000000000000e+00 0.000000000000000000e+00 0.000000000000000000e+00
3.785651922225952148e-01 4.505022764205932617e-01 6.101649999618530273e-02 3.869003653526306152e-01 7.773562669754028320e-01 8.458648324012756348e-01 6.725144386291503906e-02 7.932994961738586426e-01 2.049907445907592773e-01 1.000000000000000000e+00 0.000000000000000000e+00 0.000000000000000000e+00
1.698883324861526489e-01 3.234471678733825684e-01 5.590397119522094727e-01 1.981794834136962891e-01 8.486491441726684570e-02 6.559996604919433594e-01 4.273650646209716797e-01 6.382201910018920898e-01 2.642720341682434082e-01 0.000000000000000000e+00 1.000000000000000000e+00 0.000000000000000000e+00
5.683065652847290039e-01 6.941344141960144043e-01 5.613422393798828125e-02 4.595617651939392090e-01 7.226756811141967773e-01 7.224733829498291016e-01 4.848407506942749023e-01 6.357805132865905762e-01 9.235624670982360840e-01 1.000000000000000000e+00 0.000000000000000000e+00 0.000000000000000000e+00
9.755451083183288574e-01 1.245080232620239258e-01 8.366518020629882812e-01 5.463516116142272949e-01 1.829817295074462891e-01 1.675401926040649414e-01 8.581331968307495117e-01 8.024927377700805664e-01 9.620587229728698730e-01 0.000000000000000000e+00 0.000000000000000000e+00 0.000000000000000000e+00
9.391255974769592285e-01 4.571360349655151367e-02 8.212191462516784668e-01 6.791352033615112305e-01 4.801726341247558594e-01 5.963518619537353516e-01 4.314640164375305176e-01 3.974710702896118164e-01 3.223180770874023438e-03 0.000000000000000000e+00 1.000000000000000000e+00 0.000000000000000000e+00
2.882198691368103027e-01 6.171585321426391602e-01 7.556367516517639160e-01 4.702049493789672852e-02 3.139580488204956055e-01 4.372274279594421387e-01 5.804045200347900391e-01 4.788014292716979980e-01 7.881035208702087402e-01 0.000000000000000000e+00 0.000000000000000000e+00 0.000000000000000000e+00
6.118434667587280273e-01 7.759512066841125488e-01 1.286029815673828125e-01 8.215774297714233398e-01 5.010813474655151367e-02 3.399828672409057617e-01 6.601631641387939453e-02 5.551670789718627930e-01 6.685670018196105957e-01 1.000000000000000000e+00 0.000000000000000000e+00 0.000000000000000000e+00
9.131085872650146484e-01 2.801381945610046387e-01 9.920597672462463379e-01 3.161163926124572754e-01 7.138503789901733398e-01 4.552581906318664551e-01 3.953011035919189453e-01 7.953578233718872070e-01 2.755705714225769043e-01 1.000000000000000000e+00 0.000000000000000000e+00 0.000000000000000000e+00
8.273835182189941406e-01 2.807738780975341797e-01 1.512337327003479004e-01 8.105413317680358887e-01 5.471360683441162109e-02 7.696794867515563965e-01 4.590346813201904297e-01 1.091420650482177734e-01 2.902942299842834473e-01 0.000000000000000000e+00 0.000000000000000000e+00 0.000000000000000000e+00
3.654870092868804932e-01 1.559645533561706543e-01 4.100419878959655762e-01 1.078804135322570801e-01 2.804656028747558594e-01 2.328401803970336914e-01 4.646235704421997070e-01 6.360297799110412598e-01 4.456837773323059082e-01 0.000000000000000000e+00 1.000000000000000000e+00 0.000000000000000000e+00
2.701456546783447266e-01 4.173048138618469238e-01 4.560858011245727539e-01 5.052815079689025879e-01 1.241233944892883301e-01 6.662778258323669434e-01 8.287161588668823242e-02 8.088538646697998047e-01 2.827571034431457520e-01 1.000000000000000000e+00 0.000000000000000000e+00 0.000000000000000000e+00
9.501419067382812500e-01 1.470410227775573730e-01 6.167833209037780762e-01 3.700923919677734375e-02 9.411155581474304199e-01 3.267132639884948730e-01 3.556230068206787109e-01 1.193255186080932617e-02 2.039111256599426270e-01 1.000000000000000000e+00 1.000000000000000000e+00 1.000000000000000000e+00
6.437770724296569824e-01 8.875724673271179199e-01 8.426910638809204102e-02 5.808237195014953613e-01 4.350167512893676758e-02 7.681971788406372070e-02 2.029885649681091309e-01 6.199923157691955566e-01 9.807063341140747070e-01 0.000000000000000000e+00 0.000000000000000000e+00 0.000000000000000000e+00
4.450859129428863525e-01 4.086269140243530273e-01 3.321737051010131836e-02 2.265996336936950684e-01 3.968319892883300781e-01 9.051123857498168945e-01 5.322148203849792480e-01 8.719171285629272461e-01 9.421994090080261230e-01 0.000000000000000000e+00 0.000000000000000000e+00 0.000000000000000000e+00
2.512551546096801758e-01 8.300732374191284180e-01 7.699249386787414551e-01 2.704519033432006836e-02 4.662955999374389648e-01 4.980713129043579102e-02 8.912980556488037109e-03 2.254128456115722656e-01 7.656297087669372559e-01 0.000000000000000000e+00 0.000000000000000000e+00 0.000000000000000000e+00
5.296251177787780762e-01 3.790513277053833008e-01 6.186189651489257812e-01 4.664906263351440430e-01 4.211364984512329102e-01 7.556258440017700195e-01 7.553399205207824707e-01 4.626352787017822266e-01 8.345118761062622070e-01 0.000000000000000000e+00 0.000000000000000000e+00 0.000000000000000000e+00
7.191963195800781250e-01 1.610087752342224121e-01 6.812345385551452637e-01 6.487559676170349121e-01 3.022921085357666016e-02 7.161909341812133789e-01 8.408988118171691895e-01 7.061030268669128418e-01 2.500755190849304199e-01 1.000000000000000000e+00 0.000000000000000000e+00 0.000000000000000000e+00
6.538655161857604980e-01 3.858314752578735352e-01 4.222711324691772461e-01 3.011375665664672852e-01 7.062494754791259766e-01 8.369386196136474609e-02 9.116337299346923828e-01 4.238253831863403320e-02 3.221812844276428223e-01 1.000000000000000000e+00 0.000000000000000000e+00 0.000000000000000000e+00
9.682604670524597168e-01 5.544114112854003906e-02 4.588981270790100098e-01 9.329214692115783691e-01 1.030588150024414062e-02 6.340973973274230957e-01 8.894336223602294922e-01 5.240396261215209961e-01 3.819009661674499512e-01 0.000000000000000000e+00 1.000000000000000000e+00 0.000000000000000000e+00
3.884351551532745361e-01 6.775290369987487793e-01 3.269864916801452637e-01 2.487027049064636230e-01 4.351357817649841309e-01 3.399527668952941895e-01 7.199411392211914062e-01 8.164905905723571777e-01 3.890723586082458496e-01 0.000000000000000000e+00 0.000000000000000000e+00 0.000000000000000000e+00
6.728935837745666504e-01 3.943550586700439453e-01 6.630410552024841309e-01 6.744807958602905273e-01 1.202624440193176270e-01 6.716230511665344238e-01 1.564089059829711914e-01 9.822027087211608887e-01 9.127926826477050781e-02 1.000000000000000000e+00 0.000000000000000000e+00 0.000000000000000000e+00
8.355975151062011719e-01 8.335868120193481445e-01 3.946228623390197754e-01 6.503662467002868652e-01 8.628400564193725586e-01 3.255077004432678223e-01 7.407918572425842285e-01 2.106227278709411621e-01 1.324704885482788086e-01 0.000000000000000000e+00 0.000000000000000000e+00 0.000000000000000000e+00
6.873897910118103027e-01 3.834506869316101074e-01 6.487476825714111328e-02 4.980972409248352051e-01 2.599058747291564941e-01 1.043722033500671387e-01 1.439314484596252441e-01 2.711599469184875488e-01 8.207166790962219238e-01 1.000000000000000000e+00 0.000000000000000000e+00 0.000000000000000000e+00
7.892832159996032715e-01 9.337488412857055664e-01 6.497550606727600098e-01 7.162153720855712891e-03 9.652985930442810059e-01 1.458733677864074707e-01 2.994218468666076660e-01 8.186351656913757324e-01 3.220164179801940918e-01 0.000000000000000000e+00 0.000000000000000000e+00 0.000000000000000000e+00
9.833389520645141602e-01 3.941917419433593750e-02 9.553185105323791504e-01 3.420413136482238770e-01 5.209141969680786133e-01 4.980012774467468262e-01 4.155909419059753418e-01 9.903818368911743164e-01 7.773233652114868164e-01 0.000000000000000000e+00 0.000000000000000000e+00 0.000000000000000000e+00
7.935165762901306152e-01 1.912959814071655273e-01 4.721008539199829102e-01 2.849705219268798828e-01 6.410512924194335938e-01 5.393636822700500488e-01 3.566319346427917480e-01 1.251330375671386719e-01 1.414364576339721680e-01 0.000000000000000000e+00 0.000000000000000000e+00 0.000000000000000000e+00
4.003713726997375488e-01 4.831200242042541504e-01 5.580213665962219238e-01 2.526746392250061035e-01 2.687338590621948242e-01 7.160951495170593262e-01 7.474182844161987305e-01 9.283664226531982422e-01 3.173712491989135742e-01 0.000000000000000000e+00 0.000000000000000000e+00 0.000000000000000000e+00
8.112362027168273926e-01 6.776610016822814941e-01 9.413979649543762207e-01 4.726411700248718262e-01 9.389727115631103516e-01 6.602310538291931152e-01 6.182805299758911133e-01 6.250650882720947266e-01 1.190273761749267578e-01 1.000000000000000000e+00 0.000000000000000000e+00 0.000000000000000000e+00
6.256414651870727539e-01 7.547445297241210938e-01 8.393455743789672852e-01 8.525449037551879883e-01 2.687715888023376465e-01 8.279324769973754883e-01 4.473029971122741699e-01 5.137060284614562988e-01 6.358315944671630859e-01 1.000000000000000000e+00 0.000000000000000000e+00 0.000000000000000000e+00
9.990862607955932617e-01 2.358559966087341309e-01 7.199643254280090332e-01 9.574049711227416992e-01 8.945236206054687500e-01 1.778750419616699219e-01 6.057266592979431152e-01 6.182667613029479980e-01 9.811725020408630371e-01 0.000000000000000000e+00 0.000000000000000000e+00 0.000000000000000000e+00
9.989736080169677734e-01 1.180183887481689453e-02 3.437183499336242676e-01 7.952225208282470703e-01 9.877680540084838867e-01 5.040770769119262695e-02 9.636707901954650879e-01 3.625238537788391113e-01 3.897340297698974609e-01 0.000000000000000000e+00 0.000000000000000000e+00 0.000000000000000000e+00
3.908880054950714111e-01 8.785191178321838379e-01 2.568401694297790527e-01 3.142538070678710938e-01 2.157617807388305664e-01 9.503871202468872070e-01 1.691078543663024902e-01 6.963833570480346680e-01 4.077754616737365723e-01 1.000000000000000000e+00 0.000000000000000000e+00 0.000000000000000000e+00
2.139704674482345581e-01 1.889843940734863281e-01 1.355356574058532715e-01 1.966911554336547852e-01 6.214721798896789551e-01 7.460148334503173828e-01 4.662244319915771484e-01 7.558038234710693359e-01 5.505359172821044922e-01 0.000000000000000000e+00 0.000000000000000000e+00 0.000000000000000000e+00
3.745284676551818848e-01 7.868427634239196777e-01 8.362642526626586914e-01 2.457264661788940430e-01 2.074083089828491211e-01 1.575211286544799805e-01 9.810262918472290039e-02 4.033655524253845215e-01 5.874902606010437012e-01 1.000000000000000000e+00 0.000000000000000000e+00 0.000000000000000000e+00
8.731901645660400391e-01 8.411929607391357422e-01 1.573749780654907227e-01 7.169277667999267578e-01 5.934354662895202637e-01 1.755287647247314453e-01 5.494326353073120117e-01 9.083734750747680664e-01 6.813673973083496094e-01 0.000000000000000000e+00 0.000000000000000000e+00 0.000000000000000000e+00
5.524544715881347656e-01 7.535105943679809570e-01 4.815897941589355469e-01 6.858820319175720215e-01 3.045582771301269531e-01 4.764781594276428223e-01 5.224412083625793457e-01 3.629109263420104980e-01 2.735456228256225586e-01 0.000000000000000000e+00 0.000000000000000000e+00 0.000000000000000000e+00
5.042787790298461914e-01 6.953837275505065918e-01 6.342300176620483398e-01 3.660793900489807129e-01 6.337965130805969238e-01 6.284472942352294922e-01 9.125778675079345703e-01 2.215852737426757812e-01 7.967948913574218750e-01 1.000000000000000000e+00 0.000000000000000000e+00 0.000000000000000000e+00
4.228255152702331543e-01 8.496984839439392090e-01 1.959120035171508789e-01 7.687128782272338867e-01 9.834611415863037109e-02 2.359951138496398926e-01 7.480331063270568848e-01 6.620958447456359863e-01 1.237514615058898926e-01 1.000000000000000000e+00 0.000000000000000000e+00 0.000000000000000000e+00
8.254303336143493652e-01 5.797851681709289551e-01 8.226755261421203613e-01 3.115479350090026855e-01 6.331518292427062988e-01 1.506846547126770020e-01 5.069532990455627441e-01 3.981801271438598633e-01 8.146396279335021973e-01 1.000000000000000000e+00 0.000000000000000000e+00 0.000000000000000000e+00
4.857816696166992188e-01 6.914222240447998047e-02 1.577836275100708008e-01 3.922206759452819824e-01 1.989850997924804688e-01 9.381517171859741211e-01 2.108384370803833008e-01 4.842137694358825684e-01 6.234555840492248535e-01 0.000000000000000000e+00 0.000000000000000000e+00 0.000000000000000000e+00
6.165367960929870605e-01 2.747485041618347168e-01 7.484388947486877441e-01 7.544198632240295410e-01 6.855779886245727539e-02 7.404870986938476562e-01 9.168292284011840820e-01 2.285303473472595215e-01 7.459290027618408203e-01 0.000000000000000000e+00 1.000000000000000000e+00 0.000000000000000000e+00
8.400561213493347168e-01 9.630942344665527344e-01 3.762876391410827637e-01 3.684075474739074707e-01 9.630202651023864746e-01 5.829632282257080078e-02 4.989598989486694336e-01 7.499294281005859375e-01 6.336289644241333008e-01 0.000000000000000000e+00 0.000000000000000000e+00 0.000000000000000000e+00
6.616204977035522461e-01 7.230178117752075195e-01 9.464492797851562500e-01 5.664387345314025879e-01 6.502544879913330078e-01 7.801427841186523438e-01 7.533428072929382324e-01 2.573370933532714844e-01 6.382592916488647461e-01 1.000000000000000000e+00 0.000000000000000000e+00 0.000000000000000000e+00
9.752708673477172852e-01 8.072648048400878906e-01 5.972468852996826172e-02 9.724286794662475586e-01 7.314195632934570312e-01 7.881265878677368164e-02 8.068889379501342773e-01 3.762615323066711426e-01 3.374536037445068359e-01 0.000000000000000000e+00 0.000000000000000000e+00 0.000000000000000000e+00
5.226293206214904785e-01 9.351240992546081543e-01 7.773935198783874512e-01 7.808133959770202637e-01 3.560330271720886230e-01 9.589569568634033203e-01 7.982056140899658203e-01 7.965798974037170410e-01 4.644950032234191895e-01 0.000000000000000000e+00 0.000000000000000000e+00 0.000000000000000000e+00
9.958859086036682129e-01 2.788154482841491699e-01 7.911781072616577148e-01 9.658527970314025879e-01 6.375190615653991699e-01 3.510130643844604492e-01 5.348395705223083496e-01 8.680177927017211914e-01 5.956474542617797852e-01 0.000000000000000000e+00 0.000000000000000000e+00 0.000000000000000000e+00
4.342164099216461182e-01 9.040181040763854980e-01 3.267350196838378906e-01 2.227002978324890137e-01 5.852839350700378418e-01 4.206761717796325684e-01 4.673022627830505371e-01 8.116481304168701172e-01 2.004495263099670410e-01 1.000000000000000000e+00 0.000000000000000000e+00 0.000000000000000000e+00
9.108241796493530273e-01 1.576787233352661133e-01 2.244638800621032715e-01 8.987638354301452637e-01 4.491823911666870117e-02 7.327203154563903809e-01 3.855270743370056152e-01 8.412768840789794922e-01 7.623913884162902832e-01 1.000000000000000000e+00 0.000000000000000000e+00 0.000000000000000000e+00
5.880430936813354492e-01 9.055284857749938965e-01 9.958292245864868164e-01 2.394987344741821289e-01 1.696386337280273438e-01 2.222039699554443359e-01 3.286278843879699707e-01 5.118582844734191895e-01 1.920200586318969727e-01 0.000000000000000000e+00 0.000000000000000000e+00 0.000000000000000000e+00
5.646211504936218262e-01 4.804309606552124023e-01 8.090319633483886719e-01 1.095961332321166992e-01 2.669389843940734863e-01 2.452621459960937500e-01 7.100642919540405273e-01 7.524386644363403320e-01 6.313223838806152344e-01 0.000000000000000000e+00 0.000000000000000000e+00 0.000000000000000000e+00
7.293364405632019043e-01 1.284966468811035156e-01 6.261974573135375977e-01 2.518793344497680664e-01 6.817282438278198242e-01 7.933219075202941895e-01 9.377432465553283691e-01 5.630612373352050781e-01 6.744825839996337891e-02 1.000000000000000000e+00 1.000000000000000000e+00 1.000000000000000000e+00
5.377948880195617676e-01 9.902802109718322754e-01 8.193894624710083008e-01 6.264817118644714355e-01 3.808136582374572754e-01 6.864386796951293945e-01 7.364451885223388672e-01 1.813876628875732422e-01 3.027406930923461914e-01 0.000000000000000000e+00 0.000000000000000000e+00 0.000000000000000000e+00
6.459966897964477539e-01 6.083793044090270996e-01 8.493597507476806641e-01 1.963031291961669922e-02 3.341944813728332520e-01 2.238855957984924316e-01 5.416621565818786621e-01 5.162376165390014648e-02 4.377760887145996094e-01 0.000000000000000000e+00 0.000000000000000000e+00 0.000000000000000000e+00
9.654150009155273438e-01 2.972948551177978516e-02 9.837166070938110352e-01 6.302075982093811035e-01 3.968783020973205566e-01 8.690620660781860352e-01 5.873945355415344238e-01 1.100440025329589844e-01 6.178873777389526367e-01 0.000000000000000000e+00 0.000000000000000000e+00 0.000000000000000000e+00
7.445980906486511230e-01 7.136973738670349121e-01 7.374098300933837891e-01 4.944413900375366211e-01 3.716816306114196777e-01 8.912364244461059570e-01 1.018428802490234375e-01 8.190195560455322266e-01 5.866364836692810059e-01 1.000000000000000000e+00 0.000000000000000000e+00 0.000000000000000000e+00
9.789612293243408203e-01 2.355117201805114746e-01 9.612461924552917480e-01 9.442870616912841797e-01 4.265606403350830078e-01 7.897411584854125977e-01 4.706262350082397461e-01 4.513846039772033691e-01 4.489895105361938477e-01 0.000000000000000000e+00 1.000000000000000000e+00 0.000000000000000000e+00
3.726993203163146973e-01 6.222834587097167969e-01 8.293635845184326172e-01 4.248279929161071777e-01 2.165305018424987793e-01 3.134353160858154297e-01 4.835422039031982422e-01 5.562128424644470215e-01 2.894213199615478516e-01 0.000000000000000000e+00 1.000000000000000000e+00 0.000000000000000000e+00
8.712987303733825684e-01 6.824268698692321777e-01 9.076971411705017090e-01 5.886879563331604004e-01 9.859492182731628418e-01 7.807071805000305176e-01 7.470526695251464844e-01 4.467186331748962402e-01 6.693452596664428711e-02 0.000000000000000000e+00 0.000000000000000000e+00 0.000000000000000000e+00
5.485917925834655762e-01 7.074820995330810547e-01 8.226107358932495117e-01 5.143699049949645996e-01 3.218209743499755859e-02 3.023537993431091309e-01 7.399709820747375488e-01 8.773447275161743164e-01 8.450370430946350098e-01 1.000000000000000000e+00 0.000000000000000000e+00 0.000000000000000000e+00
1.063980385661125183e-01 9.041994214057922363e-01 4.740437269210815430e-01 4.404163360595703125e-02 4.348608255386352539e-01 5.319471955299377441e-01 7.821958661079406738e-01 1.864289045333862305e-01 2.067884802818298340e-01 0.000000000000000000e+00 0.000000000000000000e+00 0.000000000000000000e+00
4.748883247375488281e-01 9.678837656974792480e-01 9.962838888168334961e-01 3.663733005523681641e-01 5.141680836677551270e-01 1.344746351242065430e-02 4.312038421630859375e-03 4.709956049919128418e-01 3.312016725540161133e-01 0.000000000000000000e+00 0.000000000000000000e+00 0.000000000000000000e+00
8.969542980194091797e-01 7.387959957122802734e-01 9.565203189849853516e-01 9.236913919448852539e-01 6.790273189544677734e-01 8.577921986579895020e-01 4.248780012130737305e-02 8.581514954566955566e-01 3.666491508483886719e-01 0.000000000000000000e+00 1.000000000000000000e+00 0.000000000000000000e+00
8.466108441352844238e-01 4.237335920333862305e-01 2.617900967597961426e-01 6.929738521575927734e-01 5.236142873764038086e-01 1.702084541320800781e-01 6.636348366737365723e-01 1.553955078125000000e-01 6.325711011886596680e-01 0.000000000000000000e+00 0.000000000000000000e+00 0.000000000000000000e+00
9.855462312698364258e-01 1.974150538444519043e-01 1.338467597961425781e-01 8.687459230422973633e-01 1.451747417449951172e-01 5.850285291671752930e-02 1.121720671653747559e-01 3.672707080841064453e-01 1.040515303611755371e-01 0.000000000000000000e+00 0.000000000000000000e+00 0.000000000000000000e+00
5.252795815467834473e-01 2.642452716827392578e-03 1.338990330696105957e-01 3.360938429832458496e-01 8.585311770439147949e-01 9.938246607780456543e-01 5.536056160926818848e-01 5.130203962326049805e-01 1.064868569374084473e-01 0.000000000000000000e+00 0.000000000000000000e+00 0.000000000000000000e+00
6.914256215095520020e-01 4.789667129516601562e-01 4.064812660217285156e-01 8.326340317726135254e-01 1.843954324722290039e-01 8.757640719413757324e-01 5.074174404144287109e-01 4.755147695541381836e-01 4.769420623779296875e-02 0.000000000000000000e+00 1.000000000000000000e+00 0.000000000000000000e+00
7.774311900138854980e-01 4.327681064605712891e-01 3.996413946151733398e-01 6.978439688682556152e-01 1.073709726333618164e-01 1.352164149284362793e-01 3.522384166717529297e-01 4.825624227523803711e-01 5.537385940551757812e-01 1.000000000000000000e+00 0.000000000000000000e+00 0.000000000000000000e+00
3.394913971424102783e-01 7.353464365005493164e-01 5.527933239936828613e-01 4.426732659339904785e-01 1.572288870811462402e-01 2.914396524429321289e-01 1.569288372993469238e-01 7.796269655227661133e-01 8.182226419448852539e-01 0.000000000000000000e+00 0.000000000000000000e+00 0.000000000000000000e+00
8.108307719230651855e-01 2.239650487899780273e-01 6.042834520339965820e-01 2.512887716293334961e-01 9.981750845909118652e-01 4.831017851829528809e-01 2.179487943649291992e-01 8.837039470672607422e-01 9.881916642189025879e-01 0.000000000000000000e+00 0.000000000000000000e+00 0.000000000000000000e+00
9.681363105773925781e-01 8.024572134017944336e-01 6.947880387306213379e-01 9.146096706390380859e-01 5.679501295089721680e-01 5.489468574523925781e-03 2.368618249893188477e-01 4.149799942970275879e-01 2.773579359054565430e-01 0.000000000000000000e+00 0.000000000000000000e+00 0.000000000000000000e+00
8.774743080139160156e-01 7.849527001380920410e-01 6.603574752807617188e-02 5.329568386077880859e-01 9.279286265373229980e-01 5.566993355751037598e-01 9.488126039505004883e-01 8.328400254249572754e-01 3.006339073181152344e-01 0.000000000000000000e+00 0.000000000000000000e+00 0.000000000000000000e+00
9.327431917190551758e-01 5.067955851554870605e-01 6.061003804206848145e-01 9.232355356216430664e-01 6.271790862083435059e-01 8.629622459411621094e-01 5.546115040779113770e-01 8.984278440475463867e-01 8.583868145942687988e-01 0.000000000000000000e+00 0.000000000000000000e+00 0.000000000000000000e+00
2.886117994785308838e-01 6.779818534851074219e-01 6.509949564933776855e-01 4.865712523460388184e-01 1.522958874702453613e-01 1.887152791023254395e-01 7.720589041709899902e-01 8.227426409721374512e-01 8.908253908157348633e-01 0.000000000000000000e+00 0.000000000000000000e+00 0.000000000000000000e+00
9.772728085517883301e-01 1.773510575294494629e-01 2.053122520446777344e-01 9.794448018074035645e-01 2.954561710357666016e-01 9.099059700965881348e-01 5.098553895950317383e-01 3.131420612335205078e-01 8.145790696144104004e-01 0.000000000000000000e+00 0.000000000000000000e+00 0.000000000000000000e+00
4.043158292770385742e-01 1.714438796043395996e-01 2.049563527107238770e-01 4.112702608108520508e-01 4.154765605926513672e-01 2.863693833351135254e-01 6.644145250320434570e-01 3.794981241226196289e-01 4.040430784225463867e-01 1.000000000000000000e+00 0.000000000000000000e+00 0.000000000000000000e+00
9.686656594276428223e-01 1.317580938339233398e-01 7.406501770019531250e-01 9.854482412338256836e-01 4.950459003448486328e-01 9.977591037750244141e-01 9.308772683143615723e-01 6.793102025985717773e-01 1.887999773025512695e-01 0.000000000000000000e+00 0.000000000000000000e+00 0.000000000000000000e+00
4.726283550262451172e-01 5.573635101318359375e-01 2.891811132431030273e-01 5.231108069419860840e-01 4.090966582298278809e-01 5.709480643272399902e-01 7.474088668823242188e-01 6.454403400421142578e-01 9.528923034667968750e-01 0.000000000000000000e+00 0.000000000000000000e+00 0.000000000000000000e+00
9.582129120826721191e-01 4.903817176818847656e-02 9.142794609069824219e-01 1.926805377006530762e-01 7.425302267074584961e-01 5.444074273109436035e-01 8.869950771331787109e-01 9.849776029586791992e-01 7.726735472679138184e-01 0.000000000000000000e+00 0.000000000000000000e+00 0.000000000000000000e+00
5.626425147056579590e-01 3.335806727409362793e-01 6.810963153839111328e-01 5.132288932800292969e-01 2.211354374885559082e-01 9.870107173919677734e-01 3.686115741729736328e-01 1.433095932006835938e-01 6.249178051948547363e-01 0.000000000000000000e+00 0.000000000000000000e+00 0.000000000000000000e+00
2.237818539142608643e-01 7.297824621200561523e-01 7.553759217262268066e-01 6.685332655906677246e-01 3.115445375442504883e-02 8.755315542221069336e-01 8.757994771003723145e-01 8.669137358665466309e-01 2.872011661529541016e-01 1.000000000000000000e+00 0.000000000000000000e+00 0.000000000000000000e+00
9.802690148353576660e-01 5.019002556800842285e-01 2.042196393013000488e-01 7.750140428543090820e-01 8.463317751884460449e-01 1.958978772163391113e-01 5.016149282455444336e-01 1.295205950736999512e-01 4.282056093215942383e-01 1.000000000000000000e+00 0.000000000000000000e+00 0.000000000000000000e+00
9.307661652565002441e-01 6.762951612472534180e-02 8.798602223396301270e-01 6.527237892150878906e-01 2.981616854667663574e-01 8.191186785697937012e-01 7.651364803314208984e-01 9.941003322601318359e-01 8.975046873092651367e-02 1.000000000000000000e+00 1.000000000000000000e+00 1.000000000000000000e+00
9.389359951019287109e-01 9.178668260574340820e-02 6.969513297080993652e-01 4.273382425308227539e-01 6.608034372329711914e-01 8.795093297958374023e-01 7.985328435897827148e-01 3.065729141235351562e-02 6.577888131141662598e-01 0.000000000000000000e+00 0.000000000000000000e+00 0.000000000000000000e+00
6.571086049079895020e-01 7.376167774200439453e-01 5.383813977241516113e-01 4.973216056823730469e-01 9.864464998245239258e-01 9.979217052459716797e-01 7.706625461578369141e-01 8.911454081535339355e-01 4.528754353523254395e-01 1.000000000000000000e+00 0.000000000000000000e+00 0.000000000000000000e+00
6.617112159729003906e-01 8.302441835403442383e-01 6.944449543952941895e-01 2.348178625106811523e-01 9.785735011100769043e-01 2.487895488739013672e-01 5.515462160110473633e-02 2.228965163230895996e-01 3.399582505226135254e-01 0.000000000000000000e+00 1.000000000000000000e+00 0.000000000000000000e+00
6.804776787757873535e-01 4.617789387702941895e-01 3.047688603401184082e-01 7.149585485458374023e-01 6.357789039611816406e-02 9.195325374603271484e-01 3.436913490295410156e-01 2.813088297843933105e-01 6.102332472801208496e-01 0.000000000000000000e+00 0.000000000000000000e+00 0.000000000000000000e+00
5.593125894665718079e-02 7.061296701431274414e-02 1.143552660942077637e-01 7.416820526123046875e-02 2.455293536186218262e-01 7.412551641464233398e-01 2.137082815170288086e-01 8.206224441528320312e-02 4.022529125213623047e-01 1.000000000000000000e+00 1.000000000000000000e+00 1.000000000000000000e+00
3.403585553169250488e-01 8.700293302536010742e-01 3.675799369812011719e-01 3.446015715599060059e-01 8.449649810791015625e-02 5.290746688842773438e-02 4.499388933181762695e-01 9.148427844047546387e-01 7.173298001289367676e-01 1.000000000000000000e+00 0.000000000000000000e+00 0.000000000000000000e+00
9.396354556083679199e-01 1.381209492683410645e-01 3.641094565391540527e-01 8.161494135856628418e-01 1.205362677574157715e-01 3.864421844482421875e-01 9.579371809959411621e-01 6.470113992691040039e-01 4.043226242065429688e-01 0.000000000000000000e+00 0.000000000000000000e+00 0.000000000000000000e+00
9.927258491516113281e-01 1.178743839263916016e-01 9.756175279617309570e-01 7.483254671096801758e-01 9.131162166595458984e-01 9.793841838836669922e-01 1.851965188980102539e-01 5.821655988693237305e-01 9.587149620056152344e-01 0.000000000000000000e+00 0.000000000000000000e+00 0.000000000000000000e+00
9.882138967514038086e-01 3.370656371116638184e-01 9.014412760734558105e-01 9.233530759811401367e-01 7.909923791885375977e-01 7.402255535125732422e-01 5.751689672470092773e-01 7.178788185119628906e-01 7.863000035285949707e-01 0.000000000000000000e+00 0.000000000000000000e+00 0.000000000000000000e+00
9.596635103225708008e-01 9.997344017028808594e-02 8.828548789024353027e-01 1.909389495849609375e-01 8.799402713775634766e-01 8.948179483413696289e-01 2.500301599502563477e-02 7.997528910636901855e-01 6.477583050727844238e-01 0.000000000000000000e+00 0.000000000000000000e+00 0.000000000000000000e+00
8.113890290260314941e-01 7.620416283607482910e-01 6.666541099548339844e-03 6.750832796096801758e-01 2.949531674385070801e-01 2.407311201095581055e-01 9.415955543518066406e-01 1.632454991340637207e-01 1.754706501960754395e-01 0.000000000000000000e+00 0.000000000000000000e+00 0.000000000000000000e+00
5.510446429252624512e-01 7.942630648612976074e-01 4.243735671043395996e-01 5.101985931396484375e-01 4.619048237800598145e-01 7.583128809928894043e-01 4.076713919639587402e-01 8.145529031753540039e-02 2.533441781997680664e-02 1.000000000000000000e+00 0.000000000000000000e+00 0.000000000000000000e+00
2.102771252393722534e-01 7.151919007301330566e-01 1.917130947113037109e-01 3.238093852996826172e-02 2.660615444183349609e-01 6.238785386085510254e-01 6.496422290802001953e-01 8.437558412551879883e-01 3.183984756469726562e-01 1.000000000000000000e+00 0.000000000000000000e+00 0.000000000000000000e+00
3.194535970687866211e-01 3.082314133644104004e-01 4.042209982872009277e-01 2.779495120048522949e-01 5.113580226898193359e-01 6.136456131935119629e-01 1.528120040893554688e-01 7.341477870941162109e-01 4.752076268196105957e-01 0.000000000000000000e+00 0.000000000000000000e+00 0.000000000000000000e+00
5.385603904724121094e-01 7.687211036682128906e-02 2.244589924812316895e-01 3.734934926033020020e-01 2.370592355728149414e-01 8.463389277458190918e-01 7.589773535728454590e-01 1.636279225349426270e-01 4.520745873451232910e-01 0.000000000000000000e+00 0.000000000000000000e+00 0.000000000000000000e+00
1.866848468780517578e-01 6.800587773323059082e-01 4.584038257598876953e-02 2.048524618148803711e-01 5.329536795616149902e-01 8.275604844093322754e-01 2.056217193603515625e-01 6.053782701492309570e-01 3.381466865539550781e-01 0.000000000000000000e+00 1.000000000000000000e+00 0.000000000000000000e+00
5.216400027275085449e-01 6.517945528030395508e-01 7.510910630226135254e-01 3.065528869628906250e-01 2.529065012931823730e-01 6.402128934860229492e-02 2.543419599533081055e-01 5.254071354866027832e-01 1.459424495697021484e-01 0.000000000000000000e+00 0.000000000000000000e+00 0.000000000000000000e+00
7.097999453544616699e-01 7.890748977661132812e-02 5.724130272865295410e-01 2.028729915618896484e-01 2.039503455162048340e-01 6.819792389869689941e-01 7.817062139511108398e-01 3.720299005508422852e-01 7.307946681976318359e-02 0.000000000000000000e+00 0.000000000000000000e+00 0.000000000000000000e+00
4.125713706016540527e-01 1.940965056419372559e-01 4.610314369201660156e-01 1.795627474784851074e-01 5.868749022483825684e-01 5.190634131431579590e-01 9.543805718421936035e-01 3.334556818008422852e-01 5.273818969726562500e-03 1.000000000000000000e+00 0.000000000000000000e+00 0.000000000000000000e+00
1.869837343692779541e-01 1.727830171585083008e-01 5.956929922103881836e-02 1.918469071388244629e-01 7.131816148757934570e-01 7.119360566139221191e-01 4.946227669715881348e-01 5.913372635841369629e-01 7.038853764533996582e-01 0.000000000000000000e+00 0.000000000000000000e+00 0.000000000000000000e+00
8.619596958160400391e-01 9.725557565689086914e-01 5.366866588592529297e-01 6.223425865173339844e-01 9.326888322830200195e-01 6.047187447547912598e-01 5.352567434310913086e-01 3.934919834136962891e-03 8.347421884536743164e-01 0.000000000000000000e+00 0.000000000000000000e+00 0.000000000000000000e+00
3.303185999393463135e-01 4.748756289482116699e-01 3.713960647583007812e-01 1.984620094299316406e-02 7.822073698043823242e-01 9.247674345970153809e-01 2.671895027160644531e-01 5.048491358757019043e-01 3.850389719009399414e-01 0.000000000000000000e+00 0.000000000000000000e+00 0.000000000000000000e+00
9.875082373619079590e-01 5.178469419479370117e-02 5.678436756134033203e-01 8.572198748588562012e-01 1.321648359298706055e-01 4.001769423484802246e-01 6.942260861396789551e-01 7.168360948562622070e-01 2.518697381019592285e-01 0.000000000000000000e+00 0.000000000000000000e+00 0.000000000000000000e+00
2.810316979885101318e-01 8.134135603904724121e-01 4.031212925910949707e-01 1.641866564750671387e-01 3.085775971412658691e-01 3.053280115127563477e-01 7.635039687156677246e-01 8.662652969360351562e-01 6.041817069053649902e-01 1.000000000000000000e+00 0.000000000000000000e+00 0.000000000000000000e+00
4.763270914554595947e-01 6.091493368148803711e-01 1.760261654853820801e-01 3.537340164184570312e-01 4.060838222503662109e-01 4.315376877784729004e-01 4.274408221244812012e-01 6.606393456459045410e-01 1.762166023254394531e-01 1.000000000000000000e+00 0.000000000000000000e+00 0.000000000000000000e+00
2.428081780672073364e-01 8.034169673919677734e-01 3.218331336975097656e-01 1.527208685874938965e-01 6.333862543106079102e-01 6.913533210754394531e-01 9.154999256134033203e-01 5.198602676391601562e-01 6.125007867813110352e-01 1.000000000000000000e+00 0.000000000000000000e+00 0.000000000000000000e+00
9.225662350654602051e-01 2.100891470909118652e-01 8.599015474319458008e-01 8.432611823081970215e-01 1.830790638923645020e-01 5.178659558296203613e-01 8.605772256851196289e-02 2.491000890731811523e-01 2.335538268089294434e-01 0.000000000000000000e+00 1.000000000000000000e+00 0.000000000000000000e+00
8.308165669441223145e-01 4.735324978828430176e-01 7.039816975593566895e-01 5.709822773933410645e-01 7.224658131599426270e-01 8.404359221458435059e-01 4.458009004592895508e-01 8.846091032028198242e-01 4.131978154182434082e-01 1.000000000000000000e+00 0.000000000000000000e+00 0.000000000000000000e+00
4.941336214542388916e-01 8.138883709907531738e-01 9.138969182968139648e-01 6.283485293388366699e-01 2.780393958091735840e-01 5.347226858139038086e-01 9.333068728446960449e-01 6.964597702026367188e-01 4.174411296844482422e-02 0.000000000000000000e+00 0.000000000000000000e+00 0.000000000000000000e+00
2.495290040969848633e-01 5.419877171516418457e-01 2.083790302276611328e-01 2.278022766113281250e-01 2.454003691673278809e-01 8.879972100257873535e-01 6.385924220085144043e-01 1.898286342620849609e-01 8.150689005851745605e-01 0.000000000000000000e+00 0.000000000000000000e+00 0.000000000000000000e+00
8.090308904647827148e-01 6.007038354873657227e-01 1.140391826629638672e-01 6.584857106208801270e-01 7.925831079483032227e-01 6.220542192459106445e-01 5.870816707611083984e-01 4.252406954765319824e-01 6.583562493324279785e-01 0.000000000000000000e+00 0.000000000000000000e+00 0.000000000000000000e+00
3.444971442222595215e-01 3.283333182334899902e-01 4.975449442863464355e-01 3.463131189346313477e-02 6.404197812080383301e-01 8.650287389755249023e-01 1.197316050529479980e-01 7.741404771804809570e-01 1.899147033691406250e-01 0.000000000000000000e+00 0.000000000000000000e+00 0.000000000000000000e+00
2.722057402133941650e-01 5.696458220481872559e-01 2.657254934310913086e-01 1.833362579345703125e-01 4.136676788330078125e-01 4.423006772994995117e-01 3.153319954872131348e-01 4.506529569625854492e-01 2.550731897354125977e-01 1.000000000000000000e+00 1.000000000000000000e+00 1.000000000000000000e+00
3.180508315563201904e-01 2.987659573554992676e-01 3.682434558868408203e-01 2.209619879722595215e-01 4.586144685745239258e-01 7.395195364952087402e-01 6.861061453819274902e-01 4.242263436317443848e-01 9.131229519844055176e-01 0.000000000000000000e+00 1.000000000000000000e+00 0.000000000000000000e+00
4.813672602176666260e-01 5.866144895553588867e-01 1.979053020477294922e-01 2.903421521186828613e-01 2.528895139694213867e-01 9.861049056053161621e-01 4.352616071701049805e-01 9.171037077903747559e-01 9.165005087852478027e-01 1.000000000000000000e+00 0.000000000000000000e+00 0.000000000000000000e+00
9.854199290275573730e-01 3.410978913307189941e-01 8.709172606468200684e-01 8.456734418869018555e-01 4.840918183326721191e-01 2.077288627624511719e-01 1.069829463958740234e-01 5.494411587715148926e-01 4.872535467147827148e-01 0.000000000000000000e+00 0.000000000000000000e+00 0.000000000000000000e+00
6.707485318183898926e-01 7.596295475959777832e-01 6.649377346038818359e-01 2.853618264198303223e-01 5.243976712226867676e-01 2.637719511985778809e-01 3.977874517440795898e-01 6.800282597541809082e-01 6.808646321296691895e-01 1.000000000000000000e+00 0.000000000000000000e+00 0.000000000000000000e+00
3.122368454933166504e-01 7.430642843246459961e-01 6.003059148788452148e-01 7.760712504386901855e-01 2.314864993095397949e-01 3.334925174713134766e-01 6.611321568489074707e-01 2.641426920890808105e-01 3.215428590774536133e-01 0.000000000000000000e+00 0.000000000000000000e+00 0.000000000000000000e+00
5.623771250247955322e-02 4.424200057983398438e-01 4.164807796478271484e-01 1.838722825050354004e-01 8.932930231094360352e-02 4.000464081764221191e-01 3.107812404632568359e-01 5.972992777824401855e-01 2.944002151489257812e-01 1.000000000000000000e+00 0.000000000000000000e+00 0.000000000000000000e+00
4.592072069644927979e-01 5.889008045196533203e-01 3.077156543731689453e-01 6.002281308174133301e-01 3.762788176536560059e-01 7.801591157913208008e-01 9.297380447387695312e-01 3.040137290954589844e-01 2.506040930747985840e-01 0.000000000000000000e+00 1.000000000000000000e+00 0.000000000000000000e+00
5.973013639450073242e-01 8.240022063255310059e-01 9.920761585235595703e-01 6.668025851249694824e-01 2.486753463745117188e-01 8.939039707183837891e-01 5.322084426879882812e-01 9.727443456649780273e-01 3.009867072105407715e-01 1.000000000000000000e+00 0.000000000000000000e+00 0.000000000000000000e+00
2.085888683795928955e-01 8.808287382125854492e-01 4.979681372642517090e-01 5.723834037780761719e-04 2.889361977577209473e-01 6.188861131668090820e-01 3.758528232574462891e-01 5.152519345283508301e-01 8.260653018951416016e-01 0.000000000000000000e+00 1.000000000000000000e+00 0.000000000000000000e+00
9.980175495147705078e-01 3.920199275016784668e-01 4.448606967926025391e-01 9.722033739089965820e-01 8.118896484375000000e-01 4.239279031753540039e-02 8.334419727325439453e-01 5.521364808082580566e-01 2.044655680656433105e-01 1.000000000000000000e+00 1.000000000000000000e+00 1.000000000000000000e+00
8.185552954673767090e-01 9.391549825668334961e-01 7.082534432411193848e-01 4.774528741836547852e-01 9.561697244644165039e-01 8.805268406867980957e-01 9.205232262611389160e-01 5.932129621505737305e-01 1.870903968811035156e-01 1.000000000000000000e+00 0.000000000000000000e+00 0.000000000000000000e+00
4.206584692001342773e-01 7.092238664627075195e-01 7.092425823211669922e-01 1.969428658485412598e-01 7.580929398536682129e-01 8.445299863815307617e-01 7.261914014816284180e-02 3.750814795494079590e-01 8.656796216964721680e-01 0.000000000000000000e+00 0.000000000000000000e+00 0.000000000000000000e+00
9.420063495635986328e-01 5.726805329322814941e-01 9.446526765823364258e-01 6.613479852676391602e-01 3.361946344375610352e-01 1.442807912826538086e-02 4.727699756622314453e-01 8.250378966331481934e-01 1.625184416770935059e-01 0.000000000000000000e+00 0.000000000000000000e+00 0.000000000000000000e+00
6.025500893592834473e-01 5.737307667732238770e-01 9.883264899253845215e-01 4.009420871734619141e-01 3.695865273475646973e-01 9.746016263961791992e-01 3.373736143112182617e-02 5.088376998901367188e-01 4.448672533035278320e-01 1.000000000000000000e+00 0.000000000000000000e+00 0.000000000000000000e+00
3.242363631725311279e-01 7.789237499237060547e-01 1.728522777557373047e-01 6.051782369613647461e-01 1.149507164955139160e-01 7.417446970939636230e-01 3.619672656059265137e-01 8.619456887245178223e-01 3.945575356483459473e-01 0.000000000000000000e+00 0.000000000000000000e+00 0.000000000000000000e+00
9.544359445571899414e-01 2.322421073913574219e-01 5.495012998580932617e-01 9.022959470748901367e-01 1.947116851806640625e-02 5.937824845314025879e-01 4.467370510101318359e-01 7.028865814208984375e-02 4.046649932861328125e-01 0.000000000000000000e+00 0.000000000000000000e+00 0.000000000000000000e+00
7.647078633308410645e-01 9.658970236778259277e-01 2.771500349044799805e-01 5.999996066093444824e-01 5.766141414642333984e-01 1.349389553070068359e-03 9.602196216583251953e-01 4.463924765586853027e-01 6.693148016929626465e-01 0.000000000000000000e+00 0.000000000000000000e+00 0.000000000000000000e+00
8.366290926933288574e-01 5.918784141540527344e-01 9.927310347557067871e-01 3.914803266525268555e-01 4.021832346916198730e-01 1.472662687301635742e-01 2.598047256469726562e-02 3.518197536468505859e-01 2.024629712104797363e-01 0.000000000000000000e+00 0.000000000000000000e+00 0.000000000000000000e+00
8.118638992309570312e-01 7.423772811889648438e-01 2.726127505302429199e-01 3.435265421867370605e-01 6.821013689041137695e-01 1.831110715866088867e-01 3.826276063919067383e-01 2.119386196136474609e-02 6.975572109222412109e-01 0.000000000000000000e+00 0.000000000000000000e+00 0.000000000000000000e+00
9.751961231231689453e-01 4.518536925315856934e-01 5.302219986915588379e-01 9.017751216888427734e-01 3.082565665245056152e-01 1.447351574897766113e-01 9.820078611373901367e-01 2.838444709777832031e-02 4.771966934204101562e-01 0.000000000000000000e+00 1.000000000000000000e+00 0.000000000000000000e+00
8.343999385833740234e-01 5.124966502189636230e-01 9.585797786712646484e-01 7.646416425704956055e-01 3.680558204650878906e-01 6.990948319435119629e-01 8.512943983078002930e-01 4.337021708488464355e-01 7.879070043563842773e-01 1.000000000000000000e+00 0.000000000000000000e+00 0.000000000000000000e+00
6.669224500656127930e-01 2.309477925300598145e-01 1.751720309257507324e-01 3.561280965805053711e-01 4.870706200599670410e-01 2.140786051750183105e-01 1.444491744041442871e-01 3.627616763114929199e-01 9.769378900527954102e-01 0.000000000000000000e+00 0.000000000000000000e+00 0.000000000000000000e+00
9.813339114189147949e-01 2.175999283790588379e-01 3.906784057617187500e-01 6.152710914611816406e-01 9.462831616401672363e-01 1.136434078216552734e-01 4.159436225891113281e-01 6.170685291290283203e-01 7.003604173660278320e-01 0.000000000000000000e+00 0.000000000000000000e+00 0.000000000000000000e+00
2.528363764286041260e-01 1.442836523056030273e-01 2.756015658378601074e-01 5.929338932037353516e-02 6.347893476486206055e-01 7.158941030502319336e-01 1.790212988853454590e-01 8.508656620979309082e-01 2.583186030387878418e-01 0.000000000000000000e+00 0.000000000000000000e+00 0.000000000000000000e+00
9.320021271705627441e-01 3.918236494064331055e-01 4.818781614303588867e-01 7.926077246665954590e-01 3.745412826538085938e-01 9.759337902069091797e-01 5.957454442977905273e-02 1.624286174774169922e-01 9.932765364646911621e-01 0.000000000000000000e+00 1.000000000000000000e+00 0.000000000000000000e+00
3.878028392791748047e-01 9.790745377540588379e-01 4.723626375198364258e-01 4.029966592788696289e-01 2.916262745857238770e-01 2.928678989410400391e-01 1.659023761749267578e-02 6.889418363571166992e-01 6.834202408790588379e-01 0.000000000000000000e+00 0.000000000000000000e+00 0.000000000000000000e+00
8.018072247505187988e-01 8.405877351760864258e-01 6.015568971633911133e-01 9.778302907943725586e-01 8.708167076110839844e-02 2.182995676994323730e-01 7.740455269813537598e-01 4.002885818481445312e-01 1.643965840339660645e-01 0.000000000000000000e+00 0.000000000000000000e+00 0.000000000000000000e+00
8.480605483055114746e-01 2.530351877212524414e-01 3.248741030693054199e-01 5.913313031196594238e-01 6.771492362022399902e-01 8.554548621177673340e-01 8.770665526390075684e-01 7.366514205932617188e-01 6.173917055130004883e-01 0.000000000000000000e+00 0.000000000000000000e+00 0.000000000000000000e+00
9.884988665580749512e-01 1.822159290313720703e-01 8.476445078849792480e-01 5.871507525444030762e-01 8.917071819305419922e-01 2.700390219688415527e-01 8.798393011093139648e-01 1.973728537559509277e-01 1.581643223762512207e-01 0.000000000000000000e+00 1.000000000000000000e+00 0.000000000000000000e+00
9.064258933067321777e-01 2.301484942436218262e-01 1.142519712448120117e-01 6.122084856033325195e-01 6.996807456016540527e-01 8.131387829780578613e-01 2.329880595207214355e-01 9.484964609146118164e-02 7.392488718032836914e-01 0.000000000000000000e+00 0.000000000000000000e+00 0.000000000000000000e+00
3.773122429847717285e-01 5.833164453506469727e-01 7.860186100006103516e-01 2.296668887138366699e-01 7.287818193435668945e-02 9.022273421287536621e-01 7.999887466430664062e-01 6.264173984527587891e-02 9.763181209564208984e-03 1.000000000000000000e+00 0.000000000000000000e+00 0.000000000000000000e+00
4.725632369518280029e-01 9.275467991828918457e-01 1.049770712852478027e-01 8.419923782348632812e-01 4.603207707405090332e-01 8.213037252426147461e-01 8.862990140914916992e-02 9.583756327629089355e-01 5.285527110099792480e-01 0.000000000000000000e+00 0.000000000000000000e+00 0.000000000000000000e+00
6.211134195327758789e-01 4.758539795875549316e-01 9.810398817062377930e-01 3.681492805480957031e-02 8.796237707138061523e-01 8.804098367691040039e-01 9.166490435600280762e-01 4.614682793617248535e-01 5.360535979270935059e-01 1.000000000000000000e+00 0.000000000000000000e+00 0.000000000000000000e+00
9.402334690093994141e-01 3.377766013145446777e-01 9.130524396896362305e-01 7.640622854232788086e-01 1.651880145072937012e-01 3.151749372482299805e-01 2.681108713150024414e-01 3.233732581138610840e-01 5.414322614669799805e-01 0.000000000000000000e+00 0.000000000000000000e+00 0.000000000000000000e+00
7.839394211769104004e-01 3.297603130340576172e-01 9.038802385330200195e-01 4.749756455421447754e-01 5.374664068222045898e-02 5.091732740402221680e-01 9.600549340248107910e-01 2.954209446907043457e-01 4.856485724449157715e-01 0.000000000000000000e+00 1.000000000000000000e+00 0.000000000000000000e+00
2.065883278846740723e-01 4.154331088066101074e-01 3.173552751541137695e-01 1.788381934165954590e-01 6.281147599220275879e-01 4.951427578926086426e-01 8.116600513458251953e-01 7.200030684471130371e-01 5.301595926284790039e-01 0.000000000000000000e+00 1.000000000000000000e+00 0.000000000000000000e+00
8.625675439834594727e-01 9.055739641189575195e-02 6.169382929801940918e-01 5.717816948890686035e-01 4.266873002052307129e-01 5.219998955726623535e-01 1.061396002769470215e-01 3.501733541488647461e-01 9.243822097778320312e-01 0.000000000000000000e+00 0.000000000000000000e+00 0.000000000000000000e+00
6.048157215118408203e-01 5.335312485694885254e-01 5.690090656280517578e-01 4.662596583366394043e-01 5.014007091522216797e-01 8.978492617607116699e-01 5.517301559448242188e-01 8.213322758674621582e-01 5.441306829452514648e-01 0.000000000000000000e+00 0.000000000000000000e+00 0.000000000000000000e+00
7.341313362121582031e-01 5.777227282524108887e-01 3.433604836463928223e-01 2.109486460685729980e-01 7.393806576728820801e-01 2.071143984794616699e-01 8.442102074623107910e-01 5.428137183189392090e-01 4.134405255317687988e-01 0.000000000000000000e+00 1.000000000000000000e+00 0.000000000000000000e+00
1.476348787546157837e-01 2.966247797012329102e-01 1.156213283538818359e-01 1.072990298271179199e-01 3.157979249954223633e-01 2.270164489746093750e-01 8.088541030883789062e-01 6.872412562370300293e-01 7.662554979324340820e-01 0.000000000000000000e+00 1.000000000000000000e+00 0.000000000000000000e+00
2.752488851547241211e-01 1.945760250091552734e-01 6.675941348075866699e-01 3.675975799560546875e-01 4.097700119018554688e-02 9.589127302169799805e-01 1.411653757095336914e-01 4.520732760429382324e-01 5.862183570861816406e-01 0.000000000000000000e+00 0.000000000000000000e+00 0.000000000000000000e+00
6.409048438072204590e-01 6.997401714324951172e-01 3.516291379928588867e-01 4.547995328903198242e-02 7.796278595924377441e-01 9.936728477478027344e-01 3.711040019989013672e-01 5.710339546203613281e-02 5.103410482406616211e-01 0.000000000000000000e+00 0.000000000000000000e+00 0.000000000000000000e+00
9.127346277236938477e-01 3.123109340667724609e-01 1.009290814399719238e-01 7.357934117317199707e-01 2.195932269096374512e-01 1.247929930686950684e-01 1.228164434432983398e-01 9.573788642883300781e-01 1.829259395599365234e-01 0.000000000000000000e+00 1.000000000000000000e+00 0.000000000000000000e+00
8.345204591751098633e-01 1.611948013305664062e-03 6.644011735916137695e-01 2.272644639015197754e-01 9.035775065422058105e-01 8.383632302284240723e-01 2.068848609924316406e-01 8.887917995452880859e-01 2.079733014106750488e-01 0.000000000000000000e+00 0.000000000000000000e+00 0.000000000000000000e+00
3.653644323348999023e-01 2.402179241180419922e-01 8.780699968338012695e-02 2.895182371139526367e-01 7.355698347091674805e-01 7.635617852210998535e-01 1.737387776374816895e-01 7.920955419540405273e-01 5.253465771675109863e-01 0.000000000000000000e+00 0.000000000000000000e+00 0.000000000000000000e+00
5.081277489662170410e-01 3.411554098129272461e-01 6.108999252319335938e-01 3.064197301864624023e-02 1.831563115119934082e-01 5.617918372154235840e-01 4.350012540817260742e-02 7.057304978370666504e-01 4.451187849044799805e-01 1.000000000000000000e+00 1.000000000000000000e+00 1.000000000000000000e+00
8.711351156234741211e-01 1.534435153007507324e-01 5.778845548629760742e-01 9.400448203086853027e-01 3.401416540145874023e-02 8.808342814445495605e-01 7.615348100662231445e-01 1.036490797996520996e-01 8.362773060798645020e-01 0.000000000000000000e+00 0.000000000000000000e+00 0.000000000000000000e+00
9.726068973541259766e-01 1.856908798217773438e-01 2.852082848548889160e-01 7.013407349586486816e-01 8.672856688499450684e-01 4.259414672851562500e-01 4.697834253311157227e-01 2.010953426361083984e-01 4.427084922790527344e-01 0.000000000000000000e+00 0.000000000000000000e+00 0.000000000000000000e+00
7.366676330566406250e-01 1.618813276290893555e-01 4.638342261314392090e-01 5.855382084846496582e-01 4.876191020011901855e-01 6.280146837234497070e-01 8.377583026885986328e-01 5.104494094848632812e-02 9.096990823745727539e-01 0.000000000000000000e+00 1.000000000000000000e+00 0.000000000000000000e+00
9.043884277343750000e-01 3.818209767341613770e-01 8.595036864280700684e-01 1.625240445137023926e-01 8.637920618057250977e-01 7.778707742691040039e-01 6.154838800430297852e-01 6.190688014030456543e-01 3.751789927482604980e-01 1.000000000000000000e+00 0.000000000000000000e+00 0.000000000000000000e+00
5.127387046813964844e-01 3.801529407501220703e-01 6.053245067596435547e-01 4.596332907676696777e-01 1.588476896286010742e-01 4.387895464897155762e-01 8.247684836387634277e-01 6.561904549598693848e-01 4.569917321205139160e-01 0.000000000000000000e+00 0.000000000000000000e+00 0.000000000000000000e+00
5.219959616661071777e-01 7.092013955116271973e-01 7.829487323760986328e-02 7.406712770462036133e-01 2.443786859512329102e-01 5.334669351577758789e-02 1.212735176086425781e-01 4.826336503028869629e-01 5.909717082977294922e-02 1.000000000000000000e+00 1.000000000000000000e+00 1.000000000000000000e+00
2.864375710487365723e-01 8.291018009185791016e-01 3.576021790504455566e-01 1.725645065307617188e-01 5.198366045951843262e-01 7.545713186264038086e-01 1.371036767959594727e-01 4.484923481941223145e-01 4.126471281051635742e-01 0.000000000000000000e+00 0.000000000000000000e+00 0.000000000000000000e+00
5.066692829132080078e-01 7.520920038223266602e-02 2.569513320922851562e-01 5.179568529129028320e-01 1.550844907760620117e-01 8.796321749687194824e-01 5.946298241615295410e-01 5.501160621643066406e-01 3.077234029769897461e-01 1.000000000000000000e+00 0.000000000000000000e+00 0.000000000000000000e+00
1.961887180805206299e-01 7.655370235443115234e-01 1.331270337104797363e-01 2.174909114837646484e-01 1.022796630859375000e-01 9.728819131851196289e-01 4.620705246925354004e-01 3.045182228088378906e-01 8.126755952835083008e-01 0.000000000000000000e+00 0.000000000000000000e+00 0.000000000000000000e+00
7.419735789299011230e-01 4.884108304977416992e-01 3.701097369194030762e-01 7.690057158470153809e-01 5.648900270462036133e-01 6.993670463562011719e-01 6.000296473503112793e-01 5.006326436996459961e-01 2.627790570259094238e-01 0.000000000000000000e+00 1.000000000000000000e+00 0.000000000000000000e+00
1.995114535093307495e-01 9.202111363410949707e-01 6.807911396026611328e-01 1.334655284881591797e-02 2.674487829208374023e-01 1.408213376998901367e-02 5.765038728713989258e-01 8.308098316192626953e-01 6.792594790458679199e-01 0.000000000000000000e+00 0.000000000000000000e+00 0.000000000000000000e+00
9.616277813911437988e-01 7.995020747184753418e-01 4.162274003028869629e-01 9.993676543235778809e-01 5.172944664955139160e-01 6.633073091506958008e-02 1.393525600433349609e-01 7.985283732414245605e-01 4.959803223609924316e-01 0.000000000000000000e+00 0.000000000000000000e+00 0.000000000000000000e+00
2.362683564424514771e-01 8.804105520248413086e-01 9.887849092483520508e-01 2.789692878723144531e-01 9.875696897506713867e-02 7.732115983963012695e-01 2.764164209365844727e-01 6.951791048049926758e-02 6.076699495315551758e-01 1.000000000000000000e+00 0.000000000000000000e+00 0.000000000000000000e+00
2.154269069433212280e-01 5.052541494369506836e-01 1.951223611831665039e-01 3.886592984199523926e-01 1.295137405395507812e-02 2.251884341239929199e-01 5.671998262405395508e-01 2.254084944725036621e-01 5.172389745712280273e-02 0.000000000000000000e+00 0.000000000000000000e+00 0.000000000000000000e+00
7.018181681632995605e-01 6.817665100097656250e-01 8.067337870597839355e-01 6.201111078262329102e-01 8.365854620933532715e-01 8.400975465774536133e-01 2.314771413803100586e-01 6.003051996231079102e-02 7.550030946731567383e-02 1.000000000000000000e+00 0.000000000000000000e+00 0.000000000000000000e+00
9.329835176467895508e-01 9.955775737762451172e-02 7.705596685409545898e-01 7.004354596138000488e-01 6.578539609909057617e-01 8.887542486190795898e-01 7.188436388969421387e-01 9.033975005149841309e-01 9.172526597976684570e-01 0.000000000000000000e+00 0.000000000000000000e+00 0.000000000000000000e+00
8.427782654762268066e-01 3.555417060852050781e-01 7.013005018234252930e-02 6.054084300994873047e-01 8.684191107749938965e-01 2.550879716873168945e-01 9.660055637359619141e-01 9.507870674133300781e-01 3.963992595672607422e-01 1.000000000000000000e+00 0.000000000000000000e+00 0.000000000000000000e+00
9.052331447601318359e-01 4.492580890655517578e-01 8.649828433990478516e-01 4.951868057250976562e-01 5.888293385505676270e-01 4.538568258285522461e-01 5.550811290740966797e-01 4.453120231628417969e-01 7.900744676589965820e-01 0.000000000000000000e+00 0.000000000000000000e+00 0.000000000000000000e+00
9.926752448081970215e-01 9.840667247772216797e-03 5.393571853637695312e-01 7.875983119010925293e-01 8.086596727371215820e-01 3.445814251899719238e-01 6.561637520790100098e-01 5.437445640563964844e-01 6.766400933265686035e-01 0.000000000000000000e+00 0.000000000000000000e+00 0.000000000000000000e+00
7.917661666870117188e-01 9.536607265472412109e-01 8.635393381118774414e-01 5.745043754577636719e-01 9.537317752838134766e-01 9.600279331207275391e-01 2.674373388290405273e-01 7.685326337814331055e-01 3.067883849143981934e-01 0.000000000000000000e+00 0.000000000000000000e+00 0.000000000000000000e+00
7.926708459854125977e-01 2.138293385505676270e-01 8.379920721054077148e-01 8.851295709609985352e-02 8.440342545509338379e-01 9.719002842903137207e-01 4.081405401229858398e-01 3.644682168960571289e-01 1.983014345169067383e-01 0.000000000000000000e+00 0.000000000000000000e+00 0.000000000000000000e+00
4.893638193607330322e-01 1.342846751213073730e-01 3.465336561203002930e-02 4.046741127967834473e-01 6.579362154006958008e-01 9.221593141555786133e-01 3.483987450599670410e-01 4.718434810638427734e-01 6.916669011116027832e-01 0.000000000000000000e+00 0.000000000000000000e+00 0.000000000000000000e+00
2.653214633464813232e-01 6.664027571678161621e-01 1.021233201026916504e-01 4.597795009613037109e-02 3.859982490539550781e-01 5.621763467788696289e-01 3.945827484130859375e-05 9.099159240722656250e-01 6.660187244415283203e-02 0.000000000000000000e+00 1.000000000000000000e+00 0.000000000000000000e+00
1.282015591859817505e-01 3.340578675270080566e-01 1.895590424537658691e-01 2.091354131698608398e-01 4.279590249061584473e-01 4.154579043388366699e-01 1.688796281814575195e-02 7.616590857505798340e-01 5.214351415634155273e-01 0.000000000000000000e+00 0.000000000000000000e+00 0.000000000000000000e+00
8.939636349678039551e-01 8.318451642990112305e-01 7.924885749816894531e-01 9.889156818389892578e-01 6.419050693511962891e-02 8.967490196228027344e-01 3.359015583992004395e-01 3.448582291603088379e-01 7.746152877807617188e-01 1.000000000000000000e+00 0.000000000000000000e+00 0.000000000000000000e+00
3.890051543712615967e-01 8.303903937339782715e-01 5.256011486053466797e-01 6.518597602844238281e-01 3.715784549713134766e-01 5.551103949546813965e-01 2.194906473159790039e-01 9.183218479156494141e-01 3.493778705596923828e-01 0.000000000000000000e+00 0.000000000000000000e+00 0.000000000000000000e+00
4.627158045768737793e-01 2.265589833259582520e-01 1.164487004280090332e-01 1.805532574653625488e-01 8.489023447036743164e-01 9.895117282867431641e-01 3.628118038177490234e-01 4.138039946556091309e-01 1.062242984771728516e-01 0.000000000000000000e+00 1.000000000000000000e+00 0.000000000000000000e+00
1.654581427574157715e-01 5.920394659042358398e-01 3.382139801979064941e-01 1.976872682571411133e-01 2.123386859893798828e-01 2.161569595336914062e-01 9.357708692550659180e-02 2.377415895462036133e-01 4.993816614151000977e-01 0.000000000000000000e+00 1.000000000000000000e+00 0.000000000000000000e+00
4.728203713893890381e-01 4.522441625595092773e-01 4.042543172836303711e-01 6.348854303359985352e-02 5.792430639266967773e-01 4.526283144950866699e-01 2.522784471511840820e-02 1.843696236610412598e-01 3.574158549308776855e-01 1.000000000000000000e+00 0.000000000000000000e+00 0.000000000000000000e+00
4.020101726055145264e-01 6.352648138999938965e-01 7.099348902702331543e-01 4.742234945297241211e-02 4.807492494583129883e-01 2.383941411972045898e-02 1.192675828933715820e-01 8.925452232360839844e-01 9.026628732681274414e-01 0.000000000000000000e+00 0.000000000000000000e+00 0.000000000000000000e+00
9.577883481979370117e-01 1.874448060989379883e-01 3.410196304321289062e-02 6.184377074241638184e-01 4.589111804962158203e-01 2.401778697967529297e-01 2.604448199272155762e-01 4.564338326454162598e-01 7.464697957038879395e-01 0.000000000000000000e+00 0.000000000000000000e+00 0.000000000000000000e+00
7.397763133049011230e-01 6.566925644874572754e-01 2.181061506271362305e-01 6.932547688484191895e-01 3.911019563674926758e-01 3.366408944129943848e-01 1.481494903564453125e-01 6.116352081298828125e-01 1.648795604705810547e-02 0.000000000000000000e+00 0.000000000000000000e+00 0.000000000000000000e+00
4.407102763652801514e-01 6.512203812599182129e-01 4.297023415565490723e-01 1.059601902961730957e-01 6.330956816673278809e-01 8.043617010116577148e-01 1.770913004875183105e-01 8.406755924224853516e-01 2.001980543136596680e-01 0.000000000000000000e+00 0.000000000000000000e+00 0.000000000000000000e+00
9.992673993110656738e-01 5.074977874755859375e-03 8.386367559432983398e-02 9.564782977104187012e-01 7.903027534484863281e-01 1.411873698234558105e-01 2.289552688598632812e-01 8.188976645469665527e-01 7.459969520568847656e-01 0.000000000000000000e+00 0.000000000000000000e+00 0.000000000000000000e+00
8.133105039596557617e-01 3.369796276092529297e-02 1.740079522132873535e-01 5.004175305366516113e-01 4.257088303565979004e-01 3.974437713623046875e-02 7.286427617073059082e-01 8.479845523834228516e-01 5.478904843330383301e-01 0.000000000000000000e+00 0.000000000000000000e+00 0.000000000000000000e+00
7.478398680686950684e-01 3.066481947898864746e-01 6.889555454254150391e-01 4.556036591529846191e-01 4.303944110870361328e-02 3.517971038818359375e-01 3.404316306114196777e-01 9.845693111419677734e-01 9.814648032188415527e-01 1.000000000000000000e+00 0.000000000000000000e+00 0.000000000000000000e+00
9.958848357200622559e-01 3.197577595710754395e-01 8.619141578674316406e-01 7.559334039688110352e-01 7.989091277122497559e-01 2.080875635147094727e-02 5.968946218490600586e-02 2.501080036163330078e-01 8.965611457824707031e-02 1.000000000000000000e+00 1.000000000000000000e+00 1.000000000000000000e+00
2.235178351402282715e-01 4.903444647789001465e-01 7.225489020347595215e-01 3.627598285675048828e-03 9.325736761093139648e-02 7.935492396354675293e-01 8.995586633682250977e-01 4.271605014801025391e-01 3.222606182098388672e-01 0.000000000000000000e+00 0.000000000000000000e+00 0.000000000000000000e+00
9.966557025909423828e-01 4.062533974647521973e-01 6.787768006324768066e-01 9.659093618392944336e-01 5.612167119979858398e-01 7.285737991333007812e-02 8.611915707588195801e-01 1.080841422080993652e-01 4.815420508384704590e-01 1.000000000000000000e+00 0.000000000000000000e+00 0.000000000000000000e+00
4.218750000000000000e-01 4.649442434310913086e-02 4.776271581649780273e-01 3.026835322380065918e-01 7.440114021301269531e-02 4.424270391464233398e-01 9.720553159713745117e-01 2.935292124748229980e-01 2.783102989196777344e-01 0.000000000000000000e+00 1.000000000000000000e+00 0.000000000000000000e+00
5.340185761451721191e-01 7.553820013999938965e-01 8.505197763442993164e-01 5.056478381156921387e-01 4.686332941055297852e-01 8.982483744621276855e-01 1.908649206161499023e-01 8.231157064437866211e-01 6.139968633651733398e-01 0.000000000000000000e+00 0.000000000000000000e+00 0.000000000000000000e+00
9.735254645347595215e-01 8.156102895736694336e-02 1.729266643524169922e-01 7.507020235061645508e-01 2.035679221153259277e-01 5.398138761520385742e-01 2.587770819664001465e-01 6.940882802009582520e-01 3.283197283744812012e-01 0.000000000000000000e+00 0.000000000000000000e+00 0.000000000000000000e+00
3.411304354667663574e-01 2.683421969413757324e-01 5.394549965858459473e-01 4.356299638748168945e-01 2.610191106796264648e-01 7.664057612419128418e-01 3.390204906463623047e-01 7.188872694969177246e-01 3.963943719863891602e-01 0.000000000000000000e+00 0.000000000000000000e+00 0.000000000000000000e+00
4.810067713260650635e-01 7.770122885704040527e-01 5.053716897964477539e-01 5.667139887809753418e-01 2.707430124282836914e-01 2.940418124198913574e-01 5.195705890655517578e-01 8.257774710655212402e-01 4.581797719001770020e-01 0.000000000000000000e+00 0.000000000000000000e+00 0.000000000000000000e+00
3.503182828426361084e-01 9.248336553573608398e-01 9.000331163406372070e-02 1.969041824340820312e-01 8.942536115646362305e-01 4.843127131462097168e-01 3.690829873085021973e-01 4.697856903076171875e-01 8.564909100532531738e-01 1.000000000000000000e+00 0.000000000000000000e+00 0.000000000000000000e+00
1.292279660701751709e-01 1.309981942176818848e-01 3.829622268676757812e-01 4.602730274200439453e-02 5.310871005058288574e-01 4.482793807983398438e-02 4.624676704406738281e-02 2.085694074630737305e-01 6.952371001243591309e-01 1.000000000000000000e+00 0.000000000000000000e+00 0.000000000000000000e+00
2.448025196790695190e-01 1.440205574035644531e-01 3.735341429710388184e-01 6.105005741119384766e-02 6.877481937408447266e-02 3.901763558387756348e-01 8.454783558845520020e-01 2.804904580116271973e-01 8.930090069770812988e-01 0.000000000000000000e+00 0.000000000000000000e+00 0.000000000000000000e+00
1.493876278400421143e-01 6.127267479896545410e-01 4.459969401359558105e-01 3.123039603233337402e-01 1.380239129066467285e-01 7.264637947082519531e-02 8.886196017265319824e-01 7.923112511634826660e-01 1.183083057403564453e-01 0.000000000000000000e+00 0.000000000000000000e+00 0.000000000000000000e+00
7.045691609382629395e-01 6.609630584716796875e-02 5.282398462295532227e-01 5.334683656692504883e-01 1.499695777893066406e-01 9.188212752342224121e-01 7.750217914581298828e-01 4.022402167320251465e-01 1.767738461494445801e-01 0.000000000000000000e+00 0.000000000000000000e+00 0.000000000000000000e+00
5.200869441032409668e-01 7.255688905715942383e-01 9.015285968780517578e-01 3.877922296524047852e-01 2.062348723411560059e-01 7.036374211311340332e-01 3.138436079025268555e-01 4.823122620582580566e-01 6.431988477706909180e-01 0.000000000000000000e+00 0.000000000000000000e+00 0.000000000000000000e+00
7.250746488571166992e-01 8.593865036964416504e-01 7.808494567871093750e-02 9.615101218223571777e-01 3.615857362747192383e-01 5.993810892105102539e-01 2.431617379188537598e-01 9.304526448249816895e-01 2.532677054405212402e-01 1.000000000000000000e+00 0.000000000000000000e+00 0.000000000000000000e+00
6.209586262702941895e-01 1.788735389709472656e-02 5.146819353103637695e-02 3.785961866378784180e-01 7.194526195526123047e-01 5.962371826171875000e-02 5.857692360877990723e-01 1.686730980873107910e-01 4.044632315635681152e-01 1.000000000000000000e+00 0.000000000000000000e+00 0.000000000000000000e+00
5.172990560531616211e-01 9.088629484176635742e-01 5.516113042831420898e-01 6.644445657730102539e-01 4.620658159255981445e-01 9.644421935081481934e-01 4.295760393142700195e-02 3.982180953025817871e-01 9.219803214073181152e-01 0.000000000000000000e+00 0.000000000000000000e+00 0.000000000000000000e+00
8.908960819244384766e-01 6.814601421356201172e-01 3.701416850090026855e-01 8.819016814231872559e-01 3.745061159133911133e-02 9.845507144927978516e-02 8.121597766876220703e-02 3.197193741798400879e-01 2.049285769462585449e-01 1.000000000000000000e+00 0.000000000000000000e+00 0.000000000000000000e+00
5.524176359176635742e-01 4.605247974395751953e-01 8.622407913208007812e-03 6.272818446159362793e-01 7.697797417640686035e-01 9.063287973403930664e-01 2.066744565963745117e-01 3.346067667007446289e-02 9.008461236953735352e-02 1.000000000000000000e+00 0.000000000000000000e+00 0.000000000000000000e+00
5.667427182197570801e-01 4.352349042892456055e-02 4.977434277534484863e-01 4.395784139633178711e-01 3.131449222564697266e-01 2.837364673614501953e-01 9.483242034912109375e-01 7.094144821166992188e-04 1.837419271469116211e-01 0.000000000000000000e+00 0.000000000000000000e+00 0.000000000000000000e+00
7.565604448318481445e-01 9.944055676460266113e-01 5.568589568138122559e-01 5.795182585716247559e-01 8.530967831611633301e-01 5.637597441673278809e-01 1.440949440002441406e-01 2.998678088188171387e-01 2.017938494682312012e-01 1.000000000000000000e+00 0.000000000000000000e+00 0.000000000000000000e+00
9.222583174705505371e-01 7.618188261985778809e-01 9.167590737342834473e-01 8.280532956123352051e-01 9.572399258613586426e-01 5.006775259971618652e-01 4.261848926544189453e-01 1.336702108383178711e-01 7.771825194358825684e-01 0.000000000000000000e+00 0.000000000000000000e+00 0.000000000000000000e+00
5.398277044296264648e-01 5.967603325843811035e-01 9.230099916458129883e-01 4.412778019905090332e-01 4.497011899948120117e-01 9.106327295303344727e-01 8.920363783836364746e-01 8.646472096443176270e-01 1.643543839454650879e-01 0.000000000000000000e+00 0.000000000000000000e+00 0.000000000000000000e+00
8.569024801254272461e-01 4.270455837249755859e-01 8.903333544731140137e-01 2.558989524841308594e-01 3.341528773307800293e-01 4.022049903869628906e-02 6.755716800689697266e-01 7.235779166221618652e-01 5.188074707984924316e-01 0.000000000000000000e+00 0.000000000000000000e+00 0.000000000000000000e+00
7.032639980316162109e-01 4.272985458374023438e-02 7.232816219329833984e-01 2.811238765716552734e-01 7.823586463928222656e-02 6.655281782150268555e-01 9.476602673530578613e-01 3.952735066413879395e-01 3.718044757843017578e-01 1.000000000000000000e+00 0.000000000000000000e+00 0.000000000000000000e+00
8.371379971504211426e-01 2.608611583709716797e-01 4.646654725074768066e-01 3.845202326774597168e-01 8.386200666427612305e-01 2.395545840263366699e-01 2.038031816482543945e-02 8.720996379852294922e-01 9.017158746719360352e-01 0.000000000000000000e+00 0.000000000000000000e+00 0.000000000000000000e+00
7.376924753189086914e-01 2.756193280220031738e-01 5.151715278625488281e-01 2.570071220397949219e-01 8.851913213729858398e-01 4.705447554588317871e-01 5.993599295616149902e-01 7.501983642578125000e-01 8.340377807617187500e-01 0.000000000000000000e+00 0.000000000000000000e+00 0.000000000000000000e+00
9.858183264732360840e-01 9.473979473114013672e-03 1.158811450004577637e-01 6.001837849617004395e-01 9.605225324630737305e-01 4.464142322540283203e-01 7.308526039123535156e-01 8.235160112380981445e-01 1.538154482841491699e-01 0.000000000000000000e+00 0.000000000000000000e+00 0.000000000000000000e+00
4.213908910751342773e-01 9.591212272644042969e-01 6.321923732757568359e-01 3.421563506126403809e-01 6.833202242851257324e-01 3.485732078552246094e-01 7.349209785461425781e-01 2.519720196723937988e-01 2.097350955009460449e-01 1.000000000000000000e+00 0.000000000000000000e+00 0.000000000000000000e+00
4.307785332202911377e-01 9.393215775489807129e-01 7.607842683792114258e-01 3.293215632438659668e-01 4.746418595314025879e-01 7.920272350311279297e-01 5.808839797973632812e-01 3.421385884284973145e-01 8.781406879425048828e-01 0.000000000000000000e+00 0.000000000000000000e+00 0.000000000000000000e+00
9.925163388252258301e-01 5.177626609802246094e-01 7.945505976676940918e-01 8.252841234207153320e-01 8.387243151664733887e-01 6.621795892715454102e-02 4.655241966247558594e-01 8.381539583206176758e-01 6.460825204849243164e-01 0.000000000000000000e+00 0.000000000000000000e+00 0.000000000000000000e+00
9.141032099723815918e-01 1.111357212066650391e-01 5.259768962860107422e-01 6.051473617553710938e-01 9.289943575859069824e-01 8.036991357803344727e-01 5.846673846244812012e-01 9.005153775215148926e-01 5.289545059204101562e-01 0.000000000000000000e+00 0.000000000000000000e+00 0.000000000000000000e+00
7.336930036544799805e-01 2.945941686630249023e-01 5.665237903594970703e-01 5.533260107040405273e-02 7.110342383384704590e-01 4.732580184936523438e-01 3.787056207656860352e-01 3.348382115364074707e-01 3.356093764305114746e-01 0.000000000000000000e+00 0.000000000000000000e+00 0.000000000000000000e+00
6.243922710418701172e-01 8.904359936714172363e-01 2.778660058975219727e-01 3.651648163795471191e-01 6.393648386001586914e-01 3.315880894660949707e-01 9.535896778106689453e-02 9.996973872184753418e-01 5.662345886230468750e-01 1.000000000000000000e+00 0.000000000000000000e+00 0.000000000000000000e+00
7.431820631027221680e-01 9.763091206550598145e-01 3.610733747482299805e-01 9.042075872421264648e-01 1.506544351577758789e-01 8.434342741966247559e-01 2.060825228691101074e-01 6.753911375999450684e-01 9.168654084205627441e-01 0.000000000000000000e+00 0.000000000000000000e+00 0.000000000000000000e+00
6.829800605773925781e-01 7.498253583908081055e-01 3.158366680145263672e-02 8.927975893020629883e-01 1.824536323547363281e-01 7.244544625282287598e-01 2.577501535415649414e-02 4.967874288558959961e-02 4.144272804260253906e-01 1.000000000000000000e+00 0.000000000000000000e+00 0.000000000000000000e+00
6.532524228096008301e-01 8.493093252182006836e-01 9.988868236541748047e-02 4.458190202713012695e-01 4.905307888984680176e-01 1.361718773841857910e-01 6.984785795211791992e-01 8.565902113914489746e-01 1.040977835655212402e-01 0.000000000000000000e+00 0.000000000000000000e+00 0.000000000000000000e+00
5.759767293930053711e-01 8.883593082427978516e-01 3.684195280075073242e-01 7.604421973228454590e-01 4.971137642860412598e-01 7.556215524673461914e-01 9.135799407958984375e-01 9.055368900299072266e-01 3.237367272377014160e-01 0.000000000000000000e+00 0.000000000000000000e+00 0.000000000000000000e+00
9.790937304496765137e-01 1.574142575263977051e-01 1.101616024971008301e-01 8.978382349014282227e-01 8.240479230880737305e-02 1.135194301605224609e-01 4.717028737068176270e-01 7.478728294372558594e-01 7.062047123908996582e-01 0.000000000000000000e+00 1.000000000000000000e+00 0.000000000000000000e+00
8.402473926544189453e-01 9.900013208389282227e-01 4.396573305130004883e-01 9.693783521652221680e-01 8.687340021133422852e-01 6.289046406745910645e-01 7.826830148696899414e-01 5.681462287902832031e-01 7.773558497428894043e-01 0.000000000000000000e+00 0.000000000000000000e+00 0.000000000000000000e+00
7.325592637062072754e-01 5.562795400619506836e-01 8.740366101264953613e-01 3.742635250091552734e-02 5.986165404319763184e-01 3.280293941497802734e-01 3.559824228286743164e-01 6.089992523193359375e-01 7.018752694129943848e-01 0.000000000000000000e+00 0.000000000000000000e+00 0.000000000000000000e+00
7.928991317749023438e-01 5.127003192901611328e-01 5.376207828521728516e-02 6.475509405136108398e-01 6.899088025093078613e-01 5.520883798599243164e-01 6.256190538406372070e-01 2.779533267021179199e-01 9.364533424377441406e-01 1.000000000000000000e+00 0.000000000000000000e+00 0.000000000000000000e+00
2.983032464981079102e-01 9.727879762649536133e-01 5.204504132270812988e-01 2.236348390579223633e-02 4.817673563957214355e-01 5.556698441505432129e-01 1.078134775161743164e-01 7.754644155502319336e-01 3.931650519371032715e-01 0.000000000000000000e+00 0.000000000000000000e+00 0.000000000000000000e+00
9.992330074310302734e-01 1.803698539733886719e-01 4.074006676673889160e-01 9.363874197006225586e-01 7.647668123245239258e-01 1.880236268043518066e-01 1.986807584762573242e-02 4.707815051078796387e-01 9.911488294601440430e-01 0.000000000000000000e+00 0.000000000000000000e+00 0.000000000000000000e+00
9.635963439941406250e-01 1.494454145431518555e-01 7.571398019790649414e-01 9.180458784103393555e-01 7.300173044204711914e-01 9.343473315238952637e-01 9.495429992675781250e-01 1.310087442398071289e-01 4.592835903167724609e-03 0.000000000000000000e+00 1.000000000000000000e+00 0.000000000000000000e+00
5.476877093315124512e-01 4.955365061759948730e-01 8.314144015312194824e-01 4.713946580886840820e-02 7.344219684600830078e-01 9.392153024673461914e-01 2.847924828529357910e-01 5.013325214385986328e-01 8.087368607521057129e-01 1.000000000000000000e+00 0.000000000000000000e+00 0.000000000000000000e+00
9.653060436248779297e-01 1.420352458953857422e-01 7.523211240768432617e-01 8.351832628250122070e-02 4.175062775611877441e-01 1.040761470794677734e-01 3.616287708282470703e-01 6.426893472671508789e-01 9.933083057403564453e-01 0.000000000000000000e+00 0.000000000000000000e+00 0.000000000000000000e+00
9.631026983261108398e-01 8.959922790527343750e-01 6.730294227600097656e-01 8.212393522262573242e-01 7.790328860282897949e-01 7.154526114463806152e-01 5.015017986297607422e-01 5.353017449378967285e-01 8.020262122154235840e-01 1.000000000000000000e+00 0.000000000000000000e+00 0.000000000000000000e+00
9.034247994422912598e-01 2.535005807876586914e-01 1.389739513397216797e-01 7.521162629127502441e-01 1.473692059516906738e-01 4.500738978385925293e-01 2.080637812614440918e-01 2.844600081443786621e-01 9.773682951927185059e-01 0.000000000000000000e+00 0.000000000000000000e+00 0.000000000000000000e+00
3.920311033725738525e-01 1.558551192283630371e-01 1.559883952140808105e-01 2.668691277503967285e-01 6.149415969848632812e-01 4.029915928840637207e-01 7.364516854286193848e-01 7.402110099792480469e-01 7.169278860092163086e-01 0.000000000000000000e+00 0.000000000000000000e+00 0.000000000000000000e+00
9.820526242256164551e-01 3.594909906387329102e-01 9.423256516456604004e-01 8.555793166160583496e-01 9.861980080604553223e-01 3.251099586486816406e-01 4.483340382575988770e-01 1.774665713310241699e-01 5.772513151168823242e-01 0.000000000000000000e+00 1.000000000000000000e+00 0.000000000000000000e+00
7.648167610168457031e-01 4.627096056938171387e-01 8.523682355880737305e-01 4.395069479942321777e-01 7.497742176055908203e-01 6.481191515922546387e-01 6.013538837432861328e-01 9.611164331436157227e-01 6.905580759048461914e-01 0.000000000000000000e+00 0.000000000000000000e+00 0.000000000000000000e+00
5.061873793601989746e-01 8.393862247467041016e-01 8.259451389312744141e-01 2.363144159317016602e-01 3.672411441802978516e-01 5.727506279945373535e-01 3.126277327537536621e-01 2.080574631690979004e-01 1.151685118675231934e-01 1.000000000000000000e+00 0.000000000000000000e+00 0.000000000000000000e+00
9.017879962921142578e-01 4.318878650665283203e-01 9.402747154235839844e-01 3.393456339836120605e-01 9.796475768089294434e-01 3.184164762496948242e-01 4.579842090606689453e-03 1.758822202682495117e-01 1.992350816726684570e-01 0.000000000000000000e+00 0.000000000000000000e+00 0.000000000000000000e+00
6.755397319793701172e-01 9.649596810340881348e-01 6.010472178459167480e-01 9.565774798393249512e-01 2.687518596649169922e-01 1.915203928947448730e-01 5.260204076766967773e-01 3.623139858245849609e-02 1.360819935798645020e-01 0.000000000000000000e+00 0.000000000000000000e+00 0.000000000000000000e+00
3.675409555435180664e-01 3.379694819450378418e-01 5.722385048866271973e-01 5.525422692298889160e-01 2.100539803504943848e-01 8.614524602890014648e-01 3.575186133384704590e-01 7.949095964431762695e-01 8.629280328750610352e-01 0.000000000000000000e+00 0.000000000000000000e+00 0.000000000000000000e+00
9.875040650367736816e-01 7.751041650772094727e-02 7.743285298347473145e-01 1.683850884437561035e-01 8.742394447326660156e-01 1.767125129699707031e-01 2.904019951820373535e-01 6.282650828361511230e-01 8.278224468231201172e-01 0.000000000000000000e+00 0.000000000000000000e+00 0.000000000000000000e+00
2.006888985633850098e-01 4.045980572700500488e-01 6.127421855926513672e-01 6.556475162506103516e-02 3.462680578231811523e-01 9.645990133285522461e-01 6.003494858741760254e-01 1.994311809539794922e-01 6.468011140823364258e-01 0.000000000000000000e+00 0.000000000000000000e+00 0.000000000000000000e+00
4.712947905063629150e-01 7.365766763687133789e-01 9.340249896049499512e-01 1.129800081253051758e-01 3.609834909439086914e-01 3.000122904777526855e-01 3.462039828300476074e-01 8.307772874832153320e-02 9.983367919921875000e-01 1.000000000000000000e+00 0.000000000000000000e+00 0.000000000000000000e+00
8.893088102340698242e-01 3.872287273406982422e-02 9.050006270408630371e-01 1.256160736083984375e-01 6.388706564903259277e-01 8.594794273376464844e-01 9.654992818832397461e-01 7.672542333602905273e-02 3.855852484703063965e-01 0.000000000000000000e+00 1.000000000000000000e+00 0.000000000000000000e+00
3.633281588554382324e-01 4.664905667304992676e-01 5.286728739738464355e-01 5.283666849136352539e-01 1.585439443588256836e-01 4.633557200431823730e-01 2.572736144065856934e-01 7.482538223266601562e-01 1.111415028572082520e-01 0.000000000000000000e+00 1.000000000000000000e+00 0.000000000000000000e+00
3.067555725574493408e-01 8.344419598579406738e-01 1.653571724891662598e-01 5.871305465698242188e-01 1.221206784248352051e-01 1.105519533157348633e-01 3.497249484062194824e-01 6.068380475044250488e-01 2.185611724853515625e-01 0.000000000000000000e+00 1.000000000000000000e+00 0.000000000000000000e+00
7.850463986396789551e-01 3.037702441215515137e-01 5.919557809829711914e-01 6.346328854560852051e-01 4.616651535034179688e-01 4.624575972557067871e-01 7.045829892158508301e-01 4.301802515983581543e-01 7.445793747901916504e-01 0.000000000000000000e+00 0.000000000000000000e+00 0.000000000000000000e+00
8.499845266342163086e-01 8.100641369819641113e-01 9.686183333396911621e-01 9.585347175598144531e-01 6.803458929061889648e-02 1.213285923004150391e-01 4.756701588630676270e-01 7.550972104072570801e-01 9.451164603233337402e-01 0.000000000000000000e+00 0.000000000000000000e+00 0.000000000000000000e+00
8.181459903717041016e-01 4.470132589340209961e-01 7.089481353759765625e-01 8.045924305915832520e-01 3.777978420257568359e-01 9.435765743255615234e-01 5.929248929023742676e-01 5.741856694221496582e-01 8.161174654960632324e-01 0.000000000000000000e+00 0.000000000000000000e+00 0.000000000000000000e+00
9.666244983673095703e-01 4.142564535140991211e-02 8.381351828575134277e-01 1.376973986625671387e-01 8.324720263481140137e-01 1.873476505279541016e-01 7.232306599617004395e-01 2.546491026878356934e-01 7.057923674583435059e-01 0.000000000000000000e+00 0.000000000000000000e+00 0.000000000000000000e+00
3.912625014781951904e-01 8.806346058845520020e-01 4.150961637496948242e-01 1.354289054870605469e-01 5.299451947212219238e-01 5.829646587371826172e-01 6.284391880035400391e-01 4.662462472915649414e-01 8.359901905059814453e-01 1.000000000000000000e+00 0.000000000000000000e+00 0.000000000000000000e+00
1.879675537347793579e-01 4.995804429054260254e-01 7.749754190444946289e-02 2.067272067070007324e-01 1.664208769798278809e-01 7.181845903396606445e-01 4.576159119606018066e-01 7.140980362892150879e-01 4.858076572418212891e-01 0.000000000000000000e+00 1.000000000000000000e+00 0.000000000000000000e+00
8.903491497039794922e-01 2.104232311248779297e-01 8.322731256484985352e-01 2.819060087203979492e-01 4.008789658546447754e-01 3.621088266372680664e-01 7.319340705871582031e-01 9.991440176963806152e-01 4.850286245346069336e-01 0.000000000000000000e+00 0.000000000000000000e+00 0.000000000000000000e+00
9.467799663543701172e-01 3.208324909210205078e-01 9.103081226348876953e-01 7.001377344131469727e-01 7.232771515846252441e-01 8.488510847091674805e-01 2.881060838699340820e-01 2.386235594749450684e-01 4.865198731422424316e-01 0.000000000000000000e+00 0.000000000000000000e+00 0.000000000000000000e+00
4.483968913555145264e-01 2.352289557456970215e-01 4.829344749450683594e-01 1.691440939903259277e-01 5.410509705543518066e-01 2.650853395462036133e-01 3.578460812568664551e-01 6.619013547897338867e-01 3.346329927444458008e-02 1.000000000000000000e+00 0.000000000000000000e+00 0.000000000000000000e+00
9.919201135635375977e-01 3.787136077880859375e-02 7.834059000015258789e-01 7.664862871170043945e-01 7.510098814964294434e-01 3.244582414627075195e-01 3.514627814292907715e-01 1.566501259803771973e-01 6.307330131530761719e-01 0.000000000000000000e+00 0.000000000000000000e+00 0.000000000000000000e+00
9.810495972633361816e-01 1.959090232849121094e-01 3.245529532432556152e-01 8.201015591621398926e-01 9.805629253387451172e-01 8.945646882057189941e-01 7.572880983352661133e-01 4.929592609405517578e-01 5.857951641082763672e-01 0.000000000000000000e+00 0.000000000000000000e+00 0.000000000000000000e+00
1.710550040006637573e-01 2.574813365936279297e-01 3.073000907897949219e-01 4.058265089988708496e-01 7.206457853317260742e-02 4.970839619636535645e-01 8.554450273513793945e-01 9.814816713333129883e-02 5.850807428359985352e-01 0.000000000000000000e+00 0.000000000000000000e+00 0.000000000000000000e+00
5.751104950904846191e-01 6.827039122581481934e-01 8.794180750846862793e-01 3.276867866516113281e-01 7.570644617080688477e-01 7.308244705200195312e-01 2.649546265602111816e-01 5.354937911033630371e-01 1.908025145530700684e-01 1.000000000000000000e+00 0.000000000000000000e+00 0.000000000000000000e+00
9.024536609649658203e-01 2.593518495559692383e-01 5.000637769699096680e-01 5.298016667366027832e-01 8.790217041969299316e-01 9.493976831436157227e-01 2.805256843566894531e-01 2.962928414344787598e-01 6.190767884254455566e-01 0.000000000000000000e+00 0.000000000000000000e+00 0.000000000000000000e+00
9.607294201850891113e-01 7.310402393341064453e-02 8.416180014610290527e-01 5.977232456207275391e-01 3.623806834220886230e-01 2.432082891464233398e-01 2.636550068855285645e-01 3.292953372001647949e-01 5.031535029411315918e-01 0.000000000000000000e+00 1.000000000000000000e+00 0.000000000000000000e+00
2.480147182941436768e-01 8.610026836395263672e-01 5.869215130805969238e-01 3.755288720130920410e-01 1.753066182136535645e-01 3.588477373123168945e-01 6.181780695915222168e-01 5.822317004203796387e-01 2.389964461326599121e-01 0.000000000000000000e+00 0.000000000000000000e+00 0.000000000000000000e+00
9.671376943588256836e-01 4.447516202926635742e-01 5.265655517578125000e-01 8.690065741539001465e-01 6.813375353813171387e-01 2.615083456039428711e-01 1.162105202674865723e-01 7.318812608718872070e-02 5.096549391746520996e-01 0.000000000000000000e+00 0.000000000000000000e+00 0.000000000000000000e+00
8.850395083427429199e-01 7.073957324028015137e-01 4.369481205940246582e-01 8.964480757713317871e-01 6.507321596145629883e-01 7.301511168479919434e-01 1.904993653297424316e-01 7.704424858093261719e-01 7.467085123062133789e-01 0.000000000000000000e+00 0.000000000000000000e+00 0.000000000000000000e+00
8.350604176521301270e-01 8.560801148414611816e-01 6.322103738784790039e-02 9.334505200386047363e-01 2.643109560012817383e-01 1.579162478446960449e-01 2.475354671478271484e-01 1.111658215522766113e-01 6.257570385932922363e-01 0.000000000000000000e+00 0.000000000000000000e+00 0.000000000000000000e+00
8.676752448081970215e-01 7.764556407928466797e-01 7.246047854423522949e-01 8.219510316848754883e-01 9.124295711517333984e-01 9.749399423599243164e-01 6.242036819458007812e-03 6.866071820259094238e-01 3.038249611854553223e-01 0.000000000000000000e+00 0.000000000000000000e+00 0.000000000000000000e+00
8.361694812774658203e-01 7.092391252517700195e-01 8.750369548797607422e-01 8.606542944908142090e-01 7.648502588272094727e-01 5.059748291969299316e-01 5.806553363800048828e-01 3.260315656661987305e-01 1.115642189979553223e-01 0.000000000000000000e+00 1.000000000000000000e+00 0.000000000000000000e+00
9.788563251495361328e-01 9.679055213928222656e-02 7.574993968009948730e-01 7.755548954010009766e-01 8.496805429458618164e-01 3.304104804992675781e-01 5.476218461990356445e-01 1.992583274841308594e-03 6.973552703857421875e-01 0.000000000000000000e+00 0.000000000000000000e+00 0.000000000000000000e+00
9.957262277603149414e-01 8.614128828048706055e-02 6.379774808883666992e-01 7.565860152244567871e-01 4.809939265251159668e-01 1.220674514770507812e-01 6.539834737777709961e-01 8.066122531890869141e-01 9.527572989463806152e-01 0.000000000000000000e+00 0.000000000000000000e+00 0.000000000000000000e+00
9.920165538787841797e-01 3.275444507598876953e-01 9.587963819503784180e-01 7.446600794792175293e-01 9.343278408050537109e-01 3.224776983261108398e-01 5.511404871940612793e-01 9.066541790962219238e-01 5.980705618858337402e-01 0.000000000000000000e+00 0.000000000000000000e+00 0.000000000000000000e+00
5.513695478439331055e-01 7.735609412193298340e-01 8.301590085029602051e-01 7.833703756332397461e-01 2.369292378425598145e-01 3.027415871620178223e-01 8.865092396736145020e-01 2.891613841056823730e-01 4.581387639045715332e-01 0.000000000000000000e+00 0.000000000000000000e+00 0.000000000000000000e+00
8.462862968444824219e-01 4.056119322776794434e-01 7.788987159729003906e-01 4.755277633666992188e-01 8.363622426986694336e-01 9.102236628532409668e-01 6.887149810791015625e-02 8.326853513717651367e-01 1.396702527999877930e-01 1.000000000000000000e+00 0.000000000000000000e+00 0.000000000000000000e+00
4.889316558837890625e-01 7.984135150909423828e-01 6.262931227684020996e-01 6.409220099449157715e-01 3.182244300842285156e-02 2.329226136207580566e-01 6.615523695945739746e-01 8.483437895774841309e-01 6.650608181953430176e-01 1.000000000000000000e+00 0.000000000000000000e+00 0.000000000000000000e+00
5.629318356513977051e-01 6.244983673095703125e-01 4.123646616935729980e-01 6.666828989982604980e-01 8.130073547363281250e-03 1.881550550460815430e-01 4.041665196418762207e-01 4.112581014633178711e-01 5.732965469360351562e-02 0.000000000000000000e+00 0.000000000000000000e+00 0.000000000000000000e+00
3.450455963611602783e-01 4.131091833114624023e-01 1.620097756385803223e-01 1.588671207427978516e-01 5.818278193473815918e-01 5.535712242126464844e-01 9.747659564018249512e-01 7.494822740554809570e-01 1.434558629989624023e-02 0.000000000000000000e+00 0.000000000000000000e+00 0.000000000000000000e+00
2.699933052062988281e-01 2.253671884536743164e-01 5.910094380378723145e-01 3.187650442123413086e-02 2.464352846145629883e-01 7.819937467575073242e-01 9.498893022537231445e-01 3.398888707160949707e-01 1.158707141876220703e-01 0.000000000000000000e+00 1.000000000000000000e+00 0.000000000000000000e+00
9.757660627365112305e-01 3.347416520118713379e-01 8.371264338493347168e-01 7.491899132728576660e-01 8.811170458793640137e-01 6.222729086875915527e-01 9.441016316413879395e-01 1.629636883735656738e-01 8.840560317039489746e-01 0.000000000000000000e+00 1.000000000000000000e+00 0.000000000000000000e+00
3.404673933982849121e-01 3.793467283248901367e-01 1.221174597740173340e-01 4.017746448516845703e-02 9.996188879013061523e-01 6.429514288902282715e-01 4.960040450096130371e-01 6.396203637123107910e-01 1.341527700424194336e-02 1.000000000000000000e+00 0.000000000000000000e+00 0.000000000000000000e+00
9.510344862937927246e-01 7.507574558258056641e-02 4.287742972373962402e-01 5.570382475852966309e-01 5.519484877586364746e-01 2.729748487472534180e-01 8.246250748634338379e-01 7.230535149574279785e-01 8.510567545890808105e-01 0.000000000000000000e+00 0.000000000000000000e+00 0.000000000000000000e+00
9.701570868492126465e-01 6.738985776901245117e-01 7.598237395286560059e-01 9.335893988609313965e-01 8.071357011795043945e-01 4.536094069480895996e-01 9.844257831573486328e-01 3.520657420158386230e-01 6.291776895523071289e-01 1.000000000000000000e+00 1.000000000000000000e+00 1.000000000000000000e+00
7.199635505676269531e-01 1.095867753028869629e-01 6.131137609481811523e-01 2.823815345764160156e-01 4.863494634628295898e-02 3.209517002105712891e-01 5.185459256172180176e-01 7.884560227394104004e-01 8.558094501495361328e-03 0.000000000000000000e+00 1.000000000000000000e+00 0.000000000000000000e+00
8.660657405853271484e-01 2.468178272247314453e-01 7.014618515968322754e-01 5.853713750839233398e-01 2.101072669029235840e-01 3.429430723190307617e-01 8.721005916595458984e-01 6.712156534194946289e-02 9.316959977149963379e-01 1.000000000000000000e+00 0.000000000000000000e+00 0.000000000000000000e+00
9.702010750770568848e-01 2.779748439788818359e-01 1.717088222503662109e-01 7.290452122688293457e-01 5.999004840850830078e-01 4.396003484725952148e-01 1.037801504135131836e-01 7.420210242271423340e-01 9.498964548110961914e-01 1.000000000000000000e+00 0.000000000000000000e+00 0.000000000000000000e+00
4.640459120273590088e-01 9.697191715240478516e-01 5.442789793014526367e-01 1.613684296607971191e-01 6.026182174682617188e-01 9.743335843086242676e-01 5.656441450119018555e-01 8.519035577774047852e-02 9.480625391006469727e-02 1.000000000000000000e+00 0.000000000000000000e+00 0.000000000000000000e+00
5.993836522102355957e-01 9.373885393142700195e-01 7.231785058975219727e-01 2.065778970718383789e-01 5.503443479537963867e-01 1.658172011375427246e-01 8.797170519828796387e-01 3.539711236953735352e-01 9.738570451736450195e-01 1.000000000000000000e+00 0.000000000000000000e+00 0.000000000000000000e+00
1.067059636116027832e-01 1.951221227645874023e-01 7.137203216552734375e-02 1.974877715110778809e-01 4.925190210342407227e-01 5.001571178436279297e-01 1.716494560241699219e-03 7.011371850967407227e-02 7.588737607002258301e-01 0.000000000000000000e+00 1.000000000000000000e+00 0.000000000000000000e+00
2.748121321201324463e-01 8.362777233123779297e-01 7.925661206245422363e-01 4.248477816581726074e-01 3.765308260917663574e-01 9.195539355278015137e-01 3.684686422348022461e-01 4.586970806121826172e-02 8.887747526168823242e-01 0.000000000000000000e+00 0.000000000000000000e+00 0.000000000000000000e+00
8.895383477210998535e-01 5.346697568893432617e-02 2.759648561477661133e-01 5.128781199455261230e-01 7.947278618812561035e-01 7.633715867996215820e-01 8.310184478759765625e-01 5.638335347175598145e-01 4.510969519615173340e-01 0.000000000000000000e+00 0.000000000000000000e+00 0.000000000000000000e+00
9.974477291107177734e-01 6.317943334579467773e-02 8.962455987930297852e-01 5.244576334953308105e-01 8.491848111152648926e-01 1.229498982429504395e-01 9.197777509689331055e-01 5.550302267074584961e-01 8.466335535049438477e-01 0.000000000000000000e+00 0.000000000000000000e+00 0.000000000000000000e+00
1.564530581235885620e-01 9.044609665870666504e-01 7.268491983413696289e-01 2.332112193107604980e-01 3.818273544311523438e-03 4.326782822608947754e-01 6.585313081741333008e-01 2.538422942161560059e-01 2.059226036071777344e-01 0.000000000000000000e+00 1.000000000000000000e+00 0.000000000000000000e+00
6.415094137191772461e-01 8.674853444099426270e-01 9.164401888847351074e-01 7.821782231330871582e-01 5.477041006088256836e-01 2.573609948158264160e-01 4.401678442955017090e-01 6.950509548187255859e-02 5.261658430099487305e-01 0.000000000000000000e+00 0.000000000000000000e+00 0.000000000000000000e+00
1.331195384263992310e-01 7.744670510292053223e-01 5.414209961891174316e-01 2.063742876052856445e-01 1.359659433364868164e-02 2.492241859436035156e-01 4.507799148559570312e-01 5.766163468360900879e-01 6.956762671470642090e-01 0.000000000000000000e+00 1.000000000000000000e+00 0.000000000000000000e+00
9.726703763008117676e-01 1.077460646629333496e-01 9.147717952728271484e-01 7.685273885726928711e-01 3.612160086631774902e-01 4.956232905387878418e-01 5.555009841918945312e-02 1.772366762161254883e-01 5.069657564163208008e-01 1.000000000000000000e+00 0.000000000000000000e+00 0.000000000000000000e+00
1.338860988616943359e-01 5.425897240638732910e-01 2.610495090484619141e-01 3.282304406166076660e-01 1.325136423110961914e-02 5.237305760383605957e-01 9.072221517562866211e-01 4.763995409011840820e-01 5.098778009414672852e-02 0.000000000000000000e+00 0.000000000000000000e+00 0.000000000000000000e+00
7.131047248840332031e-01 8.978728055953979492e-01 6.506051421165466309e-01 2.038356661796569824e-01 7.030093669891357422e-01 1.655314564704895020e-01 4.254989027976989746e-01 9.749001860618591309e-01 3.443936705589294434e-01 0.000000000000000000e+00 0.000000000000000000e+00 0.000000000000000000e+00
1.413561999797821045e-01 8.393127918243408203e-01 1.591772437095642090e-01 4.558445215225219727e-01 8.876448869705200195e-02 3.608682155609130859e-01 3.854656815528869629e-01 5.236517786979675293e-01 3.063513636589050293e-01 0.000000000000000000e+00 1.000000000000000000e+00 0.000000000000000000e+00
3.007813394069671631e-01 5.104547739028930664e-02 3.091512322425842285e-01 1.102328896522521973e-01 3.109698891639709473e-01 5.013965368270874023e-01 7.423752546310424805e-01 7.350760698318481445e-02 4.587742090225219727e-01 0.000000000000000000e+00 0.000000000000000000e+00 0.000000000000000000e+00
5.253923535346984863e-01 8.681203126907348633e-01 2.341706156730651855e-01 1.368456482887268066e-01 6.324989795684814453e-01 3.888891935348510742e-01 1.600702404975891113e-01 1.753733158111572266e-01 2.506947517395019531e-01 0.000000000000000000e+00 0.000000000000000000e+00 0.000000000000000000e+00
6.820971369743347168e-01 8.549658060073852539e-01 7.991383075714111328e-01 9.090797305107116699e-01 1.266200542449951172e-01 1.699000597000122070e-01 2.710682749748229980e-01 3.982455730438232422e-01 3.430271148681640625e-02 0.000000000000000000e+00 0.000000000000000000e+00 0.000000000000000000e+00
1.765457242727279663e-01 5.543483495712280273e-01 1.476766467094421387e-01 3.436742424964904785e-01 3.891998529434204102e-02 9.090620279312133789e-01 5.318846106529235840e-01 9.803394675254821777e-01 1.851539015769958496e-01 1.000000000000000000e+00 0.000000000000000000e+00 0.000000000000000000e+00
5.478480458259582520e-01 5.143425464630126953e-01 6.830450892448425293e-01 5.998259782791137695e-02 4.084367752075195312e-01 9.535753130912780762e-01 1.460945010185241699e-01 8.912945389747619629e-01 5.119032859802246094e-01 0.000000000000000000e+00 0.000000000000000000e+00 0.000000000000000000e+00
6.231202483177185059e-01 5.355606079101562500e-01 2.143160700798034668e-01 9.660077095031738281e-02 9.815502762794494629e-01 8.207253217697143555e-01 1.522541046142578125e-01 8.012484908103942871e-01 2.420219779014587402e-01 0.000000000000000000e+00 0.000000000000000000e+00 0.000000000000000000e+00
8.712877631187438965e-01 5.684188008308410645e-01 3.157920241355895996e-01 8.972899317741394043e-01 2.649793028831481934e-01 8.314845561981201172e-01 6.021351218223571777e-01 2.980794906616210938e-01 4.462051987648010254e-01 0.000000000000000000e+00 0.000000000000000000e+00 0.000000000000000000e+00
9.995561242103576660e-01 7.948744297027587891e-02 3.013368248939514160e-01 9.571382999420166016e-01 8.595860004425048828e-01 2.522026300430297852e-01 5.463661551475524902e-01 2.753563523292541504e-01 5.481046438217163086e-01 0.000000000000000000e+00 0.000000000000000000e+00 0.000000000000000000e+00
8.571335077285766602e-01 5.045335292816162109e-01 6.426652073860168457e-01 7.088826298713684082e-01 5.563158392906188965e-01 4.030021429061889648e-01 2.883197069168090820e-01 3.864580392837524414e-02 9.369219541549682617e-01 0.000000000000000000e+00 0.000000000000000000e+00 0.000000000000000000e+00
8.175668120384216309e-01 4.702431559562683105e-01 8.839933276176452637e-01 7.510275244712829590e-01 4.414861202239990234e-01 8.539233803749084473e-01 8.190149068832397461e-02 9.759558439254760742e-01 5.402147769927978516e-02 0.000000000000000000e+00 0.000000000000000000e+00 0.000000000000000000e+00
9.930349588394165039e-01 4.821670651435852051e-01 5.744992494583129883e-01 9.902527928352355957e-01 8.616994023323059082e-01 5.905508995056152344e-02 5.910084247589111328e-01 6.388698816299438477e-01 3.699826598167419434e-01 1.000000000000000000e+00 0.000000000000000000e+00 0.000000000000000000e+00
9.898663163185119629e-01 2.555364370346069336e-02 7.224524021148681641e-01 4.540599584579467773e-01 8.936290144920349121e-01 3.594214320182800293e-01 8.017950057983398438e-01 3.847050666809082031e-01 4.507474303245544434e-01 0.000000000000000000e+00 0.000000000000000000e+00 0.000000000000000000e+00
9.768144488334655762e-01 4.812633991241455078e-01 7.146825790405273438e-01 5.389737486839294434e-01 9.427822232246398926e-01 8.647441864013671875e-02 1.802728772163391113e-01 8.670798540115356445e-01 4.579176306724548340e-01 0.000000000000000000e+00 0.000000000000000000e+00 0.000000000000000000e+00
4.624740183353424072e-01 3.562806844711303711e-01 2.322390079498291016e-01 5.176125168800354004e-01 4.696970582008361816e-01 8.024401068687438965e-01 4.535946846008300781e-01 5.227178335189819336e-01 4.629089236259460449e-01 1.000000000000000000e+00 0.000000000000000000e+00 0.000000000000000000e+00
7.742295265197753906e-01 7.994620203971862793e-01 9.965829849243164062e-01 7.168284654617309570e-01 1.942294239997863770e-01 1.906622052192687988e-01 4.746369123458862305e-01 6.124927401542663574e-01 6.991608738899230957e-01 0.000000000000000000e+00 0.000000000000000000e+00 0.000000000000000000e+00
1.722191125154495239e-01 9.341685771942138672e-01 1.657717227935791016e-01 3.303762674331665039e-01 9.481608867645263672e-03 6.628921627998352051e-01 4.272131919860839844e-01 5.722743868827819824e-01 9.064698815345764160e-01 1.000000000000000000e+00 1.000000000000000000e+00 1.000000000000000000e+00
9.484393000602722168e-01 5.546172857284545898e-01 2.039989829063415527e-01 9.286323189735412598e-01 3.309795856475830078e-01 1.156260967254638672e-01 2.707856893539428711e-01 7.907597422599792480e-01 4.685887694358825684e-01 0.000000000000000000e+00 0.000000000000000000e+00 0.000000000000000000e+00
6.304925680160522461e-01 7.622998356819152832e-01 6.312135457992553711e-01 1.724768280982971191e-01 9.482034444808959961e-01 7.356061935424804688e-01 5.670052766799926758e-01 8.395541310310363770e-01 2.587199211120605469e-01 1.000000000000000000e+00 1.000000000000000000e+00 1.000000000000000000e+00
5.322774052619934082e-01 9.029169678688049316e-01 5.162797570228576660e-01 4.366360902786254883e-01 5.802698731422424316e-01 2.790135145187377930e-01 3.490679860115051270e-01 4.246109127998352051e-01 5.330276489257812500e-01 0.000000000000000000e+00 0.000000000000000000e+00 0.000000000000000000e+00
3.798610270023345947e-01 4.455083608627319336e-02 5.630868673324584961e-02 2.224294543266296387e-01 8.983588218688964844e-01 8.981757760047912598e-01 4.611575603485107422e-02 2.638838291168212891e-01 9.633938074111938477e-01 0.000000000000000000e+00 0.000000000000000000e+00 0.000000000000000000e+00
4.103539586067199707e-01 8.639848828315734863e-01 7.798918485641479492e-01 8.575736880302429199e-01 2.232367396354675293e-01 8.735710978507995605e-01 1.950153708457946777e-01 3.353857994079589844e-01 7.883042693138122559e-01 0.000000000000000000e+00 0.000000000000000000e+00 0.000000000000000000e+00
4.551102221012115479e-01 4.522279500961303711e-01 5.828756093978881836e-01 4.091312289237976074e-01 2.115699052810668945e-01 6.219386458396911621e-01 8.714661002159118652e-01 2.310326099395751953e-01 1.947806477546691895e-01 1.000000000000000000e+00 0.000000000000000000e+00 0.000000000000000000e+00
9.056966900825500488e-01 2.255750298500061035e-01 3.365064263343811035e-01 7.434387207031250000e-01 7.424926757812500000e-02 3.533694744110107422e-01 9.067678451538085938e-02 8.879424333572387695e-01 6.295541524887084961e-01 0.000000000000000000e+00 0.000000000000000000e+00 0.000000000000000000e+00
5.912666916847229004e-01 8.750070929527282715e-01 2.489529848098754883e-01 2.854203581809997559e-01 8.302637338638305664e-01 9.565165042877197266e-01 2.837274670600891113e-01 2.661250829696655273e-01 5.300621390342712402e-01 1.000000000000000000e+00 0.000000000000000000e+00 0.000000000000000000e+00
8.213822245597839355e-01 5.483663678169250488e-01 6.673373579978942871e-01 7.250115275382995605e-01 4.779819846153259277e-01 4.359652400016784668e-01 3.437164425849914551e-01 2.001481056213378906e-01 5.205615758895874023e-01 0.000000000000000000e+00 0.000000000000000000e+00 0.000000000000000000e+00
8.382119536399841309e-01 3.772320151329040527e-01 9.681779146194458008e-02 7.066840529441833496e-01 5.117794275283813477e-01 7.052423954010009766e-01 2.852705121040344238e-01 2.128410339355468750e-01 7.863512635231018066e-01 0.000000000000000000e+00 0.000000000000000000e+00 0.000000000000000000e+00
7.253623008728027344e-01 5.922999382019042969e-01 8.081640601158142090e-01 2.312965989112854004e-01 5.148875713348388672e-01 5.002802014350891113e-01 4.594461321830749512e-01 7.441486716270446777e-01 8.615900874137878418e-01 0.000000000000000000e+00 0.000000000000000000e+00 0.000000000000000000e+00
9.173080921173095703e-01 3.063164949417114258e-01 7.225898504257202148e-01 4.037495255470275879e-01 9.561681151390075684e-01 8.428947329521179199e-01 1.131224632263183594e-02 8.505740761756896973e-01 3.022212982177734375e-01 0.000000000000000000e+00 0.000000000000000000e+00 0.000000000000000000e+00
9.936034083366394043e-01 3.027320504188537598e-01 9.786203503608703613e-01 5.345584750175476074e-01 5.658042430877685547e-01 6.598365306854248047e-02 7.481549382209777832e-01 5.422818064689636230e-01 9.576073884963989258e-01 0.000000000000000000e+00 0.000000000000000000e+00 0.000000000000000000e+00
5.080967545509338379e-01 9.684318304061889648e-01 9.445630311965942383e-01 1.573078036308288574e-01 3.986999392509460449e-01 8.501215577125549316e-01 7.583582401275634766e-01 7.383138537406921387e-01 1.635932326316833496e-01 1.000000000000000000e+00 0.000000000000000000e+00 0.000000000000000000e+00
8.562086224555969238e-01 5.550056099891662598e-01 9.827684760093688965e-01 5.138919949531555176e-01 8.879293799400329590e-01 6.215781569480895996e-01 5.888733267784118652e-01 1.647941470146179199e-01 2.048279047012329102e-01 1.000000000000000000e+00 1.000000000000000000e+00 1.000000000000000000e+00
7.389320731163024902e-01 7.461523413658142090e-01 5.050727725028991699e-01 7.475265264511108398e-01 6.846619248390197754e-01 3.522025346755981445e-01 4.038401842117309570e-01 6.039273142814636230e-01 8.335471153259277344e-02 0.000000000000000000e+00 0.000000000000000000e+00 0.000000000000000000e+00
3.533929884433746338e-01 2.984788417816162109e-01 4.067239761352539062e-01 1.653864383697509766e-01 8.070245981216430664e-01 1.069896221160888672e-01 3.692936897277832031e-02 3.897766470909118652e-01 1.981667280197143555e-01 1.000000000000000000e+00 0.000000000000000000e+00 0.000000000000000000e+00
8.467012643814086914e-01 1.644579768180847168e-01 2.352815866470336914e-02 5.220224857330322266e-01 6.699972748756408691e-01 5.231528282165527344e-01 3.068560361862182617e-02 7.322353720664978027e-01 2.688550949096679688e-02 1.000000000000000000e+00 0.000000000000000000e+00 0.000000000000000000e+00
8.742504715919494629e-01 5.016345977783203125e-01 7.007492184638977051e-01 9.753378629684448242e-01 1.294445991516113281e-01 4.192425012588500977e-01 3.739541769027709961e-02 2.831059694290161133e-02 2.613708376884460449e-01 1.000000000000000000e+00 1.000000000000000000e+00 1.000000000000000000e+00
6.947869658470153809e-01 7.833526134490966797e-01 3.901951909065246582e-01 6.567829251289367676e-01 1.959145069122314453e-01 2.672538161277770996e-01 6.180816292762756348e-01 7.500632405281066895e-01 9.610609412193298340e-01 0.000000000000000000e+00 0.000000000000000000e+00 0.000000000000000000e+00
9.520412683486938477e-01 4.056922793388366699e-01 7.237027883529663086e-01 5.023357868194580078e-01 6.203887462615966797e-01 1.649308204650878906e-02 2.056166529655456543e-01 5.277524590492248535e-01 9.822441935539245605e-01 0.000000000000000000e+00 0.000000000000000000e+00 0.000000000000000000e+00
1.360921263694763184e-01 7.672454714775085449e-01 2.820075154304504395e-01 2.215760946273803711e-02 5.037056207656860352e-01 5.316379070281982422e-01 3.842848539352416992e-02 5.843223929405212402e-01 8.414816260337829590e-01 0.000000000000000000e+00 1.000000000000000000e+00 0.000000000000000000e+00
1.494817584753036499e-01 3.638861775398254395e-01 7.221627235412597656e-02 4.070997238159179688e-03 2.548070549964904785e-01 4.959806203842163086e-01 1.053001284599304199e-01 5.742050409317016602e-01 5.455896854400634766e-01 0.000000000000000000e+00 0.000000000000000000e+00 0.000000000000000000e+00
5.159856081008911133e-01 3.590210080146789551e-01 1.357774734497070312e-01 2.048189640045166016e-01 8.950803875923156738e-01 9.230610132217407227e-01 7.460173368453979492e-01 4.603394865989685059e-01 8.180227875709533691e-01 0.000000000000000000e+00 0.000000000000000000e+00 0.000000000000000000e+00
5.045365095138549805e-01 8.475114107131958008e-01 1.895297169685363770e-01 3.264398574829101562e-01 7.841911911964416504e-01 7.256257534027099609e-02 1.691257953643798828e-01 6.762096881866455078e-01 3.886114358901977539e-01 0.000000000000000000e+00 0.000000000000000000e+00 0.000000000000000000e+00
4.884044826030731201e-01 6.586530804634094238e-01 5.895838141441345215e-01 7.231960892677307129e-01 5.278337001800537109e-02 4.849947690963745117e-01 6.670187115669250488e-01 7.579195499420166016e-01 2.838398814201354980e-01 1.000000000000000000e+00 0.000000000000000000e+00 0.000000000000000000e+00
8.895782232284545898e-01 3.467282652854919434e-01 3.689591884613037109e-01 9.599011540412902832e-01 6.763870120048522949e-01 9.513847231864929199e-01 4.522744417190551758e-01 3.218531608581542969e-01 7.222466468811035156e-01 0.000000000000000000e+00 0.000000000000000000e+00 0.000000000000000000e+00
5.077436566352844238e-01 6.763522028923034668e-01 3.122715353965759277e-01 3.889381885528564453e-01 6.140686869621276855e-01 3.207984566688537598e-01 6.869912147521972656e-02 1.737740039825439453e-01 5.208199620246887207e-01 1.000000000000000000e+00 0.000000000000000000e+00 0.000000000000000000e+00
6.412518024444580078e-01 4.193038940429687500e-01 3.032122254371643066e-01 6.479209661483764648e-01 3.874680399894714355e-01 3.277676105499267578e-01 8.395284414291381836e-01 1.311249732971191406e-01 4.730858206748962402e-01 0.000000000000000000e+00 0.000000000000000000e+00 0.000000000000000000e+00
9.542672038078308105e-01 3.437334895133972168e-01 6.678264737129211426e-01 9.037771224975585938e-01 4.982677698135375977e-01 7.389305830001831055e-01 1.626558899879455566e-01 5.688820481300354004e-01 5.530782341957092285e-01 1.000000000000000000e+00 0.000000000000000000e+00 0.000000000000000000e+00
8.083397746086120605e-01 6.057562828063964844e-01 2.863492965698242188e-01 8.592836856842041016e-01 4.926863908767700195e-01 7.064911127090454102e-01 1.367554068565368652e-01 5.030867457389831543e-01 3.221365809440612793e-01 0.000000000000000000e+00 0.000000000000000000e+00 0.000000000000000000e+00
3.855837881565093994e-01 6.883555650711059570e-02 4.389419555664062500e-01 2.191579341888427734e-01 2.671563029289245605e-01 7.909680604934692383e-01 9.833130836486816406e-01 4.213260412216186523e-01 7.261838912963867188e-01 0.000000000000000000e+00 0.000000000000000000e+00 0.000000000000000000e+00
3.054743111133575439e-01 9.491462111473083496e-01 4.726952910423278809e-01 2.882950305938720703e-01 1.251742243766784668e-01 1.506337523460388184e-01 4.174690246582031250e-01 4.801422953605651855e-01 6.071398258209228516e-01 1.000000000000000000e+00 0.000000000000000000e+00 0.000000000000000000e+00
3.532852828502655029e-01 8.773729801177978516e-01 5.005153417587280273e-01 9.905982017517089844e-02 3.906713724136352539e-01 4.736337065696716309e-01 3.106926679611206055e-01 9.894150495529174805e-01 4.565481543540954590e-01 1.000000000000000000e+00 0.000000000000000000e+00 0.000000000000000000e+00
8.689433336257934570e-01 6.633519530296325684e-01 8.206521868705749512e-01 7.787024378776550293e-01 3.805421590805053711e-01 9.484851360321044922e-02 5.588697195053100586e-01 9.408246278762817383e-01 3.565549850463867188e-01 1.000000000000000000e+00 0.000000000000000000e+00 0.000000000000000000e+00
1.098177358508110046e-01 8.982399702072143555e-01 3.449582457542419434e-01 1.329420804977416992e-01 2.492459416389465332e-01 6.644971966743469238e-01 4.102128744125366211e-01 3.119634985923767090e-01 7.389199733734130859e-01 0.000000000000000000e+00 0.000000000000000000e+00 0.000000000000000000e+00
6.270021796226501465e-01 6.881210803985595703e-01 3.801559209823608398e-01 9.233507513999938965e-01 1.523341536521911621e-01 9.506853818893432617e-01 6.518898010253906250e-01 3.052636384963989258e-01 2.317267656326293945e-01 1.000000000000000000e+00 1.000000000000000000e+00 1.000000000000000000e+00
9.376326203346252441e-01 6.320477724075317383e-01 9.415374398231506348e-01 2.638269662857055664e-01 7.518171072006225586e-01 4.679548740386962891e-02 1.394057273864746094e-02 6.942576169967651367e-01 2.972531318664550781e-02 1.000000000000000000e+00 0.000000000000000000e+00 0.000000000000000000e+00
9.608870744705200195e-02 5.239679217338562012e-01 4.923206567764282227e-02 2.703499197959899902e-01 2.519434690475463867e-02 4.272708296775817871e-01 8.592149019241333008e-01 2.563771009445190430e-01 1.923111081123352051e-01 0.000000000000000000e+00 0.000000000000000000e+00 0.000000000000000000e+00
5.571511387825012207e-01 8.268758654594421387e-01 1.358072161674499512e-01 3.207592368125915527e-01 7.520452141761779785e-01 5.719277262687683105e-01 1.074359416961669922e-01 9.513532519340515137e-01 7.928410172462463379e-01 0.000000000000000000e+00 0.000000000000000000e+00 0.000000000000000000e+00
3.721861243247985840e-01 9.805952310562133789e-01 6.039242148399353027e-01 5.868391394615173340e-01 5.113106369972229004e-01 9.847369194030761719e-01 3.815681338310241699e-01 3.191862106323242188e-01 3.971784710884094238e-01 0.000000000000000000e+00 0.000000000000000000e+00 0.000000000000000000e+00
1.684677898883819580e-01 6.684608459472656250e-01 1.752573847770690918e-01 1.338301897048950195e-01 7.199561595916748047e-02 2.285230159759521484e-01 7.320759892463684082e-01 4.286905527114868164e-01 4.896011948585510254e-01 0.000000000000000000e+00 0.000000000000000000e+00 0.000000000000000000e+00
9.564729332923889160e-01 5.547031760215759277e-01 9.588469862937927246e-01 3.598699569702148438e-01 9.361032843589782715e-01 1.805543899536132812e-03 6.471662521362304688e-01 1.590703129768371582e-01 2.135968804359436035e-01 1.000000000000000000e+00 1.000000000000000000e+00 1.000000000000000000e+00
8.025823831558227539e-01 6.268333196640014648e-01 3.053892254829406738e-01 6.983610391616821289e-01 2.521707415580749512e-01 1.330652832984924316e-01 5.610643029212951660e-01 9.762969017028808594e-01 5.076650381088256836e-01 0.000000000000000000e+00 0.000000000000000000e+00 0.000000000000000000e+00
9.901094436645507812e-01 7.759857177734375000e-02 4.841535091400146484e-01 8.487991690635681152e-01 8.422473073005676270e-01 7.052183747291564941e-01 2.236976027488708496e-01 3.588176965713500977e-01 2.765105366706848145e-01 0.000000000000000000e+00 0.000000000000000000e+00 0.000000000000000000e+00
9.385712146759033203e-01 5.528277754783630371e-01 7.785284519195556641e-01 9.813661575317382812e-01 3.059935569763183594e-01 4.558147192001342773e-01 8.362836837768554688e-01 7.438633441925048828e-01 5.690478682518005371e-01 0.000000000000000000e+00 1.000000000000000000e+00 0.000000000000000000e+00
9.728646278381347656e-01 1.248942017555236816e-01 6.719974875450134277e-01 8.685471415519714355e-01 6.504127383232116699e-01 9.654645919799804688e-01 9.782287478446960449e-01 5.233895778656005859e-02 8.719692230224609375e-01 0.000000000000000000e+00 1.000000000000000000e+00 0.000000000000000000e+00
8.485913276672363281e-01 3.089535832405090332e-01 5.622738599777221680e-01 9.386637806892395020e-01 1.140518188476562500e-01 7.908651232719421387e-01 5.649276971817016602e-01 9.079629778861999512e-01 4.484270811080932617e-01 0.000000000000000000e+00 0.000000000000000000e+00 0.000000000000000000e+00
7.293292284011840820e-01 1.593717932701110840e-01 1.481490135192871094e-01 4.753432273864746094e-01 4.493798613548278809e-01 8.266866207122802734e-03 3.324527144432067871e-01 7.994558811187744141e-01 6.421771049499511719e-01 0.000000000000000000e+00 0.000000000000000000e+00 0.000000000000000000e+00
7.447471022605895996e-01 2.331355810165405273e-01 8.933447599411010742e-01 3.575567603111267090e-01 3.772616386413574219e-01 9.581818580627441406e-01 2.598311901092529297e-01 2.435685396194458008e-01 3.375313878059387207e-01 1.000000000000000000e+00 0.000000000000000000e+00 0.000000000000000000e+00
7.462632060050964355e-01 9.722073674201965332e-01 7.395249009132385254e-01 8.783874511718750000e-01 6.317412257194519043e-01 9.254718422889709473e-01 8.846890926361083984e-02 2.447865605354309082e-01 3.249874114990234375e-01 0.000000000000000000e+00 0.000000000000000000e+00 0.000000000000000000e+00
4.014144837856292725e-01 8.671924471855163574e-01 9.228188395500183105e-01 7.631772756576538086e-02 4.798241257667541504e-01 8.436158895492553711e-01 9.414300918579101562e-01 5.226529836654663086e-01 7.530200481414794922e-02 1.000000000000000000e+00 0.000000000000000000e+00 0.000000000000000000e+00
2.189479768276214600e-01 8.874375820159912109e-01 3.809182643890380859e-01 5.311726331710815430e-01 2.900898456573486328e-01 6.020917296409606934e-01 7.989788055419921875e-02 9.002923965454101562e-03 6.106452345848083496e-01 0.000000000000000000e+00 1.000000000000000000e+00 0.000000000000000000e+00
9.467197060585021973e-01 7.863517999649047852e-01 9.706818461418151855e-01 5.070148110389709473e-01 9.858478903770446777e-01 4.082612395286560059e-01 9.615129232406616211e-02 9.950017333030700684e-01 4.057067632675170898e-01 0.000000000000000000e+00 0.000000000000000000e+00 0.000000000000000000e+00
8.766217827796936035e-01 1.369172334671020508e-01 2.978835105895996094e-01 7.480189800262451172e-01 4.196296930313110352e-01 8.416522741317749023e-01 7.548911571502685547e-01 4.587230682373046875e-01 2.402304410934448242e-01 0.000000000000000000e+00 0.000000000000000000e+00 0.000000000000000000e+00
1.656600981950759888e-01 5.735272169113159180e-02 3.512865900993347168e-01 3.269312381744384766e-01 2.377537488937377930e-01 8.748137950897216797e-02 5.478796362876892090e-01 7.689827084541320801e-01 2.309038639068603516e-01 0.000000000000000000e+00 1.000000000000000000e+00 0.000000000000000000e+00
4.447279572486877441e-01 2.132783532142639160e-01 3.536695837974548340e-01 4.950041770935058594e-01 7.321554422378540039e-02 2.299659848213195801e-01 2.284107208251953125e-01 4.704282283782958984e-01 8.422558903694152832e-01 1.000000000000000000e+00 0.000000000000000000e+00 0.000000000000000000e+00
8.438222408294677734e-01 1.594706177711486816e-01 4.872182607650756836e-01 6.238868236541748047e-01 1.782302856445312500e-01 3.460215926170349121e-01 9.535205960273742676e-01 8.768922090530395508e-01 7.432814836502075195e-01 0.000000000000000000e+00 0.000000000000000000e+00 0.000000000000000000e+00
9.300795793533325195e-01 2.864223718643188477e-01 9.605615735054016113e-01 5.218887925148010254e-01 6.303752660751342773e-01 9.834976196289062500e-01 2.260811328887939453e-01 5.495488643646240234e-02 4.201016426086425781e-01 0.000000000000000000e+00 1.000000000000000000e+00 0.000000000000000000e+00
3.092429637908935547e-01 5.059622526168823242e-01 8.045593500137329102e-01 4.631915688514709473e-01 3.087383508682250977e-02 6.225536465644836426e-01 1.325893402099609375e-01 7.298329472541809082e-01 2.119409441947937012e-01 1.000000000000000000e+00 0.000000000000000000e+00 0.000000000000000000e+00
4.349159300327301025e-01 8.043243885040283203e-01 2.836285829544067383e-01 6.967836022377014160e-01 1.485368013381958008e-01 5.719668269157409668e-01 5.951370000839233398e-01 6.147483587265014648e-01 8.329269886016845703e-01 1.000000000000000000e+00 0.000000000000000000e+00 0.000000000000000000e+00
6.708589792251586914e-01 2.029250264167785645e-01 6.110359430313110352e-01 2.419749498367309570e-01 4.339728951454162598e-01 2.934780716896057129e-01 4.541152119636535645e-01 9.104907512664794922e-01 6.254929900169372559e-01 0.000000000000000000e+00 0.000000000000000000e+00 0.000000000000000000e+00
7.905521988868713379e-01 8.571976423263549805e-01 9.817255735397338867e-01 2.148326039314270020e-01 9.392555356025695801e-01 6.846384406089782715e-01 9.801956415176391602e-01 7.765000462532043457e-01 1.676174998283386230e-01 1.000000000000000000e+00 0.000000000000000000e+00 0.000000000000000000e+00
8.629130125045776367e-01 3.861749172210693359e-02 6.692816019058227539e-01 2.390226721763610840e-01 4.424812197685241699e-01 4.797461032867431641e-01 5.411166548728942871e-01 2.706367373466491699e-01 5.729764699935913086e-01 0.000000000000000000e+00 0.000000000000000000e+00 0.000000000000000000e+00
8.871957659721374512e-02 3.841520547866821289e-01 4.454699158668518066e-01 1.360473632812500000e-01 1.208041310310363770e-01 2.799972891807556152e-01 6.246538162231445312e-01 7.640424966812133789e-01 4.071072936058044434e-01 1.000000000000000000e+00 0.000000000000000000e+00 0.000000000000000000e+00
1.290894001722335815e-01 2.585583925247192383e-02 3.407757282257080078e-01 1.199258565902709961e-01 1.365784406661987305e-01 4.355901479721069336e-02 5.839869379997253418e-01 8.567484021186828613e-01 4.702628850936889648e-01 0.000000000000000000e+00 0.000000000000000000e+00 0.000000000000000000e+00
3.583287447690963745e-02 9.263706207275390625e-02 2.972418069839477539e-02 2.116364240646362305e-02 7.354080677032470703e-03 6.812408566474914551e-01 8.616420626640319824e-01 4.982343912124633789e-01 9.649778008460998535e-01 0.000000000000000000e+00 1.000000000000000000e+00 0.000000000000000000e+00
6.990104913711547852e-01 8.532908558845520020e-01 4.380182027816772461e-01 2.785496115684509277e-01 9.968273043632507324e-01 4.287347197532653809e-01 1.189511418342590332e-01 3.427463769912719727e-01 9.312593936920166016e-02 0.000000000000000000e+00 0.000000000000000000e+00 0.000000000000000000e+00
2.913360595703125000e-01 7.191568017005920410e-01 3.456525802612304688e-01 2.492182254791259766e-01 1.316235661506652832e-01 8.791106939315795898e-02 5.237962007522583008e-01 7.030096650123596191e-01 3.628493547439575195e-01 1.000000000000000000e+00 0.000000000000000000e+00 0.000000000000000000e+00
8.812676668167114258e-01 3.653240203857421875e-02 1.992066502571105957e-01 7.386990189552307129e-01 3.216162919998168945e-01 7.081404328346252441e-01 1.067520380020141602e-01 6.855462789535522461e-01 3.702050447463989258e-02 0.000000000000000000e+00 1.000000000000000000e+00 0.000000000000000000e+00
9.457906484603881836e-01 6.462858319282531738e-01 8.218240737915039062e-02 8.804445862770080566e-01 6.638407707214355469e-01 4.317046999931335449e-01 8.172183632850646973e-01 9.647190570831298828e-03 2.571911215782165527e-01 0.000000000000000000e+00 1.000000000000000000e+00 0.000000000000000000e+00
7.773112654685974121e-01 3.781561851501464844e-01 8.338636159896850586e-02 5.055146813392639160e-01 9.005529284477233887e-01 1.419457197189331055e-01 2.620818018913269043e-01 4.828633666038513184e-01 7.368672490119934082e-01 0.000000000000000000e+00 0.000000000000000000e+00 0.000000000000000000e+00
9.171463847160339355e-01 4.980303645133972168e-01 1.408287882804870605e-01 9.803032279014587402e-01 6.525510549545288086e-02 6.585631370544433594e-01 9.924739599227905273e-02 9.220666885375976562e-01 1.874302029609680176e-01 1.000000000000000000e+00 0.000000000000000000e+00 0.000000000000000000e+00
9.871653318405151367e-01 1.263591647148132324e-01 1.216269731521606445e-01 8.554590940475463867e-01 2.582670450210571289e-01 9.119033813476562500e-03 8.565191626548767090e-01 9.141490459442138672e-01 3.611956238746643066e-01 1.000000000000000000e+00 0.000000000000000000e+00 0.000000000000000000e+00
4.559921324253082275e-01 4.826166629791259766e-01 2.074853777885437012e-01 3.962693214416503906e-01 3.488737940788269043e-01 1.434470415115356445e-01 6.652048826217651367e-01 2.384815812110900879e-01 6.104674935340881348e-01 0.000000000000000000e+00 1.000000000000000000e+00 0.000000000000000000e+00
5.023128986358642578e-01 5.410444736480712891e-02 1.668403744697570801e-01 4.226645231246948242e-01 2.455347776412963867e-02 2.311047911643981934e-01 3.949736356735229492e-01 2.964376807212829590e-01 1.412892341613769531e-01 1.000000000000000000e+00 0.000000000000000000e+00 0.000000000000000000e+00
