{"Vcnet": [[0.008445853367447853, 0.016156405210494995], [0.008131938986480236, 0.018218614161014557], [0.006852147169411182, 0.014839799143373966], [0.007082026451826096, 0.018564078956842422], [0.01084066554903984, 0.01644117757678032], [0.008231176994740963, 0.016248948872089386], [0.011171244084835052, 0.02233346737921238], [0.007161641493439674, 0.01739547587931156], [0.008902279660105705, 0.02351590432226658], [0.010706274770200253, 0.017502401024103165]], "Vcnet_tr": [[0.008939098566770554, 0.026065824553370476], [0.009175541810691357, 0.027144715189933777], [0.011696447618305683, 0.03202254697680473], [0.008093530312180519, 0.033798299729824066], [0.011813957244157791, 0.029467247426509857], [0.009506553411483765, 0.033253323286771774], [0.00918434839695692, 0.0335196852684021], [0.0068492828868329525, 0.03115500509738922], [0.012100537307560444, 0.03465966135263443], [0.012814330868422985, 0.02687154710292816]]}