7.128481268882751465e-01 7.797443270683288574e-01 9.830588102340698242e-02 7.089393138885498047e-01 5.900944471359252930e-01 4.410676360130310059e-01 4.331514239311218262e-01 1.380598545074462891e-01 2.538516521453857422e-01 0.000000000000000000e+00 0.000000000000000000e+00 0.000000000000000000e+00
5.828382372856140137e-01 9.332653880119323730e-01 9.535235762596130371e-01 9.421559572219848633e-01 3.137115240097045898e-01 7.808108329772949219e-01 7.066981196403503418e-01 1.407005786895751953e-01 8.492974638938903809e-01 0.000000000000000000e+00 0.000000000000000000e+00 0.000000000000000000e+00
9.639855623245239258e-01 4.166353940963745117e-01 1.472828388214111328e-01 5.925690531730651855e-01 9.142324924468994141e-01 1.953721046447753906e-03 7.602837681770324707e-01 3.991664052009582520e-01 9.963643550872802734e-01 0.000000000000000000e+00 0.000000000000000000e+00 0.000000000000000000e+00
6.428652405738830566e-01 9.309971928596496582e-01 7.347138524055480957e-01 4.391968250274658203e-01 5.826424360275268555e-01 1.770386099815368652e-01 6.406028866767883301e-01 8.012928366661071777e-01 2.100883126258850098e-01 0.000000000000000000e+00 0.000000000000000000e+00 0.000000000000000000e+00
7.376412153244018555e-01 5.648552179336547852e-01 7.771925330162048340e-01 1.672602295875549316e-01 5.555682182312011719e-01 1.533539295196533203e-01 5.691840648651123047e-01 1.289277076721191406e-01 3.527356386184692383e-01 1.000000000000000000e+00 0.000000000000000000e+00 0.000000000000000000e+00
8.196793198585510254e-01 3.296658396720886230e-01 6.322477459907531738e-01 5.936239957809448242e-01 2.893189191818237305e-01 5.170510411262512207e-01 5.220581293106079102e-01 1.569753885269165039e-01 5.845554471015930176e-01 1.000000000000000000e+00 1.000000000000000000e+00 1.000000000000000000e+00
8.521778583526611328e-01 2.056908607482910156e-02 6.564396023750305176e-01 1.666905879974365234e-01 9.010564684867858887e-01 6.225075125694274902e-01 5.671827793121337891e-01 7.032043337821960449e-01 8.760053515434265137e-01 0.000000000000000000e+00 0.000000000000000000e+00 0.000000000000000000e+00
3.127318620681762695e-01 3.446259498596191406e-01 2.364922761917114258e-01 2.021231651306152344e-01 8.244129419326782227e-01 2.177152037620544434e-01 4.465229511260986328e-01 9.168065190315246582e-01 6.652118563652038574e-01 0.000000000000000000e+00 0.000000000000000000e+00 0.000000000000000000e+00
9.766235947608947754e-01 4.526015520095825195e-01 8.266510367393493652e-01 6.487356424331665039e-01 9.743090867996215820e-01 5.557495355606079102e-02 9.304599761962890625e-01 3.503756523132324219e-01 9.706514477729797363e-01 0.000000000000000000e+00 0.000000000000000000e+00 0.000000000000000000e+00
7.275434136390686035e-01 9.306488037109375000e-01 9.414942860603332520e-01 1.803058385848999023e-01 6.892302632331848145e-01 2.084138393402099609e-01 4.587063789367675781e-01 9.786882996559143066e-01 7.196286916732788086e-01 0.000000000000000000e+00 0.000000000000000000e+00 0.000000000000000000e+00
6.362081170082092285e-01 2.161139249801635742e-01 9.835208654403686523e-01 3.980201482772827148e-02 2.042056918144226074e-01 8.420440554618835449e-01 6.468281745910644531e-01 2.452076673507690430e-01 1.336553692817687988e-01 0.000000000000000000e+00 0.000000000000000000e+00 0.000000000000000000e+00
9.745984077453613281e-01 8.490873575210571289e-01 8.518868088722229004e-01 9.926987290382385254e-01 8.880618810653686523e-01 2.589318156242370605e-01 8.551191687583923340e-01 3.933047652244567871e-01 9.006762504577636719e-01 0.000000000000000000e+00 0.000000000000000000e+00 0.000000000000000000e+00
9.565091133117675781e-01 3.036451935768127441e-01 6.766959428787231445e-01 5.261261463165283203e-01 4.945638775825500488e-01 1.081617474555969238e-01 2.409059405326843262e-01 6.324315071105957031e-02 3.932645916938781738e-01 1.000000000000000000e+00 1.000000000000000000e+00 1.000000000000000000e+00
9.260108470916748047e-01 3.209472298622131348e-01 9.338986873626708984e-01 2.442641854286193848e-01 2.598750591278076172e-01 2.673199772834777832e-01 1.314282417297363281e-03 4.213306903839111328e-01 7.484283447265625000e-01 0.000000000000000000e+00 0.000000000000000000e+00 0.000000000000000000e+00
1.888509094715118408e-01 6.761986613273620605e-01 3.161686062812805176e-01 2.919855713844299316e-01 5.416399240493774414e-02 6.647408008575439453e-02 9.189391136169433594e-01 6.722229719161987305e-02 3.556154966354370117e-01 0.000000000000000000e+00 0.000000000000000000e+00 0.000000000000000000e+00
9.413027763366699219e-01 1.911635398864746094e-01 7.428776621818542480e-01 1.201069951057434082e-01 2.898783087730407715e-01 2.557098865509033203e-03 2.755156159400939941e-01 3.987005949020385742e-01 8.325232267379760742e-01 0.000000000000000000e+00 0.000000000000000000e+00 0.000000000000000000e+00
6.894001960754394531e-01 2.177227139472961426e-01 6.881558895111083984e-01 5.718520879745483398e-01 7.876878976821899414e-02 8.984291553497314453e-01 6.540624499320983887e-01 8.080861568450927734e-01 9.470234513282775879e-01 1.000000000000000000e+00 0.000000000000000000e+00 0.000000000000000000e+00
9.884013533592224121e-01 2.655066251754760742e-01 8.342096805572509766e-01 3.920279741287231445e-01 7.286462783813476562e-01 7.671165466308593750e-02 1.145335435867309570e-01 1.631179451942443848e-01 9.394146800041198730e-01 0.000000000000000000e+00 1.000000000000000000e+00 0.000000000000000000e+00
8.818374276161193848e-01 5.326491594314575195e-02 5.685617327690124512e-01 4.657204151153564453e-01 3.866255879402160645e-01 2.560437321662902832e-01 7.132532000541687012e-01 9.837782382965087891e-01 8.962707519531250000e-01 0.000000000000000000e+00 0.000000000000000000e+00 0.000000000000000000e+00
5.198034048080444336e-01 5.705294013023376465e-01 4.232573509216308594e-02 4.448456764221191406e-01 5.567312836647033691e-01 7.400369644165039062e-02 3.831451535224914551e-01 3.615812063217163086e-01 2.464679479598999023e-01 0.000000000000000000e+00 0.000000000000000000e+00 0.000000000000000000e+00
9.006850719451904297e-01 2.937633395195007324e-01 9.882056713104248047e-02 6.864503026008605957e-01 8.067948818206787109e-01 6.510611176490783691e-01 5.854436159133911133e-01 4.149791598320007324e-01 5.393840670585632324e-01 0.000000000000000000e+00 0.000000000000000000e+00 0.000000000000000000e+00
7.178757190704345703e-01 3.496815562248229980e-01 9.825676679611206055e-01 5.857447981834411621e-01 9.052336215972900391e-02 9.480653405189514160e-01 9.182954430580139160e-01 1.312444210052490234e-01 6.289412379264831543e-01 0.000000000000000000e+00 1.000000000000000000e+00 0.000000000000000000e+00
2.902356982231140137e-01 4.453914165496826172e-01 1.061458587646484375e-01 1.508677005767822266e-02 5.501924753189086914e-01 3.073789477348327637e-01 6.817884445190429688e-01 8.114950060844421387e-01 6.134731173515319824e-01 1.000000000000000000e+00 0.000000000000000000e+00 0.000000000000000000e+00
5.821198821067810059e-01 7.986998558044433594e-01 7.586488127708435059e-01 2.598048448562622070e-01 9.995806813240051270e-01 5.520844459533691406e-01 4.012566804885864258e-01 3.931137323379516602e-01 7.078520059585571289e-01 0.000000000000000000e+00 0.000000000000000000e+00 0.000000000000000000e+00
3.189188838005065918e-01 7.166261076927185059e-01 6.614195704460144043e-01 1.331715583801269531e-01 2.290570139884948730e-01 2.737299203872680664e-01 4.428803920745849609e-03 1.622855663299560547e-01 6.214269399642944336e-01 1.000000000000000000e+00 0.000000000000000000e+00 0.000000000000000000e+00
6.117300391197204590e-01 5.384081602096557617e-02 4.665256738662719727e-01 5.339151620864868164e-01 8.308398723602294922e-02 6.067140102386474609e-01 4.553213119506835938e-01 8.288693428039550781e-01 7.187416553497314453e-01 0.000000000000000000e+00 0.000000000000000000e+00 0.000000000000000000e+00
9.589290618896484375e-01 4.547470808029174805e-02 4.225618243217468262e-01 6.120082139968872070e-01 4.693914055824279785e-01 1.968766450881958008e-01 5.576890707015991211e-01 1.659144163131713867e-01 6.805080175399780273e-01 0.000000000000000000e+00 1.000000000000000000e+00 0.000000000000000000e+00
8.490177989006042480e-01 7.735824584960937500e-01 7.152221798896789551e-01 5.473570823669433594e-01 9.765445590019226074e-01 2.252852916717529297e-01 4.083243012428283691e-01 6.042882204055786133e-01 3.839760422706604004e-01 0.000000000000000000e+00 0.000000000000000000e+00 0.000000000000000000e+00
5.250711441040039062e-01 6.488071084022521973e-01 7.588492631912231445e-01 1.518368124961853027e-01 6.109844446182250977e-01 6.814786195755004883e-01 3.263167738914489746e-01 9.796618819236755371e-01 8.774569630622863770e-01 1.000000000000000000e+00 0.000000000000000000e+00 0.000000000000000000e+00
4.529383182525634766e-01 2.162563204765319824e-01 4.023518562316894531e-01 3.349947929382324219e-02 6.786039471626281738e-01 7.206032872200012207e-01 1.411397457122802734e-01 7.008885741233825684e-01 3.757376074790954590e-01 0.000000000000000000e+00 0.000000000000000000e+00 0.000000000000000000e+00
1.468162089586257935e-01 8.255137801170349121e-01 5.251577496528625488e-01 2.252349257469177246e-01 2.109081745147705078e-01 6.028226613998413086e-01 8.990384936332702637e-01 5.231903195381164551e-01 1.122846007347106934e-01 0.000000000000000000e+00 1.000000000000000000e+00 0.000000000000000000e+00
6.252931952476501465e-01 6.485035419464111328e-01 6.127796173095703125e-01 2.856812477111816406e-01 7.732984423637390137e-01 9.124084711074829102e-01 6.138255000114440918e-01 2.397022843360900879e-01 1.931967735290527344e-01 0.000000000000000000e+00 0.000000000000000000e+00 0.000000000000000000e+00
2.376273870468139648e-01 4.254621863365173340e-01 9.825229644775390625e-04 5.560874938964843750e-03 6.597040295600891113e-01 3.609677553176879883e-01 5.934453010559082031e-01 9.005279541015625000e-01 9.588178992271423340e-01 0.000000000000000000e+00 0.000000000000000000e+00 0.000000000000000000e+00
7.920939922332763672e-01 1.426743268966674805e-01 6.476821303367614746e-01 2.547288537025451660e-01 9.458197355270385742e-01 9.256986379623413086e-01 4.647408723831176758e-01 5.977809429168701172e-03 8.219420909881591797e-01 0.000000000000000000e+00 0.000000000000000000e+00 0.000000000000000000e+00
3.218888938426971436e-01 8.136506080627441406e-01 6.076532006263732910e-01 3.171970844268798828e-01 1.787984371185302734e-01 2.801425457000732422e-01 4.487186670303344727e-02 9.533302783966064453e-01 2.597708106040954590e-01 1.000000000000000000e+00 0.000000000000000000e+00 0.000000000000000000e+00
8.428613543510437012e-01 5.723458528518676758e-02 7.480992674827575684e-01 1.493256092071533203e-01 6.597346663475036621e-01 6.915580630302429199e-01 7.617019414901733398e-01 8.071533441543579102e-01 5.731384158134460449e-01 0.000000000000000000e+00 0.000000000000000000e+00 0.000000000000000000e+00
2.535670399665832520e-01 9.373182654380798340e-01 2.102119326591491699e-01 2.631176114082336426e-01 4.225880503654479980e-01 7.528586983680725098e-01 3.701700568199157715e-01 6.948345899581909180e-01 6.756632328033447266e-01 1.000000000000000000e+00 0.000000000000000000e+00 0.000000000000000000e+00
5.241280198097229004e-01 3.533286452293395996e-01 7.191091179847717285e-01 1.231694221496582031e-02 6.212961077690124512e-01 9.013359546661376953e-01 2.025713324546813965e-01 3.637882471084594727e-01 2.940085530281066895e-01 0.000000000000000000e+00 1.000000000000000000e+00 0.000000000000000000e+00
5.304719805717468262e-01 9.140763282775878906e-01 6.090193986892700195e-01 9.061152935028076172e-01 1.889478564262390137e-01 5.697011351585388184e-01 1.994054913520812988e-01 6.096608042716979980e-01 7.824521064758300781e-01 1.000000000000000000e+00 0.000000000000000000e+00 0.000000000000000000e+00
7.241548597812652588e-02 4.272103309631347656e-02 1.572238802909851074e-01 3.260344266891479492e-02 3.771478533744812012e-01 4.122946262359619141e-01 8.763455748558044434e-01 5.448445677757263184e-01 9.463370442390441895e-01 1.000000000000000000e+00 1.000000000000000000e+00 1.000000000000000000e+00
4.587268829345703125e-01 3.428028225898742676e-01 2.663179636001586914e-01 5.563005805015563965e-01 4.209953546524047852e-01 7.303871512413024902e-01 1.654525399208068848e-01 2.960515022277832031e-02 7.488299012184143066e-01 0.000000000000000000e+00 0.000000000000000000e+00 0.000000000000000000e+00
8.540203571319580078e-01 1.799296736717224121e-01 1.123723983764648438e-01 8.363415598869323730e-01 1.586145162582397461e-02 6.260985732078552246e-01 3.563321232795715332e-01 4.851692318916320801e-01 6.248625516891479492e-01 1.000000000000000000e+00 0.000000000000000000e+00 0.000000000000000000e+00
6.291957497596740723e-01 2.316321730613708496e-01 4.947799444198608398e-01 7.819199562072753906e-01 1.159330010414123535e-01 8.856412172317504883e-01 6.288462281227111816e-01 7.667320966720581055e-01 7.239662408828735352e-01 0.000000000000000000e+00 0.000000000000000000e+00 0.000000000000000000e+00
5.699888467788696289e-01 9.479340314865112305e-01 9.011581540107727051e-01 7.272008061408996582e-01 4.411912560462951660e-01 3.744989037513732910e-01 7.487812638282775879e-01 3.442138433456420898e-01 2.644236087799072266e-01 1.000000000000000000e+00 0.000000000000000000e+00 0.000000000000000000e+00
8.301898241043090820e-01 3.226184844970703125e-01 7.519569396972656250e-01 2.781375646591186523e-01 2.680177688598632812e-01 4.886574745178222656e-01 4.060857295989990234e-01 8.007559776306152344e-01 5.367004871368408203e-02 0.000000000000000000e+00 1.000000000000000000e+00 0.000000000000000000e+00
3.741326034069061279e-01 7.253389358520507812e-01 3.897250294685363770e-01 2.600106596946716309e-01 7.498189210891723633e-01 5.212918519973754883e-01 2.672219276428222656e-02 6.173083782196044922e-01 1.592921018600463867e-01 0.000000000000000000e+00 1.000000000000000000e+00 0.000000000000000000e+00
6.563202738761901855e-01 1.143832802772521973e-01 7.190009355545043945e-01 5.236859917640686035e-01 6.227147579193115234e-02 5.978920459747314453e-01 8.902412652969360352e-02 9.510021209716796875e-01 8.568114042282104492e-02 0.000000000000000000e+00 0.000000000000000000e+00 0.000000000000000000e+00
2.668408751487731934e-01 8.581988215446472168e-01 7.536768913269042969e-01 4.414389729499816895e-01 1.320859789848327637e-01 9.043125510215759277e-01 6.173018217086791992e-01 4.933131933212280273e-01 8.033003807067871094e-01 0.000000000000000000e+00 0.000000000000000000e+00 0.000000000000000000e+00
7.580621838569641113e-01 4.083438515663146973e-01 9.019441604614257812e-01 3.109658360481262207e-01 1.791809797286987305e-01 4.346162676811218262e-01 6.622630357742309570e-02 2.943808436393737793e-01 4.303269982337951660e-01 0.000000000000000000e+00 1.000000000000000000e+00 0.000000000000000000e+00
4.539122581481933594e-01 8.531684875488281250e-01 6.652773618698120117e-01 4.874289035797119141e-01 5.159929394721984863e-01 5.303746461868286133e-01 9.745693802833557129e-01 8.046618103981018066e-01 2.967000007629394531e-02 1.000000000000000000e+00 1.000000000000000000e+00 1.000000000000000000e+00
4.742715656757354736e-01 7.261587977409362793e-01 4.440149664878845215e-01 1.442500948905944824e-01 3.539684414863586426e-01 1.655132174491882324e-01 7.047446370124816895e-01 3.994461894035339355e-01 8.457103371620178223e-01 1.000000000000000000e+00 0.000000000000000000e+00 0.000000000000000000e+00
4.778185784816741943e-01 6.387418508529663086e-02 1.939026117324829102e-01 3.337973952293395996e-01 7.324588298797607422e-01 9.029017090797424316e-01 3.853158950805664062e-01 6.706752777099609375e-01 7.869291901588439941e-01 0.000000000000000000e+00 0.000000000000000000e+00 0.000000000000000000e+00
6.700512170791625977e-01 7.234758734703063965e-01 9.140036106109619141e-01 5.772036314010620117e-01 5.021968483924865723e-01 8.628034591674804688e-01 7.954387664794921875e-01 4.535344243049621582e-01 1.668304204940795898e-01 0.000000000000000000e+00 0.000000000000000000e+00 0.000000000000000000e+00
6.685624718666076660e-01 6.872776150703430176e-01 7.896823883056640625e-01 4.572734236717224121e-01 7.481538057327270508e-01 8.589831590652465820e-01 5.103349685668945312e-01 9.936196804046630859e-01 6.957129836082458496e-01 1.000000000000000000e+00 0.000000000000000000e+00 0.000000000000000000e+00
3.857002854347229004e-01 1.691305041313171387e-01 7.126361131668090820e-02 6.260502338409423828e-02 8.579525351524353027e-01 2.605900168418884277e-01 9.728038311004638672e-02 3.721504211425781250e-01 5.074172019958496094e-01 0.000000000000000000e+00 0.000000000000000000e+00 0.000000000000000000e+00
7.317100167274475098e-01 4.924422502517700195e-01 8.021568655967712402e-01 8.590894937515258789e-01 1.627093553543090820e-02 4.750486612319946289e-01 3.591800332069396973e-01 7.117555141448974609e-01 3.151476979255676270e-01 1.000000000000000000e+00 1.000000000000000000e+00 1.000000000000000000e+00
9.704415202140808105e-01 3.704780340194702148e-02 1.607979536056518555e-01 7.374007701873779297e-01 1.473504900932312012e-01 3.043786883354187012e-01 7.667624950408935547e-01 5.372335314750671387e-01 6.891961097717285156e-01 0.000000000000000000e+00 0.000000000000000000e+00 0.000000000000000000e+00
2.721461057662963867e-01 8.108381032943725586e-01 6.080766320228576660e-01 6.648987531661987305e-02 4.732975959777832031e-01 9.866118431091308594e-01 3.522083759307861328e-01 1.250180006027221680e-01 7.950710058212280273e-01 0.000000000000000000e+00 1.000000000000000000e+00 0.000000000000000000e+00
9.787417054176330566e-01 6.013289690017700195e-01 9.797117114067077637e-01 6.270115971565246582e-01 9.287763833999633789e-01 2.410295605659484863e-01 7.997494935989379883e-01 3.992235064506530762e-01 4.487183690071105957e-01 0.000000000000000000e+00 0.000000000000000000e+00 0.000000000000000000e+00
5.743530392646789551e-01 8.242432475090026855e-01 7.358005046844482422e-01 5.337136983871459961e-01 3.053755164146423340e-01 3.576570749282836914e-02 6.870937347412109375e-02 4.952675700187683105e-01 4.372291564941406250e-01 0.000000000000000000e+00 0.000000000000000000e+00 0.000000000000000000e+00
9.061180353164672852e-01 3.598731160163879395e-01 6.842716932296752930e-01 7.870952486991882324e-01 6.712144613265991211e-02 1.135571002960205078e-01 4.059215188026428223e-01 3.634455800056457520e-01 2.662419080734252930e-01 0.000000000000000000e+00 1.000000000000000000e+00 0.000000000000000000e+00
9.943546056747436523e-01 3.392914533615112305e-01 9.008410573005676270e-01 7.847546935081481934e-01 9.161728024482727051e-01 1.067515015602111816e-01 4.783366918563842773e-01 9.885571002960205078e-01 1.847091913223266602e-01 0.000000000000000000e+00 0.000000000000000000e+00 0.000000000000000000e+00
2.735115587711334229e-01 4.364080429077148438e-01 3.231446743011474609e-01 2.348726391792297363e-01 6.979820728302001953e-01 5.951063036918640137e-01 8.462595939636230469e-01 5.150272846221923828e-01 6.304571628570556641e-01 1.000000000000000000e+00 0.000000000000000000e+00 0.000000000000000000e+00
5.984046459197998047e-01 7.766386866569519043e-01 2.711501717567443848e-01 8.624212741851806641e-01 1.793254017829895020e-01 7.847015261650085449e-01 4.448876976966857910e-01 9.089757204055786133e-01 2.328506112098693848e-01 0.000000000000000000e+00 0.000000000000000000e+00 0.000000000000000000e+00
2.518446445465087891e-01 7.496975660324096680e-01 4.998537898063659668e-01 5.047124624252319336e-02 1.444073915481567383e-01 8.560222387313842773e-02 1.831565499305725098e-01 1.245908737182617188e-01 7.965883016586303711e-01 0.000000000000000000e+00 0.000000000000000000e+00 0.000000000000000000e+00
6.022661924362182617e-01 6.292389631271362305e-01 2.995664477348327637e-01 6.350971460342407227e-01 4.379292726516723633e-01 4.992671012878417969e-01 9.657147526741027832e-01 7.832257151603698730e-01 7.943699359893798828e-01 0.000000000000000000e+00 0.000000000000000000e+00 0.000000000000000000e+00
7.222257256507873535e-01 2.537115812301635742e-01 7.375423312187194824e-01 5.312911868095397949e-01 2.365348935127258301e-01 1.940421462059020996e-01 9.183579683303833008e-02 8.753114938735961914e-02 1.101953387260437012e-01 0.000000000000000000e+00 1.000000000000000000e+00 0.000000000000000000e+00
3.248296082019805908e-01 4.680052995681762695e-01 2.439974546432495117e-01 5.880836248397827148e-01 3.264034986495971680e-01 4.797738194465637207e-01 8.749275207519531250e-01 2.727659344673156738e-01 4.054457545280456543e-01 0.000000000000000000e+00 0.000000000000000000e+00 0.000000000000000000e+00
5.175679326057434082e-01 4.633039832115173340e-01 2.629169821739196777e-01 6.899020075798034668e-01 3.504502773284912109e-02 7.407335042953491211e-01 1.108804941177368164e-01 5.511523485183715820e-01 3.214949965476989746e-01 1.000000000000000000e+00 0.000000000000000000e+00 0.000000000000000000e+00
9.608978033065795898e-01 1.706027984619140625e-01 8.844978809356689453e-01 5.702244043350219727e-01 4.878663420677185059e-01 3.168135285377502441e-01 2.869339585304260254e-01 6.642819643020629883e-01 1.724245548248291016e-01 0.000000000000000000e+00 0.000000000000000000e+00 0.000000000000000000e+00
6.341874599456787109e-01 6.584342718124389648e-01 3.856831789016723633e-02 2.194051146507263184e-01 8.484014868736267090e-01 2.326275706291198730e-01 7.624928951263427734e-01 6.485384106636047363e-01 1.954454779624938965e-01 0.000000000000000000e+00 1.000000000000000000e+00 0.000000000000000000e+00
3.760280311107635498e-01 9.722733497619628906e-01 8.255353569984436035e-01 2.780076861381530762e-01 4.622880816459655762e-01 7.604664564132690430e-02 1.401294469833374023e-01 7.294077277183532715e-01 4.578213691711425781e-01 0.000000000000000000e+00 0.000000000000000000e+00 0.000000000000000000e+00
8.597029447555541992e-01 8.336687088012695312e-02 7.303341627120971680e-01 4.309939146041870117e-01 4.071116447448730469e-02 8.739537000656127930e-02 4.958419203758239746e-01 3.197247982025146484e-01 5.046037435531616211e-01 0.000000000000000000e+00 1.000000000000000000e+00 0.000000000000000000e+00
6.312621831893920898e-01 1.969473958015441895e-01 4.138885140419006348e-01 4.770489335060119629e-01 2.063365578651428223e-01 5.297885537147521973e-01 5.115220546722412109e-01 1.183747053146362305e-01 9.581664204597473145e-01 0.000000000000000000e+00 0.000000000000000000e+00 0.000000000000000000e+00
9.603270888328552246e-01 2.116258740425109863e-01 5.866506099700927734e-01 5.259776115417480469e-01 8.773591518402099609e-01 1.760436296463012695e-01 7.196570634841918945e-01 6.342313885688781738e-01 7.750891447067260742e-01 0.000000000000000000e+00 0.000000000000000000e+00 0.000000000000000000e+00
6.157344579696655273e-01 7.431556582450866699e-01 7.052037715911865234e-01 8.032867312431335449e-01 6.363967061042785645e-01 8.465398550033569336e-01 9.846327900886535645e-01 6.145417690277099609e-03 9.011903405189514160e-01 1.000000000000000000e+00 0.000000000000000000e+00 0.000000000000000000e+00
8.919167518615722656e-01 3.345078229904174805e-01 8.391256332397460938e-01 1.468211412429809570e-02 9.520067572593688965e-01 5.354176759719848633e-01 5.466699600219726562e-03 2.258388996124267578e-01 4.258627295494079590e-01 1.000000000000000000e+00 1.000000000000000000e+00 1.000000000000000000e+00
9.191690683364868164e-01 5.418058037757873535e-01 7.972743511199951172e-01 6.860417127609252930e-01 8.846524953842163086e-01 3.370878100395202637e-01 2.984732389450073242e-02 7.563858032226562500e-01 7.539833188056945801e-01 0.000000000000000000e+00 0.000000000000000000e+00 0.000000000000000000e+00
6.350373029708862305e-01 4.486724138259887695e-01 6.333330273628234863e-01 2.535944581031799316e-01 4.472665190696716309e-01 6.367146968841552734e-03 4.333078861236572266e-03 4.458135962486267090e-01 9.907420873641967773e-01 0.000000000000000000e+00 0.000000000000000000e+00 0.000000000000000000e+00
1.068110466003417969e-01 9.273486733436584473e-01 6.366605162620544434e-01 1.553682088851928711e-01 1.320645213127136230e-01 5.002218484878540039e-01 9.416807889938354492e-01 5.699236989021301270e-01 4.187225699424743652e-01 1.000000000000000000e+00 1.000000000000000000e+00 1.000000000000000000e+00
9.132735729217529297e-01 4.981756210327148438e-01 1.296804547309875488e-01 7.272122502326965332e-01 5.016260147094726562e-01 1.521283388137817383e-01 7.738107442855834961e-01 5.520251393318176270e-01 3.569987416267395020e-01 1.000000000000000000e+00 0.000000000000000000e+00 0.000000000000000000e+00
7.922687530517578125e-01 8.298617601394653320e-02 3.782216906547546387e-01 4.960777163505554199e-01 5.160608887672424316e-01 5.452783703804016113e-01 3.594293594360351562e-01 6.062333583831787109e-01 9.619032144546508789e-01 0.000000000000000000e+00 0.000000000000000000e+00 0.000000000000000000e+00
7.052441835403442383e-01 4.976683259010314941e-01 9.231372475624084473e-01 2.642109394073486328e-01 5.638183355331420898e-01 5.975649952888488770e-01 6.826241612434387207e-01 4.294086694717407227e-01 5.477398633956909180e-01 1.000000000000000000e+00 0.000000000000000000e+00 0.000000000000000000e+00
7.851295471191406250e-01 1.803327798843383789e-01 3.854302167892456055e-01 6.859832406044006348e-01 3.301255106925964355e-01 5.691727995872497559e-01 9.316930770874023438e-01 7.053205966949462891e-01 3.001484274864196777e-01 1.000000000000000000e+00 0.000000000000000000e+00 0.000000000000000000e+00
7.346647381782531738e-01 6.541150212287902832e-01 7.137411832809448242e-02 9.672979116439819336e-01 6.096363067626953125e-03 6.351356506347656250e-01 5.105721354484558105e-01 9.295276403427124023e-01 6.412445306777954102e-01 0.000000000000000000e+00 0.000000000000000000e+00 0.000000000000000000e+00
9.623798727989196777e-01 1.060017943382263184e-01 7.154542207717895508e-01 1.750012636184692383e-01 9.495962858200073242e-01 2.891555428504943848e-01 2.366253733634948730e-01 1.541717052459716797e-01 5.221443176269531250e-01 0.000000000000000000e+00 1.000000000000000000e+00 0.000000000000000000e+00
2.226833403110504150e-01 9.296998977661132812e-01 4.038976430892944336e-01 3.207811713218688965e-01 3.315728902816772461e-02 2.498684525489807129e-01 2.150637507438659668e-01 1.580118536949157715e-01 1.327289938926696777e-01 1.000000000000000000e+00 0.000000000000000000e+00 0.000000000000000000e+00
9.108572602272033691e-01 3.018669486045837402e-01 8.711117506027221680e-02 9.024895429611206055e-01 1.219987869262695312e-01 9.609563946723937988e-01 6.780432462692260742e-01 7.953960895538330078e-01 7.774819135665893555e-01 0.000000000000000000e+00 0.000000000000000000e+00 0.000000000000000000e+00
9.978692531585693359e-01 1.007320880889892578e-01 1.050564646720886230e-01 9.231171011924743652e-01 8.291505575180053711e-01 2.738604545593261719e-01 8.676773309707641602e-01 9.132704138755798340e-01 1.559609174728393555e-02 0.000000000000000000e+00 0.000000000000000000e+00 0.000000000000000000e+00
7.631369829177856445e-01 9.437164664268493652e-01 5.267405509948730469e-02 5.232848525047302246e-01 7.655245661735534668e-01 9.998832345008850098e-01 9.583741426467895508e-01 7.827835679054260254e-01 4.567459821701049805e-01 0.000000000000000000e+00 0.000000000000000000e+00 0.000000000000000000e+00
7.024686336517333984e-01 8.275549411773681641e-01 7.856899499893188477e-02 6.170084476470947266e-01 9.279658794403076172e-01 2.652047872543334961e-01 9.680169224739074707e-01 5.998452305793762207e-01 5.983406305313110352e-01 1.000000000000000000e+00 0.000000000000000000e+00 0.000000000000000000e+00
8.021492958068847656e-01 2.267138957977294922e-01 6.813753247261047363e-01 5.035369992256164551e-01 5.399163365364074707e-01 6.320245265960693359e-01 2.520900964736938477e-01 2.046151161193847656e-01 8.390927314758300781e-02 0.000000000000000000e+00 0.000000000000000000e+00 0.000000000000000000e+00
6.984446644783020020e-01 7.883853316307067871e-01 9.903519749641418457e-01 4.315848350524902344e-01 6.362568140029907227e-01 7.830985784530639648e-01 6.117198467254638672e-01 6.796436905860900879e-01 1.038676500320434570e-02 0.000000000000000000e+00 0.000000000000000000e+00 0.000000000000000000e+00
9.726474881172180176e-01 1.810167431831359863e-01 5.514219403266906738e-01 8.008661270141601562e-01 7.279127836227416992e-02 6.245493888854980469e-03 5.824203491210937500e-01 7.551570534706115723e-01 7.129504680633544922e-01 0.000000000000000000e+00 0.000000000000000000e+00 0.000000000000000000e+00
9.861117601394653320e-01 2.119015455245971680e-01 3.727304935455322266e-02 8.074634075164794922e-01 8.781350255012512207e-01 4.808772802352905273e-01 8.131581544876098633e-01 5.617334246635437012e-01 2.897070646286010742e-01 0.000000000000000000e+00 0.000000000000000000e+00 0.000000000000000000e+00
3.827021718025207520e-01 1.729488372802734375e-03 9.219461679458618164e-02 1.099162697792053223e-01 8.807905316352844238e-01 3.063860535621643066e-01 6.784133315086364746e-01 2.756208181381225586e-02 7.313959002494812012e-01 0.000000000000000000e+00 1.000000000000000000e+00 0.000000000000000000e+00
2.101890146732330322e-01 9.150161147117614746e-01 8.272188305854797363e-01 2.643188238143920898e-01 2.659634947776794434e-01 9.716969728469848633e-01 8.045154213905334473e-01 5.200611948966979980e-01 2.514609694480895996e-01 0.000000000000000000e+00 1.000000000000000000e+00 0.000000000000000000e+00
6.397997736930847168e-01 9.526982307434082031e-01 9.358932375907897949e-01 3.525791168212890625e-01 9.474824666976928711e-01 4.777057170867919922e-01 6.819820404052734375e-01 3.416091203689575195e-01 4.723394513130187988e-01 0.000000000000000000e+00 0.000000000000000000e+00 0.000000000000000000e+00
6.291853785514831543e-01 9.344031810760498047e-01 6.231248378753662109e-03 2.355428934097290039e-01 7.292204499244689941e-01 2.448827028274536133e-02 9.015405774116516113e-01 5.761578083038330078e-01 4.996900558471679688e-01 0.000000000000000000e+00 0.000000000000000000e+00 0.000000000000000000e+00
4.164770841598510742e-01 3.214550018310546875e-01 7.206912636756896973e-01 1.290008425712585449e-01 1.706344485282897949e-01 5.405786633491516113e-01 5.713706016540527344e-01 2.592488527297973633e-01 9.759026765823364258e-02 0.000000000000000000e+00 0.000000000000000000e+00 0.000000000000000000e+00
8.852330446243286133e-01 5.557023882865905762e-01 8.512662053108215332e-01 2.838460206985473633e-01 2.915455698966979980e-01 2.173423767089843750e-02 6.332661509513854980e-01 1.219878792762756348e-01 9.102827906608581543e-01 1.000000000000000000e+00 0.000000000000000000e+00 0.000000000000000000e+00
7.288128137588500977e-01 7.733249664306640625e-01 9.413987398147583008e-01 4.127498865127563477e-01 9.620340466499328613e-01 5.611458420753479004e-01 9.644967317581176758e-01 4.839802384376525879e-01 3.781531453132629395e-01 1.000000000000000000e+00 0.000000000000000000e+00 0.000000000000000000e+00
7.967912554740905762e-01 7.282720208168029785e-01 7.503602504730224609e-01 7.327330708503723145e-01 5.750667452812194824e-01 7.243641018867492676e-01 8.403562307357788086e-01 9.309920072555541992e-01 3.464962840080261230e-01 0.000000000000000000e+00 0.000000000000000000e+00 0.000000000000000000e+00
7.429146170616149902e-01 7.753840684890747070e-01 8.204541802406311035e-01 7.155660986900329590e-01 6.104763746261596680e-01 7.461733818054199219e-01 6.438308358192443848e-01 2.522106170654296875e-01 3.943765163421630859e-02 0.000000000000000000e+00 0.000000000000000000e+00 0.000000000000000000e+00
3.218092620372772217e-01 3.856623768806457520e-01 2.003698945045471191e-01 2.550155520439147949e-01 1.735317707061767578e-02 8.404516577720642090e-01 8.346530795097351074e-01 2.565503120422363281e-03 2.753990888595581055e-01 0.000000000000000000e+00 0.000000000000000000e+00 0.000000000000000000e+00
8.663545846939086914e-01 5.991069078445434570e-01 9.574557542800903320e-01 3.583873510360717773e-01 9.646254777908325195e-01 8.000185489654541016e-01 8.448332548141479492e-01 5.796290636062622070e-01 4.570270776748657227e-01 0.000000000000000000e+00 0.000000000000000000e+00 0.000000000000000000e+00
6.934355199337005615e-02 2.577691078186035156e-01 2.123037576675415039e-01 2.796310782432556152e-01 1.996450424194335938e-01 6.531325578689575195e-01 8.175170421600341797e-02 8.175809979438781738e-01 7.851151227951049805e-01 0.000000000000000000e+00 0.000000000000000000e+00 0.000000000000000000e+00
7.485492229461669922e-01 6.782399415969848633e-01 2.001467943191528320e-01 8.169547915458679199e-01 2.505564093589782715e-01 7.784078717231750488e-01 6.611174345016479492e-02 7.340469956398010254e-01 5.126377940177917480e-01 1.000000000000000000e+00 0.000000000000000000e+00 0.000000000000000000e+00
9.808622002601623535e-01 2.297645211219787598e-01 8.043304085731506348e-01 3.039203286170959473e-01 5.823604464530944824e-01 2.241326570510864258e-01 5.048564672470092773e-01 5.563639402389526367e-01 7.990705966949462891e-01 0.000000000000000000e+00 0.000000000000000000e+00 0.000000000000000000e+00
8.519065380096435547e-01 3.247244358062744141e-01 1.808596849441528320e-01 6.390038728713989258e-01 6.917460560798645020e-01 9.618835449218750000e-01 5.566959381103515625e-01 9.755778312683105469e-01 4.016973376274108887e-01 0.000000000000000000e+00 0.000000000000000000e+00 0.000000000000000000e+00
9.652770757675170898e-01 2.897468805313110352e-01 2.529280781745910645e-01 8.571291565895080566e-01 9.365571737289428711e-01 9.676234126091003418e-01 8.631199598312377930e-01 8.184248208999633789e-01 9.898987412452697754e-01 0.000000000000000000e+00 0.000000000000000000e+00 0.000000000000000000e+00
5.815316438674926758e-01 2.446801662445068359e-01 2.714478969573974609e-02 5.423476099967956543e-01 3.017425537109375000e-01 6.850016117095947266e-01 5.092324614524841309e-01 4.664737582206726074e-01 3.787166476249694824e-01 1.000000000000000000e+00 0.000000000000000000e+00 0.000000000000000000e+00
7.159060835838317871e-01 9.999584555625915527e-01 9.275543689727783203e-01 9.131856560707092285e-01 5.001737475395202637e-01 6.289090514183044434e-01 9.106405377388000488e-01 8.041000366210937500e-01 4.465580582618713379e-01 0.000000000000000000e+00 0.000000000000000000e+00 0.000000000000000000e+00
5.816138386726379395e-01 5.579690933227539062e-01 3.153729438781738281e-02 3.135905861854553223e-01 7.708278894424438477e-01 4.562466144561767578e-01 9.566286802291870117e-01 5.940842032432556152e-01 7.415603399276733398e-01 1.000000000000000000e+00 0.000000000000000000e+00 0.000000000000000000e+00
9.899502992630004883e-01 6.248673796653747559e-01 9.074789881706237793e-01 9.648845195770263672e-01 9.112514257431030273e-01 3.989006876945495605e-01 5.835716724395751953e-01 9.754756093025207520e-01 6.172077059745788574e-01 1.000000000000000000e+00 0.000000000000000000e+00 0.000000000000000000e+00
4.014768898487091064e-01 9.566940665245056152e-01 9.785830378532409668e-01 9.560841321945190430e-02 9.011083841323852539e-01 8.659802675247192383e-01 4.458384513854980469e-01 4.291818737983703613e-01 8.333173394203186035e-01 0.000000000000000000e+00 0.000000000000000000e+00 0.000000000000000000e+00
3.438026010990142822e-01 4.231580495834350586e-01 3.494642376899719238e-01 1.474163532257080078e-01 5.736877322196960449e-01 6.717935204505920410e-01 6.040429472923278809e-01 4.384854435920715332e-01 8.326506614685058594e-01 0.000000000000000000e+00 0.000000000000000000e+00 0.000000000000000000e+00
9.962039589881896973e-01 1.144319176673889160e-01 7.313801646232604980e-01 7.109946608543395996e-01 9.684695005416870117e-01 1.640429496765136719e-01 3.264357447624206543e-01 7.609423398971557617e-01 2.312361598014831543e-01 0.000000000000000000e+00 0.000000000000000000e+00 0.000000000000000000e+00
3.776117861270904541e-01 7.026409506797790527e-01 1.556909084320068359e-01 2.736076712608337402e-01 4.062662720680236816e-01 1.971827149391174316e-01 7.820129394531250000e-02 1.534532904624938965e-01 7.320286631584167480e-01 0.000000000000000000e+00 0.000000000000000000e+00 0.000000000000000000e+00
3.840443193912506104e-01 3.575758337974548340e-01 1.293621659278869629e-01 3.740897774696350098e-01 7.578141093254089355e-01 3.497102260589599609e-01 1.335723996162414551e-01 3.425843715667724609e-01 3.642376065254211426e-01 0.000000000000000000e+00 0.000000000000000000e+00 0.000000000000000000e+00
8.181984424591064453e-01 6.845549941062927246e-01 4.497932791709899902e-01 9.298967123031616211e-01 2.318631410598754883e-01 9.812397956848144531e-01 7.929611802101135254e-01 5.091535449028015137e-01 3.876026868820190430e-01 1.000000000000000000e+00 0.000000000000000000e+00 0.000000000000000000e+00
7.228304743766784668e-01 9.729089140892028809e-01 5.047124624252319336e-02 8.717954158782958984e-01 3.741436004638671875e-01 6.247564554214477539e-01 2.713332772254943848e-01 1.058304905891418457e-01 9.823487401008605957e-01 1.000000000000000000e+00 0.000000000000000000e+00 0.000000000000000000e+00
6.992592811584472656e-01 8.676618337631225586e-01 9.775112271308898926e-01 5.360263586044311523e-01 5.015321373939514160e-01 3.167906999588012695e-01 4.560657143592834473e-01 2.971853613853454590e-01 3.244049549102783203e-01 1.000000000000000000e+00 0.000000000000000000e+00 0.000000000000000000e+00
4.030132889747619629e-01 4.580751061439514160e-01 1.523749232292175293e-01 1.426941156387329102e-02 8.426223397254943848e-01 5.371829867362976074e-01 6.330258250236511230e-01 8.582020401954650879e-01 1.174240708351135254e-01 0.000000000000000000e+00 0.000000000000000000e+00 0.000000000000000000e+00
1.941013187170028687e-01 6.716848611831665039e-01 1.539077162742614746e-01 7.446169853210449219e-02 1.500830054283142090e-01 3.999719023704528809e-01 9.444326162338256836e-01 3.665726184844970703e-01 4.824349284172058105e-01 1.000000000000000000e+00 0.000000000000000000e+00 0.000000000000000000e+00
8.768062591552734375e-01 4.457211494445800781e-01 7.785485386848449707e-01 7.326106429100036621e-01 5.501178503036499023e-01 6.614685654640197754e-01 3.228425979614257812e-02 3.982762694358825684e-01 5.511759519577026367e-01 0.000000000000000000e+00 0.000000000000000000e+00 0.000000000000000000e+00
3.306694328784942627e-01 7.215767502784729004e-01 4.170073866844177246e-01 3.534408807754516602e-01 2.659875750541687012e-01 5.012720823287963867e-02 6.751835346221923828e-02 6.138647794723510742e-01 6.375577449798583984e-01 0.000000000000000000e+00 0.000000000000000000e+00 0.000000000000000000e+00
7.615688443183898926e-01 3.709049224853515625e-01 8.534042239189147949e-01 2.867671251296997070e-01 4.055803418159484863e-01 3.073964715003967285e-01 1.775894761085510254e-01 5.807082653045654297e-01 1.624454855918884277e-01 1.000000000000000000e+00 0.000000000000000000e+00 0.000000000000000000e+00
3.448648154735565186e-01 6.515857577323913574e-01 4.595045447349548340e-01 8.481556177139282227e-02 2.833510041236877441e-01 6.593533158302307129e-01 6.755577921867370605e-01 5.819192528724670410e-01 8.129754662513732910e-01 0.000000000000000000e+00 0.000000000000000000e+00 0.000000000000000000e+00
8.772419095039367676e-01 2.871070504188537598e-01 7.054529190063476562e-01 3.006189465522766113e-01 6.877422332763671875e-01 6.592138409614562988e-01 2.061371207237243652e-01 4.777107238769531250e-01 1.312882900238037109e-01 0.000000000000000000e+00 0.000000000000000000e+00 0.000000000000000000e+00
5.945863723754882812e-01 2.466340065002441406e-01 2.459313869476318359e-01 3.679676055908203125e-01 8.702480792999267578e-01 4.861274361610412598e-01 4.844411015510559082e-01 8.336915373802185059e-01 8.738135099411010742e-01 0.000000000000000000e+00 0.000000000000000000e+00 0.000000000000000000e+00
9.209544062614440918e-01 5.844371318817138672e-01 9.051170945167541504e-01 6.881901621818542480e-01 9.158242344856262207e-01 4.491157531738281250e-01 5.731092691421508789e-01 9.870569109916687012e-01 1.873213648796081543e-01 0.000000000000000000e+00 0.000000000000000000e+00 0.000000000000000000e+00
4.644930958747863770e-01 6.082004904747009277e-01 9.566503763198852539e-02 3.600631356239318848e-01 2.379702329635620117e-01 4.174553751945495605e-01 8.183411359786987305e-01 2.295787930488586426e-01 1.244308352470397949e-01 1.000000000000000000e+00 0.000000000000000000e+00 0.000000000000000000e+00
4.716942012310028076e-01 6.585065126419067383e-01 4.681911468505859375e-01 3.076831698417663574e-01 7.946180105209350586e-01 8.260843157768249512e-01 8.531987667083740234e-03 9.339986443519592285e-01 3.859663009643554688e-02 1.000000000000000000e+00 0.000000000000000000e+00 0.000000000000000000e+00
8.602077960968017578e-01 3.638966083526611328e-01 9.215018153190612793e-01 3.018521070480346680e-01 6.711882948875427246e-01 3.867786526679992676e-01 4.238485693931579590e-01 5.835327506065368652e-01 4.662632942199707031e-01 0.000000000000000000e+00 1.000000000000000000e+00 0.000000000000000000e+00
5.827317833900451660e-01 8.173084855079650879e-01 6.642503738403320312e-01 4.125149250030517578e-01 8.406105041503906250e-01 4.590337276458740234e-01 5.105257034301757812e-02 2.941018939018249512e-01 8.519786596298217773e-02 1.000000000000000000e+00 0.000000000000000000e+00 0.000000000000000000e+00
4.201799929141998291e-01 9.936320185661315918e-01 1.757078170776367188e-01 7.628184556961059570e-02 8.227364420890808105e-01 4.338061809539794922e-01 3.344469070434570312e-01 8.421985507011413574e-01 6.512463092803955078e-01 1.000000000000000000e+00 0.000000000000000000e+00 0.000000000000000000e+00
8.194915652275085449e-01 3.233017921447753906e-01 6.323018074035644531e-01 6.963959336280822754e-01 4.081383347511291504e-01 6.972429156303405762e-01 6.343317031860351562e-01 8.539818525314331055e-01 8.577488660812377930e-01 0.000000000000000000e+00 0.000000000000000000e+00 0.000000000000000000e+00
9.356086254119873047e-01 4.084221124649047852e-01 1.357760429382324219e-01 7.481985688209533691e-01 6.932576298713684082e-01 5.964335203170776367e-01 7.612135410308837891e-01 2.658993005752563477e-01 5.842010974884033203e-01 1.000000000000000000e+00 0.000000000000000000e+00 0.000000000000000000e+00
2.779620289802551270e-01 2.760965228080749512e-01 2.518208026885986328e-01 3.023433685302734375e-02 8.615377545356750488e-01 1.766413450241088867e-01 3.283477425575256348e-01 3.110128641128540039e-02 7.868624925613403320e-01 0.000000000000000000e+00 0.000000000000000000e+00 0.000000000000000000e+00
9.487259984016418457e-01 3.919883370399475098e-01 2.221435308456420898e-02 6.832526922225952148e-01 2.966558933258056641e-01 1.082195639610290527e-01 7.897573113441467285e-01 2.024918794631958008e-02 8.590068221092224121e-01 0.000000000000000000e+00 0.000000000000000000e+00 0.000000000000000000e+00
6.962435245513916016e-01 9.994078278541564941e-01 9.815062284469604492e-01 8.385899662971496582e-01 7.529720664024353027e-01 3.380380868911743164e-01 2.271151542663574219e-02 2.259893417358398438e-01 2.790367603302001953e-01 0.000000000000000000e+00 0.000000000000000000e+00 0.000000000000000000e+00
7.554353475570678711e-01 8.011334538459777832e-01 3.503734469413757324e-01 7.237499952316284180e-01 4.187030792236328125e-01 1.951740384101867676e-01 5.361438989639282227e-01 8.889897465705871582e-01 1.331697702407836914e-01 1.000000000000000000e+00 0.000000000000000000e+00 0.000000000000000000e+00
9.968824386596679688e-01 4.589927196502685547e-02 5.520345568656921387e-01 8.900695443153381348e-01 5.919945836067199707e-01 1.183985471725463867e-01 1.375132799148559570e-02 1.620376110076904297e-01 6.834150552749633789e-01 0.000000000000000000e+00 0.000000000000000000e+00 0.000000000000000000e+00
2.353335618972778320e-01 8.654895424842834473e-01 7.159819602966308594e-01 3.045038580894470215e-01 2.522818446159362793e-01 5.423280000686645508e-01 6.563861966133117676e-01 1.011714339256286621e-01 7.112498879432678223e-01 0.000000000000000000e+00 1.000000000000000000e+00 0.000000000000000000e+00
3.863226175308227539e-01 4.081238508224487305e-01 5.008116364479064941e-01 3.649088144302368164e-01 3.560658097267150879e-01 4.034703969955444336e-01 3.662163019180297852e-01 2.743973731994628906e-01 2.875359654426574707e-01 1.000000000000000000e+00 1.000000000000000000e+00 1.000000000000000000e+00
7.957268357276916504e-01 7.157853245735168457e-01 8.000819087028503418e-01 5.431824326515197754e-01 9.337843656539916992e-01 9.041633009910583496e-01 1.756844520568847656e-01 1.426370143890380859e-01 9.510397911071777344e-03 1.000000000000000000e+00 1.000000000000000000e+00 1.000000000000000000e+00
8.284652829170227051e-01 8.290574550628662109e-01 3.897521495819091797e-01 9.488949179649353027e-01 3.273082375526428223e-01 1.678079366683959961e-02 5.677419900894165039e-02 2.628703117370605469e-01 8.430860042572021484e-01 0.000000000000000000e+00 0.000000000000000000e+00 0.000000000000000000e+00
3.570227026939392090e-01 3.971558809280395508e-02 5.716817975044250488e-01 2.660213708877563477e-01 7.142525911331176758e-02 8.912158012390136719e-02 7.029857039451599121e-01 2.509996891021728516e-01 4.316668510437011719e-01 1.000000000000000000e+00 0.000000000000000000e+00 0.000000000000000000e+00
3.997491598129272461e-01 1.919390559196472168e-01 2.462744712829589844e-02 4.477287530899047852e-01 1.714336872100830078e-02 4.801589250564575195e-01 9.796744585037231445e-02 7.596777677536010742e-01 9.991444349288940430e-01 0.000000000000000000e+00 0.000000000000000000e+00 0.000000000000000000e+00
1.966579407453536987e-01 1.988249421119689941e-01 1.143191456794738770e-01 2.725623846054077148e-01 5.067453384399414062e-01 7.493492960929870605e-01 5.823078751564025879e-01 4.204946756362915039e-01 2.180693745613098145e-01 0.000000000000000000e+00 1.000000000000000000e+00 0.000000000000000000e+00
8.934752941131591797e-01 2.272375226020812988e-01 5.464853644371032715e-01 9.026693105697631836e-01 9.122562408447265625e-02 9.446748495101928711e-01 8.160805106163024902e-01 3.442805409431457520e-01 5.390174388885498047e-01 0.000000000000000000e+00 0.000000000000000000e+00 0.000000000000000000e+00
8.828181028366088867e-01 7.788463234901428223e-01 5.211615562438964844e-01 8.859797120094299316e-01 9.211198687553405762e-01 3.198900222778320312e-01 1.690006256103515625e-02 4.664446711540222168e-01 3.414970636367797852e-01 0.000000000000000000e+00 0.000000000000000000e+00 0.000000000000000000e+00
8.719194531440734863e-01 2.240150570869445801e-01 3.763954639434814453e-01 6.658858656883239746e-01 6.845865845680236816e-01 3.071622848510742188e-01 6.720165610313415527e-01 1.616836786270141602e-01 6.031886935234069824e-01 1.000000000000000000e+00 1.000000000000000000e+00 1.000000000000000000e+00
3.578568994998931885e-01 2.649552226066589355e-01 4.635227322578430176e-01 2.055003643035888672e-01 3.009831905364990234e-01 4.418726563453674316e-01 2.248294949531555176e-01 1.338189244270324707e-01 2.365761399269104004e-01 1.000000000000000000e+00 0.000000000000000000e+00 0.000000000000000000e+00
9.024541974067687988e-01 8.151364326477050781e-02 8.729336261749267578e-01 2.119238972663879395e-01 9.268106222152709961e-01 9.788605570793151855e-01 4.767469167709350586e-01 8.701736927032470703e-01 3.588147759437561035e-01 1.000000000000000000e+00 0.000000000000000000e+00 0.000000000000000000e+00
6.240098476409912109e-01 3.229561448097229004e-01 2.697110176086425781e-04 3.812633156776428223e-01 7.349506616592407227e-01 3.811063766479492188e-01 8.124029636383056641e-01 8.816455602645874023e-01 3.466677665710449219e-02 0.000000000000000000e+00 0.000000000000000000e+00 0.000000000000000000e+00
7.463449239730834961e-01 5.289424657821655273e-01 1.611992120742797852e-01 4.178548455238342285e-01 9.570949673652648926e-01 2.972592711448669434e-01 9.463793039321899414e-02 3.116493821144104004e-01 2.486183643341064453e-01 0.000000000000000000e+00 0.000000000000000000e+00 0.000000000000000000e+00
9.857250452041625977e-01 1.571878790855407715e-01 2.192654013633728027e-01 7.869778275489807129e-01 7.204333543777465820e-01 2.552402019500732422e-02 4.669330120086669922e-01 5.594053864479064941e-01 1.225888729095458984e-03 1.000000000000000000e+00 1.000000000000000000e+00 1.000000000000000000e+00
9.443029761314392090e-01 2.221659421920776367e-01 6.308209896087646484e-02 6.997206211090087891e-01 8.212942481040954590e-01 5.260822176933288574e-01 3.151425719261169434e-01 4.267251491546630859e-02 9.833489656448364258e-01 0.000000000000000000e+00 1.000000000000000000e+00 0.000000000000000000e+00
8.355408906936645508e-01 2.130713462829589844e-01 9.815198183059692383e-02 4.561218023300170898e-01 7.760142087936401367e-01 2.554695606231689453e-01 2.226947546005249023e-01 5.887147784233093262e-01 2.363793253898620605e-01 1.000000000000000000e+00 0.000000000000000000e+00 0.000000000000000000e+00
4.787341654300689697e-01 9.057201147079467773e-01 6.169105768203735352e-01 2.964380979537963867e-01 7.492368221282958984e-01 5.113359689712524414e-01 6.389213800430297852e-01 1.759980320930480957e-01 9.418165683746337891e-01 1.000000000000000000e+00 0.000000000000000000e+00 0.000000000000000000e+00
8.848655819892883301e-01 2.755925059318542480e-01 5.836311578750610352e-01 4.550658464431762695e-01 9.963486790657043457e-01 2.816490530967712402e-01 6.896030902862548828e-02 6.422698497772216797e-02 9.694081544876098633e-02 0.000000000000000000e+00 1.000000000000000000e+00 0.000000000000000000e+00
9.987045526504516602e-01 2.239555716514587402e-01 3.970306515693664551e-01 9.890685081481933594e-01 6.677501797676086426e-01 1.079699993133544922e-01 7.417054772377014160e-01 9.180361628532409668e-01 9.850919246673583984e-01 0.000000000000000000e+00 0.000000000000000000e+00 0.000000000000000000e+00
8.442692160606384277e-01 1.153473258018493652e-01 8.722183108329772949e-01 6.581550836563110352e-01 2.619861960411071777e-01 9.943796992301940918e-01 8.428766131401062012e-01 8.819071650505065918e-01 3.665259480476379395e-01 1.000000000000000000e+00 0.000000000000000000e+00 0.000000000000000000e+00
8.337541222572326660e-01 1.094403862953186035e-01 8.061067461967468262e-01 1.636717915534973145e-01 5.193185806274414062e-01 6.341685652732849121e-01 3.673142194747924805e-02 8.522875308990478516e-01 2.330843806266784668e-01 0.000000000000000000e+00 0.000000000000000000e+00 0.000000000000000000e+00
4.927254915237426758e-01 8.684915304183959961e-01 7.900315523147583008e-02 6.967605352401733398e-01 1.182091236114501953e-01 6.900424957275390625e-01 6.710708141326904297e-02 4.952663779258728027e-01 9.921545386314392090e-01 1.000000000000000000e+00 0.000000000000000000e+00 0.000000000000000000e+00
3.338287472724914551e-01 9.917805790901184082e-01 6.716120839118957520e-01 2.380812764167785645e-01 5.779186487197875977e-01 9.493639469146728516e-01 7.830109000205993652e-01 2.913492321968078613e-01 1.365345716476440430e-02 0.000000000000000000e+00 0.000000000000000000e+00 0.000000000000000000e+00
8.638246655464172363e-01 9.543364644050598145e-01 7.321404218673706055e-01 6.562936305999755859e-01 8.862432241439819336e-01 4.016193747520446777e-01 7.926555871963500977e-01 4.655647873878479004e-01 8.675398230552673340e-01 1.000000000000000000e+00 0.000000000000000000e+00 0.000000000000000000e+00
2.810898125171661377e-01 7.622362375259399414e-01 2.887088060379028320e-02 2.053694725036621094e-01 5.444609522819519043e-01 3.870925307273864746e-01 9.723772406578063965e-01 9.715147614479064941e-01 1.966041922569274902e-01 1.000000000000000000e+00 1.000000000000000000e+00 1.000000000000000000e+00
9.140539765357971191e-01 4.732308983802795410e-01 9.749373793601989746e-01 4.046922326087951660e-01 4.250766634941101074e-01 1.081767082214355469e-01 5.962940454483032227e-01 7.195791602134704590e-01 2.868271470069885254e-01 0.000000000000000000e+00 0.000000000000000000e+00 0.000000000000000000e+00
9.321590065956115723e-01 3.080648779869079590e-01 2.153748273849487305e-01 7.402293086051940918e-01 6.424419283866882324e-01 9.339879751205444336e-01 2.851319313049316406e-01 8.432269096374511719e-02 7.027634382247924805e-01 0.000000000000000000e+00 0.000000000000000000e+00 0.000000000000000000e+00
9.207776784896850586e-01 4.514883160591125488e-01 8.946073055267333984e-01 9.432687163352966309e-01 5.145859718322753906e-02 2.022937536239624023e-01 9.986684918403625488e-01 8.236047625541687012e-01 2.736834287643432617e-01 0.000000000000000000e+00 0.000000000000000000e+00 0.000000000000000000e+00
7.155145406723022461e-01 3.664554953575134277e-01 9.873251318931579590e-01 3.305323123931884766e-01 3.555901050567626953e-01 5.475011467933654785e-01 5.951933264732360840e-01 2.562618851661682129e-01 4.599693417549133301e-01 1.000000000000000000e+00 0.000000000000000000e+00 0.000000000000000000e+00
8.110251426696777344e-01 7.118194699287414551e-01 7.678715586662292480e-01 5.340545177459716797e-01 9.357700347900390625e-01 2.638820409774780273e-01 2.595766782760620117e-01 8.889636993408203125e-01 3.364493846893310547e-01 1.000000000000000000e+00 0.000000000000000000e+00 0.000000000000000000e+00
2.055222243070602417e-01 7.817716002464294434e-01 9.076999425888061523e-01 7.247042655944824219e-02 1.294430494308471680e-01 5.619528293609619141e-01 3.759825825691223145e-01 1.374236941337585449e-01 8.329848647117614746e-01 0.000000000000000000e+00 0.000000000000000000e+00 0.000000000000000000e+00
9.930430650711059570e-01 1.587937474250793457e-01 2.052401304244995117e-01 9.344637393951416016e-01 2.050812840461730957e-01 3.445202112197875977e-01 5.415181517601013184e-01 3.659999370574951172e-02 8.238887786865234375e-02 1.000000000000000000e+00 0.000000000000000000e+00 0.000000000000000000e+00
7.863649725914001465e-01 4.489632844924926758e-01 8.409415483474731445e-01 5.602841973304748535e-01 5.169877409934997559e-01 4.311776757240295410e-01 3.958865404129028320e-01 8.310229182243347168e-01 2.332820296287536621e-01 1.000000000000000000e+00 0.000000000000000000e+00 0.000000000000000000e+00
4.927466809749603271e-01 2.966842651367187500e-01 1.304640173912048340e-01 4.549077749252319336e-01 5.514866709709167480e-01 6.407365798950195312e-01 3.680921196937561035e-01 6.012018918991088867e-01 3.991234302520751953e-01 0.000000000000000000e+00 1.000000000000000000e+00 0.000000000000000000e+00
3.813171386718750000e-01 7.480360865592956543e-01 4.674449563026428223e-01 1.534903049468994141e-02 4.380091428756713867e-01 3.667058348655700684e-01 1.000780463218688965e-01 2.052185535430908203e-01 2.752477526664733887e-01 0.000000000000000000e+00 1.000000000000000000e+00 0.000000000000000000e+00
4.076199531555175781e-01 9.546546936035156250e-01 9.058390259742736816e-01 3.998296260833740234e-01 3.217594623565673828e-01 3.654191493988037109e-01 9.229220151901245117e-01 4.426675438880920410e-01 7.956079840660095215e-01 0.000000000000000000e+00 0.000000000000000000e+00 0.000000000000000000e+00
9.831383228302001953e-01 3.030180931091308594e-02 6.538712382316589355e-01 7.850772142410278320e-01 5.993255972862243652e-01 4.803037643432617188e-01 8.274506330490112305e-01 1.816083192825317383e-01 5.675715208053588867e-02 0.000000000000000000e+00 1.000000000000000000e+00 0.000000000000000000e+00
9.186821579933166504e-01 2.829112410545349121e-01 2.940063476562500000e-01 8.163443207740783691e-01 1.332881450653076172e-01 4.244552254676818848e-01 1.145715713500976562e-01 9.989960193634033203e-01 8.938713073730468750e-01 0.000000000000000000e+00 0.000000000000000000e+00 0.000000000000000000e+00
8.805750608444213867e-01 6.206290721893310547e-01 7.654332518577575684e-01 7.976099848747253418e-01 7.821391820907592773e-01 8.208403587341308594e-01 4.556143283843994141e-02 1.522290110588073730e-01 7.742538452148437500e-01 0.000000000000000000e+00 0.000000000000000000e+00 0.000000000000000000e+00
2.675336599349975586e-01 9.717873334884643555e-01 8.384163975715637207e-01 2.981688380241394043e-01 2.644240856170654297e-02 6.872910261154174805e-01 9.477664828300476074e-01 6.808338761329650879e-01 2.620886564254760742e-01 0.000000000000000000e+00 0.000000000000000000e+00 0.000000000000000000e+00
8.017208576202392578e-01 1.528976559638977051e-01 2.191855311393737793e-01 3.666962981224060059e-01 9.916909337043762207e-01 1.336216926574707031e-03 1.669031381607055664e-02 1.497655510902404785e-01 5.689199566841125488e-01 1.000000000000000000e+00 0.000000000000000000e+00 0.000000000000000000e+00
9.936542510986328125e-01 4.808545112609863281e-02 8.672258257865905762e-01 8.490764498710632324e-01 1.336245536804199219e-01 7.543498277664184570e-02 3.819332718849182129e-01 4.941673278808593750e-01 3.958918452262878418e-01 1.000000000000000000e+00 0.000000000000000000e+00 0.000000000000000000e+00
6.555534005165100098e-01 3.991872668266296387e-01 1.430049538612365723e-01 2.344053387641906738e-01 8.525115847587585449e-01 1.904702782630920410e-01 6.772519350051879883e-01 3.811357021331787109e-01 9.708451032638549805e-01 1.000000000000000000e+00 0.000000000000000000e+00 0.000000000000000000e+00
4.729867875576019287e-01 9.158176779747009277e-01 3.244971632957458496e-01 1.461492776870727539e-01 4.758792519569396973e-01 1.669483780860900879e-01 8.189411163330078125e-01 2.311239242553710938e-01 8.905400633811950684e-01 1.000000000000000000e+00 0.000000000000000000e+00 0.000000000000000000e+00
9.969865679740905762e-01 4.797524213790893555e-02 9.515736103057861328e-01 4.091231226921081543e-01 7.499585151672363281e-01 2.126675844192504883e-01 3.903428912162780762e-01 2.410318851470947266e-01 8.608680367469787598e-01 0.000000000000000000e+00 0.000000000000000000e+00 0.000000000000000000e+00
7.668489217758178711e-01 7.810731530189514160e-01 9.854671955108642578e-01 2.750820517539978027e-01 9.798955321311950684e-01 8.662632703781127930e-01 6.143416762351989746e-01 6.634150147438049316e-01 2.678781747817993164e-01 1.000000000000000000e+00 1.000000000000000000e+00 1.000000000000000000e+00
5.822249054908752441e-01 6.001421213150024414e-01 1.321823000907897949e-01 2.871926426887512207e-01 8.566691279411315918e-01 4.486119747161865234e-01 4.912720322608947754e-01 1.026501655578613281e-01 6.904714107513427734e-01 1.000000000000000000e+00 0.000000000000000000e+00 0.000000000000000000e+00
3.437468409538269043e-01 6.113278865814208984e-01 2.042590379714965820e-01 5.074630975723266602e-01 4.633620381355285645e-01 4.150698781013488770e-01 5.614632964134216309e-01 2.516858577728271484e-01 5.582888126373291016e-01 0.000000000000000000e+00 0.000000000000000000e+00 0.000000000000000000e+00
8.688572049140930176e-01 1.553170084953308105e-01 1.453994512557983398e-01 4.891649484634399414e-01 6.262077093124389648e-01 4.150102138519287109e-01 6.641262769699096680e-02 5.834532976150512695e-01 7.944128513336181641e-01 0.000000000000000000e+00 0.000000000000000000e+00 0.000000000000000000e+00
2.090534567832946777e-01 4.218713641166687012e-01 1.374604701995849609e-01 2.357601523399353027e-01 5.307226181030273438e-01 4.757339954376220703e-01 8.550080060958862305e-01 6.434447765350341797e-01 3.493254780769348145e-01 0.000000000000000000e+00 1.000000000000000000e+00 0.000000000000000000e+00
6.417503952980041504e-01 3.843593597412109375e-01 5.060479640960693359e-01 7.610795497894287109e-01 8.512473106384277344e-02 7.435441613197326660e-01 4.663960337638854980e-01 1.147964000701904297e-01 7.335280179977416992e-01 1.000000000000000000e+00 1.000000000000000000e+00 1.000000000000000000e+00
9.763844609260559082e-01 1.399580836296081543e-01 9.479690194129943848e-01 6.755414009094238281e-01 4.468215703964233398e-01 5.117977261543273926e-01 9.946976304054260254e-01 1.511021256446838379e-01 7.137218713760375977e-01 0.000000000000000000e+00 1.000000000000000000e+00 0.000000000000000000e+00
6.201567649841308594e-01 8.557227849960327148e-01 1.259940862655639648e-01 5.058028697967529297e-01 4.953065514564514160e-01 2.745735049247741699e-01 7.996581792831420898e-01 4.852746129035949707e-01 1.077582240104675293e-01 0.000000000000000000e+00 0.000000000000000000e+00 0.000000000000000000e+00
1.545012593269348145e-01 4.009450078010559082e-01 6.588668227195739746e-01 5.054163932800292969e-02 6.703263521194458008e-02 5.997922420501708984e-01 2.600175142288208008e-01 3.294228315353393555e-01 6.685029268264770508e-01 0.000000000000000000e+00 0.000000000000000000e+00 0.000000000000000000e+00
8.144401311874389648e-01 7.863836884498596191e-01 9.474111795425415039e-01 8.709681034088134766e-01 1.797848343849182129e-01 5.136345028877258301e-01 5.506708621978759766e-01 2.184166908264160156e-01 6.758565306663513184e-01 0.000000000000000000e+00 0.000000000000000000e+00 0.000000000000000000e+00
9.052816033363342285e-01 4.703455567359924316e-01 8.759132027626037598e-01 5.454548001289367676e-01 8.580838441848754883e-01 5.817945599555969238e-01 3.139892220497131348e-01 3.562927246093750000e-02 8.392530679702758789e-01 1.000000000000000000e+00 0.000000000000000000e+00 0.000000000000000000e+00
5.266727805137634277e-01 1.802359223365783691e-01 1.381969451904296875e-01 3.650284409523010254e-01 7.654731869697570801e-01 6.864897012710571289e-01 2.528085112571716309e-01 1.463727951049804688e-01 5.838935971260070801e-01 0.000000000000000000e+00 0.000000000000000000e+00 0.000000000000000000e+00
5.759554505348205566e-01 5.552495718002319336e-01 4.643881320953369141e-01 6.849582195281982422e-01 4.097640514373779297e-03 1.185717582702636719e-01 7.568771839141845703e-01 7.109351158142089844e-01 6.367068290710449219e-01 1.000000000000000000e+00 0.000000000000000000e+00 0.000000000000000000e+00
2.834188640117645264e-01 8.690367937088012695e-01 1.359931826591491699e-01 7.977479696273803711e-01 1.925436258316040039e-01 8.097031116485595703e-01 2.318406105041503906e-01 7.782506942749023438e-02 6.577551364898681641e-02 0.000000000000000000e+00 0.000000000000000000e+00 0.000000000000000000e+00
9.842278957366943359e-01 1.458483934402465820e-01 9.625652432441711426e-01 8.815899491310119629e-01 4.541382193565368652e-01 8.372057676315307617e-01 2.945586442947387695e-01 2.540959119796752930e-01 8.396057486534118652e-01 0.000000000000000000e+00 1.000000000000000000e+00 0.000000000000000000e+00
9.764237999916076660e-01 3.515648841857910156e-02 3.302845358848571777e-01 8.027533292770385742e-01 1.629087924957275391e-01 1.164995431900024414e-01 6.411510705947875977e-02 1.585173606872558594e-02 2.275371551513671875e-02 0.000000000000000000e+00 0.000000000000000000e+00 0.000000000000000000e+00
5.857592225074768066e-01 8.647571802139282227e-01 3.818947672843933105e-01 4.875002503395080566e-01 6.169921755790710449e-01 2.692919969558715820e-02 1.114423274993896484e-01 2.801965475082397461e-01 7.839533686637878418e-01 0.000000000000000000e+00 0.000000000000000000e+00 0.000000000000000000e+00
3.004335165023803711e-01 3.687325119972229004e-01 5.250887274742126465e-01 6.381690502166748047e-03 3.861768841743469238e-01 8.627054691314697266e-01 6.308094859123229980e-01 8.721348643302917480e-01 3.459948301315307617e-01 1.000000000000000000e+00 0.000000000000000000e+00 0.000000000000000000e+00
8.267383575439453125e-01 9.655158519744873047e-01 5.983166098594665527e-01 1.851253509521484375e-01 8.340640664100646973e-01 1.054040789604187012e-01 5.770027637481689453e-01 6.435912251472473145e-01 2.789729237556457520e-01 0.000000000000000000e+00 0.000000000000000000e+00 0.000000000000000000e+00
9.753015041351318359e-01 3.354285359382629395e-01 7.456836104393005371e-01 9.853328466415405273e-01 7.287299036979675293e-01 5.395514369010925293e-01 4.667422175407409668e-01 9.121489524841308594e-02 1.262459158897399902e-01 0.000000000000000000e+00 0.000000000000000000e+00 0.000000000000000000e+00
4.184048771858215332e-01 7.280912399291992188e-01 1.929326653480529785e-01 7.789953351020812988e-01 6.189507246017456055e-02 3.301000595092773438e-01 8.387787938117980957e-01 8.340221643447875977e-02 6.914333701133728027e-01 1.000000000000000000e+00 0.000000000000000000e+00 0.000000000000000000e+00
9.817633032798767090e-01 9.839665889739990234e-02 3.889232873916625977e-02 6.824926137924194336e-01 7.519576549530029297e-01 3.101902008056640625e-01 3.261060118675231934e-01 7.047808170318603516e-01 9.700000882148742676e-01 0.000000000000000000e+00 0.000000000000000000e+00 0.000000000000000000e+00
9.404554963111877441e-01 3.934410214424133301e-01 4.223039746284484863e-01 6.670510172843933105e-01 3.084728717803955078e-01 2.699917554855346680e-02 9.371799826622009277e-01 6.656350493431091309e-01 9.829670786857604980e-01 0.000000000000000000e+00 0.000000000000000000e+00 0.000000000000000000e+00
5.166967511177062988e-01 9.517170190811157227e-01 9.040864109992980957e-01 3.182757496833801270e-01 5.843012928962707520e-01 7.619106173515319824e-01 9.908360242843627930e-02 4.765980243682861328e-01 3.463091850280761719e-01 0.000000000000000000e+00 0.000000000000000000e+00 0.000000000000000000e+00
1.685672998428344727e-01 4.756537079811096191e-01 5.994134545326232910e-01 5.528604984283447266e-02 2.880251407623291016e-01 8.276285529136657715e-01 4.832460880279541016e-01 1.985329389572143555e-01 7.838041186332702637e-01 0.000000000000000000e+00 1.000000000000000000e+00 0.000000000000000000e+00
9.971612691879272461e-01 4.056859612464904785e-01 6.428598761558532715e-01 9.786245226860046387e-01 8.696138262748718262e-01 2.142171859741210938e-01 3.356139063835144043e-01 1.362007856369018555e-02 5.233675837516784668e-01 1.000000000000000000e+00 1.000000000000000000e+00 1.000000000000000000e+00
9.924593567848205566e-01 4.855972528457641602e-02 7.566523551940917969e-02 8.627024888992309570e-01 8.005921840667724609e-01 4.159349799156188965e-01 9.091139435768127441e-01 7.080376148223876953e-03 2.262550592422485352e-02 0.000000000000000000e+00 1.000000000000000000e+00 0.000000000000000000e+00
9.275780916213989258e-01 2.799726128578186035e-01 9.002087116241455078e-01 3.535658121109008789e-02 3.424451351165771484e-01 7.688236236572265625e-02 9.037153720855712891e-01 6.263836026191711426e-01 8.317122459411621094e-01 0.000000000000000000e+00 1.000000000000000000e+00 0.000000000000000000e+00
5.597741007804870605e-01 6.410367488861083984e-01 8.350883722305297852e-01 7.845896482467651367e-02 5.011174678802490234e-01 9.018977880477905273e-01 5.087814927101135254e-01 3.665435910224914551e-01 5.967351794242858887e-01 0.000000000000000000e+00 0.000000000000000000e+00 0.000000000000000000e+00
8.978357911109924316e-01 3.409303426742553711e-01 7.533548474311828613e-01 3.698437809944152832e-01 2.991741299629211426e-01 9.441912174224853516e-02 9.589120149612426758e-01 5.287305116653442383e-01 2.439374327659606934e-01 0.000000000000000000e+00 0.000000000000000000e+00 0.000000000000000000e+00
7.497121095657348633e-01 9.732142090797424316e-01 5.960911512374877930e-01 7.065750956535339355e-01 5.677221417427062988e-01 2.319258451461791992e-01 2.066485285758972168e-01 7.205357551574707031e-01 8.587796092033386230e-01 0.000000000000000000e+00 0.000000000000000000e+00 0.000000000000000000e+00
4.511316120624542236e-01 1.881487369537353516e-01 2.305828928947448730e-01 2.346724867820739746e-01 9.801245331764221191e-01 4.639039635658264160e-01 9.483056068420410156e-01 6.480889916419982910e-01 9.521603584289550781e-03 1.000000000000000000e+00 1.000000000000000000e+00 1.000000000000000000e+00
1.933872103691101074e-01 8.364446759223937988e-01 9.446201920509338379e-01 4.969954490661621094e-03 1.196706891059875488e-01 9.987028837203979492e-01 1.361500024795532227e-01 9.122040867805480957e-01 8.381992578506469727e-01 0.000000000000000000e+00 0.000000000000000000e+00 0.000000000000000000e+00
9.542054533958435059e-01 2.107309103012084961e-01 6.001366972923278809e-01 8.158264160156250000e-01 6.552334427833557129e-01 7.140961885452270508e-01 8.572295308113098145e-01 6.142634153366088867e-02 8.431383371353149414e-01 0.000000000000000000e+00 1.000000000000000000e+00 0.000000000000000000e+00
7.205238342285156250e-01 7.645968794822692871e-01 6.016721725463867188e-01 7.000682950019836426e-01 6.727525591850280762e-01 5.770398378372192383e-01 7.424631118774414062e-01 4.142932891845703125e-01 5.022290945053100586e-01 1.000000000000000000e+00 0.000000000000000000e+00 0.000000000000000000e+00
8.952257633209228516e-01 2.666316032409667969e-01 9.588205814361572266e-02 9.331412315368652344e-01 3.287323713302612305e-01 5.103283524513244629e-01 9.635614156723022461e-01 6.930518150329589844e-01 2.110654115676879883e-02 0.000000000000000000e+00 1.000000000000000000e+00 0.000000000000000000e+00
9.914656281471252441e-01 1.124286651611328125e-01 9.018450379371643066e-01 6.346279382705688477e-01 3.541879057884216309e-01 6.514775753021240234e-02 4.371625185012817383e-02 8.677065372467041016e-02 4.499163627624511719e-01 0.000000000000000000e+00 0.000000000000000000e+00 0.000000000000000000e+00
9.212412238121032715e-01 5.189430117607116699e-01 2.343463301658630371e-01 8.732736706733703613e-01 5.316398739814758301e-01 4.778740406036376953e-01 7.528280019760131836e-01 2.023428678512573242e-02 3.394444584846496582e-01 0.000000000000000000e+00 1.000000000000000000e+00 0.000000000000000000e+00
3.763479888439178467e-01 5.963064432144165039e-01 2.706927061080932617e-01 1.528155803680419922e-01 8.802065253257751465e-01 4.636820554733276367e-01 6.633499264717102051e-01 3.150610923767089844e-01 7.839687466621398926e-01 1.000000000000000000e+00 0.000000000000000000e+00 0.000000000000000000e+00
6.315729618072509766e-01 1.058113574981689453e-02 4.240533113479614258e-01 3.128992319107055664e-01 4.533267021179199219e-01 4.443694353103637695e-01 4.732348918914794922e-01 5.197138786315917969e-01 8.143224120140075684e-01 0.000000000000000000e+00 0.000000000000000000e+00 0.000000000000000000e+00
8.981845378875732422e-01 2.979878187179565430e-01 8.004054427146911621e-01 2.934458851814270020e-01 3.470186591148376465e-01 1.044133305549621582e-01 6.328953504562377930e-01 4.417982697486877441e-01 1.045781373977661133e-02 0.000000000000000000e+00 0.000000000000000000e+00 0.000000000000000000e+00
5.983471274375915527e-01 4.452877044677734375e-01 3.022334575653076172e-01 6.168895959854125977e-01 5.831235051155090332e-01 7.857808470726013184e-01 9.567294120788574219e-01 8.406589031219482422e-01 5.883401036262512207e-01 1.000000000000000000e+00 0.000000000000000000e+00 0.000000000000000000e+00
8.074922561645507812e-01 4.956486821174621582e-01 9.824568033218383789e-01 9.308313727378845215e-01 1.564363837242126465e-01 9.666465520858764648e-01 8.175032138824462891e-01 3.031938076019287109e-01 2.563440203666687012e-01 0.000000000000000000e+00 0.000000000000000000e+00 0.000000000000000000e+00
5.408574342727661133e-01 8.059003353118896484e-01 9.463477134704589844e-02 1.272751688957214355e-01 8.568922281265258789e-01 8.954537510871887207e-01 7.177391648292541504e-01 4.962260723114013672e-01 4.230187535285949707e-01 0.000000000000000000e+00 0.000000000000000000e+00 0.000000000000000000e+00
6.324005722999572754e-01 4.000023603439331055e-01 8.008521795272827148e-02 5.571450591087341309e-01 5.429565906524658203e-03 9.176027774810791016e-02 1.916058063507080078e-01 1.943386793136596680e-01 6.409885287284851074e-01 0.000000000000000000e+00 0.000000000000000000e+00 0.000000000000000000e+00
7.733299136161804199e-01 7.822886705398559570e-01 6.893032193183898926e-01 5.143633484840393066e-01 8.887392878532409668e-01 6.034408807754516602e-01 1.531291604042053223e-01 4.832453131675720215e-01 3.484283685684204102e-01 1.000000000000000000e+00 0.000000000000000000e+00 0.000000000000000000e+00
9.684239029884338379e-01 9.019112586975097656e-02 9.673143029212951660e-01 6.310841441154479980e-01 2.798862457275390625e-01 3.428904414176940918e-01 6.513819694519042969e-01 6.412357091903686523e-02 7.262764573097229004e-01 0.000000000000000000e+00 1.000000000000000000e+00 0.000000000000000000e+00
6.414084434509277344e-01 7.080184817314147949e-01 3.194512128829956055e-01 5.269072651863098145e-01 5.787162184715270996e-01 7.066230773925781250e-01 3.785130381584167480e-01 1.847950816154479980e-01 4.822427034378051758e-02 0.000000000000000000e+00 0.000000000000000000e+00 0.000000000000000000e+00
9.972233772277832031e-01 3.643526434898376465e-01 6.527453064918518066e-01 8.655987977981567383e-01 9.944846630096435547e-01 9.676202535629272461e-01 8.116899132728576660e-01 1.387337446212768555e-01 9.252497553825378418e-01 0.000000000000000000e+00 0.000000000000000000e+00 0.000000000000000000e+00
8.919158577919006348e-01 6.855093240737915039e-01 9.869918227195739746e-01 4.475226402282714844e-01 6.193004846572875977e-01 1.272301673889160156e-01 9.696518778800964355e-01 7.996931076049804688e-01 6.581761837005615234e-01 0.000000000000000000e+00 0.000000000000000000e+00 0.000000000000000000e+00
9.364429116249084473e-01 3.929013609886169434e-01 8.099319338798522949e-01 2.551707625389099121e-01 9.873573184013366699e-01 7.320833206176757812e-02 5.390167236328125000e-01 7.883684635162353516e-01 1.146063208580017090e-01 1.000000000000000000e+00 1.000000000000000000e+00 1.000000000000000000e+00
6.765002012252807617e-01 9.659339785575866699e-01 4.153476953506469727e-01 5.868513584136962891e-01 5.454784631729125977e-01 5.896748304367065430e-01 6.783604621887207031e-04 8.468434810638427734e-01 6.471948623657226562e-01 0.000000000000000000e+00 0.000000000000000000e+00 0.000000000000000000e+00
3.657062649726867676e-01 7.960584163665771484e-01 3.610924482345581055e-01 3.648757338523864746e-01 5.300188064575195312e-01 9.086603522300720215e-01 6.398994326591491699e-01 2.167455554008483887e-01 6.116623878479003906e-01 0.000000000000000000e+00 0.000000000000000000e+00 0.000000000000000000e+00
8.807691335678100586e-01 8.238754868507385254e-01 4.532666206359863281e-01 4.426195621490478516e-01 8.807727098464965820e-01 7.856108546257019043e-01 5.466722249984741211e-01 5.502620339393615723e-01 9.691064357757568359e-01 0.000000000000000000e+00 0.000000000000000000e+00 0.000000000000000000e+00
9.259474277496337891e-01 1.429410576820373535e-01 7.614958286285400391e-01 9.539884328842163086e-02 1.239424943923950195e-02 1.983013749122619629e-01 2.258582711219787598e-01 3.547829389572143555e-01 9.256540536880493164e-01 0.000000000000000000e+00 0.000000000000000000e+00 0.000000000000000000e+00
4.840934872627258301e-01 5.573008060455322266e-01 3.673899173736572266e-02 6.237882375717163086e-01 4.904295206069946289e-01 5.588794350624084473e-01 5.325311422348022461e-02 6.283652782440185547e-01 5.152941942214965820e-01 0.000000000000000000e+00 0.000000000000000000e+00 0.000000000000000000e+00
3.043489158153533936e-01 4.269941449165344238e-01 1.910072565078735352e-01 4.749249219894409180e-01 1.684544682502746582e-01 3.561976552009582520e-01 6.294641494750976562e-01 1.581071019172668457e-01 4.108410477638244629e-01 1.000000000000000000e+00 1.000000000000000000e+00 1.000000000000000000e+00
7.349862456321716309e-01 5.668637752532958984e-01 1.747359037399291992e-01 5.204864740371704102e-01 8.698248863220214844e-01 7.104706764221191406e-01 8.174806833267211914e-01 3.203797340393066406e-02 4.856461286544799805e-02 0.000000000000000000e+00 1.000000000000000000e+00 0.000000000000000000e+00
8.595395088195800781e-01 4.018955826759338379e-01 7.130593061447143555e-01 5.456851720809936523e-01 5.411964654922485352e-01 3.913041949272155762e-01 4.708330631256103516e-01 7.524642944335937500e-01 7.602536678314208984e-02 0.000000000000000000e+00 1.000000000000000000e+00 0.000000000000000000e+00
8.888669610023498535e-01 6.713292598724365234e-01 3.700272440910339355e-01 9.997450709342956543e-01 1.871851682662963867e-01 3.511410355567932129e-01 4.142575860023498535e-01 4.993652105331420898e-01 4.310266971588134766e-01 0.000000000000000000e+00 0.000000000000000000e+00 0.000000000000000000e+00
9.793324470520019531e-01 7.390618324279785156e-02 6.995810270309448242e-01 8.970586061477661133e-01 7.265073060989379883e-02 4.063932299613952637e-01 1.140589118003845215e-01 5.743573307991027832e-01 2.746385931968688965e-01 1.000000000000000000e+00 0.000000000000000000e+00 0.000000000000000000e+00
8.346655368804931641e-01 5.699450373649597168e-01 2.746002078056335449e-01 6.308748722076416016e-01 5.596805810928344727e-01 4.417317509651184082e-01 4.742156267166137695e-01 6.932652592658996582e-01 9.404802918434143066e-01 0.000000000000000000e+00 0.000000000000000000e+00 0.000000000000000000e+00
9.894627928733825684e-01 3.954195380210876465e-01 8.947424888610839844e-01 8.540977239608764648e-01 8.393045663833618164e-01 4.062143564224243164e-01 6.075236201286315918e-01 1.505011320114135742e-02 8.008082509040832520e-01 0.000000000000000000e+00 0.000000000000000000e+00 0.000000000000000000e+00
9.965330362319946289e-01 1.534672379493713379e-01 7.556942105293273926e-01 9.902454018592834473e-01 2.564551234245300293e-01 4.729353785514831543e-01 5.293201208114624023e-01 7.791161537170410156e-01 4.984475374221801758e-01 0.000000000000000000e+00 0.000000000000000000e+00 0.000000000000000000e+00
9.614523053169250488e-01 3.621575236320495605e-01 4.497331380844116211e-01 7.697656154632568359e-01 2.653998136520385742e-01 1.482973694801330566e-01 4.366033673286437988e-01 9.379961490631103516e-01 8.577689528465270996e-01 1.000000000000000000e+00 0.000000000000000000e+00 0.000000000000000000e+00
6.914538145065307617e-01 9.045410156250000000e-02 1.582673788070678711e-01 4.353356957435607910e-01 5.506784319877624512e-01 8.236294388771057129e-01 2.254868149757385254e-01 5.093562602996826172e-01 5.527476668357849121e-01 0.000000000000000000e+00 0.000000000000000000e+00 0.000000000000000000e+00
5.023707151412963867e-01 9.925533533096313477e-01 9.758269786834716797e-01 1.261485815048217773e-01 5.085368156433105469e-01 1.703071594238281250e-01 7.758985757827758789e-01 3.210348486900329590e-01 2.228837609291076660e-01 1.000000000000000000e+00 0.000000000000000000e+00 0.000000000000000000e+00
8.717609643936157227e-01 5.833619832992553711e-01 7.403723597526550293e-01 6.968308091163635254e-01 6.075801253318786621e-01 4.617258310317993164e-01 6.598884463310241699e-01 1.253091096878051758e-01 2.229953408241271973e-01 1.000000000000000000e+00 1.000000000000000000e+00 1.000000000000000000e+00
6.845639944076538086e-01 7.453486919403076172e-01 3.447256088256835938e-01 1.600232720375061035e-01 7.990091443061828613e-01 2.545199990272521973e-01 2.515279650688171387e-01 3.087431192398071289e-02 9.405940771102905273e-01 0.000000000000000000e+00 0.000000000000000000e+00 0.000000000000000000e+00
6.188922524452209473e-01 2.699355483055114746e-01 4.758781194686889648e-01 1.654005050659179688e-02 9.445716738700866699e-01 5.141692757606506348e-01 3.165500164031982422e-01 3.714020848274230957e-01 8.242971301078796387e-01 0.000000000000000000e+00 0.000000000000000000e+00 0.000000000000000000e+00
1.586258858442306519e-01 4.156566262245178223e-01 9.740811586380004883e-02 2.429389953613281250e-01 1.235168576240539551e-01 9.840435385704040527e-01 3.768460750579833984e-01 7.365140914916992188e-01 6.345729231834411621e-01 1.000000000000000000e+00 0.000000000000000000e+00 0.000000000000000000e+00
5.367302298545837402e-01 3.932752609252929688e-01 5.418826937675476074e-01 3.029304742813110352e-01 3.530509471893310547e-01 3.423161506652832031e-01 1.857451200485229492e-01 5.467629432678222656e-02 5.243616104125976562e-01 1.000000000000000000e+00 0.000000000000000000e+00 0.000000000000000000e+00
7.234408855438232422e-01 8.016828298568725586e-01 5.228821635246276855e-01 8.522552251815795898e-01 2.726565599441528320e-01 1.034648418426513672e-01 2.945868968963623047e-01 5.050718784332275391e-03 5.088844299316406250e-01 0.000000000000000000e+00 0.000000000000000000e+00 0.000000000000000000e+00
9.863989353179931641e-01 4.850748777389526367e-01 3.774477839469909668e-01 9.632637500762939453e-01 1.210336089134216309e-01 1.822842359542846680e-01 1.355208754539489746e-01 7.086584568023681641e-01 4.382741451263427734e-01 1.000000000000000000e+00 0.000000000000000000e+00 0.000000000000000000e+00
9.753946065902709961e-01 1.773582696914672852e-01 8.762615919113159180e-01 3.103489875793457031e-01 3.944261670112609863e-01 1.287542581558227539e-01 8.882036209106445312e-01 7.552307844161987305e-01 4.080731272697448730e-01 0.000000000000000000e+00 0.000000000000000000e+00 0.000000000000000000e+00
6.452737450599670410e-01 2.637353539466857910e-01 3.831468820571899414e-01 4.758371114730834961e-01 6.006245613098144531e-01 7.544252872467041016e-01 8.717713356018066406e-01 7.572895288467407227e-01 1.243872046470642090e-01 1.000000000000000000e+00 0.000000000000000000e+00 0.000000000000000000e+00
3.328374326229095459e-01 1.566370129585266113e-01 1.861213445663452148e-01 2.521023154258728027e-01 7.456906437873840332e-01 2.462413907051086426e-01 4.504576325416564941e-01 7.323279380798339844e-01 6.668522357940673828e-01 0.000000000000000000e+00 0.000000000000000000e+00 0.000000000000000000e+00
6.963619589805603027e-01 1.022276878356933594e-01 7.265254855155944824e-01 1.453552246093750000e-01 4.105375409126281738e-01 8.254308700561523438e-01 5.956495404243469238e-01 5.867870450019836426e-01 1.445382237434387207e-01 0.000000000000000000e+00 1.000000000000000000e+00 0.000000000000000000e+00
8.799842000007629395e-01 5.442386269569396973e-01 9.242438673973083496e-01 8.197106719017028809e-01 3.683030605316162109e-01 6.704117059707641602e-01 9.060328602790832520e-01 9.661981463432312012e-01 4.778694510459899902e-01 0.000000000000000000e+00 0.000000000000000000e+00 0.000000000000000000e+00
6.810265183448791504e-01 4.900050759315490723e-01 6.828337907791137695e-02 5.571617484092712402e-01 5.528216361999511719e-01 9.051156044006347656e-02 8.547121286392211914e-02 6.713967919349670410e-01 3.486621379852294922e-02 0.000000000000000000e+00 0.000000000000000000e+00 0.000000000000000000e+00
4.186302721500396729e-01 2.554842233657836914e-01 3.778078556060791016e-01 6.303656101226806641e-01 5.352497100830078125e-02 7.576055526733398438e-01 1.621464490890502930e-01 2.265020012855529785e-01 1.045273542404174805e-01 0.000000000000000000e+00 0.000000000000000000e+00 0.000000000000000000e+00
4.273463189601898193e-01 3.968632221221923828e-02 9.673810005187988281e-02 4.083390235900878906e-01 1.448686718940734863e-01 8.328526616096496582e-01 1.163352727890014648e-01 9.631870985031127930e-01 3.629812002182006836e-01 0.000000000000000000e+00 0.000000000000000000e+00 0.000000000000000000e+00
6.475817561149597168e-01 6.720213294029235840e-01 5.845240950584411621e-01 7.097661495208740234e-01 3.814629912376403809e-01 7.167136669158935547e-01 9.135277867317199707e-01 4.243575930595397949e-01 4.116378426551818848e-01 0.000000000000000000e+00 0.000000000000000000e+00 0.000000000000000000e+00
9.862136244773864746e-01 3.312458992004394531e-01 5.216808915138244629e-01 9.525564312934875488e-01 4.545688033103942871e-01 8.462178707122802734e-02 2.079430818557739258e-01 2.636723518371582031e-01 8.026177883148193359e-01 0.000000000000000000e+00 0.000000000000000000e+00 0.000000000000000000e+00
9.042662978172302246e-01 6.581357121467590332e-01 9.710464477539062500e-01 8.679503798484802246e-01 5.726045370101928711e-01 8.813114762306213379e-01 3.946940302848815918e-01 6.852984428405761719e-02 1.843444108963012695e-01 0.000000000000000000e+00 0.000000000000000000e+00 0.000000000000000000e+00
2.943797111511230469e-01 9.870597720146179199e-01 9.866265654563903809e-01 2.084780931472778320e-01 8.133716583251953125e-01 7.467007637023925781e-01 4.166247844696044922e-01 1.796731352806091309e-01 5.030353665351867676e-01 0.000000000000000000e+00 0.000000000000000000e+00 0.000000000000000000e+00
9.864856004714965820e-01 5.302375555038452148e-02 8.397868871688842773e-01 4.208647012710571289e-01 7.087427377700805664e-01 1.076412200927734375e-01 6.602710485458374023e-02 5.224820971488952637e-01 2.828164100646972656e-01 0.000000000000000000e+00 0.000000000000000000e+00 0.000000000000000000e+00
2.176533192396163940e-01 9.283949732780456543e-01 7.958299517631530762e-01 4.704076051712036133e-02 3.249872326850891113e-01 8.598576188087463379e-01 1.529945135116577148e-01 5.158713459968566895e-01 7.594805955886840820e-02 1.000000000000000000e+00 1.000000000000000000e+00 1.000000000000000000e+00
8.785287737846374512e-01 3.418948650360107422e-01 8.663497567176818848e-01 3.086155652999877930e-01 3.909321427345275879e-01 6.650090217590332031e-02 9.693680405616760254e-01 8.886920213699340820e-01 2.289682626724243164e-02 0.000000000000000000e+00 0.000000000000000000e+00 0.000000000000000000e+00
6.266542673110961914e-01 6.416460871696472168e-01 9.627810120582580566e-01 3.021411895751953125e-01 3.049287796020507812e-01 2.053756713867187500e-01 6.481419801712036133e-01 5.975621938705444336e-02 7.086354494094848633e-02 0.000000000000000000e+00 0.000000000000000000e+00 0.000000000000000000e+00
4.091569185256958008e-01 5.536287426948547363e-01 7.951469421386718750e-01 8.153116703033447266e-02 2.063944935798645020e-01 4.394166469573974609e-01 2.862205505371093750e-01 5.986722111701965332e-01 2.350495457649230957e-01 1.000000000000000000e+00 0.000000000000000000e+00 0.000000000000000000e+00
9.498698115348815918e-01 4.071748256683349609e-01 3.546797037124633789e-01 9.072736501693725586e-01 2.597736120223999023e-01 3.722080588340759277e-01 3.353428840637207031e-02 1.295368671417236328e-01 6.305628418922424316e-01 1.000000000000000000e+00 0.000000000000000000e+00 0.000000000000000000e+00
5.997461080551147461e-01 9.298370480537414551e-01 2.460826039314270020e-01 9.727871417999267578e-01 2.498311400413513184e-01 5.578389167785644531e-01 6.006526947021484375e-02 1.823188066482543945e-01 5.729404687881469727e-01 0.000000000000000000e+00 0.000000000000000000e+00 0.000000000000000000e+00
9.341270923614501953e-01 2.786028385162353516e-02 9.492940902709960938e-01 6.027259230613708496e-01 9.166502952575683594e-02 6.116798520088195801e-01 6.441696882247924805e-01 5.964584946632385254e-01 1.437265276908874512e-01 0.000000000000000000e+00 1.000000000000000000e+00 0.000000000000000000e+00
4.145001173019409180e-01 6.943858265876770020e-01 7.279524803161621094e-01 4.112123250961303711e-01 3.822472095489501953e-01 4.800959229469299316e-01 1.440140008926391602e-01 5.453159809112548828e-01 5.640714168548583984e-01 1.000000000000000000e+00 0.000000000000000000e+00 0.000000000000000000e+00
4.126264452934265137e-01 9.631000757217407227e-01 3.166159987449645996e-01 7.913392782211303711e-02 4.716404676437377930e-01 7.732496261596679688e-01 8.316531181335449219e-01 7.655893564224243164e-01 4.733163118362426758e-01 1.000000000000000000e+00 0.000000000000000000e+00 0.000000000000000000e+00
4.660913646221160889e-01 8.750808835029602051e-01 7.749934792518615723e-01 1.711018085479736328e-01 9.540301561355590820e-01 8.123545646667480469e-01 6.110398173332214355e-01 6.087670922279357910e-01 9.038823246955871582e-01 1.000000000000000000e+00 0.000000000000000000e+00 0.000000000000000000e+00
3.897234201431274414e-01 6.002981662750244141e-01 3.612307906150817871e-01 3.044347167015075684e-01 7.299274802207946777e-01 9.392292499542236328e-01 1.267272233963012695e-01 2.536875009536743164e-02 5.198972225189208984e-01 1.000000000000000000e+00 0.000000000000000000e+00 0.000000000000000000e+00
8.911104202270507812e-01 1.302812099456787109e-01 2.745603919029235840e-01 6.055272817611694336e-01 3.757516741752624512e-01 7.911663651466369629e-01 4.484255909919738770e-01 6.338202357292175293e-01 8.339694738388061523e-01 0.000000000000000000e+00 0.000000000000000000e+00 0.000000000000000000e+00
4.312290549278259277e-01 4.567934274673461914e-01 1.109969615936279297e-01 8.510470390319824219e-02 9.489429593086242676e-01 4.276110529899597168e-01 5.885733366012573242e-01 9.941487312316894531e-01 6.092333197593688965e-01 1.000000000000000000e+00 0.000000000000000000e+00 0.000000000000000000e+00
6.295297145843505859e-01 9.496865272521972656e-01 3.904467821121215820e-01 5.764340758323669434e-01 7.989662289619445801e-01 5.752174854278564453e-01 6.245443820953369141e-01 9.771174192428588867e-01 7.949829101562500000e-02 0.000000000000000000e+00 0.000000000000000000e+00 0.000000000000000000e+00
9.896090030670166016e-01 2.945649623870849609e-02 1.218683719635009766e-01 6.395745873451232910e-01 9.006176590919494629e-01 1.399641036987304688e-01 4.574017524719238281e-01 4.752105474472045898e-02 3.176194429397583008e-01 0.000000000000000000e+00 0.000000000000000000e+00 0.000000000000000000e+00
2.511196732521057129e-01 6.049260497093200684e-01 1.285225749015808105e-01 4.026330709457397461e-01 3.808898329734802246e-01 3.324994444847106934e-01 1.628758311271667480e-01 1.556919813156127930e-01 5.305861830711364746e-01 1.000000000000000000e+00 0.000000000000000000e+00 0.000000000000000000e+00
1.955998241901397705e-01 7.098359465599060059e-01 1.230062842369079590e-01 9.883600473403930664e-02 5.114925503730773926e-01 6.468831896781921387e-01 7.142173647880554199e-01 4.866690039634704590e-01 2.701994776725769043e-01 0.000000000000000000e+00 0.000000000000000000e+00 0.000000000000000000e+00
9.375295042991638184e-01 4.947414398193359375e-01 9.046082496643066406e-01 6.506981849670410156e-01 7.890688776969909668e-01 4.049205780029296875e-01 8.221481442451477051e-01 2.583947181701660156e-01 1.911503076553344727e-02 0.000000000000000000e+00 1.000000000000000000e+00 0.000000000000000000e+00
7.312592267990112305e-01 2.107530236244201660e-01 7.392218708992004395e-01 1.544526815414428711e-01 4.572526812553405762e-01 1.905343532562255859e-01 4.601866006851196289e-01 6.470217108726501465e-01 4.482631087303161621e-01 1.000000000000000000e+00 0.000000000000000000e+00 0.000000000000000000e+00
6.878105998039245605e-01 7.541887760162353516e-01 7.665698528289794922e-01 4.639191031455993652e-01 5.472876429557800293e-01 1.280542612075805664e-01 2.790839076042175293e-01 3.774083852767944336e-01 1.757842898368835449e-01 0.000000000000000000e+00 0.000000000000000000e+00 0.000000000000000000e+00
3.621687591075897217e-01 2.766488194465637207e-01 3.088065385818481445e-01 3.300099968910217285e-01 4.913111329078674316e-01 6.484894156455993652e-01 2.763544321060180664e-01 2.710279226303100586e-01 5.425258278846740723e-01 0.000000000000000000e+00 1.000000000000000000e+00 0.000000000000000000e+00
8.509003520011901855e-01 8.955738544464111328e-01 5.979855656623840332e-01 6.603298187255859375e-01 6.303650736808776855e-01 7.414025068283081055e-02 4.044043421745300293e-01 8.157183527946472168e-01 5.343031287193298340e-01 0.000000000000000000e+00 0.000000000000000000e+00 0.000000000000000000e+00
9.969696402549743652e-01 1.672446727752685547e-03 4.740892648696899414e-01 9.715682268142700195e-01 8.777833580970764160e-01 6.419518589973449707e-01 1.567198634147644043e-01 6.248202919960021973e-01 7.682487368583679199e-01 0.000000000000000000e+00 1.000000000000000000e+00 0.000000000000000000e+00
1.759540289640426636e-02 4.613798856735229492e-02 9.882515668869018555e-02 3.849804401397705078e-02 5.073876380920410156e-01 5.170351266860961914e-02 4.888355731964111328e-02 2.676257491111755371e-01 4.134414792060852051e-01 1.000000000000000000e+00 0.000000000000000000e+00 0.000000000000000000e+00
8.513053655624389648e-01 1.488975286483764648e-01 3.582562208175659180e-01 5.632450580596923828e-01 7.841716408729553223e-01 9.839349389076232910e-01 7.209370136260986328e-01 8.958576321601867676e-01 9.715619683265686035e-01 0.000000000000000000e+00 0.000000000000000000e+00 0.000000000000000000e+00
9.894859790802001953e-01 2.521584630012512207e-01 6.812622547149658203e-01 8.904018998146057129e-01 6.862053275108337402e-01 5.001416206359863281e-01 3.394402265548706055e-01 7.860803008079528809e-01 3.704580068588256836e-01 0.000000000000000000e+00 0.000000000000000000e+00 0.000000000000000000e+00
1.645542234182357788e-01 6.349118351936340332e-01 1.438403725624084473e-01 4.708027839660644531e-01 4.995870590209960938e-02 5.638887286186218262e-01 2.967697381973266602e-01 8.404045701026916504e-01 1.401998400688171387e-01 0.000000000000000000e+00 1.000000000000000000e+00 0.000000000000000000e+00
6.143016815185546875e-01 5.162335038185119629e-01 5.311669111251831055e-01 2.914542555809020996e-01 4.437217116355895996e-01 5.773922801017761230e-01 5.542489290237426758e-01 4.090178608894348145e-01 8.158377408981323242e-01 0.000000000000000000e+00 1.000000000000000000e+00 0.000000000000000000e+00
9.656652212142944336e-01 5.469805598258972168e-01 8.221471309661865234e-01 8.650922179222106934e-01 6.965604424476623535e-01 2.897608280181884766e-01 2.782007455825805664e-01 8.798697590827941895e-01 8.593958616256713867e-02 0.000000000000000000e+00 1.000000000000000000e+00 0.000000000000000000e+00
3.580778241157531738e-01 8.992065787315368652e-01 2.717845439910888672e-01 7.486832141876220703e-02 3.875584602355957031e-01 3.183712363243103027e-01 2.050300240516662598e-01 9.602701067924499512e-01 4.536284208297729492e-01 1.000000000000000000e+00 0.000000000000000000e+00 0.000000000000000000e+00
7.967934608459472656e-01 2.681387066841125488e-01 7.144383192062377930e-01 6.818795204162597656e-02 4.828184843063354492e-01 3.621339797973632812e-03 1.093996167182922363e-01 4.109159708023071289e-01 4.370002150535583496e-01 1.000000000000000000e+00 1.000000000000000000e+00 1.000000000000000000e+00
2.168962210416793823e-01 6.174333691596984863e-01 5.295382142066955566e-01 2.988546490669250488e-01 3.210825920104980469e-01 9.693314433097839355e-01 6.488337516784667969e-01 4.185725450515747070e-01 3.954885601997375488e-01 0.000000000000000000e+00 0.000000000000000000e+00 0.000000000000000000e+00
8.894277811050415039e-01 8.105659484863281250e-02 9.006837606430053711e-01 7.646106481552124023e-01 1.498099565505981445e-01 9.310294389724731445e-01 3.292551636695861816e-01 9.784614443778991699e-01 2.156367301940917969e-01 0.000000000000000000e+00 0.000000000000000000e+00 0.000000000000000000e+00
8.232786059379577637e-01 6.596575379371643066e-01 8.908523321151733398e-01 1.034232378005981445e-01 5.579928755760192871e-01 1.001173257827758789e-02 9.392440319061279297e-02 3.311741352081298828e-01 9.456607103347778320e-01 0.000000000000000000e+00 0.000000000000000000e+00 0.000000000000000000e+00
9.201820492744445801e-01 2.994537949562072754e-01 9.021180868148803711e-01 3.923535346984863281e-02 3.033047318458557129e-01 1.302534341812133789e-01 6.015118956565856934e-01 5.820089578628540039e-01 8.717275857925415039e-01 0.000000000000000000e+00 0.000000000000000000e+00 0.000000000000000000e+00
5.777370333671569824e-01 6.832728981971740723e-01 3.365741372108459473e-01 3.719393610954284668e-01 4.785245060920715332e-01 5.238642096519470215e-01 1.893830299377441406e-02 6.287754178047180176e-01 8.953028917312622070e-02 1.000000000000000000e+00 0.000000000000000000e+00 0.000000000000000000e+00
8.806751966476440430e-01 6.204575896263122559e-01 4.241017699241638184e-01 5.580118894577026367e-01 8.318979144096374512e-01 1.408488154411315918e-01 3.387451171875000000e-02 2.705642580986022949e-01 3.906960487365722656e-01 1.000000000000000000e+00 0.000000000000000000e+00 0.000000000000000000e+00
6.908794045448303223e-01 6.381453871726989746e-01 9.733254313468933105e-01 8.844600915908813477e-01 2.842993736267089844e-01 5.718629360198974609e-01 6.169546842575073242e-01 1.928845643997192383e-01 2.867639064788818359e-02 0.000000000000000000e+00 0.000000000000000000e+00 0.000000000000000000e+00
9.763054847717285156e-01 4.359971880912780762e-01 4.620639085769653320e-01 9.286429882049560547e-01 9.946119189262390137e-01 8.397082686424255371e-01 1.326804757118225098e-01 5.955550074577331543e-01 5.752147436141967773e-01 1.000000000000000000e+00 0.000000000000000000e+00 0.000000000000000000e+00
9.072989225387573242e-01 4.301222562789916992e-01 5.424023866653442383e-01 8.276423215866088867e-01 6.327779293060302734e-01 6.411182284355163574e-01 4.829758405685424805e-02 4.800770878791809082e-01 9.072762131690979004e-01 0.000000000000000000e+00 1.000000000000000000e+00 0.000000000000000000e+00
4.769215881824493408e-01 4.757230877876281738e-01 7.898604869842529297e-02 4.590521454811096191e-01 5.656704902648925781e-01 5.328764915466308594e-01 9.912918210029602051e-01 6.912043094635009766e-01 1.855973601341247559e-01 1.000000000000000000e+00 0.000000000000000000e+00 0.000000000000000000e+00
9.207254648208618164e-01 8.070253133773803711e-01 9.345461726188659668e-01 9.918822646141052246e-01 5.833792686462402344e-01 4.683944582939147949e-01 6.931687593460083008e-01 6.347364187240600586e-01 7.229084372520446777e-01 0.000000000000000000e+00 0.000000000000000000e+00 0.000000000000000000e+00
1.648716032505035400e-01 2.831938266754150391e-01 5.358821153640747070e-02 4.117741584777832031e-01 1.567918062210083008e-02 4.206714630126953125e-01 1.982261538505554199e-01 6.749153137207031250e-03 3.174757361412048340e-01 0.000000000000000000e+00 1.000000000000000000e+00 0.000000000000000000e+00
4.988746941089630127e-01 5.490360260009765625e-01 5.217123031616210938e-02 7.453441619873046875e-02 9.140387773513793945e-01 2.433658838272094727e-01 4.717540144920349121e-01 5.791403055191040039e-01 9.545044302940368652e-01 0.000000000000000000e+00 0.000000000000000000e+00 0.000000000000000000e+00
3.312709629535675049e-01 5.106013417243957520e-01 7.874498963356018066e-01 3.602066636085510254e-01 3.474280238151550293e-01 8.564518094062805176e-01 6.199187636375427246e-01 5.957168936729431152e-01 6.504822373390197754e-01 0.000000000000000000e+00 1.000000000000000000e+00 0.000000000000000000e+00
8.760525584220886230e-01 7.831457853317260742e-01 3.172273039817810059e-01 9.515445232391357422e-01 5.625258684158325195e-01 5.882151722908020020e-01 8.356600403785705566e-01 9.943363070487976074e-01 9.886886477470397949e-01 0.000000000000000000e+00 0.000000000000000000e+00 0.000000000000000000e+00
1.657777130603790283e-01 7.334139347076416016e-01 2.871143817901611328e-01 1.250268816947937012e-01 8.423823118209838867e-02 4.132505059242248535e-01 2.545259594917297363e-01 8.046304583549499512e-01 5.001304149627685547e-01 0.000000000000000000e+00 0.000000000000000000e+00 0.000000000000000000e+00
3.371583223342895508e-01 5.263913869857788086e-01 3.554223775863647461e-01 1.482683420181274414e-01 5.981239676475524902e-01 1.154082417488098145e-01 7.955470681190490723e-01 1.100857257843017578e-01 1.041527390480041504e-01 0.000000000000000000e+00 1.000000000000000000e+00 0.000000000000000000e+00
7.561427950859069824e-01 7.337568998336791992e-01 6.953696608543395996e-01 4.831525087356567383e-01 6.665971279144287109e-01 5.612072348594665527e-01 3.878128528594970703e-02 5.014395713806152344e-02 8.241919875144958496e-01 0.000000000000000000e+00 0.000000000000000000e+00 0.000000000000000000e+00
9.482113718986511230e-01 2.470862269401550293e-01 7.724642753601074219e-02 5.557231903076171875e-01 9.767758250236511230e-01 2.401345968246459961e-01 3.070688247680664062e-02 1.543568968772888184e-01 4.080891013145446777e-01 0.000000000000000000e+00 1.000000000000000000e+00 0.000000000000000000e+00
9.026282429695129395e-01 7.983446121215820312e-03 6.781063675880432129e-01 9.019972681999206543e-01 2.515240907669067383e-01 6.349505186080932617e-01 9.185698628425598145e-01 5.624982714653015137e-01 4.917188882827758789e-01 1.000000000000000000e+00 0.000000000000000000e+00 0.000000000000000000e+00
7.547025680541992188e-01 9.487134218215942383e-02 6.284682750701904297e-01 3.854730725288391113e-01 6.839989423751831055e-01 7.664257884025573730e-01 7.859222292900085449e-01 2.331236600875854492e-01 5.808117985725402832e-01 1.000000000000000000e+00 0.000000000000000000e+00 0.000000000000000000e+00
6.452886462211608887e-01 9.261779189109802246e-01 2.884652614593505859e-01 5.761742591857910156e-01 7.807366251945495605e-01 5.350262522697448730e-01 8.344762325286865234e-01 9.812029600143432617e-01 9.988272190093994141e-02 1.000000000000000000e+00 0.000000000000000000e+00 0.000000000000000000e+00
4.418359398841857910e-01 1.604388356208801270e-01 4.926959872245788574e-01 4.097695946693420410e-01 1.604107022285461426e-01 4.431395530700683594e-01 6.540445685386657715e-01 6.525902748107910156e-01 1.863062381744384766e-01 0.000000000000000000e+00 0.000000000000000000e+00 0.000000000000000000e+00
4.242229759693145752e-01 1.595663428306579590e-01 4.415336847305297852e-01 4.827190637588500977e-01 3.840833902359008789e-02 2.013330459594726562e-01 2.252459526062011719e-04 4.272810220718383789e-01 8.416181802749633789e-01 1.000000000000000000e+00 0.000000000000000000e+00 0.000000000000000000e+00
9.628505110740661621e-01 5.340084433555603027e-01 9.826703667640686035e-01 3.805027604103088379e-01 6.751302480697631836e-01 3.729367256164550781e-02 6.817159652709960938e-01 9.082606434822082520e-01 6.654084324836730957e-01 0.000000000000000000e+00 0.000000000000000000e+00 0.000000000000000000e+00
7.650372982025146484e-01 4.894133806228637695e-01 9.571010470390319824e-01 3.590395450592041016e-01 6.139512062072753906e-01 4.304212927818298340e-01 4.258400201797485352e-01 9.338957071304321289e-02 4.914556145668029785e-01 0.000000000000000000e+00 0.000000000000000000e+00 0.000000000000000000e+00
9.986053109169006348e-01 1.649358272552490234e-01 4.941822886466979980e-01 9.205401539802551270e-01 9.789540767669677734e-01 2.472711801528930664e-01 8.042262196540832520e-01 6.648462414741516113e-01 1.395524740219116211e-01 0.000000000000000000e+00 1.000000000000000000e+00 0.000000000000000000e+00
8.754096031188964844e-01 2.756544351577758789e-01 9.354885220527648926e-01 2.330852746963500977e-01 4.004368185997009277e-01 2.994471788406372070e-01 8.681491017341613770e-01 1.970326304435729980e-01 4.693005084991455078e-01 0.000000000000000000e+00 0.000000000000000000e+00 0.000000000000000000e+00
7.093979120254516602e-01 2.365323305130004883e-01 2.640960216522216797e-01 6.249862909317016602e-01 2.345684170722961426e-01 4.246157407760620117e-01 1.042408347129821777e-01 2.038246393203735352e-01 8.908714056015014648e-01 1.000000000000000000e+00 0.000000000000000000e+00 0.000000000000000000e+00
1.898877471685409546e-01 2.591009736061096191e-01 1.313578486442565918e-01 6.717216968536376953e-02 4.578462839126586914e-01 7.816866040229797363e-01 7.762286663055419922e-01 3.613016009330749512e-01 5.203354954719543457e-01 0.000000000000000000e+00 1.000000000000000000e+00 0.000000000000000000e+00
4.083282053470611572e-01 6.760793328285217285e-01 6.279326081275939941e-01 2.000219821929931641e-01 3.627471923828125000e-01 3.715518116950988770e-01 8.013046979904174805e-01 3.768339753150939941e-01 3.272181749343872070e-01 0.000000000000000000e+00 1.000000000000000000e+00 0.000000000000000000e+00
4.659278690814971924e-01 8.664700388908386230e-01 1.964939832687377930e-01 3.098225593566894531e-02 3.498423099517822266e-01 1.478580832481384277e-01 1.089588999748229980e-01 5.110852718353271484e-01 6.595685482025146484e-01 1.000000000000000000e+00 0.000000000000000000e+00 0.000000000000000000e+00
6.851130723953247070e-01 7.981449365615844727e-01 2.632225155830383301e-01 6.236672997474670410e-01 8.458728790283203125e-01 4.141350984573364258e-01 9.776852130889892578e-01 5.398809313774108887e-01 5.112017989158630371e-01 1.000000000000000000e+00 0.000000000000000000e+00 0.000000000000000000e+00
7.946582436561584473e-01 3.985410928726196289e-01 1.699382066726684570e-02 5.349854230880737305e-01 9.449120163917541504e-01 9.062224030494689941e-01 3.161304593086242676e-01 1.863378286361694336e-01 1.537972092628479004e-01 1.000000000000000000e+00 0.000000000000000000e+00 0.000000000000000000e+00
7.080252170562744141e-01 5.690968632698059082e-01 5.319049954414367676e-01 4.349886775016784668e-01 7.812052965164184570e-01 3.968077898025512695e-02 1.744961738586425781e-01 7.518443465232849121e-01 5.385123491287231445e-01 0.000000000000000000e+00 0.000000000000000000e+00 0.000000000000000000e+00
2.995159924030303955e-01 8.167589306831359863e-01 7.665340304374694824e-01 1.436871290206909180e-01 7.258015275001525879e-01 5.597103834152221680e-01 6.860957145690917969e-01 1.644408702850341797e-01 4.704189300537109375e-02 1.000000000000000000e+00 1.000000000000000000e+00 1.000000000000000000e+00
5.559170246124267578e-01 4.997600913047790527e-01 4.644481539726257324e-01 3.612517118453979492e-01 6.896364688873291016e-01 1.162128448486328125e-01 9.977192878723144531e-01 6.605446338653564453e-02 4.018711447715759277e-01 1.000000000000000000e+00 0.000000000000000000e+00 0.000000000000000000e+00
7.495992183685302734e-01 3.262630105018615723e-01 8.870679736137390137e-01 4.279949665069580078e-01 6.147215366363525391e-01 7.737390398979187012e-01 4.447428584098815918e-01 5.538495779037475586e-01 2.409531474113464355e-01 0.000000000000000000e+00 0.000000000000000000e+00 0.000000000000000000e+00
1.457377076148986816e-01 4.449380040168762207e-01 4.197129011154174805e-01 3.623266816139221191e-01 3.080399036407470703e-01 6.449341177940368652e-01 6.654325127601623535e-01 8.332170248031616211e-01 6.007767915725708008e-01 0.000000000000000000e+00 0.000000000000000000e+00 0.000000000000000000e+00
9.245151877403259277e-01 1.425380706787109375e-01 5.591010451316833496e-01 5.753290057182312012e-01 6.882627606391906738e-01 2.931275963783264160e-01 1.092109084129333496e-01 4.362591505050659180e-01 3.780269026756286621e-01 0.000000000000000000e+00 1.000000000000000000e+00 0.000000000000000000e+00
4.202653095126152039e-02 1.022499203681945801e-01 2.943140268325805664e-02 1.257588267326354980e-01 3.995826840400695801e-01 5.002273917198181152e-01 9.127466678619384766e-01 9.091075658798217773e-01 1.624006032943725586e-02 0.000000000000000000e+00 1.000000000000000000e+00 0.000000000000000000e+00
7.961715459823608398e-01 7.239542007446289062e-01 4.922764897346496582e-01 8.025056719779968262e-01 7.073313593864440918e-01 9.716670513153076172e-01 1.518445014953613281e-01 7.213279604911804199e-01 4.578577876091003418e-01 0.000000000000000000e+00 1.000000000000000000e+00 0.000000000000000000e+00
8.435013890266418457e-01 3.768456578254699707e-01 7.358354926109313965e-01 4.364702701568603516e-01 6.964348554611206055e-01 9.315539002418518066e-01 2.451856136322021484e-01 4.956654906272888184e-01 1.359261870384216309e-01 0.000000000000000000e+00 0.000000000000000000e+00 0.000000000000000000e+00
9.761894941329956055e-01 5.724684000015258789e-01 4.253012537956237793e-01 9.651588797569274902e-01 2.267163991928100586e-01 4.553532600402832031e-02 7.232571244239807129e-01 5.341559648513793945e-01 7.891732454299926758e-01 0.000000000000000000e+00 1.000000000000000000e+00 0.000000000000000000e+00
4.502127170562744141e-01 6.924139261245727539e-01 2.563894391059875488e-01 5.373054742813110352e-02 7.458198666572570801e-01 6.059070229530334473e-01 6.842918395996093750e-01 6.073344349861145020e-01 2.619739174842834473e-01 1.000000000000000000e+00 0.000000000000000000e+00 0.000000000000000000e+00
5.924764275550842285e-01 9.252612590789794922e-01 3.616353869438171387e-01 8.497832417488098145e-01 3.722906112670898438e-03 2.520626783370971680e-02 8.035296797752380371e-01 8.850178718566894531e-01 3.284807205200195312e-01 0.000000000000000000e+00 0.000000000000000000e+00 0.000000000000000000e+00
1.899375021457672119e-01 1.461797952651977539e-02 2.376814484596252441e-01 1.602506637573242188e-02 2.569856643676757812e-01 5.776438117027282715e-01 2.837550640106201172e-02 8.481066226959228516e-01 5.146023631095886230e-01 0.000000000000000000e+00 1.000000000000000000e+00 0.000000000000000000e+00
2.436336278915405273e-01 5.619745254516601562e-01 1.649196743965148926e-01 2.851237058639526367e-01 5.520176291465759277e-01 3.294815421104431152e-01 2.191541194915771484e-01 2.141952514648437500e-03 4.307851195335388184e-01 0.000000000000000000e+00 1.000000000000000000e+00 0.000000000000000000e+00
5.016496181488037109e-01 7.924088835716247559e-01 2.653225660324096680e-01 7.762800455093383789e-01 2.177307605743408203e-01 7.427883744239807129e-01 5.058317184448242188e-01 3.620938658714294434e-01 4.056584239006042480e-01 0.000000000000000000e+00 0.000000000000000000e+00 0.000000000000000000e+00
8.973765969276428223e-01 3.146886825561523438e-02 5.001139044761657715e-01 5.413763523101806641e-01 6.467705965042114258e-01 6.720495223999023438e-01 7.785838246345520020e-01 9.896712899208068848e-01 1.717387437820434570e-01 0.000000000000000000e+00 0.000000000000000000e+00 0.000000000000000000e+00
8.502838611602783203e-01 6.018970608711242676e-01 5.672990679740905762e-01 5.542607903480529785e-01 7.771742343902587891e-01 8.940373063087463379e-01 7.049113512039184570e-02 8.362607955932617188e-01 6.001589298248291016e-01 0.000000000000000000e+00 0.000000000000000000e+00 0.000000000000000000e+00
9.846968650817871094e-01 3.574543595314025879e-01 8.333399295806884766e-01 9.390210509300231934e-01 5.969984531402587891e-01 3.640201091766357422e-01 2.519260644912719727e-01 4.056007862091064453e-01 5.396112203598022461e-01 1.000000000000000000e+00 1.000000000000000000e+00 1.000000000000000000e+00
8.927257061004638672e-01 3.699710965156555176e-01 5.683517456054687500e-01 6.503321528434753418e-01 4.393565058708190918e-01 7.427549362182617188e-02 3.136191368103027344e-01 2.756626009941101074e-01 5.003942847251892090e-01 0.000000000000000000e+00 0.000000000000000000e+00 0.000000000000000000e+00
8.873804658651351929e-02 4.673648476600646973e-01 9.801596403121948242e-02 2.958037853240966797e-01 9.752869606018066406e-02 5.917299985885620117e-01 1.105975508689880371e-01 2.678831815719604492e-01 1.726188063621520996e-01 1.000000000000000000e+00 0.000000000000000000e+00 0.000000000000000000e+00
7.976539731025695801e-01 3.201509714126586914e-01 4.500207304954528809e-01 6.012431979179382324e-01 5.927973985671997070e-01 2.404072284698486328e-01 2.166442871093750000e-01 5.318154692649841309e-01 6.794567704200744629e-01 1.000000000000000000e+00 0.000000000000000000e+00 0.000000000000000000e+00
8.701627254486083984e-01 5.648218989372253418e-01 3.665120005607604980e-01 5.940590500831604004e-01 9.677602648735046387e-01 7.281315326690673828e-01 2.482386231422424316e-01 9.046422243118286133e-01 5.185180306434631348e-01 0.000000000000000000e+00 0.000000000000000000e+00 0.000000000000000000e+00
7.611879706382751465e-01 5.368852019309997559e-01 7.544309496879577637e-01 2.330508828163146973e-01 4.925872087478637695e-01 7.717680931091308594e-02 2.737718820571899414e-02 3.558168411254882812e-01 8.003569245338439941e-01 0.000000000000000000e+00 1.000000000000000000e+00 0.000000000000000000e+00
3.512198626995086670e-01 9.286502599716186523e-01 8.475961089134216309e-01 5.516774058341979980e-01 2.835386991500854492e-02 8.528667688369750977e-01 7.174986004829406738e-01 5.910556912422180176e-01 8.948504924774169922e-01 0.000000000000000000e+00 0.000000000000000000e+00 0.000000000000000000e+00
9.963594079017639160e-01 1.739548444747924805e-01 2.813583612442016602e-02 9.190523028373718262e-01 8.575785160064697266e-01 2.706683278083801270e-01 2.207337617874145508e-01 4.712374806404113770e-01 1.833902001380920410e-01 0.000000000000000000e+00 1.000000000000000000e+00 0.000000000000000000e+00
5.018470883369445801e-01 5.070530176162719727e-01 1.182948350906372070e-01 2.257059812545776367e-01 7.950207591056823730e-01 6.848490238189697266e-01 4.082748293876647949e-01 4.731534719467163086e-01 8.552505373954772949e-01 0.000000000000000000e+00 0.000000000000000000e+00 0.000000000000000000e+00
9.464908242225646973e-01 9.383094310760498047e-02 1.666947007179260254e-01 5.780413150787353516e-01 7.757428288459777832e-01 8.280175924301147461e-02 5.409219264984130859e-01 1.751589179039001465e-01 9.069734811782836914e-01 0.000000000000000000e+00 1.000000000000000000e+00 0.000000000000000000e+00
5.466078519821166992e-01 8.045929074287414551e-01 4.988653063774108887e-01 9.068788290023803711e-01 2.870343923568725586e-01 7.493987083435058594e-01 1.637284755706787109e-01 2.747751474380493164e-01 7.384801506996154785e-01 0.000000000000000000e+00 0.000000000000000000e+00 0.000000000000000000e+00
2.807140350341796875e-01 9.728743433952331543e-01 9.453026652336120605e-01 1.064591407775878906e-01 1.341960430145263672e-01 2.326355576515197754e-01 1.031173467636108398e-01 4.148755073547363281e-01 2.816387414932250977e-01 1.000000000000000000e+00 0.000000000000000000e+00 0.000000000000000000e+00
8.908645510673522949e-01 4.030208587646484375e-01 8.367925882339477539e-01 2.252908945083618164e-01 9.340522289276123047e-01 5.107402205467224121e-01 2.158218026161193848e-01 7.738736271858215332e-01 5.801092386245727539e-01 1.000000000000000000e+00 1.000000000000000000e+00 1.000000000000000000e+00
7.375788092613220215e-01 4.948894381523132324e-01 8.755200505256652832e-01 2.419198751449584961e-01 8.295319676399230957e-01 6.509411931037902832e-01 5.734643936157226562e-01 3.824229836463928223e-01 4.736469388008117676e-01 0.000000000000000000e+00 0.000000000000000000e+00 0.000000000000000000e+00
9.545599818229675293e-01 4.032349586486816406e-01 9.803794622421264648e-01 1.092108488082885742e-01 8.723812699317932129e-01 4.091137051582336426e-01 4.160939455032348633e-01 5.570102930068969727e-01 1.343167424201965332e-01 0.000000000000000000e+00 0.000000000000000000e+00 0.000000000000000000e+00
5.338901281356811523e-01 2.087110280990600586e-02 3.453567624092102051e-01 5.037081837654113770e-01 1.404812335968017578e-01 4.504930377006530762e-01 1.561892032623291016e-01 9.675927758216857910e-01 4.579275846481323242e-02 1.000000000000000000e+00 0.000000000000000000e+00 0.000000000000000000e+00
9.704008698463439941e-01 3.734076023101806641e-01 4.844868183135986328e-01 8.474419713020324707e-01 5.999792814254760742e-01 3.685752749443054199e-01 3.452071547508239746e-01 4.614150524139404297e-01 9.676358103752136230e-01 0.000000000000000000e+00 0.000000000000000000e+00 0.000000000000000000e+00
9.972172975540161133e-01 4.997926950454711914e-01 3.415312170982360840e-01 8.930271863937377930e-01 8.686447143554687500e-01 4.002070426940917969e-02 4.537724852561950684e-01 1.209941506385803223e-01 8.931393027305603027e-01 0.000000000000000000e+00 0.000000000000000000e+00 0.000000000000000000e+00
9.853618144989013672e-01 4.312351942062377930e-01 9.623257517814636230e-01 5.947463512420654297e-01 6.773961186408996582e-01 2.060993909835815430e-01 4.929267168045043945e-01 6.380409598350524902e-01 9.917837381362915039e-02 1.000000000000000000e+00 0.000000000000000000e+00 0.000000000000000000e+00
3.358569741249084473e-01 5.336689352989196777e-01 7.948768734931945801e-01 1.751623749732971191e-01 4.095242619514465332e-01 5.432236194610595703e-01 1.545544266700744629e-01 8.708511590957641602e-01 4.599552154541015625e-01 0.000000000000000000e+00 1.000000000000000000e+00 0.000000000000000000e+00
8.027418255805969238e-01 4.564713835716247559e-01 6.942100524902343750e-01 5.068528652191162109e-01 4.031186699867248535e-01 2.388991117477416992e-01 1.050348281860351562e-01 8.632738590240478516e-01 5.336416959762573242e-01 1.000000000000000000e+00 0.000000000000000000e+00 0.000000000000000000e+00
1.062784120440483093e-01 1.989014744758605957e-01 2.716554999351501465e-01 2.513827085494995117e-01 4.202671647071838379e-01 2.637802958488464355e-01 6.511579751968383789e-01 7.507410049438476562e-01 6.523094177246093750e-01 0.000000000000000000e+00 0.000000000000000000e+00 0.000000000000000000e+00
7.051765322685241699e-01 2.504329681396484375e-01 8.651605844497680664e-01 2.312468886375427246e-01 4.680073857307434082e-01 8.468447327613830566e-01 8.618516921997070312e-01 1.931759715080261230e-01 7.084119915962219238e-01 0.000000000000000000e+00 0.000000000000000000e+00 0.000000000000000000e+00
9.803491234779357910e-01 2.104493379592895508e-01 9.795441627502441406e-01 7.412887215614318848e-01 1.812576651573181152e-01 3.935547471046447754e-01 7.876038551330566406e-01 9.118654131889343262e-01 4.540876746177673340e-01 0.000000000000000000e+00 0.000000000000000000e+00 0.000000000000000000e+00
9.971355199813842773e-01 5.376130342483520508e-02 7.161907553672790527e-01 9.123341441154479980e-01 4.371024966239929199e-01 8.853566646575927734e-02 6.250109076499938965e-01 5.222139954566955566e-01 3.595044612884521484e-01 0.000000000000000000e+00 0.000000000000000000e+00 0.000000000000000000e+00
6.377288699150085449e-01 5.982884764671325684e-01 2.681575417518615723e-01 2.049486041069030762e-01 9.731829166412353516e-01 5.386974811553955078e-01 3.252796530723571777e-01 7.203936576843261719e-01 5.377565622329711914e-01 0.000000000000000000e+00 0.000000000000000000e+00 0.000000000000000000e+00
6.244925260543823242e-01 2.728613018989562988e-01 5.887827873229980469e-01 4.152679443359375000e-02 2.693774700164794922e-01 8.490645885467529297e-02 8.557866811752319336e-01 9.329105019569396973e-01 8.053262233734130859e-01 0.000000000000000000e+00 0.000000000000000000e+00 0.000000000000000000e+00
6.106742620468139648e-01 6.891217231750488281e-01 5.046885609626770020e-01 5.050308704376220703e-01 6.769967675209045410e-01 8.219150304794311523e-01 1.452615857124328613e-01 6.095591187477111816e-01 7.224862575531005859e-01 0.000000000000000000e+00 0.000000000000000000e+00 0.000000000000000000e+00
2.377918511629104614e-01 2.568486928939819336e-01 1.893504261970520020e-01 3.675941228866577148e-01 1.146250963211059570e-01 4.006000161170959473e-01 7.180356979370117188e-01 5.721517801284790039e-01 3.774391412734985352e-01 0.000000000000000000e+00 0.000000000000000000e+00 0.000000000000000000e+00
8.161458373069763184e-01 2.412938475608825684e-01 5.109868645668029785e-01 5.236247181892395020e-01 9.343026280403137207e-01 4.209722876548767090e-01 4.486560821533203125e-01 2.365659475326538086e-01 2.762922644615173340e-01 1.000000000000000000e+00 1.000000000000000000e+00 1.000000000000000000e+00
9.360584020614624023e-01 3.651549220085144043e-01 9.615865349769592285e-01 8.122944831848144531e-01 3.948037624359130859e-01 6.184292435646057129e-01 1.266402006149291992e-02 8.071755766868591309e-01 2.881879806518554688e-01 0.000000000000000000e+00 0.000000000000000000e+00 0.000000000000000000e+00
6.131716966629028320e-01 5.348128676414489746e-01 3.168210983276367188e-01 1.525858044624328613e-01 8.437897562980651855e-01 6.827718019485473633e-01 2.300150990486145020e-01 3.423978090286254883e-01 2.893382310867309570e-02 0.000000000000000000e+00 0.000000000000000000e+00 0.000000000000000000e+00
2.747522294521331787e-01 1.148332357406616211e-01 9.418845176696777344e-03 3.439089655876159668e-01 1.243786811828613281e-01 4.136595129966735840e-01 3.906926512718200684e-01 1.268307566642761230e-01 4.612898826599121094e-02 0.000000000000000000e+00 1.000000000000000000e+00 0.000000000000000000e+00
6.319577097892761230e-01 4.901573061943054199e-01 8.610253334045410156e-01 3.363503813743591309e-01 7.351970672607421875e-02 4.277830719947814941e-01 5.630985498428344727e-01 3.170620203018188477e-01 4.430131912231445312e-01 1.000000000000000000e+00 0.000000000000000000e+00 0.000000000000000000e+00
1.730966866016387939e-01 2.369390130043029785e-01 7.701897621154785156e-02 2.818470597267150879e-01 1.646524667739868164e-02 7.099246978759765625e-01 2.856925725936889648e-01 1.652373075485229492e-01 2.426462769508361816e-01 1.000000000000000000e+00 0.000000000000000000e+00 0.000000000000000000e+00
8.848504424095153809e-01 8.578561544418334961e-01 2.667461633682250977e-01 8.142856955528259277e-01 6.301861405372619629e-01 2.797894477844238281e-01 8.162983655929565430e-01 2.390694022178649902e-01 3.264321088790893555e-01 0.000000000000000000e+00 0.000000000000000000e+00 0.000000000000000000e+00
8.634737730026245117e-01 4.941154122352600098e-01 2.861642241477966309e-01 7.647727131843566895e-01 8.531998395919799805e-01 8.009531497955322266e-01 9.379902482032775879e-01 6.148239970207214355e-01 4.338756799697875977e-01 0.000000000000000000e+00 0.000000000000000000e+00 0.000000000000000000e+00
2.798985540866851807e-01 2.249413728713989258e-01 4.056273102760314941e-01 1.080263257026672363e-01 3.762841224670410156e-01 6.888236999511718750e-01 4.309679269790649414e-01 6.963585615158081055e-01 5.308420062065124512e-01 1.000000000000000000e+00 0.000000000000000000e+00 0.000000000000000000e+00
5.422867536544799805e-01 4.659518599510192871e-01 4.642589092254638672e-01 5.668762326240539551e-01 4.298309087753295898e-01 6.081080436706542969e-02 9.244077801704406738e-01 4.668661355972290039e-01 6.945121288299560547e-01 1.000000000000000000e+00 0.000000000000000000e+00 0.000000000000000000e+00
5.978490114212036133e-01 1.144406795501708984e-01 6.319871544837951660e-01 3.446693420410156250e-01 5.619898438453674316e-01 8.969984650611877441e-01 5.400177836418151855e-01 8.322229981422424316e-01 6.685863137245178223e-01 0.000000000000000000e+00 0.000000000000000000e+00 0.000000000000000000e+00
9.974397420883178711e-01 5.722802877426147461e-02 3.626159429550170898e-01 9.583529829978942871e-01 5.455684065818786621e-01 1.670354604721069336e-01 1.621572375297546387e-01 5.422598719596862793e-01 4.194912314414978027e-01 0.000000000000000000e+00 0.000000000000000000e+00 0.000000000000000000e+00
7.682551741600036621e-01 4.445745348930358887e-01 6.091464757919311523e-01 4.249289631843566895e-01 6.574568748474121094e-01 2.655991315841674805e-01 5.141139626502990723e-01 5.407454371452331543e-01 1.905379891395568848e-01 0.000000000000000000e+00 1.000000000000000000e+00 0.000000000000000000e+00
8.636551499366760254e-01 8.804731965065002441e-01 1.809584498405456543e-01 8.117944598197937012e-01 7.860413789749145508e-01 8.157648444175720215e-01 1.901119947433471680e-02 7.204981446266174316e-01 8.060876131057739258e-01 0.000000000000000000e+00 0.000000000000000000e+00 0.000000000000000000e+00
5.733394622802734375e-01 9.406705498695373535e-01 9.576833248138427734e-01 5.693181753158569336e-01 3.174176812171936035e-01 7.230428457260131836e-01 1.778993606567382812e-01 3.122962713241577148e-01 7.608599662780761719e-01 1.000000000000000000e+00 0.000000000000000000e+00 0.000000000000000000e+00
7.493782043457031250e-01 9.744689464569091797e-01 6.084797382354736328e-01 4.702320694923400879e-01 8.146987557411193848e-01 5.548636913299560547e-01 2.515274286270141602e-02 8.429747819900512695e-01 4.533225297927856445e-02 0.000000000000000000e+00 0.000000000000000000e+00 0.000000000000000000e+00
7.776588797569274902e-01 3.150351047515869141e-01 1.130737662315368652e-01 6.412456035614013672e-01 5.637536644935607910e-01 3.627179861068725586e-01 5.712355375289916992e-01 9.160641431808471680e-01 1.627072691917419434e-01 0.000000000000000000e+00 0.000000000000000000e+00 0.000000000000000000e+00
8.170582652091979980e-01 6.415663361549377441e-01 4.407142996788024902e-01 7.184227705001831055e-01 8.224180936813354492e-01 3.543621897697448730e-01 3.178918361663818359e-01 8.869842886924743652e-01 3.698438405990600586e-01 0.000000000000000000e+00 0.000000000000000000e+00 0.000000000000000000e+00
3.225179016590118408e-01 5.014798045158386230e-01 7.510129809379577637e-01 5.093401670455932617e-02 2.952791452407836914e-01 7.974128723144531250e-01 2.970377206802368164e-01 1.560945510864257812e-01 7.970063686370849609e-01 1.000000000000000000e+00 1.000000000000000000e+00 1.000000000000000000e+00
5.150126218795776367e-01 5.684226751327514648e-02 3.255132436752319336e-01 1.777022480964660645e-01 7.839347124099731445e-01 6.193194389343261719e-01 7.027958035469055176e-01 7.127077579498291016e-01 4.862090945243835449e-01 1.000000000000000000e+00 0.000000000000000000e+00 0.000000000000000000e+00
6.261113286018371582e-01 4.732774496078491211e-01 8.979712128639221191e-01 3.267095088958740234e-01 9.926515817642211914e-01 7.250558733940124512e-01 5.449762940406799316e-01 2.915620803833007812e-01 4.873339533805847168e-01 0.000000000000000000e+00 0.000000000000000000e+00 0.000000000000000000e+00
3.057423532009124756e-01 4.586407542228698730e-01 5.412793159484863281e-01 1.563179492950439453e-01 4.703624844551086426e-01 4.313752651214599609e-01 7.395992279052734375e-01 7.715469002723693848e-01 2.841156721115112305e-02 0.000000000000000000e+00 0.000000000000000000e+00 0.000000000000000000e+00
6.157034039497375488e-01 9.824534654617309570e-01 6.705425977706909180e-01 9.625750184059143066e-01 2.021420001983642578e-01 7.285533547401428223e-01 2.453655004501342773e-02 8.647132515907287598e-01 7.019914388656616211e-01 1.000000000000000000e+00 0.000000000000000000e+00 0.000000000000000000e+00
3.910155594348907471e-01 8.053149580955505371e-01 7.987990975379943848e-01 6.422399282455444336e-01 7.018798589706420898e-02 7.238096594810485840e-01 8.394282460212707520e-01 9.504645466804504395e-01 5.717281103134155273e-01 0.000000000000000000e+00 0.000000000000000000e+00 0.000000000000000000e+00
5.069043636322021484e-01 1.720231771469116211e-02 1.341899633407592773e-01 3.624389171600341797e-01 3.871991634368896484e-01 5.198969244956970215e-01 7.755926251411437988e-01 9.227230548858642578e-01 9.510568976402282715e-01 1.000000000000000000e+00 0.000000000000000000e+00 0.000000000000000000e+00
2.901588380336761475e-01 2.304638028144836426e-01 5.088931322097778320e-02 1.931999921798706055e-01 5.102551579475402832e-01 8.298746347427368164e-01 5.767756700515747070e-01 8.948985934257507324e-01 2.153385877609252930e-01 0.000000000000000000e+00 0.000000000000000000e+00 0.000000000000000000e+00
6.384763717651367188e-01 9.434179067611694336e-01 2.271382212638854980e-01 9.378826022148132324e-01 1.867580413818359375e-02 4.716815948486328125e-01 5.605875849723815918e-01 7.623043656349182129e-01 8.188370466232299805e-01 1.000000000000000000e+00 0.000000000000000000e+00 0.000000000000000000e+00
7.018604874610900879e-01 8.531623482704162598e-01 1.143145561218261719e-01 9.479752779006958008e-01 5.057505965232849121e-01 8.777711391448974609e-01 5.529021620750427246e-01 2.710128426551818848e-01 3.344005942344665527e-01 0.000000000000000000e+00 0.000000000000000000e+00 0.000000000000000000e+00
9.916290044784545898e-01 3.442806005477905273e-02 5.840260982513427734e-01 8.859652876853942871e-01 1.196748018264770508e-01 3.058471083641052246e-01 3.793919086456298828e-01 8.404862284660339355e-01 1.834482550621032715e-01 0.000000000000000000e+00 0.000000000000000000e+00 0.000000000000000000e+00
3.201383352279663086e-01 9.593707919120788574e-01 1.143667101860046387e-01 4.047885537147521973e-01 1.680455207824707031e-01 9.506615400314331055e-01 5.829373002052307129e-01 7.303367257118225098e-01 4.853592514991760254e-01 0.000000000000000000e+00 0.000000000000000000e+00 0.000000000000000000e+00
7.727196216583251953e-01 8.277965784072875977e-01 9.166786074638366699e-01 7.612619996070861816e-01 4.339939355850219727e-01 2.145246267318725586e-01 9.659865498542785645e-01 2.766805291175842285e-01 8.061093091964721680e-01 0.000000000000000000e+00 0.000000000000000000e+00 0.000000000000000000e+00
4.227435588836669922e-01 7.409838438034057617e-01 8.173199892044067383e-01 2.949260473251342773e-01 6.433958411216735840e-01 5.577317476272583008e-01 4.068047404289245605e-01 4.239102005958557129e-01 6.310711503028869629e-01 1.000000000000000000e+00 0.000000000000000000e+00 0.000000000000000000e+00
5.578084588050842285e-01 3.792526721954345703e-01 2.159460186958312988e-01 4.297776818275451660e-01 5.807991623878479004e-01 9.637524485588073730e-01 3.294754624366760254e-01 2.695209383964538574e-01 1.933090686798095703e-01 1.000000000000000000e+00 0.000000000000000000e+00 0.000000000000000000e+00
8.899982571601867676e-01 7.876577973365783691e-01 8.061645627021789551e-01 7.418364882469177246e-01 7.706508040428161621e-01 5.176970362663269043e-01 3.936952948570251465e-01 6.176912188529968262e-01 9.838302135467529297e-01 0.000000000000000000e+00 0.000000000000000000e+00 0.000000000000000000e+00
3.553414940834045410e-01 7.480986714363098145e-01 6.467483043670654297e-01 6.325821876525878906e-01 8.822423219680786133e-02 3.832271099090576172e-01 8.538623452186584473e-01 2.408748865127563477e-01 4.616641402244567871e-01 0.000000000000000000e+00 0.000000000000000000e+00 0.000000000000000000e+00
9.831981062889099121e-01 1.502663493156433105e-01 8.069253563880920410e-01 6.898468136787414551e-01 4.811837673187255859e-01 8.252012729644775391e-02 5.354385375976562500e-01 3.880000114440917969e-01 8.277792334556579590e-01 0.000000000000000000e+00 0.000000000000000000e+00 0.000000000000000000e+00
8.407902717590332031e-01 8.302262425422668457e-01 7.005062699317932129e-01 6.534554362297058105e-01 4.000747799873352051e-01 2.315477728843688965e-01 9.706003069877624512e-01 6.316905617713928223e-01 7.823515534400939941e-01 0.000000000000000000e+00 0.000000000000000000e+00 0.000000000000000000e+00
9.602856636047363281e-01 5.338109731674194336e-01 4.066483974456787109e-01 8.069134354591369629e-01 9.812539219856262207e-01 2.610098123550415039e-01 3.264849781990051270e-01 4.004045128822326660e-01 4.001486301422119141e-02 0.000000000000000000e+00 0.000000000000000000e+00 0.000000000000000000e+00
6.923559904098510742e-01 9.590843319892883301e-01 9.291189312934875488e-01 9.670248627662658691e-01 2.668567299842834473e-01 9.295265674591064453e-01 7.595370411872863770e-01 1.152405142784118652e-01 4.238132238388061523e-01 0.000000000000000000e+00 0.000000000000000000e+00 0.000000000000000000e+00
9.793394207954406738e-01 9.472787380218505859e-02 2.096920609474182129e-01 7.681297659873962402e-01 9.194051623344421387e-01 8.474935293197631836e-01 7.483415007591247559e-01 8.115323781967163086e-01 1.667904853820800781e-02 0.000000000000000000e+00 1.000000000000000000e+00 0.000000000000000000e+00
1.803300827741622925e-01 5.885522961616516113e-01 7.513826489448547363e-01 1.052164435386657715e-01 2.953873872756958008e-01 5.694298148155212402e-01 7.027509808540344238e-01 2.412866353988647461e-01 6.760838627815246582e-01 0.000000000000000000e+00 1.000000000000000000e+00 0.000000000000000000e+00
8.650591373443603516e-01 5.493837594985961914e-02 6.508566737174987793e-01 2.482179403305053711e-01 6.227602958679199219e-01 6.856254935264587402e-01 5.183500051498413086e-02 4.338833093643188477e-01 3.286488652229309082e-01 1.000000000000000000e+00 0.000000000000000000e+00 0.000000000000000000e+00
6.128441095352172852e-01 5.068315863609313965e-01 6.950008869171142578e-01 9.883564710617065430e-02 6.427953839302062988e-01 5.433541536331176758e-02 9.166314601898193359e-01 3.495154380798339844e-01 2.396021485328674316e-01 1.000000000000000000e+00 1.000000000000000000e+00 1.000000000000000000e+00
5.632549524307250977e-01 5.723623037338256836e-01 3.729375600814819336e-01 4.493174552917480469e-01 3.695087432861328125e-01 1.259613037109375000e-02 2.277088761329650879e-01 6.862618327140808105e-01 5.830475091934204102e-01 0.000000000000000000e+00 0.000000000000000000e+00 0.000000000000000000e+00
5.185664892196655273e-01 6.829271316528320312e-01 7.888635396957397461e-01 4.188323020935058594e-01 3.776893019676208496e-01 6.000672578811645508e-01 2.127400636672973633e-01 9.658120870590209961e-01 8.510745167732238770e-01 1.000000000000000000e+00 0.000000000000000000e+00 0.000000000000000000e+00
4.903557598590850830e-01 8.325716257095336914e-01 3.623442649841308594e-01 2.037449479103088379e-01 8.054476380348205566e-01 3.072811365127563477e-01 8.929566144943237305e-01 5.553876757621765137e-01 9.775791764259338379e-01 0.000000000000000000e+00 0.000000000000000000e+00 0.000000000000000000e+00
9.384734630584716797e-01 6.567877531051635742e-02 2.950176000595092773e-01 6.305485367774963379e-01 8.484981656074523926e-01 5.860804319381713867e-01 6.646395921707153320e-01 9.601156711578369141e-01 9.126346707344055176e-01 0.000000000000000000e+00 0.000000000000000000e+00 0.000000000000000000e+00
9.989874958992004395e-01 1.140684485435485840e-01 1.762093305587768555e-01 9.427326321601867676e-01 6.104817390441894531e-01 5.597835779190063477e-02 8.926624059677124023e-02 6.411744952201843262e-01 6.009858250617980957e-01 1.000000000000000000e+00 0.000000000000000000e+00 0.000000000000000000e+00
1.281282603740692139e-01 2.031607627868652344e-01 9.768521785736083984e-02 1.867438554763793945e-01 2.968521118164062500e-01 7.764927148818969727e-01 4.471629261970520020e-01 9.450623989105224609e-01 5.149626135826110840e-01 0.000000000000000000e+00 0.000000000000000000e+00 0.000000000000000000e+00
4.561106264591217041e-01 1.069818139076232910e-01 3.064460754394531250e-01 2.899487018585205078e-01 6.391837596893310547e-01 7.045064568519592285e-01 5.649656057357788086e-02 7.350854873657226562e-01 5.371122360229492188e-01 0.000000000000000000e+00 0.000000000000000000e+00 0.000000000000000000e+00
4.860810041427612305e-01 6.420994400978088379e-01 8.753244280815124512e-01 4.287822246551513672e-01 3.246583938598632812e-01 5.055229663848876953e-01 2.480786442756652832e-01 9.044232368469238281e-01 8.618372678756713867e-02 0.000000000000000000e+00 1.000000000000000000e+00 0.000000000000000000e+00
9.633724689483642578e-01 1.617929339408874512e-01 3.439884781837463379e-01 9.051899313926696777e-01 4.374299645423889160e-01 9.994321465492248535e-01 3.549888134002685547e-01 2.456260919570922852e-01 7.968292236328125000e-01 0.000000000000000000e+00 0.000000000000000000e+00 0.000000000000000000e+00
6.102724075317382812e-01 9.950208067893981934e-01 8.774739503860473633e-02 8.645843863487243652e-01 6.063985824584960938e-01 3.695191144943237305e-01 5.442035794258117676e-01 2.242838144302368164e-01 1.665379405021667480e-01 1.000000000000000000e+00 0.000000000000000000e+00 0.000000000000000000e+00
9.873914122581481934e-01 3.146890401840209961e-01 4.860801100730895996e-01 9.739124178886413574e-01 2.117396593093872070e-01 2.033156752586364746e-01 8.664093613624572754e-01 6.181114912033081055e-02 6.935897469520568848e-01 0.000000000000000000e+00 1.000000000000000000e+00 0.000000000000000000e+00
9.894912242889404297e-01 3.043001890182495117e-02 6.773296594619750977e-01 1.803635358810424805e-01 9.684863090515136719e-01 6.914007663726806641e-02 2.957080602645874023e-01 5.091295838356018066e-01 2.910292744636535645e-01 1.000000000000000000e+00 1.000000000000000000e+00 1.000000000000000000e+00
4.180339276790618896e-01 1.644265651702880859e-02 6.477035880088806152e-01 8.200639486312866211e-02 1.075797080993652344e-01 7.076657414436340332e-01 2.847909927368164062e-02 8.186756372451782227e-01 3.712755441665649414e-02 0.000000000000000000e+00 0.000000000000000000e+00 0.000000000000000000e+00
9.333080053329467773e-01 7.858246564865112305e-02 9.384009838104248047e-01 2.886967062950134277e-01 3.097623586654663086e-02 2.982630133628845215e-01 7.428222894668579102e-02 2.583908438682556152e-01 2.415997982025146484e-01 0.000000000000000000e+00 0.000000000000000000e+00 0.000000000000000000e+00
9.656919836997985840e-01 3.739871382713317871e-01 6.160841584205627441e-01 9.620513916015625000e-01 3.264748454093933105e-01 4.074966907501220703e-01 7.786146998405456543e-01 5.227583646774291992e-01 4.813148975372314453e-01 0.000000000000000000e+00 0.000000000000000000e+00 0.000000000000000000e+00
4.032013714313507080e-01 3.038386106491088867e-01 1.630464792251586914e-01 4.034853577613830566e-01 4.118747711181640625e-01 4.083160758018493652e-01 4.533048272132873535e-01 4.380026459693908691e-01 2.991902232170104980e-01 0.000000000000000000e+00 0.000000000000000000e+00 0.000000000000000000e+00
2.574987411499023438e-01 8.834613561630249023e-01 9.473073482513427734e-01 4.787933230400085449e-01 7.730001211166381836e-02 4.367390871047973633e-01 1.969324350357055664e-01 6.398448348045349121e-01 5.135649442672729492e-01 0.000000000000000000e+00 0.000000000000000000e+00 0.000000000000000000e+00
6.019933819770812988e-01 9.670867323875427246e-01 3.213292360305786133e-01 6.528126001358032227e-01 7.686136960983276367e-01 6.934090852737426758e-01 7.004923820495605469e-01 7.450076341629028320e-01 1.271185874938964844e-01 0.000000000000000000e+00 0.000000000000000000e+00 0.000000000000000000e+00
5.257111191749572754e-01 5.378655195236206055e-01 7.603589892387390137e-01 4.787944555282592773e-01 9.372019767761230469e-02 1.567911505699157715e-01 1.075847148895263672e-01 3.066133856773376465e-01 1.987300515174865723e-01 0.000000000000000000e+00 0.000000000000000000e+00 0.000000000000000000e+00
4.636513888835906982e-01 4.155735969543457031e-01 3.366206288337707520e-01 3.391292691230773926e-01 6.399064064025878906e-01 7.177242040634155273e-01 9.171414375305175781e-01 7.248787879943847656e-01 5.868807435035705566e-01 0.000000000000000000e+00 0.000000000000000000e+00 0.000000000000000000e+00
6.905182600021362305e-01 8.025420308113098145e-01 5.125744938850402832e-01 4.183579683303833008e-01 8.415441513061523438e-01 3.160282373428344727e-01 6.704362034797668457e-01 2.753292322158813477e-01 7.034577727317810059e-01 1.000000000000000000e+00 0.000000000000000000e+00 0.000000000000000000e+00
6.667972207069396973e-01 5.695421099662780762e-01 6.973803043365478516e-03 4.015092253684997559e-01 8.859898447990417480e-01 1.933709383010864258e-01 7.028799653053283691e-01 8.592955470085144043e-01 8.384792208671569824e-01 1.000000000000000000e+00 0.000000000000000000e+00 0.000000000000000000e+00
6.445432305335998535e-01 4.451531171798706055e-01 4.918344020843505859e-01 2.519769668579101562e-01 8.208678364753723145e-01 2.038024663925170898e-01 2.131885290145874023e-01 7.451069951057434082e-01 9.620673060417175293e-01 1.000000000000000000e+00 0.000000000000000000e+00 0.000000000000000000e+00
3.302187025547027588e-01 8.452929854393005371e-01 8.702880144119262695e-02 5.349450707435607910e-01 2.033334374427795410e-01 3.798190951347351074e-01 2.145565152168273926e-01 9.685837626457214355e-01 1.814305782318115234e-03 0.000000000000000000e+00 0.000000000000000000e+00 0.000000000000000000e+00
3.404414653778076172e-01 9.773953557014465332e-01 6.651090979576110840e-01 1.928943395614624023e-02 3.732776641845703125e-01 5.969775319099426270e-01 9.724586009979248047e-01 1.828099489212036133e-01 4.428117275238037109e-01 0.000000000000000000e+00 0.000000000000000000e+00 0.000000000000000000e+00
9.688763618469238281e-01 3.416587114334106445e-01 4.908654093742370605e-01 5.526746511459350586e-01 9.211571812629699707e-01 3.672230243682861328e-02 4.311669468879699707e-01 5.238336324691772461e-01 7.748240232467651367e-02 0.000000000000000000e+00 0.000000000000000000e+00 0.000000000000000000e+00
5.285487771034240723e-01 6.598736047744750977e-01 1.458800435066223145e-01 5.746947526931762695e-01 8.996424078941345215e-01 6.738362908363342285e-01 5.965489149093627930e-02 4.547889828681945801e-01 4.712867736816406250e-01 1.000000000000000000e+00 0.000000000000000000e+00 0.000000000000000000e+00
6.625229120254516602e-01 7.122399806976318359e-01 2.271527051925659180e-01 3.058710694313049316e-01 8.350936174392700195e-01 8.659358620643615723e-01 8.423255681991577148e-01 2.584068775177001953e-01 6.308245062828063965e-01 1.000000000000000000e+00 0.000000000000000000e+00 0.000000000000000000e+00
8.608261346817016602e-01 8.241140246391296387e-01 5.492098331451416016e-01 7.709330320358276367e-01 7.307055592536926270e-01 9.190585017204284668e-01 3.883343935012817383e-02 1.912458539009094238e-01 7.103621959686279297e-01 1.000000000000000000e+00 0.000000000000000000e+00 0.000000000000000000e+00
5.532791614532470703e-01 9.973809719085693359e-01 8.254586458206176758e-01 7.259338498115539551e-01 1.252090930938720703e-02 1.646578907966613770e-01 4.011651873588562012e-01 3.305888772010803223e-01 9.157199263572692871e-01 0.000000000000000000e+00 0.000000000000000000e+00 0.000000000000000000e+00
4.553638994693756104e-01 7.783169746398925781e-01 4.482963681221008301e-01 1.109601855278015137e-01 7.743970751762390137e-01 3.405650258064270020e-01 7.379835844039916992e-01 4.824766516685485840e-01 8.407549858093261719e-01 1.000000000000000000e+00 0.000000000000000000e+00 0.000000000000000000e+00
8.210222721099853516e-01 3.802633285522460938e-01 9.437859058380126953e-01 2.175544500350952148e-01 6.769919395446777344e-02 3.293915390968322754e-01 2.413690090179443359e-03 8.276605606079101562e-02 4.950523376464843750e-01 0.000000000000000000e+00 1.000000000000000000e+00 0.000000000000000000e+00
9.942501783370971680e-01 7.516562938690185547e-03 7.684957385063171387e-01 8.205829262733459473e-01 5.196802020072937012e-01 3.088427186012268066e-01 4.163553118705749512e-01 4.435660243034362793e-01 7.744031548500061035e-01 0.000000000000000000e+00 0.000000000000000000e+00 0.000000000000000000e+00
3.252246975898742676e-01 9.342743158340454102e-01 6.964530944824218750e-01 3.395169973373413086e-02 7.964460849761962891e-01 6.625806689262390137e-01 3.545688390731811523e-01 4.180514812469482422e-01 9.679923653602600098e-01 1.000000000000000000e+00 1.000000000000000000e+00 1.000000000000000000e+00
1.317895650863647461e-01 5.646088719367980957e-01 5.616124868392944336e-01 8.032679557800292969e-03 2.916999459266662598e-01 4.606003165245056152e-01 8.371577858924865723e-01 3.753923177719116211e-01 4.334352016448974609e-01 0.000000000000000000e+00 1.000000000000000000e+00 0.000000000000000000e+00
4.138535559177398682e-01 2.761817574501037598e-01 2.626128792762756348e-01 2.631168961524963379e-01 5.152655839920043945e-01 8.051431179046630859e-01 6.197136640548706055e-02 5.757211446762084961e-01 4.483988285064697266e-01 1.000000000000000000e+00 1.000000000000000000e+00 1.000000000000000000e+00
8.014656901359558105e-01 5.211268067359924316e-01 5.855858325958251953e-01 5.264059305191040039e-01 8.981832265853881836e-01 4.734935760498046875e-01 5.636772513389587402e-01 5.462732315063476562e-01 4.454781413078308105e-01 0.000000000000000000e+00 0.000000000000000000e+00 0.000000000000000000e+00
9.692976474761962891e-01 6.396790146827697754e-01 2.438178658485412598e-01 8.477848768234252930e-01 9.867258667945861816e-01 6.413558721542358398e-01 6.843247413635253906e-01 6.726545095443725586e-01 8.141489028930664062e-01 0.000000000000000000e+00 0.000000000000000000e+00 0.000000000000000000e+00
9.573234319686889648e-01 7.622331380844116211e-02 6.809377670288085938e-01 7.153853178024291992e-01 1.947780847549438477e-01 4.472162127494812012e-01 3.985325098037719727e-01 7.404363155364990234e-02 4.142618179321289062e-01 0.000000000000000000e+00 1.000000000000000000e+00 0.000000000000000000e+00
3.846476972103118896e-01 6.704174876213073730e-01 4.863005876541137695e-02 8.942222595214843750e-02 1.419980525970458984e-01 1.146702170372009277e-01 3.454855084419250488e-01 2.888452410697937012e-01 9.219485521316528320e-01 0.000000000000000000e+00 0.000000000000000000e+00 0.000000000000000000e+00
2.614697515964508057e-01 2.696166634559631348e-01 1.822990179061889648e-01 2.443607449531555176e-01 5.984193086624145508e-01 4.488674402236938477e-01 2.545964717864990234e-02 8.493306636810302734e-01 3.539706468582153320e-01 0.000000000000000000e+00 0.000000000000000000e+00 0.000000000000000000e+00
6.843644380569458008e-01 3.366088867187500000e-01 1.977848410606384277e-01 5.884506702423095703e-01 2.695729136466979980e-01 8.329457044601440430e-01 8.676317334175109863e-01 5.018820166587829590e-01 7.792659401893615723e-01 0.000000000000000000e+00 0.000000000000000000e+00 0.000000000000000000e+00
8.844202160835266113e-01 7.422707080841064453e-01 6.183593869209289551e-01 6.591293811798095703e-01 9.774248600006103516e-01 7.860280275344848633e-01 4.939970970153808594e-01 9.154297709465026855e-01 1.730647087097167969e-01 0.000000000000000000e+00 0.000000000000000000e+00 0.000000000000000000e+00
3.764356970787048340e-01 9.735110402107238770e-01 5.278589129447937012e-01 1.662322282791137695e-01 1.990938186645507812e-01 9.435737133026123047e-01 1.744629740715026855e-01 7.029609084129333496e-01 3.603149652481079102e-01 0.000000000000000000e+00 0.000000000000000000e+00 0.000000000000000000e+00
9.139767885208129883e-01 3.854347467422485352e-01 9.636747837066650391e-01 6.396278738975524902e-01 4.281870722770690918e-01 6.217909455299377441e-01 6.230190992355346680e-01 5.852431058883666992e-02 8.350629210472106934e-01 0.000000000000000000e+00 0.000000000000000000e+00 0.000000000000000000e+00
8.297551274299621582e-01 8.255067467689514160e-01 2.297638654708862305e-01 5.057662725448608398e-01 5.020452737808227539e-01 1.142841577529907227e-02 3.731548786163330078e-01 6.707841157913208008e-02 9.964343905448913574e-01 0.000000000000000000e+00 0.000000000000000000e+00 0.000000000000000000e+00
3.213014006614685059e-01 2.165718078613281250e-01 4.501086473464965820e-01 4.454981088638305664e-01 3.482258319854736328e-02 7.425653934478759766e-02 8.704165816307067871e-01 2.761840820312500000e-01 7.633552551269531250e-01 0.000000000000000000e+00 0.000000000000000000e+00 0.000000000000000000e+00
4.365777671337127686e-01 4.029918313026428223e-01 1.480227112770080566e-01 2.056978940963745117e-01 9.090033769607543945e-01 9.720081090927124023e-01 8.040400743484497070e-01 1.133784651756286621e-01 6.508627533912658691e-01 0.000000000000000000e+00 1.000000000000000000e+00 0.000000000000000000e+00
5.699223875999450684e-01 1.773914098739624023e-01 5.028217434883117676e-01 4.203587770462036133e-02 5.905103683471679688e-01 6.544663906097412109e-01 8.009597659111022949e-01 6.604062318801879883e-01 9.999084472656250000e-01 1.000000000000000000e+00 0.000000000000000000e+00 0.000000000000000000e+00
9.728613495826721191e-01 2.316669821739196777e-01 3.918662071228027344e-01 8.391688466072082520e-01 4.940259456634521484e-02 2.260658740997314453e-01 2.818884253501892090e-01 6.854708790779113770e-01 2.531633973121643066e-01 0.000000000000000000e+00 0.000000000000000000e+00 0.000000000000000000e+00
4.987695217132568359e-01 7.483472228050231934e-01 4.600175023078918457e-01 5.316544771194458008e-01 2.984610199928283691e-01 3.569878935813903809e-01 7.771850824356079102e-01 2.105938792228698730e-01 9.557901024818420410e-01 1.000000000000000000e+00 0.000000000000000000e+00 0.000000000000000000e+00
2.369206100702285767e-01 8.628960251808166504e-01 2.049665451049804688e-01 2.332528829574584961e-01 3.986650705337524414e-02 2.373957037925720215e-01 7.219950556755065918e-01 2.370328903198242188e-01 5.451018810272216797e-01 0.000000000000000000e+00 1.000000000000000000e+00 0.000000000000000000e+00
1.697100102901458740e-01 3.918256163597106934e-01 2.069835066795349121e-01 3.306090831756591797e-03 2.697361707687377930e-01 2.041868567466735840e-01 1.793724894523620605e-01 4.931638836860656738e-01 5.971576571464538574e-01 0.000000000000000000e+00 0.000000000000000000e+00 0.000000000000000000e+00
9.744695425033569336e-01 4.592021703720092773e-01 9.478018879890441895e-01 8.242298960685729980e-01 9.357971549034118652e-01 5.275242328643798828e-01 3.368021249771118164e-01 3.381519317626953125e-01 5.262678861618041992e-01 0.000000000000000000e+00 0.000000000000000000e+00 0.000000000000000000e+00
4.910650551319122314e-01 7.682173252105712891e-01 3.334281444549560547e-01 7.472257018089294434e-01 1.399692893028259277e-01 9.904210567474365234e-01 6.597333550453186035e-01 2.946286201477050781e-01 4.385931491851806641e-01 0.000000000000000000e+00 0.000000000000000000e+00 0.000000000000000000e+00
5.338957905769348145e-01 6.801269054412841797e-01 7.898511290550231934e-01 1.220509409904479980e-01 2.360601425170898438e-01 1.613836288452148438e-01 3.224712610244750977e-02 6.388397216796875000e-01 3.756952285766601562e-01 1.000000000000000000e+00 0.000000000000000000e+00 0.000000000000000000e+00
4.558387994766235352e-01 9.422502517700195312e-01 4.649230837821960449e-01 1.339986324310302734e-01 3.864784836769104004e-01 1.382749676704406738e-01 2.892604470252990723e-01 6.911390423774719238e-01 7.596865296363830566e-01 1.000000000000000000e+00 0.000000000000000000e+00 0.000000000000000000e+00
8.145982623100280762e-01 8.675995469093322754e-01 1.340073943138122559e-01 8.758832812309265137e-01 6.321825385093688965e-01 5.189129710197448730e-01 5.105828642845153809e-01 4.474108219146728516e-01 8.265435695648193359e-02 1.000000000000000000e+00 0.000000000000000000e+00 0.000000000000000000e+00
8.881621360778808594e-01 3.096684813499450684e-01 7.869825959205627441e-01 6.275759339332580566e-01 6.910027861595153809e-01 9.468185305595397949e-01 2.383836507797241211e-01 6.696641445159912109e-01 9.276394248008728027e-01 0.000000000000000000e+00 0.000000000000000000e+00 0.000000000000000000e+00
7.177583575248718262e-01 2.170347571372985840e-01 6.207401752471923828e-01 5.172299146652221680e-01 4.635579586029052734e-01 8.472289443016052246e-01 6.042795777320861816e-01 2.683852314949035645e-01 9.360009431838989258e-01 1.000000000000000000e+00 1.000000000000000000e+00 1.000000000000000000e+00
7.105128765106201172e-01 1.084192991256713867e-01 8.612896203994750977e-01 1.233990192413330078e-01 3.471457958221435547e-02 6.798752546310424805e-01 7.567349672317504883e-01 4.170503020286560059e-01 3.156869411468505859e-01 0.000000000000000000e+00 1.000000000000000000e+00 0.000000000000000000e+00
4.631524682044982910e-01 5.885664224624633789e-01 9.560173749923706055e-01 8.833336830139160156e-02 1.809167861938476562e-01 8.789775371551513672e-01 9.947164654731750488e-01 8.324075937271118164e-01 7.813628911972045898e-01 1.000000000000000000e+00 0.000000000000000000e+00 0.000000000000000000e+00
9.441593885421752930e-01 1.246100664138793945e-02 9.984642267227172852e-02 4.888578057289123535e-01 8.436526656150817871e-01 3.832382559776306152e-01 8.459973335266113281e-02 5.092796087265014648e-01 9.400206208229064941e-01 0.000000000000000000e+00 0.000000000000000000e+00 0.000000000000000000e+00
5.534411072731018066e-01 6.597174406051635742e-01 3.317921757698059082e-01 2.259252071380615234e-01 2.595124244689941406e-01 8.642852902412414551e-01 8.132053613662719727e-01 3.546836972236633301e-01 1.628174781799316406e-01 0.000000000000000000e+00 0.000000000000000000e+00 0.000000000000000000e+00
9.392659664154052734e-01 5.177310109138488770e-01 9.863325953483581543e-01 6.349857449531555176e-01 9.062980413436889648e-01 7.997137904167175293e-01 6.924903392791748047e-01 4.292263388633728027e-01 6.643196344375610352e-01 0.000000000000000000e+00 0.000000000000000000e+00 0.000000000000000000e+00
7.991927266120910645e-01 3.164703845977783203e-01 9.822702407836914062e-02 6.816031336784362793e-01 3.550030589103698730e-01 5.301665067672729492e-01 3.642226457595825195e-01 5.077452659606933594e-01 3.669610023498535156e-01 1.000000000000000000e+00 0.000000000000000000e+00 0.000000000000000000e+00
4.378120303153991699e-01 3.944789767265319824e-01 1.613009572029113770e-01 3.722131252288818359e-03 9.472362399101257324e-01 1.302478909492492676e-01 8.559067249298095703e-01 8.586156368255615234e-01 1.688114404678344727e-01 1.000000000000000000e+00 0.000000000000000000e+00 0.000000000000000000e+00
2.001074403524398804e-01 6.981066465377807617e-01 1.380829811096191406e-01 3.039747476577758789e-01 1.515775918960571289e-02 5.232424139976501465e-01 2.381618022918701172e-01 7.857383489608764648e-01 4.093939065933227539e-01 0.000000000000000000e+00 0.000000000000000000e+00 0.000000000000000000e+00
3.111489117145538330e-01 3.739024400711059570e-01 1.022512316703796387e-01 6.964993476867675781e-02 6.607027649879455566e-01 8.383738994598388672e-02 5.858829617500305176e-01 7.899956703186035156e-01 7.040244936943054199e-01 1.000000000000000000e+00 0.000000000000000000e+00 0.000000000000000000e+00
