9.962720870971679688e-01 1.682335138320922852e-02 1.265007853507995605e-01 8.598939776420593262e-01 7.530201077461242676e-01 5.163208842277526855e-01 9.224662780761718750e-01 8.233624696731567383e-01 9.115200042724609375e-01 0.000000000000000000e+00 0.000000000000000000e+00 0.000000000000000000e+00
2.510246336460113525e-01 2.393715977668762207e-01 2.460578083992004395e-01 8.532172441482543945e-02 7.062960267066955566e-01 5.847710371017456055e-01 4.490185379981994629e-01 3.751175999641418457e-01 7.494875192642211914e-01 0.000000000000000000e+00 1.000000000000000000e+00 0.000000000000000000e+00
9.911677837371826172e-01 7.410246133804321289e-02 6.556332707405090332e-01 9.026364088058471680e-01 3.671547770500183105e-01 3.759235143661499023e-01 4.021739959716796875e-01 2.745086550712585449e-01 8.738810420036315918e-01 0.000000000000000000e+00 0.000000000000000000e+00 0.000000000000000000e+00
8.407074213027954102e-01 5.872645974159240723e-01 6.319884061813354492e-01 9.064810276031494141e-01 1.254949569702148438e-01 2.619083523750305176e-01 9.242236614227294922e-03 9.680946469306945801e-01 3.163600564002990723e-01 0.000000000000000000e+00 0.000000000000000000e+00 0.000000000000000000e+00
9.234392642974853516e-01 1.173303127288818359e-01 7.840240001678466797e-01 2.818478345870971680e-01 7.014878988265991211e-01 6.819580197334289551e-01 9.400794506072998047e-01 5.884797573089599609e-01 6.663717031478881836e-01 0.000000000000000000e+00 0.000000000000000000e+00 0.000000000000000000e+00
4.194299876689910889e-01 9.123933911323547363e-01 3.391142487525939941e-01 1.575037837028503418e-01 8.036750555038452148e-01 4.546281099319458008e-01 9.809248447418212891e-01 2.501666545867919922e-03 8.222740292549133301e-01 1.000000000000000000e+00 0.000000000000000000e+00 0.000000000000000000e+00
6.857638359069824219e-01 1.978177428245544434e-01 8.051406145095825195e-01 3.303809762001037598e-01 2.402656078338623047e-01 9.537243843078613281e-01 3.330087661743164062e-01 7.654883861541748047e-01 5.734259486198425293e-01 1.000000000000000000e+00 0.000000000000000000e+00 0.000000000000000000e+00
4.283568561077117920e-01 5.203182697296142578e-01 1.022894382476806641e-01 2.805948257446289062e-02 8.347314000129699707e-01 5.301677584648132324e-01 2.745374441146850586e-01 2.565180063247680664e-01 6.130406260490417480e-01 1.000000000000000000e+00 1.000000000000000000e+00 1.000000000000000000e+00
4.794796705245971680e-01 2.609884738922119141e-01 3.759804964065551758e-01 1.153934001922607422e-01 3.268519043922424316e-01 3.170933127403259277e-01 6.499353647232055664e-01 1.035872101783752441e-01 6.386165618896484375e-01 1.000000000000000000e+00 0.000000000000000000e+00 0.000000000000000000e+00
5.594066977500915527e-01 5.032450556755065918e-01 8.113431334495544434e-01 3.595407009124755859e-01 1.608687639236450195e-02 5.857744216918945312e-01 4.405635595321655273e-01 9.145638942718505859e-01 6.675813198089599609e-01 1.000000000000000000e+00 0.000000000000000000e+00 0.000000000000000000e+00
4.920454919338226318e-01 2.562624216079711914e-02 4.465506672859191895e-01 2.111478447914123535e-01 2.775893807411193848e-01 5.757463574409484863e-01 5.697646141052246094e-01 4.132681488990783691e-01 7.404999136924743652e-01 1.000000000000000000e+00 0.000000000000000000e+00 0.000000000000000000e+00
9.736252427101135254e-01 6.566770076751708984e-01 6.397354006767272949e-01 9.011888504028320312e-01 8.490535616874694824e-01 1.537859439849853516e-01 9.816183447837829590e-01 8.408655524253845215e-01 7.718619704246520996e-01 0.000000000000000000e+00 0.000000000000000000e+00 0.000000000000000000e+00
8.561146855354309082e-01 6.559026241302490234e-01 3.575151562690734863e-01 4.122336506843566895e-01 9.720574021339416504e-01 1.873260140419006348e-01 8.011817932128906250e-01 7.962552309036254883e-01 2.495682239532470703e-01 0.000000000000000000e+00 0.000000000000000000e+00 0.000000000000000000e+00
7.632167935371398926e-01 7.140401601791381836e-01 7.911664247512817383e-02 4.065664410591125488e-01 9.584659337997436523e-01 3.661127090454101562e-01 5.076248645782470703e-01 6.065528988838195801e-01 1.512808799743652344e-01 0.000000000000000000e+00 0.000000000000000000e+00 0.000000000000000000e+00
8.868147730827331543e-01 4.384633302688598633e-01 2.939409613609313965e-01 7.280277609825134277e-01 2.134199142456054688e-01 2.438794374465942383e-01 6.822822093963623047e-01 4.550001025199890137e-01 6.238384246826171875e-01 0.000000000000000000e+00 0.000000000000000000e+00 0.000000000000000000e+00
4.329879581928253174e-01 9.094201326370239258e-01 7.089813351631164551e-01 4.641435146331787109e-01 2.963367700576782227e-01 7.238152027130126953e-01 8.486070632934570312e-01 6.593782901763916016e-01 9.939731359481811523e-01 0.000000000000000000e+00 0.000000000000000000e+00 0.000000000000000000e+00
4.967460334300994873e-01 9.490167498588562012e-01 5.748363137245178223e-01 7.797501683235168457e-01 2.529197335243225098e-01 6.306965351104736328e-01 1.536436080932617188e-01 3.316890001296997070e-01 6.392081975936889648e-01 1.000000000000000000e+00 0.000000000000000000e+00 0.000000000000000000e+00
3.643733561038970947e-01 7.756686210632324219e-01 4.901991486549377441e-01 1.674890518188476562e-01 2.611514925956726074e-01 5.064120292663574219e-01 3.864550590515136719e-02 3.833836317062377930e-01 1.061427593231201172e-02 0.000000000000000000e+00 1.000000000000000000e+00 0.000000000000000000e+00
5.961430668830871582e-01 1.835643053054809570e-01 7.639846801757812500e-01 2.266478538513183594e-02 7.740652561187744141e-02 5.949776172637939453e-01 9.481233358383178711e-02 9.514428973197937012e-01 8.479394912719726562e-01 0.000000000000000000e+00 0.000000000000000000e+00 0.000000000000000000e+00
6.675941944122314453e-01 7.925644516944885254e-01 5.412314534187316895e-01 6.798788309097290039e-01 9.045451879501342773e-02 1.303544640541076660e-01 3.290732502937316895e-01 3.878476023674011230e-01 7.101588249206542969e-01 1.000000000000000000e+00 0.000000000000000000e+00 0.000000000000000000e+00
7.380272746086120605e-01 6.389597654342651367e-01 3.023452162742614746e-01 4.693314433097839355e-01 9.310309886932373047e-01 4.059666395187377930e-01 3.081281781196594238e-01 5.935567021369934082e-01 6.638275384902954102e-01 0.000000000000000000e+00 0.000000000000000000e+00 0.000000000000000000e+00
9.855920076370239258e-01 4.058480262756347656e-01 9.488109350204467773e-01 9.354481697082519531e-01 7.235449552536010742e-02 1.690512895584106445e-01 3.322873711585998535e-01 2.032766342163085938e-01 8.097304105758666992e-01 1.000000000000000000e+00 1.000000000000000000e+00 1.000000000000000000e+00
9.800659418106079102e-01 1.875683665275573730e-01 8.702286481857299805e-01 8.201840519905090332e-01 4.073443412780761719e-01 4.076905846595764160e-01 4.715706110000610352e-01 1.236218214035034180e-02 4.552432894706726074e-01 0.000000000000000000e+00 0.000000000000000000e+00 0.000000000000000000e+00
7.303740978240966797e-01 1.620206832885742188e-01 2.607918381690979004e-01 6.364355683326721191e-01 4.571107029914855957e-01 6.537162065505981445e-01 7.333769202232360840e-01 9.412187337875366211e-02 4.338968992233276367e-01 0.000000000000000000e+00 1.000000000000000000e+00 0.000000000000000000e+00
5.937209725379943848e-01 7.818546891212463379e-01 8.285585641860961914e-01 3.299730420112609863e-01 6.571697592735290527e-01 3.852687478065490723e-01 4.891329407691955566e-01 9.777301549911499023e-02 3.614082932472229004e-01 0.000000000000000000e+00 0.000000000000000000e+00 0.000000000000000000e+00
5.957665443420410156e-01 6.172149777412414551e-01 1.244563460350036621e-01 2.566761970520019531e-01 6.729929447174072266e-01 8.004136085510253906e-01 2.645767927169799805e-01 3.200925588607788086e-01 1.373349428176879883e-01 0.000000000000000000e+00 0.000000000000000000e+00 0.000000000000000000e+00
9.033277630805969238e-01 7.369381785392761230e-01 1.954027414321899414e-01 9.282323122024536133e-01 8.309191465377807617e-02 1.816135644912719727e-02 1.675225496292114258e-01 6.567721962928771973e-01 1.510974168777465820e-01 1.000000000000000000e+00 0.000000000000000000e+00 0.000000000000000000e+00
3.724507391452789307e-01 1.086587905883789062e-01 4.970483183860778809e-01 2.625852823257446289e-01 3.386508226394653320e-01 9.255205392837524414e-01 7.747350931167602539e-01 6.660038828849792480e-01 6.928924918174743652e-01 1.000000000000000000e+00 0.000000000000000000e+00 0.000000000000000000e+00
6.503930091857910156e-01 8.907930254936218262e-01 4.492942690849304199e-01 9.567161798477172852e-01 2.106348872184753418e-01 3.384471535682678223e-01 3.685310482978820801e-01 9.706336855888366699e-01 4.583448171615600586e-01 1.000000000000000000e+00 0.000000000000000000e+00 0.000000000000000000e+00
8.684203624725341797e-01 1.982835531234741211e-01 2.017207741737365723e-01 7.137207388877868652e-01 3.658295869827270508e-01 6.385882496833801270e-01 2.943586707115173340e-01 8.533774614334106445e-01 9.644694328308105469e-01 0.000000000000000000e+00 0.000000000000000000e+00 0.000000000000000000e+00
8.984677791595458984e-01 2.120168209075927734e-01 3.725991249084472656e-01 6.289080977439880371e-01 8.128157258033752441e-01 9.372683167457580566e-01 3.926252126693725586e-01 6.600686311721801758e-01 6.151090860366821289e-01 0.000000000000000000e+00 0.000000000000000000e+00 0.000000000000000000e+00
8.901442289352416992e-01 2.860842347145080566e-01 1.287322640419006348e-01 6.831775307655334473e-01 6.347888708114624023e-02 2.892665863037109375e-01 7.495787739753723145e-01 8.863423466682434082e-01 8.476284742355346680e-01 0.000000000000000000e+00 0.000000000000000000e+00 0.000000000000000000e+00
3.840122520923614502e-01 6.509882211685180664e-01 4.619292020797729492e-01 7.398051619529724121e-01 4.478549957275390625e-02 8.566474318504333496e-01 1.012965440750122070e-01 5.775876045227050781e-01 4.856932163238525391e-01 1.000000000000000000e+00 0.000000000000000000e+00 0.000000000000000000e+00
7.980816960334777832e-01 8.562927246093750000e-01 4.753803610801696777e-01 7.174131274223327637e-01 7.291922569274902344e-01 5.068876743316650391e-01 8.995698094367980957e-01 7.040818929672241211e-01 9.076762199401855469e-02 0.000000000000000000e+00 0.000000000000000000e+00 0.000000000000000000e+00
2.763300836086273193e-01 7.817681431770324707e-01 4.893333315849304199e-01 1.025679111480712891e-01 4.299061894416809082e-01 2.952830791473388672e-01 6.532948613166809082e-01 1.920733451843261719e-01 6.634024381637573242e-01 0.000000000000000000e+00 0.000000000000000000e+00 0.000000000000000000e+00
9.376222491264343262e-01 9.411236047744750977e-01 1.827682256698608398e-01 8.145298957824707031e-01 9.158268570899963379e-01 5.357576608657836914e-01 4.093748331069946289e-02 5.047565102577209473e-01 8.557069301605224609e-01 0.000000000000000000e+00 0.000000000000000000e+00 0.000000000000000000e+00
5.473734736442565918e-01 7.188301682472229004e-01 4.803647398948669434e-01 4.694790244102478027e-01 3.131748437881469727e-01 5.125749111175537109e-02 1.806364655494689941e-01 1.689795255661010742e-01 7.293945550918579102e-01 1.000000000000000000e+00 0.000000000000000000e+00 0.000000000000000000e+00
3.969388604164123535e-01 7.413422465324401855e-01 2.713568806648254395e-01 1.915490031242370605e-01 7.704940438270568848e-01 6.248261332511901855e-01 8.158767223358154297e-02 5.060553550720214844e-02 7.291418313980102539e-01 0.000000000000000000e+00 0.000000000000000000e+00 0.000000000000000000e+00
2.514291703701019287e-01 5.038897395133972168e-01 2.037465572357177734e-03 1.751926541328430176e-01 6.012951731681823730e-01 8.791941404342651367e-01 9.497504830360412598e-01 7.142562866210937500e-01 9.274821877479553223e-01 0.000000000000000000e+00 0.000000000000000000e+00 0.000000000000000000e+00
6.362948417663574219e-01 6.198895573616027832e-01 5.348461866378784180e-01 1.500644683837890625e-01 5.417215228080749512e-01 3.361022472381591797e-02 1.619598865509033203e-01 9.533814191818237305e-01 1.472700834274291992e-01 0.000000000000000000e+00 0.000000000000000000e+00 0.000000000000000000e+00
1.252432167530059814e-01 3.700368404388427734e-01 6.565147638320922852e-02 2.522866725921630859e-01 3.157407045364379883e-02 8.069043159484863281e-01 4.538102149963378906e-01 3.301751613616943359e-02 2.625547647476196289e-01 0.000000000000000000e+00 0.000000000000000000e+00 0.000000000000000000e+00
4.420638084411621094e-01 9.158664941787719727e-01 5.067239999771118164e-01 5.774512887001037598e-01 2.961477637290954590e-01 6.839621067047119141e-01 1.988649368286132812e-03 9.006719589233398438e-01 2.330541014671325684e-01 0.000000000000000000e+00 0.000000000000000000e+00 0.000000000000000000e+00
4.364719092845916748e-01 5.037239789962768555e-01 3.345571756362915039e-01 1.654408574104309082e-01 5.182816982269287109e-01 8.449376821517944336e-01 1.451908946037292480e-01 8.142298460006713867e-02 8.205757141113281250e-01 1.000000000000000000e+00 0.000000000000000000e+00 0.000000000000000000e+00
8.084992766380310059e-01 3.813066482543945312e-01 3.127887248992919922e-01 9.091273546218872070e-01 1.563507318496704102e-01 5.570175051689147949e-01 4.717122912406921387e-01 2.482147216796875000e-01 6.398551464080810547e-01 0.000000000000000000e+00 0.000000000000000000e+00 0.000000000000000000e+00
5.946510434150695801e-01 7.151274085044860840e-01 8.307608962059020996e-01 7.341545820236206055e-02 6.357620358467102051e-01 2.891741991043090820e-01 5.226998329162597656e-01 9.605146050453186035e-01 5.697263479232788086e-01 1.000000000000000000e+00 0.000000000000000000e+00 0.000000000000000000e+00
9.392417073249816895e-01 2.643267512321472168e-01 6.812849044799804688e-01 5.547257065773010254e-01 6.882036924362182617e-01 4.567641019821166992e-02 8.892028331756591797e-01 6.949735283851623535e-01 3.508766293525695801e-01 0.000000000000000000e+00 0.000000000000000000e+00 0.000000000000000000e+00
3.815402090549468994e-02 7.137894630432128906e-02 2.698034048080444336e-02 1.402292251586914062e-01 1.186373829841613770e-01 4.878125786781311035e-01 1.251105666160583496e-01 5.317281484603881836e-01 2.892801761627197266e-01 1.000000000000000000e+00 1.000000000000000000e+00 1.000000000000000000e+00
9.648561477661132812e-01 2.169029712677001953e-01 8.149325847625732422e-03 9.186779260635375977e-01 5.700328946113586426e-01 6.403852105140686035e-01 5.612275004386901855e-01 7.453488707542419434e-01 5.671501159667968750e-03 0.000000000000000000e+00 0.000000000000000000e+00 0.000000000000000000e+00
4.052912890911102295e-01 9.655202031135559082e-01 7.055287957191467285e-01 6.936192512512207031e-02 6.632630228996276855e-01 5.777468085289001465e-01 9.001759886741638184e-01 5.881673693656921387e-01 2.116551995277404785e-01 1.000000000000000000e+00 1.000000000000000000e+00 1.000000000000000000e+00
7.927449941635131836e-01 5.487329363822937012e-01 6.911640167236328125e-01 5.195627212524414062e-01 7.447776794433593750e-01 2.495285868644714355e-01 3.155472278594970703e-01 1.319731473922729492e-01 4.299178123474121094e-01 1.000000000000000000e+00 0.000000000000000000e+00 0.000000000000000000e+00
4.481934905052185059e-01 9.924232959747314453e-03 4.830085039138793945e-01 2.451479434967041016e-03 2.438882589340209961e-01 2.951152324676513672e-01 4.597187638282775879e-01 5.288422107696533203e-02 8.853362202644348145e-01 0.000000000000000000e+00 1.000000000000000000e+00 0.000000000000000000e+00
2.654916644096374512e-01 2.594210505485534668e-01 3.672441840171813965e-01 3.578186035156250000e-02 4.645443558692932129e-01 5.539985299110412598e-01 5.010614991188049316e-01 6.358795762062072754e-01 4.658092856407165527e-01 0.000000000000000000e+00 1.000000000000000000e+00 0.000000000000000000e+00
2.279932349920272827e-01 9.194836616516113281e-01 7.275162935256958008e-01 1.071791648864746094e-01 1.188486218452453613e-01 5.212137103080749512e-01 7.900595664978027344e-03 9.641778469085693359e-01 1.499490141868591309e-01 1.000000000000000000e+00 0.000000000000000000e+00 0.000000000000000000e+00
6.563207507133483887e-01 5.047337412834167480e-01 3.380938768386840820e-01 4.468458890914916992e-01 5.792739987373352051e-01 7.147258520126342773e-02 9.763232469558715820e-01 9.027628302574157715e-01 9.779121875762939453e-01 0.000000000000000000e+00 0.000000000000000000e+00 0.000000000000000000e+00
8.123363256454467773e-01 4.682494401931762695e-01 2.647469043731689453e-01 6.819520592689514160e-01 6.963113546371459961e-01 8.096992969512939453e-01 9.698376059532165527e-01 8.713828921318054199e-01 7.742942571640014648e-01 0.000000000000000000e+00 0.000000000000000000e+00 0.000000000000000000e+00
7.693114876747131348e-01 2.800915241241455078e-01 6.393143534660339355e-01 6.958280801773071289e-01 1.782818436622619629e-01 9.911566972732543945e-01 4.841838479042053223e-01 9.834237694740295410e-01 7.493772506713867188e-01 1.000000000000000000e+00 0.000000000000000000e+00 0.000000000000000000e+00
8.504367470741271973e-01 2.726711630821228027e-01 5.893868803977966309e-01 7.604871392250061035e-01 2.073903679847717285e-01 7.376435995101928711e-01 3.474763631820678711e-01 4.239453077316284180e-01 8.737031817436218262e-01 0.000000000000000000e+00 1.000000000000000000e+00 0.000000000000000000e+00
9.041706919670104980e-01 1.494473814964294434e-01 2.706837058067321777e-01 7.078654170036315918e-01 3.596913814544677734e-01 3.943628072738647461e-01 9.362466335296630859e-01 3.394339084625244141e-01 7.910442352294921875e-01 0.000000000000000000e+00 0.000000000000000000e+00 0.000000000000000000e+00
9.013642072677612305e-01 9.424406886100769043e-01 6.785048842430114746e-01 8.366351127624511719e-01 9.331951737403869629e-01 2.376616597175598145e-01 4.230313897132873535e-01 1.427407860755920410e-01 2.625525593757629395e-01 0.000000000000000000e+00 0.000000000000000000e+00 0.000000000000000000e+00
1.929794996976852417e-01 8.154823184013366699e-01 8.409134149551391602e-01 1.611741781234741211e-01 1.863273382186889648e-01 5.745733380317687988e-01 2.419394850730895996e-01 4.537305235862731934e-01 7.275349497795104980e-01 0.000000000000000000e+00 0.000000000000000000e+00 0.000000000000000000e+00
6.196990609169006348e-01 4.370849132537841797e-01 6.436746120452880859e-01 6.367912292480468750e-01 3.639032244682312012e-01 9.083479642868041992e-01 4.797918200492858887e-01 4.510009288787841797e-01 4.231377840042114258e-01 1.000000000000000000e+00 0.000000000000000000e+00 0.000000000000000000e+00
6.294148564338684082e-01 3.896790742874145508e-01 6.487872600555419922e-01 2.327570319175720215e-01 7.942665815353393555e-01 6.103628873825073242e-01 9.717735052108764648e-01 4.353489279747009277e-01 5.276287794113159180e-01 1.000000000000000000e+00 1.000000000000000000e+00 1.000000000000000000e+00
9.479889273643493652e-01 6.190280318260192871e-01 2.560898065567016602e-01 8.913142681121826172e-01 5.348376631736755371e-01 3.344017863273620605e-01 8.531085848808288574e-01 2.356771230697631836e-01 9.277036786079406738e-01 0.000000000000000000e+00 0.000000000000000000e+00 0.000000000000000000e+00
8.865257501602172852e-01 5.831668972969055176e-01 3.691995143890380859e-02 9.062824845314025879e-01 3.953501582145690918e-01 3.363468050956726074e-01 8.431318402290344238e-01 7.162969112396240234e-01 7.164771556854248047e-01 0.000000000000000000e+00 0.000000000000000000e+00 0.000000000000000000e+00
4.778535366058349609e-01 6.293145418167114258e-01 9.202241897583007812e-02 2.470976710319519043e-01 2.581378221511840820e-01 1.124829053878784180e-02 8.443021178245544434e-01 6.570493578910827637e-01 1.627527475357055664e-01 0.000000000000000000e+00 0.000000000000000000e+00 0.000000000000000000e+00
2.796466946601867676e-01 7.278394699096679688e-01 4.796499013900756836e-02 1.342409849166870117e-02 3.419800996780395508e-01 2.300053834915161133e-02 9.032284617424011230e-01 8.978646993637084961e-02 6.593983769416809082e-01 0.000000000000000000e+00 0.000000000000000000e+00 0.000000000000000000e+00
7.556288838386535645e-01 3.612957000732421875e-01 8.096384406089782715e-01 6.502897739410400391e-01 3.158461451530456543e-01 7.101263403892517090e-01 9.873753190040588379e-01 7.320263981819152832e-01 6.981242895126342773e-01 0.000000000000000000e+00 0.000000000000000000e+00 0.000000000000000000e+00
4.914285540580749512e-01 8.872104287147521973e-01 6.134756207466125488e-01 2.949800491333007812e-01 6.936177015304565430e-01 1.709402203559875488e-01 6.224764585494995117e-01 6.653501987457275391e-01 5.840407013893127441e-01 0.000000000000000000e+00 0.000000000000000000e+00 0.000000000000000000e+00
8.228067159652709961e-01 7.744521498680114746e-01 9.634627699851989746e-01 2.397869825363159180e-01 9.348009228706359863e-01 2.130712866783142090e-01 3.066713809967041016e-01 8.210536837577819824e-01 6.412129998207092285e-01 0.000000000000000000e+00 0.000000000000000000e+00 0.000000000000000000e+00
6.077994704246520996e-01 4.543243646621704102e-01 2.477830052375793457e-01 7.560443878173828125e-02 8.807986378669738770e-01 7.223899960517883301e-01 1.865678429603576660e-01 8.182024955749511719e-01 1.527692079544067383e-01 1.000000000000000000e+00 0.000000000000000000e+00 0.000000000000000000e+00
6.649802327156066895e-01 3.829819560050964355e-01 3.341522216796875000e-01 7.317514419555664062e-01 2.148331999778747559e-01 8.792381882667541504e-01 1.113459467887878418e-01 6.970390677452087402e-01 6.031662821769714355e-01 0.000000000000000000e+00 0.000000000000000000e+00 0.000000000000000000e+00
9.904892444610595703e-01 2.098672986030578613e-01 7.816600799560546875e-01 8.605132699012756348e-01 7.642865180969238281e-01 6.781079769134521484e-01 2.581076025962829590e-01 5.524575710296630859e-02 3.819388747215270996e-01 0.000000000000000000e+00 1.000000000000000000e+00 0.000000000000000000e+00
1.817091256380081177e-01 9.406907558441162109e-01 7.262552976608276367e-01 4.248947501182556152e-01 1.321506500244140625e-02 9.062489867210388184e-01 9.393299818038940430e-01 9.819900989532470703e-02 8.216673135757446289e-02 0.000000000000000000e+00 1.000000000000000000e+00 0.000000000000000000e+00
5.640897750854492188e-01 7.392258644104003906e-01 8.067062497138977051e-01 2.047938704490661621e-01 3.697957396507263184e-01 2.988111376762390137e-01 5.463903546333312988e-01 1.496943831443786621e-01 9.133645892143249512e-01 0.000000000000000000e+00 0.000000000000000000e+00 0.000000000000000000e+00
8.174968957901000977e-01 3.964053392410278320e-01 6.282112598419189453e-01 3.043299317359924316e-01 8.968324065208435059e-01 8.372712135314941406e-02 5.795801281929016113e-01 5.243933200836181641e-02 4.809554219245910645e-01 1.000000000000000000e+00 0.000000000000000000e+00 0.000000000000000000e+00
9.877099990844726562e-01 6.471469402313232422e-01 4.222034811973571777e-01 9.921151399612426758e-01 9.248396158218383789e-01 1.327062249183654785e-01 4.084868431091308594e-01 5.718234181404113770e-01 5.062860250473022461e-02 0.000000000000000000e+00 1.000000000000000000e+00 0.000000000000000000e+00
3.632642030715942383e-01 7.249525189399719238e-01 1.947559714317321777e-01 2.203778028488159180e-01 2.351642251014709473e-01 1.624912023544311523e-01 7.518681883811950684e-01 1.116206049919128418e-01 7.022868394851684570e-01 1.000000000000000000e+00 0.000000000000000000e+00 0.000000000000000000e+00
2.612381577491760254e-01 2.844360470771789551e-01 8.525526523590087891e-02 4.741436839103698730e-01 1.515963077545166016e-01 5.955975651741027832e-01 5.865176916122436523e-01 4.241349697113037109e-01 8.037692904472351074e-01 0.000000000000000000e+00 0.000000000000000000e+00 0.000000000000000000e+00
7.525093108415603638e-02 3.009275197982788086e-01 7.059377431869506836e-02 1.382892727851867676e-01 1.597253680229187012e-01 6.901000142097473145e-01 7.447026968002319336e-01 9.649778008460998535e-01 2.087270617485046387e-01 0.000000000000000000e+00 0.000000000000000000e+00 0.000000000000000000e+00
4.190191626548767090e-01 3.704897761344909668e-01 1.040729284286499023e-01 5.603420734405517578e-01 5.744779109954833984e-01 8.927052021026611328e-01 6.470348238945007324e-01 7.702724933624267578e-01 4.455728530883789062e-01 0.000000000000000000e+00 0.000000000000000000e+00 0.000000000000000000e+00
3.881359696388244629e-01 9.900318980216979980e-01 9.401429295539855957e-01 2.722801566123962402e-01 2.340412735939025879e-01 6.959150433540344238e-01 9.551798701286315918e-01 8.415043354034423828e-03 6.900795102119445801e-01 0.000000000000000000e+00 0.000000000000000000e+00 0.000000000000000000e+00
7.389600872993469238e-01 6.487854719161987305e-01 2.552291154861450195e-01 3.293296694755554199e-01 9.510322809219360352e-01 9.840065240859985352e-01 1.704657077789306641e-02 8.735778331756591797e-01 8.512429594993591309e-01 1.000000000000000000e+00 0.000000000000000000e+00 0.000000000000000000e+00
7.509791851043701172e-01 8.794719576835632324e-01 7.085356116294860840e-01 8.981574773788452148e-01 2.587789893150329590e-01 1.811598539352416992e-01 6.164529323577880859e-01 7.046663761138916016e-02 6.481131315231323242e-01 0.000000000000000000e+00 0.000000000000000000e+00 0.000000000000000000e+00
9.348055720329284668e-01 3.052039742469787598e-01 6.075174808502197266e-01 2.091796398162841797e-01 9.733341932296752930e-01 1.637309789657592773e-01 1.543325185775756836e-02 6.678413152694702148e-01 4.652456641197204590e-01 0.000000000000000000e+00 0.000000000000000000e+00 0.000000000000000000e+00
6.643558740615844727e-01 9.293794035911560059e-01 3.402019739151000977e-01 7.508313655853271484e-01 3.301726579666137695e-01 9.308437108993530273e-01 3.239244818687438965e-01 5.350143909454345703e-01 6.862429976463317871e-01 1.000000000000000000e+00 0.000000000000000000e+00 0.000000000000000000e+00
8.930457234382629395e-01 3.437731862068176270e-01 2.391749620437622070e-01 8.873722553253173828e-01 4.261214137077331543e-01 9.889503717422485352e-01 8.085216283798217773e-01 1.130356192588806152e-01 9.636699557304382324e-01 0.000000000000000000e+00 0.000000000000000000e+00 0.000000000000000000e+00
3.023491501808166504e-01 7.988229393959045410e-01 6.714908480644226074e-01 3.798583149909973145e-01 5.045354962348937988e-01 4.026167988777160645e-01 5.997239351272583008e-01 4.955337047576904297e-01 8.387851119041442871e-01 0.000000000000000000e+00 0.000000000000000000e+00 0.000000000000000000e+00
1.767426729202270508e-01 9.876807928085327148e-01 9.220575094223022461e-01 3.438952565193176270e-01 1.202833652496337891e-01 7.999750971794128418e-01 1.428874135017395020e-01 9.978904128074645996e-01 2.315902113914489746e-01 1.000000000000000000e+00 0.000000000000000000e+00 0.000000000000000000e+00
6.809939742088317871e-01 7.917198538780212402e-01 4.297513961791992188e-01 4.833122491836547852e-01 5.901433229446411133e-01 1.134872436523437500e-03 5.407940745353698730e-01 8.423011898994445801e-01 5.831321477890014648e-01 1.000000000000000000e+00 0.000000000000000000e+00 0.000000000000000000e+00
7.590223550796508789e-01 5.881531238555908203e-01 5.356612801551818848e-01 4.132658839225769043e-01 8.644015192985534668e-01 8.659909963607788086e-01 2.324500083923339844e-01 7.476155161857604980e-01 2.550421953201293945e-01 0.000000000000000000e+00 0.000000000000000000e+00 0.000000000000000000e+00
8.764389753341674805e-01 4.113539457321166992e-01 9.578527808189392090e-01 1.700223684310913086e-01 8.659960031509399414e-01 7.453372478485107422e-01 9.454033374786376953e-01 9.330671429634094238e-01 4.638609290122985840e-01 0.000000000000000000e+00 0.000000000000000000e+00 0.000000000000000000e+00
6.047121882438659668e-01 9.623343348503112793e-01 4.189100861549377441e-01 7.391994595527648926e-01 5.564461350440979004e-01 9.019376039505004883e-01 8.137004971504211426e-01 9.081106185913085938e-01 2.672920227050781250e-01 1.000000000000000000e+00 0.000000000000000000e+00 0.000000000000000000e+00
8.984540104866027832e-01 6.096208095550537109e-02 7.110908031463623047e-01 6.972181797027587891e-01 2.935767173767089844e-03 4.233274459838867188e-01 7.849903702735900879e-01 8.376182913780212402e-01 4.783931970596313477e-01 1.000000000000000000e+00 0.000000000000000000e+00 0.000000000000000000e+00
1.949450224637985229e-01 8.019294738769531250e-01 8.291284441947937012e-01 2.474744319915771484e-01 2.326622009277343750e-01 3.690532445907592773e-01 3.572093844413757324e-01 9.037905931472778320e-01 4.002872705459594727e-01 0.000000000000000000e+00 0.000000000000000000e+00 0.000000000000000000e+00
6.722814440727233887e-01 9.771726131439208984e-01 9.679674506187438965e-01 6.372343301773071289e-01 6.942539811134338379e-01 1.969377994537353516e-01 9.574836492538452148e-01 5.254417061805725098e-01 7.404479384422302246e-01 1.000000000000000000e+00 0.000000000000000000e+00 0.000000000000000000e+00
4.249387979507446289e-01 5.616817474365234375e-01 4.151827692985534668e-01 3.132955431938171387e-01 3.831132054328918457e-01 1.677023172378540039e-01 7.559059858322143555e-01 3.642731904983520508e-02 7.281427383422851562e-01 1.000000000000000000e+00 1.000000000000000000e+00 1.000000000000000000e+00
2.989825308322906494e-01 4.956442713737487793e-01 3.629273176193237305e-02 3.343510627746582031e-01 3.921506404876708984e-01 3.823733329772949219e-01 9.458215236663818359e-01 9.725356101989746094e-02 2.224300503730773926e-01 1.000000000000000000e+00 0.000000000000000000e+00 0.000000000000000000e+00
8.949972391128540039e-01 5.868344306945800781e-01 7.179082036018371582e-01 6.664930582046508789e-01 9.952861666679382324e-01 8.507367372512817383e-01 7.735375761985778809e-01 2.322068810462951660e-01 5.291783809661865234e-01 0.000000000000000000e+00 1.000000000000000000e+00 0.000000000000000000e+00
9.953268766403198242e-01 2.360373735427856445e-01 9.322606325149536133e-01 8.829813003540039062e-01 8.054837584495544434e-01 4.518216848373413086e-01 9.393572807312011719e-03 7.795829772949218750e-01 6.215393543243408203e-01 0.000000000000000000e+00 0.000000000000000000e+00 0.000000000000000000e+00
3.520086407661437988e-01 8.944033980369567871e-01 3.139350414276123047e-01 5.455947518348693848e-01 2.958869338035583496e-01 8.072704672813415527e-01 4.023089408874511719e-01 3.903683423995971680e-01 2.002314329147338867e-01 0.000000000000000000e+00 0.000000000000000000e+00 0.000000000000000000e+00
1.744580268859863281e-01 4.768221378326416016e-01 5.594361424446105957e-01 1.798148155212402344e-01 4.298780560493469238e-01 7.923997640609741211e-01 2.979295849800109863e-01 1.952540874481201172e-01 8.589035272598266602e-01 0.000000000000000000e+00 0.000000000000000000e+00 0.000000000000000000e+00
3.685768842697143555e-01 6.660109758377075195e-02 4.037874341011047363e-01 1.536250114440917969e-02 7.218624353408813477e-01 9.408998489379882812e-02 5.637230277061462402e-01 2.270877361297607422e-01 1.601693630218505859e-01 1.000000000000000000e+00 0.000000000000000000e+00 0.000000000000000000e+00
9.782220125198364258e-01 3.334716558456420898e-01 8.066185116767883301e-01 6.212606430053710938e-01 7.708577513694763184e-01 3.395230174064636230e-01 7.138137817382812500e-01 3.526896238327026367e-01 6.052991151809692383e-01 0.000000000000000000e+00 0.000000000000000000e+00 0.000000000000000000e+00
1.840604990720748901e-01 2.638782858848571777e-01 1.978611946105957031e-02 3.925802707672119141e-01 8.404010534286499023e-02 7.745392322540283203e-01 7.093664407730102539e-01 6.002207994461059570e-01 2.047098875045776367e-01 0.000000000000000000e+00 0.000000000000000000e+00 0.000000000000000000e+00
9.746283888816833496e-01 8.471101522445678711e-01 6.527726650238037109e-01 9.315077662467956543e-01 9.753438830375671387e-01 9.038293361663818359e-02 7.025213241577148438e-01 5.670105814933776855e-01 2.727841138839721680e-01 0.000000000000000000e+00 0.000000000000000000e+00 0.000000000000000000e+00
9.836058616638183594e-01 8.562340736389160156e-01 5.689849853515625000e-01 9.228554964065551758e-01 7.405317425727844238e-01 5.019509792327880859e-02 7.474576830863952637e-01 1.178715825080871582e-01 6.177179813385009766e-01 0.000000000000000000e+00 0.000000000000000000e+00 0.000000000000000000e+00
3.287767469882965088e-01 6.746308207511901855e-01 3.377878665924072266e-01 3.252861499786376953e-01 4.959649443626403809e-01 4.501634836196899414e-01 2.100428342819213867e-01 1.591594815254211426e-01 7.436486482620239258e-01 0.000000000000000000e+00 0.000000000000000000e+00 0.000000000000000000e+00
2.933706641197204590e-01 7.211923599243164062e-01 1.330487132072448730e-01 4.102973341941833496e-01 2.492232322692871094e-01 3.611420392990112305e-01 9.035892486572265625e-01 1.102051734924316406e-01 6.372326612472534180e-02 1.000000000000000000e+00 0.000000000000000000e+00 0.000000000000000000e+00
8.530594706535339355e-01 4.214579463005065918e-01 4.762031435966491699e-01 7.400969862937927246e-01 2.126346230506896973e-01 4.256190061569213867e-01 4.426068067550659180e-01 2.856940031051635742e-01 3.795315623283386230e-01 0.000000000000000000e+00 0.000000000000000000e+00 0.000000000000000000e+00
5.960874557495117188e-01 1.578404903411865234e-01 6.898921132087707520e-01 5.484846830368041992e-01 7.118582725524902344e-02 9.279620051383972168e-01 3.318884968757629395e-01 9.565286040306091309e-01 5.124908685684204102e-02 0.000000000000000000e+00 0.000000000000000000e+00 0.000000000000000000e+00
7.822682857513427734e-01 5.560405254364013672e-01 1.705295443534851074e-01 8.039300441741943359e-01 4.113739132881164551e-01 7.574282884597778320e-01 4.505022764205932617e-01 8.926483392715454102e-01 4.411941766738891602e-02 0.000000000000000000e+00 0.000000000000000000e+00 0.000000000000000000e+00
5.689738392829895020e-01 6.645523905754089355e-01 2.900818586349487305e-01 2.650601863861083984e-01 6.110982894897460938e-01 3.148560523986816406e-01 9.409691691398620605e-01 7.848622202873229980e-01 3.684458136558532715e-01 1.000000000000000000e+00 0.000000000000000000e+00 0.000000000000000000e+00
3.672133684158325195e-01 7.582302689552307129e-01 2.001897096633911133e-01 2.799289822578430176e-01 3.114916682243347168e-01 6.008294820785522461e-01 8.673118948936462402e-01 4.107467532157897949e-01 5.381155014038085938e-02 0.000000000000000000e+00 0.000000000000000000e+00 0.000000000000000000e+00
5.358589887619018555e-01 7.653731703758239746e-01 1.716669797897338867e-01 6.030374765396118164e-01 4.567304253578186035e-01 8.039502501487731934e-01 7.478414773941040039e-01 5.081744194030761719e-01 9.915530681610107422e-02 1.000000000000000000e+00 0.000000000000000000e+00 0.000000000000000000e+00
2.056266814470291138e-01 9.910997748374938965e-01 3.091289401054382324e-01 5.091607570648193359e-03 1.699615716934204102e-01 7.046691179275512695e-01 5.342243909835815430e-01 2.959369421005249023e-01 9.531472921371459961e-01 0.000000000000000000e+00 1.000000000000000000e+00 0.000000000000000000e+00
5.142642855644226074e-01 7.801283597946166992e-01 2.573507428169250488e-01 5.758469104766845703e-01 9.712719321250915527e-01 9.872255921363830566e-01 5.437581539154052734e-01 7.395005226135253906e-01 9.914278984069824219e-02 1.000000000000000000e+00 0.000000000000000000e+00 0.000000000000000000e+00
9.903832077980041504e-01 4.851551651954650879e-01 2.473321557044982910e-01 9.811314344406127930e-01 7.576010823249816895e-01 7.537347078323364258e-02 2.194361090660095215e-01 9.023627042770385742e-01 5.262094736099243164e-02 0.000000000000000000e+00 0.000000000000000000e+00 0.000000000000000000e+00
9.504948258399963379e-01 8.179186582565307617e-01 1.879085898399353027e-01 9.322422742843627930e-01 3.966416716575622559e-01 8.034843206405639648e-02 3.891075253486633301e-01 4.618608951568603516e-02 3.896558284759521484e-02 0.000000000000000000e+00 0.000000000000000000e+00 0.000000000000000000e+00
6.170109510421752930e-01 3.963530063629150391e-03 6.605169177055358887e-01 1.147336959838867188e-01 1.463002562522888184e-01 7.910642623901367188e-01 4.478204250335693359e-01 4.381867051124572754e-01 2.026249766349792480e-01 0.000000000000000000e+00 0.000000000000000000e+00 0.000000000000000000e+00
9.353622198104858398e-01 7.931261062622070312e-01 5.510123968124389648e-01 8.793696165084838867e-01 9.246087670326232910e-01 5.308737754821777344e-01 4.377273321151733398e-01 2.052356600761413574e-01 5.220689773559570312e-01 0.000000000000000000e+00 0.000000000000000000e+00 0.000000000000000000e+00
4.834927022457122803e-01 2.154566049575805664e-01 2.171189785003662109e-01 2.953055500984191895e-01 4.119368791580200195e-01 8.012412190437316895e-01 7.402397990226745605e-01 3.420953154563903809e-01 1.388971209526062012e-01 1.000000000000000000e+00 0.000000000000000000e+00 0.000000000000000000e+00
5.900640487670898438e-01 1.303540468215942383e-01 4.392161369323730469e-01 4.418305754661560059e-01 8.924713134765625000e-01 9.097255468368530273e-01 1.603647470474243164e-01 6.768668889999389648e-01 3.512796759605407715e-01 0.000000000000000000e+00 0.000000000000000000e+00 0.000000000000000000e+00
8.413494229316711426e-01 6.991190314292907715e-01 9.431335926055908203e-01 3.989627957344055176e-01 7.277459502220153809e-01 5.344003438949584961e-01 9.482453465461730957e-01 4.143949747085571289e-01 6.153721213340759277e-01 0.000000000000000000e+00 0.000000000000000000e+00 0.000000000000000000e+00
4.822743237018585205e-01 3.818480968475341797e-01 6.642960309982299805e-01 4.137851595878601074e-01 1.906504631042480469e-01 1.580943465232849121e-01 2.139014601707458496e-01 4.172086715698242188e-02 9.082486033439636230e-01 0.000000000000000000e+00 0.000000000000000000e+00 0.000000000000000000e+00
7.108256816864013672e-01 6.222962737083435059e-01 2.798724174499511719e-01 1.701402068138122559e-01 8.779836893081665039e-01 5.772532820701599121e-01 6.588661670684814453e-02 5.581224560737609863e-01 3.063189983367919922e-01 1.000000000000000000e+00 0.000000000000000000e+00 0.000000000000000000e+00
4.084202945232391357e-01 8.882826566696166992e-01 7.397546768188476562e-01 6.299122571945190430e-01 1.357435584068298340e-01 5.364461541175842285e-01 1.300444006919860840e-01 9.967266321182250977e-01 4.177520871162414551e-01 0.000000000000000000e+00 0.000000000000000000e+00 0.000000000000000000e+00
9.267270565032958984e-01 1.399446129798889160e-01 3.915446996688842773e-01 5.951370596885681152e-01 8.593694567680358887e-01 3.591230511665344238e-01 4.174703955650329590e-01 7.063394188880920410e-01 2.408301830291748047e-02 1.000000000000000000e+00 0.000000000000000000e+00 0.000000000000000000e+00
9.785400629043579102e-01 5.904728174209594727e-02 6.668257713317871094e-01 2.441737651824951172e-01 9.824553728103637695e-01 2.166509032249450684e-01 9.801828861236572266e-01 8.007186651229858398e-02 6.873587369918823242e-01 0.000000000000000000e+00 1.000000000000000000e+00 0.000000000000000000e+00
9.814401268959045410e-01 2.372596263885498047e-01 6.731098294258117676e-01 8.201831579208374023e-01 1.190388798713684082e-01 5.221295356750488281e-02 2.598718404769897461e-01 2.892549633979797363e-01 2.995114922523498535e-01 1.000000000000000000e+00 1.000000000000000000e+00 1.000000000000000000e+00
6.923394799232482910e-01 6.973378658294677734e-01 4.126741290092468262e-01 2.620728015899658203e-01 9.004442095756530762e-01 2.103270292282104492e-01 8.044953346252441406e-01 2.995055913925170898e-01 8.145177364349365234e-01 0.000000000000000000e+00 0.000000000000000000e+00 0.000000000000000000e+00
1.631424278020858765e-01 4.906983375549316406e-01 1.452619433403015137e-01 2.739816308021545410e-01 2.354534864425659180e-01 4.885208606719970703e-01 6.727245450019836426e-01 3.657639026641845703e-02 1.127071976661682129e-01 1.000000000000000000e+00 0.000000000000000000e+00 0.000000000000000000e+00
8.894529938697814941e-01 3.468064069747924805e-01 1.793497800827026367e-02 6.639627218246459961e-01 5.940337777137756348e-01 2.006918191909790039e-01 7.242518663406372070e-01 5.090355873107910156e-01 2.700688838958740234e-01 1.000000000000000000e+00 1.000000000000000000e+00 1.000000000000000000e+00
9.199622869491577148e-01 5.881603956222534180e-01 7.347447276115417480e-01 4.483464956283569336e-01 8.333235383033752441e-01 3.057006001472473145e-01 9.850475788116455078e-01 8.635026216506958008e-01 7.070729732513427734e-01 0.000000000000000000e+00 0.000000000000000000e+00 0.000000000000000000e+00
6.973837614059448242e-01 4.942545294761657715e-01 9.974986910820007324e-01 2.495322823524475098e-01 1.670668721199035645e-01 7.343817353248596191e-01 6.443661451339721680e-02 1.545997858047485352e-01 1.975989341735839844e-02 1.000000000000000000e+00 0.000000000000000000e+00 0.000000000000000000e+00
2.968904078006744385e-01 3.825223445892333984e-02 3.448327779769897461e-01 1.447570323944091797e-02 1.428152322769165039e-01 4.675951004028320312e-01 9.090119600296020508e-02 2.131228446960449219e-01 6.358565092086791992e-01 0.000000000000000000e+00 1.000000000000000000e+00 0.000000000000000000e+00
9.527841806411743164e-01 2.646005749702453613e-01 6.806361079216003418e-01 7.604065537452697754e-01 7.920123934745788574e-01 7.821539640426635742e-01 4.009212255477905273e-01 7.544779777526855469e-01 5.030212998390197754e-01 1.000000000000000000e+00 0.000000000000000000e+00 0.000000000000000000e+00
7.258495688438415527e-01 5.196280479431152344e-01 5.851402282714843750e-01 7.997380495071411133e-01 2.006996870040893555e-01 6.920892000198364258e-01 6.780387163162231445e-01 7.143751978874206543e-01 9.621804356575012207e-01 0.000000000000000000e+00 0.000000000000000000e+00 0.000000000000000000e+00
1.118263229727745056e-01 1.291280984878540039e-02 1.892466545104980469e-01 2.582850456237792969e-01 9.325277805328369141e-02 4.443083405494689941e-01 4.853671789169311523e-01 1.754016876220703125e-01 4.155564308166503906e-01 1.000000000000000000e+00 1.000000000000000000e+00 1.000000000000000000e+00
7.558169364929199219e-01 6.080589294433593750e-01 9.817625880241394043e-01 3.103762269020080566e-01 7.515545487403869629e-01 6.828233003616333008e-01 9.328848719596862793e-01 7.937334179878234863e-01 5.922037363052368164e-01 0.000000000000000000e+00 0.000000000000000000e+00 0.000000000000000000e+00
7.859315872192382812e-01 5.554054379463195801e-01 6.053438186645507812e-01 9.660597443580627441e-01 1.263155341148376465e-01 5.200007557868957520e-01 7.265014052391052246e-01 7.177829742431640625e-02 8.191612958908081055e-01 1.000000000000000000e+00 0.000000000000000000e+00 0.000000000000000000e+00
7.105504274368286133e-01 6.431446671485900879e-01 7.168753743171691895e-01 3.097875714302062988e-01 8.807904124259948730e-01 1.990346908569335938e-01 6.462960839271545410e-01 1.313233971595764160e-01 6.497045159339904785e-01 0.000000000000000000e+00 0.000000000000000000e+00 0.000000000000000000e+00
9.293695092201232910e-01 7.245016098022460938e-02 7.493015527725219727e-01 7.233815789222717285e-01 6.613866686820983887e-01 8.959399461746215820e-01 8.043050765991210938e-01 3.679409027099609375e-01 8.328782320022583008e-01 0.000000000000000000e+00 1.000000000000000000e+00 0.000000000000000000e+00
5.096158981323242188e-01 8.517548441886901855e-01 3.169621229171752930e-01 4.764397144317626953e-01 3.631457686424255371e-01 3.359687328338623047e-01 1.952812075614929199e-01 9.359519481658935547e-01 9.788203835487365723e-01 1.000000000000000000e+00 0.000000000000000000e+00 0.000000000000000000e+00
7.807201147079467773e-01 2.051389217376708984e-02 5.663027167320251465e-01 6.031651496887207031e-01 6.405274271965026855e-01 5.625681281089782715e-01 2.868579030036926270e-01 2.569221258163452148e-01 3.781288862228393555e-02 1.000000000000000000e+00 1.000000000000000000e+00 1.000000000000000000e+00
7.328205108642578125e-01 6.883596181869506836e-01 5.532231330871582031e-01 9.925758242607116699e-01 2.613073587417602539e-01 7.155219316482543945e-01 5.247022509574890137e-01 6.582783460617065430e-01 4.116838574409484863e-01 0.000000000000000000e+00 1.000000000000000000e+00 0.000000000000000000e+00
8.960207700729370117e-01 3.617950081825256348e-01 6.476641893386840820e-01 7.248104214668273926e-01 6.481688618659973145e-01 2.164617180824279785e-01 5.834537744522094727e-02 9.252161383628845215e-01 6.742917299270629883e-01 0.000000000000000000e+00 0.000000000000000000e+00 0.000000000000000000e+00
9.819691777229309082e-01 3.322468996047973633e-01 6.932839155197143555e-01 9.816328287124633789e-01 5.533106327056884766e-01 3.634675741195678711e-01 3.446106910705566406e-01 6.868143081665039062e-01 7.123039960861206055e-01 0.000000000000000000e+00 0.000000000000000000e+00 0.000000000000000000e+00
9.158965945243835449e-01 6.853180527687072754e-01 3.965489864349365234e-01 9.173742532730102539e-01 9.035485982894897461e-01 4.250673651695251465e-01 1.689407825469970703e-01 6.002624630928039551e-01 2.506312727928161621e-01 0.000000000000000000e+00 1.000000000000000000e+00 0.000000000000000000e+00
8.240531682968139648e-01 6.318548321723937988e-01 6.216693520545959473e-01 8.240661025047302246e-01 2.575590610504150391e-01 1.970548033714294434e-01 3.125726580619812012e-01 2.019714117050170898e-01 8.571213483810424805e-02 0.000000000000000000e+00 0.000000000000000000e+00 0.000000000000000000e+00
9.555395245552062988e-01 8.051037192344665527e-01 1.562401652336120605e-01 8.755383491516113281e-01 8.542125225067138672e-01 1.446910500526428223e-01 7.447498440742492676e-01 5.764297246932983398e-01 2.578922510147094727e-01 0.000000000000000000e+00 1.000000000000000000e+00 0.000000000000000000e+00
5.427651405334472656e-01 7.311235070228576660e-01 6.993341445922851562e-02 7.938608527183532715e-01 3.352797627449035645e-01 8.887367844581604004e-01 7.631630301475524902e-01 2.082796692848205566e-01 2.649548649787902832e-01 1.000000000000000000e+00 0.000000000000000000e+00 0.000000000000000000e+00
7.332553267478942871e-01 3.875684738159179688e-01 3.112769126892089844e-01 4.896933436393737793e-01 5.333654880523681641e-01 7.876610755920410156e-02 1.224354505538940430e-01 6.629705429077148438e-01 8.838354349136352539e-01 1.000000000000000000e+00 0.000000000000000000e+00 0.000000000000000000e+00
8.402098417282104492e-01 5.872113108634948730e-01 1.641312837600708008e-01 6.747205853462219238e-01 9.854317903518676758e-01 7.582407593727111816e-01 6.517280936241149902e-01 4.115473031997680664e-01 3.384545445442199707e-01 0.000000000000000000e+00 0.000000000000000000e+00 0.000000000000000000e+00
9.973849654197692871e-01 7.000422477722167969e-02 4.085803031921386719e-01 8.200129866600036621e-01 8.599040508270263672e-01 1.584928631782531738e-01 5.582106113433837891e-01 1.297241449356079102e-02 6.848078966140747070e-02 0.000000000000000000e+00 1.000000000000000000e+00 0.000000000000000000e+00
8.888587355613708496e-01 1.493722796440124512e-01 3.572893142700195312e-01 7.347245812416076660e-01 7.273876667022705078e-02 5.195674300193786621e-01 3.463606238365173340e-01 5.730910897254943848e-01 2.146397829055786133e-01 0.000000000000000000e+00 0.000000000000000000e+00 0.000000000000000000e+00
8.207815885543823242e-01 7.306784987449645996e-01 1.402388215065002441e-01 2.773891091346740723e-01 9.808818697929382324e-01 9.277553558349609375e-01 8.902910947799682617e-01 5.925257802009582520e-01 9.733875989913940430e-01 0.000000000000000000e+00 0.000000000000000000e+00 0.000000000000000000e+00
9.050186872482299805e-01 6.327712535858154297e-01 3.044149279594421387e-01 7.958626747131347656e-01 6.881830692291259766e-01 3.614329695701599121e-01 8.289398550987243652e-01 6.607413291931152344e-03 4.854832291603088379e-01 0.000000000000000000e+00 0.000000000000000000e+00 0.000000000000000000e+00
9.762026667594909668e-01 2.361338734626770020e-01 9.022090435028076172e-01 4.836739301681518555e-01 9.992095828056335449e-01 9.648264050483703613e-01 5.750204324722290039e-01 8.732581734657287598e-01 2.694590091705322266e-01 0.000000000000000000e+00 0.000000000000000000e+00 0.000000000000000000e+00
3.245857954025268555e-01 9.847044944763183594e-02 2.418833374977111816e-01 1.623222827911376953e-01 6.498998999595642090e-01 8.618889451026916504e-01 3.445625901222229004e-01 7.583674192428588867e-01 8.675315976142883301e-01 1.000000000000000000e+00 0.000000000000000000e+00 0.000000000000000000e+00
6.773895025253295898e-01 7.341898083686828613e-01 6.218362450599670410e-01 9.765813350677490234e-01 1.719769835472106934e-01 8.501621484756469727e-01 8.613653779029846191e-01 8.154848217964172363e-01 7.313842773437500000e-01 0.000000000000000000e+00 0.000000000000000000e+00 0.000000000000000000e+00
2.267925441265106201e-01 6.059725880622863770e-01 3.830630779266357422e-01 1.176853775978088379e-01 3.809821605682373047e-02 9.076654314994812012e-01 4.403687119483947754e-01 8.986800909042358398e-02 4.418236017227172852e-01 0.000000000000000000e+00 1.000000000000000000e+00 0.000000000000000000e+00
9.398659467697143555e-01 1.792126893997192383e-02 6.225309371948242188e-01 7.058953046798706055e-01 5.647288560867309570e-01 4.505544900894165039e-01 6.083416342735290527e-01 7.884408235549926758e-01 8.832281827926635742e-02 1.000000000000000000e+00 0.000000000000000000e+00 0.000000000000000000e+00
3.532576858997344971e-01 1.719241738319396973e-01 5.107278823852539062e-01 3.254287242889404297e-01 3.320676088333129883e-02 4.783809185028076172e-01 5.721915960311889648e-01 1.614323258399963379e-01 2.167112231254577637e-01 1.000000000000000000e+00 1.000000000000000000e+00 1.000000000000000000e+00
2.115314453840255737e-01 8.721719980239868164e-01 1.483707427978515625e-01 7.304215431213378906e-02 5.002395510673522949e-01 8.975641727447509766e-01 6.681538224220275879e-01 1.132698655128479004e-01 8.829238414764404297e-01 0.000000000000000000e+00 1.000000000000000000e+00 0.000000000000000000e+00
3.635784387588500977e-01 8.830332159996032715e-01 8.142435550689697266e-01 6.423538923263549805e-01 4.808285832405090332e-01 9.193758368492126465e-01 2.041580677032470703e-01 8.988713026046752930e-01 8.967494368553161621e-01 1.000000000000000000e+00 0.000000000000000000e+00 0.000000000000000000e+00
9.825462102890014648e-01 1.897797584533691406e-01 5.355303883552551270e-01 9.344262480735778809e-01 2.675440311431884766e-01 3.012740015983581543e-01 6.996262073516845703e-02 5.033596754074096680e-01 2.605319023132324219e-03 0.000000000000000000e+00 0.000000000000000000e+00 0.000000000000000000e+00
9.655042290687561035e-01 2.980161309242248535e-01 8.390774726867675781e-01 8.608452081680297852e-01 3.144055604934692383e-01 5.297222733497619629e-01 8.898348212242126465e-01 3.606945276260375977e-02 2.765413522720336914e-01 0.000000000000000000e+00 0.000000000000000000e+00 0.000000000000000000e+00
8.367123007774353027e-01 9.779660701751708984e-01 4.371156692504882812e-01 5.539513230323791504e-01 6.117340326309204102e-01 3.463327884674072266e-02 8.530772924423217773e-01 3.948497176170349121e-01 3.421367406845092773e-01 0.000000000000000000e+00 0.000000000000000000e+00 0.000000000000000000e+00
4.597144424915313721e-01 2.695334553718566895e-01 7.044130563735961914e-02 3.841552734375000000e-01 2.973498106002807617e-01 8.462762832641601562e-01 6.017835140228271484e-01 8.674199581146240234e-01 6.041636466979980469e-01 0.000000000000000000e+00 0.000000000000000000e+00 0.000000000000000000e+00
6.498609781265258789e-01 6.237994432449340820e-01 2.361825108528137207e-01 6.433003544807434082e-01 4.106463789939880371e-01 3.774088621139526367e-01 9.932771325111389160e-01 3.196937441825866699e-01 6.663048863410949707e-01 0.000000000000000000e+00 0.000000000000000000e+00 0.000000000000000000e+00
9.894322156906127930e-01 2.081003189086914062e-01 7.461140751838684082e-01 5.692265629768371582e-01 9.049189686775207520e-01 2.351844310760498047e-02 5.880491137504577637e-01 9.851515293121337891e-01 3.666526079177856445e-02 1.000000000000000000e+00 0.000000000000000000e+00 0.000000000000000000e+00
9.100106954574584961e-01 7.684868574142456055e-02 3.922082185745239258e-01 5.991330146789550781e-01 5.992433428764343262e-01 1.273434758186340332e-01 1.153382658958435059e-01 3.603817224502563477e-01 4.402903914451599121e-01 0.000000000000000000e+00 1.000000000000000000e+00 0.000000000000000000e+00
9.899368286132812500e-01 2.369180321693420410e-01 7.869511246681213379e-01 8.575864434242248535e-01 3.734930753707885742e-01 3.264105319976806641e-02 8.958780169486999512e-01 4.276652932167053223e-01 1.436157822608947754e-01 0.000000000000000000e+00 1.000000000000000000e+00 0.000000000000000000e+00
5.433010458946228027e-01 7.252880334854125977e-01 7.735604643821716309e-01 4.580736160278320312e-03 9.927838444709777832e-01 2.494636178016662598e-01 5.059357881546020508e-01 5.943240523338317871e-01 6.747708916664123535e-01 1.000000000000000000e+00 0.000000000000000000e+00 0.000000000000000000e+00
7.675236463546752930e-01 4.030255079269409180e-01 5.602517127990722656e-01 8.077560663223266602e-01 1.706524491310119629e-01 5.943593382835388184e-01 8.704130649566650391e-01 1.352648138999938965e-01 4.798945188522338867e-01 0.000000000000000000e+00 0.000000000000000000e+00 0.000000000000000000e+00
7.884413003921508789e-01 4.452351927757263184e-01 9.468603134155273438e-01 4.417011737823486328e-01 2.393118143081665039e-01 5.272282958030700684e-01 2.565533518791198730e-01 8.036067485809326172e-01 3.775828480720520020e-01 0.000000000000000000e+00 0.000000000000000000e+00 0.000000000000000000e+00
8.846933245658874512e-01 9.922374486923217773e-01 7.390698194503784180e-01 8.101476430892944336e-01 8.999989032745361328e-01 6.764939427375793457e-01 9.198310375213623047e-01 2.626228928565979004e-01 5.761722922325134277e-01 0.000000000000000000e+00 0.000000000000000000e+00 0.000000000000000000e+00
7.937683463096618652e-01 2.210617065429687500e-02 2.530524730682373047e-01 6.810180544853210449e-01 2.999386787414550781e-01 7.017264962196350098e-01 8.260913491249084473e-01 8.959574699401855469e-01 9.686326980590820312e-02 0.000000000000000000e+00 0.000000000000000000e+00 0.000000000000000000e+00
1.638023555278778076e-01 5.981307029724121094e-01 4.067840576171875000e-01 4.706489443778991699e-01 2.310883998870849609e-02 5.934952497482299805e-01 6.133689880371093750e-01 1.900291442871093750e-02 7.672175765037536621e-01 0.000000000000000000e+00 1.000000000000000000e+00 0.000000000000000000e+00
8.504965901374816895e-01 1.911159157752990723e-01 5.521876215934753418e-01 6.487151384353637695e-01 3.312581777572631836e-01 2.821736931800842285e-01 5.977386832237243652e-01 8.649240136146545410e-01 1.416043043136596680e-01 0.000000000000000000e+00 0.000000000000000000e+00 0.000000000000000000e+00
6.478250622749328613e-01 7.493570446968078613e-01 1.257045865058898926e-01 7.981098294258117676e-01 4.892610907554626465e-01 8.540660738945007324e-01 2.076833248138427734e-01 8.049443960189819336e-01 5.954778194427490234e-02 0.000000000000000000e+00 1.000000000000000000e+00 0.000000000000000000e+00
9.501574039459228516e-01 5.846347212791442871e-01 9.657852649688720703e-01 7.084628343582153320e-01 9.369626641273498535e-01 5.714253187179565430e-01 4.435968399047851562e-01 4.675246477127075195e-01 8.950402140617370605e-01 0.000000000000000000e+00 0.000000000000000000e+00 0.000000000000000000e+00
4.145392179489135742e-01 8.342201709747314453e-01 8.356168866157531738e-01 1.729447245597839355e-01 4.540238380432128906e-01 6.456599831581115723e-01 7.779467105865478516e-01 4.829205870628356934e-01 2.359232902526855469e-01 0.000000000000000000e+00 0.000000000000000000e+00 0.000000000000000000e+00
3.723244965076446533e-01 5.989606380462646484e-01 5.426064133644104004e-01 2.303009629249572754e-01 2.002440094947814941e-01 7.256850600242614746e-01 7.287593483924865723e-01 8.342238068580627441e-01 9.639428853988647461e-01 1.000000000000000000e+00 0.000000000000000000e+00 0.000000000000000000e+00
9.467335343360900879e-01 5.594169497489929199e-01 3.298853039741516113e-01 9.258112311363220215e-01 5.904775857925415039e-01 7.725062370300292969e-01 5.670537352561950684e-01 4.486300349235534668e-01 1.910105943679809570e-01 0.000000000000000000e+00 0.000000000000000000e+00 0.000000000000000000e+00
2.532554566860198975e-01 6.300526261329650879e-01 4.260358810424804688e-01 1.165961623191833496e-01 2.107400894165039062e-01 5.546159148216247559e-01 2.747850418090820312e-01 1.506695747375488281e-01 4.311399459838867188e-01 0.000000000000000000e+00 1.000000000000000000e+00 0.000000000000000000e+00
3.638222515583038330e-01 7.988252043724060059e-01 6.276491284370422363e-01 6.216102838516235352e-02 1.587585806846618652e-01 5.601440668106079102e-01 6.919845938682556152e-01 8.504202365875244141e-01 6.979647278785705566e-01 0.000000000000000000e+00 0.000000000000000000e+00 0.000000000000000000e+00
6.251360177993774414e-01 5.261576771736145020e-01 5.546186566352844238e-01 3.717992901802062988e-01 6.209756731986999512e-01 2.546811103820800781e-01 9.734191298484802246e-01 2.757216691970825195e-01 7.411494255065917969e-01 0.000000000000000000e+00 0.000000000000000000e+00 0.000000000000000000e+00
6.237134337425231934e-01 7.497351169586181641e-01 4.999123811721801758e-01 8.765016794204711914e-01 1.593365669250488281e-01 7.324547171592712402e-01 8.719584345817565918e-01 2.223027348518371582e-01 1.462709903717041016e-01 1.000000000000000000e+00 0.000000000000000000e+00 0.000000000000000000e+00
9.695967435836791992e-01 3.009812831878662109e-01 1.456996202468872070e-01 9.217873811721801758e-01 4.068812131881713867e-01 1.823583245277404785e-01 1.641405820846557617e-01 6.011437177658081055e-01 4.634368419647216797e-02 0.000000000000000000e+00 0.000000000000000000e+00 0.000000000000000000e+00
5.476374030113220215e-01 9.523792862892150879e-01 8.286711573600769043e-01 5.006324648857116699e-01 9.231205582618713379e-01 3.444506525993347168e-01 6.302058696746826172e-03 1.227860450744628906e-01 5.893937349319458008e-01 0.000000000000000000e+00 0.000000000000000000e+00 0.000000000000000000e+00
8.790733814239501953e-01 4.454082846641540527e-01 8.230415582656860352e-01 5.003169178962707520e-01 6.817070841789245605e-01 3.916965126991271973e-01 7.929744124412536621e-01 2.035088539123535156e-01 6.505537033081054688e-02 0.000000000000000000e+00 0.000000000000000000e+00 0.000000000000000000e+00
9.428288936614990234e-01 5.278161764144897461e-01 3.147162199020385742e-01 9.191558361053466797e-01 2.223899960517883301e-01 1.614328026771545410e-01 1.974641680717468262e-01 8.724792003631591797e-01 8.365497589111328125e-01 0.000000000000000000e+00 0.000000000000000000e+00 0.000000000000000000e+00
9.164419174194335938e-01 3.572859168052673340e-01 5.924643874168395996e-01 7.270541787147521973e-01 5.633438825607299805e-01 4.129725694656372070e-01 3.419888019561767578e-01 7.937855720520019531e-01 5.603396296501159668e-01 0.000000000000000000e+00 0.000000000000000000e+00 0.000000000000000000e+00
2.073433995246887207e-01 2.470785975456237793e-01 2.157523036003112793e-01 3.287656903266906738e-01 3.046907782554626465e-01 2.616602182388305664e-01 1.714013814926147461e-01 4.669831395149230957e-01 2.176174521446228027e-01 1.000000000000000000e+00 1.000000000000000000e+00 1.000000000000000000e+00
3.172798752784729004e-01 9.466414451599121094e-01 5.124593377113342285e-01 4.010347127914428711e-01 3.335865139961242676e-01 9.460613727569580078e-01 4.324955344200134277e-01 7.493138909339904785e-01 6.464717388153076172e-01 1.000000000000000000e+00 0.000000000000000000e+00 0.000000000000000000e+00
5.382099151611328125e-01 6.644904017448425293e-01 9.230225682258605957e-01 5.082793235778808594e-01 2.152873873710632324e-01 4.289703965187072754e-01 4.552065134048461914e-01 2.003752589225769043e-01 1.222413778305053711e-02 0.000000000000000000e+00 0.000000000000000000e+00 0.000000000000000000e+00
9.868680238723754883e-01 8.842694759368896484e-02 5.447773933410644531e-01 7.684888839721679688e-01 6.082332134246826172e-01 2.151678800582885742e-01 1.351167559623718262e-01 8.502514958381652832e-01 4.320632219314575195e-01 0.000000000000000000e+00 0.000000000000000000e+00 0.000000000000000000e+00
8.606191277503967285e-01 4.476127028465270996e-01 3.112500309944152832e-01 6.453587412834167480e-01 7.465408444404602051e-01 1.346719861030578613e-01 7.968056201934814453e-01 6.860457658767700195e-01 4.089277386665344238e-01 0.000000000000000000e+00 0.000000000000000000e+00 0.000000000000000000e+00
2.415889501571655273e-01 2.686144709587097168e-01 2.119613289833068848e-01 1.575139164924621582e-01 7.939987778663635254e-01 3.966428637504577637e-01 6.674854159355163574e-01 9.426822066307067871e-01 4.801524877548217773e-01 0.000000000000000000e+00 0.000000000000000000e+00 0.000000000000000000e+00
9.482247829437255859e-01 8.878481388092041016e-02 1.514295339584350586e-01 8.237766623497009277e-01 2.876980900764465332e-01 6.277266144752502441e-01 4.618460536003112793e-01 6.623907089233398438e-01 9.308397769927978516e-02 0.000000000000000000e+00 0.000000000000000000e+00 0.000000000000000000e+00
9.452365040779113770e-01 7.040305137634277344e-01 7.755155563354492188e-01 8.888936638832092285e-01 4.717177152633666992e-01 1.751797199249267578e-01 5.145964026451110840e-01 2.370319366455078125e-01 9.194284677505493164e-01 0.000000000000000000e+00 0.000000000000000000e+00 0.000000000000000000e+00
5.859443545341491699e-01 5.307576656341552734e-01 8.733281493186950684e-01 2.263543605804443359e-01 4.167118072509765625e-01 3.981381654739379883e-02 7.440881729125976562e-01 3.162139654159545898e-02 1.397223472595214844e-01 1.000000000000000000e+00 0.000000000000000000e+00 0.000000000000000000e+00
9.139510989189147949e-01 9.796879291534423828e-01 4.441312551498413086e-01 5.775416493415832520e-01 8.861798644065856934e-01 7.397807240486145020e-01 5.332400798797607422e-01 2.394363284111022949e-01 3.974589109420776367e-01 1.000000000000000000e+00 0.000000000000000000e+00 0.000000000000000000e+00
7.810169458389282227e-01 3.286080360412597656e-01 6.250997781753540039e-01 6.189700365066528320e-01 2.938110232353210449e-01 1.781263947486877441e-01 6.541917920112609863e-01 8.091584444046020508e-01 6.150882244110107422e-01 1.000000000000000000e+00 0.000000000000000000e+00 0.000000000000000000e+00
1.704544574022293091e-01 2.677486538887023926e-01 6.071752309799194336e-02 1.257169246673583984e-02 2.640306949615478516e-03 6.191840767860412598e-01 9.787541627883911133e-02 7.225911617279052734e-01 2.813762426376342773e-02 1.000000000000000000e+00 0.000000000000000000e+00 0.000000000000000000e+00
9.053770303726196289e-01 6.878185272216796875e-02 4.729157686233520508e-02 4.391846656799316406e-01 8.859451413154602051e-01 1.062798500061035156e-02 6.547230482101440430e-02 7.308402061462402344e-01 1.515040397644042969e-01 0.000000000000000000e+00 0.000000000000000000e+00 0.000000000000000000e+00
4.672721624374389648e-01 6.895386576652526855e-01 6.267159581184387207e-01 7.013477087020874023e-01 1.870510578155517578e-01 5.845982432365417480e-01 3.582849502563476562e-01 1.107696294784545898e-01 3.994659185409545898e-01 0.000000000000000000e+00 0.000000000000000000e+00 0.000000000000000000e+00
9.146949648857116699e-01 1.452508568763732910e-01 8.796092867851257324e-01 8.786791563034057617e-01 2.506411671638488770e-01 9.628324508666992188e-01 4.092093706130981445e-01 4.420370459556579590e-01 9.966397285461425781e-01 1.000000000000000000e+00 0.000000000000000000e+00 0.000000000000000000e+00
4.656281769275665283e-01 7.272738218307495117e-01 4.538174271583557129e-01 4.161237478256225586e-01 4.761700630187988281e-01 1.421962380409240723e-01 6.382244825363159180e-01 1.284333467483520508e-01 3.349137306213378906e-02 0.000000000000000000e+00 0.000000000000000000e+00 0.000000000000000000e+00
4.400146305561065674e-01 4.840302467346191406e-02 5.150892734527587891e-01 4.506208896636962891e-01 8.148300647735595703e-02 7.588654756546020508e-01 4.852128028869628906e-01 3.030859231948852539e-01 7.812288999557495117e-01 0.000000000000000000e+00 1.000000000000000000e+00 0.000000000000000000e+00
6.752917766571044922e-01 5.171454548835754395e-01 8.724635839462280273e-02 6.468441486358642578e-01 7.152286171913146973e-01 8.562927246093750000e-01 8.170068860054016113e-01 6.607240438461303711e-01 2.593633532524108887e-01 0.000000000000000000e+00 0.000000000000000000e+00 0.000000000000000000e+00
4.715718030929565430e-01 2.866748571395874023e-01 5.038544535636901855e-01 5.462586879730224609e-02 4.695523381233215332e-01 7.286321520805358887e-01 6.502633094787597656e-01 1.727128624916076660e-01 7.249858975410461426e-01 1.000000000000000000e+00 0.000000000000000000e+00 0.000000000000000000e+00
7.853487879037857056e-02 3.806265592575073242e-01 3.020144104957580566e-01 1.609346866607666016e-01 9.929686784744262695e-02 2.824978828430175781e-01 7.183958292007446289e-01 6.858996748924255371e-01 1.628988981246948242e-02 0.000000000000000000e+00 0.000000000000000000e+00 0.000000000000000000e+00
9.923870563507080078e-01 3.503012657165527344e-01 3.448061347007751465e-01 9.291822910308837891e-01 5.629498362541198730e-01 4.206949472427368164e-01 6.925921440124511719e-01 2.247416973114013672e-01 2.548404335975646973e-01 0.000000000000000000e+00 1.000000000000000000e+00 0.000000000000000000e+00
9.940471649169921875e-01 2.962177991867065430e-02 8.487923741340637207e-01 8.014566898345947266e-01 8.394877910614013672e-01 7.444108128547668457e-01 2.900698184967041016e-01 4.780251383781433105e-01 3.710197210311889648e-01 0.000000000000000000e+00 0.000000000000000000e+00 0.000000000000000000e+00
9.750068783760070801e-01 3.384045362472534180e-01 7.173901796340942383e-02 9.022287130355834961e-01 7.195973992347717285e-01 7.099873423576354980e-01 2.443293333053588867e-01 5.713939666748046875e-03 7.296836972236633301e-01 1.000000000000000000e+00 0.000000000000000000e+00 0.000000000000000000e+00
9.906436800956726074e-01 1.052908301353454590e-01 4.094002842903137207e-01 9.255537390708923340e-01 7.089705467224121094e-01 6.524146199226379395e-01 4.922527074813842773e-01 6.654977798461914062e-03 6.548823118209838867e-01 0.000000000000000000e+00 1.000000000000000000e+00 0.000000000000000000e+00
9.418780803680419922e-01 2.182707786560058594e-01 5.687069892883300781e-01 9.494163393974304199e-01 2.958877682685852051e-01 8.265323638916015625e-01 7.472128868103027344e-01 2.903746962547302246e-01 5.965624451637268066e-01 0.000000000000000000e+00 0.000000000000000000e+00 0.000000000000000000e+00
6.259207129478454590e-01 6.423689723014831543e-01 1.440626382827758789e-02 7.232505083084106445e-02 7.124558687210083008e-01 3.928545713424682617e-01 5.116918087005615234e-01 5.654715895652770996e-01 4.074073433876037598e-01 1.000000000000000000e+00 0.000000000000000000e+00 0.000000000000000000e+00
8.467405438423156738e-01 9.609129428863525391e-01 6.059722304344177246e-01 8.360306620597839355e-01 7.635266184806823730e-01 4.440107941627502441e-01 5.761870145797729492e-01 7.121350765228271484e-01 2.828478813171386719e-02 0.000000000000000000e+00 0.000000000000000000e+00 0.000000000000000000e+00
9.357622861862182617e-01 7.265871763229370117e-02 8.239743709564208984e-01 2.355381846427917480e-01 7.768982648849487305e-01 6.180489659309387207e-01 9.382011294364929199e-01 3.517963290214538574e-01 5.920908451080322266e-01 0.000000000000000000e+00 1.000000000000000000e+00 0.000000000000000000e+00
6.408462524414062500e-01 8.148303031921386719e-01 7.113646864891052246e-01 2.213088870048522949e-01 9.445434808731079102e-01 4.027788639068603516e-01 9.816050529479980469e-03 9.895211458206176758e-01 2.663822174072265625e-01 1.000000000000000000e+00 0.000000000000000000e+00 0.000000000000000000e+00
6.184975504875183105e-01 6.269863247871398926e-01 1.891937851905822754e-01 4.571791887283325195e-01 7.804245352745056152e-01 6.808803677558898926e-01 6.151695251464843750e-01 9.683964848518371582e-01 6.683974266052246094e-01 1.000000000000000000e+00 0.000000000000000000e+00 0.000000000000000000e+00
8.881243467330932617e-01 9.264957904815673828e-02 8.290704488754272461e-01 2.184636592864990234e-01 1.910452246665954590e-01 1.938295960426330566e-01 9.769201874732971191e-01 6.514968276023864746e-01 2.182488441467285156e-01 0.000000000000000000e+00 0.000000000000000000e+00 0.000000000000000000e+00
1.433878242969512939e-01 3.796135783195495605e-01 2.391329407691955566e-01 8.969485759735107422e-03 2.984604239463806152e-01 6.314316391944885254e-01 1.035924553871154785e-01 3.393004536628723145e-01 4.908200502395629883e-01 0.000000000000000000e+00 1.000000000000000000e+00 0.000000000000000000e+00
8.684939742088317871e-01 5.786091089248657227e-01 3.131045103073120117e-01 9.077698588371276855e-01 2.901585698127746582e-01 5.126037001609802246e-01 8.989058136940002441e-01 2.554778456687927246e-01 3.239749073982238770e-01 1.000000000000000000e+00 1.000000000000000000e+00 1.000000000000000000e+00
5.676552057266235352e-01 5.947239995002746582e-01 2.677016258239746094e-01 2.783390879631042480e-01 7.938364744186401367e-01 1.559130549430847168e-01 1.081051230430603027e-01 2.661305069923400879e-01 9.506735205650329590e-01 1.000000000000000000e+00 0.000000000000000000e+00 0.000000000000000000e+00
6.317582726478576660e-01 1.454118490219116211e-01 4.319091439247131348e-01 2.049927115440368652e-01 8.397406935691833496e-01 3.244586586952209473e-01 5.484706163406372070e-01 9.582620859146118164e-02 1.357264518737792969e-01 0.000000000000000000e+00 0.000000000000000000e+00 0.000000000000000000e+00
7.684533596038818359e-01 2.254766821861267090e-01 7.320852279663085938e-01 1.687783002853393555e-02 2.129310965538024902e-01 2.289017438888549805e-01 5.854960083961486816e-01 7.095477581024169922e-01 3.718349933624267578e-01 0.000000000000000000e+00 0.000000000000000000e+00 0.000000000000000000e+00
9.395706653594970703e-01 2.159217596054077148e-01 6.920946836471557617e-01 2.565599083900451660e-01 7.435497641563415527e-01 5.138283967971801758e-02 9.320728778839111328e-01 8.528504371643066406e-01 5.446031093597412109e-01 0.000000000000000000e+00 0.000000000000000000e+00 0.000000000000000000e+00
9.701206684112548828e-01 4.820227622985839844e-03 7.498101592063903809e-01 3.913665413856506348e-01 3.603549003601074219e-01 3.634769916534423828e-01 5.353206396102905273e-02 5.961504578590393066e-01 9.981581568717956543e-01 0.000000000000000000e+00 0.000000000000000000e+00 0.000000000000000000e+00
2.230212241411209106e-01 4.392676353454589844e-01 3.039199709892272949e-01 3.281060457229614258e-01 3.091077208518981934e-01 5.846270322799682617e-01 6.963950395584106445e-02 7.445947527885437012e-01 8.474288582801818848e-01 0.000000000000000000e+00 0.000000000000000000e+00 0.000000000000000000e+00
1.202899888157844543e-01 4.310975670814514160e-01 2.672365903854370117e-01 2.214185595512390137e-01 1.037426590919494629e-01 9.588639140129089355e-01 4.297781586647033691e-01 6.719713807106018066e-01 3.440696001052856445e-02 0.000000000000000000e+00 0.000000000000000000e+00 0.000000000000000000e+00
7.590926885604858398e-01 9.339129924774169922e-02 6.341611742973327637e-01 3.501189947128295898e-01 1.737001538276672363e-01 6.262480616569519043e-01 2.153863310813903809e-01 7.366492152214050293e-01 8.204264044761657715e-01 0.000000000000000000e+00 0.000000000000000000e+00 0.000000000000000000e+00
5.914303660392761230e-01 7.209692597389221191e-01 9.233877062797546387e-01 2.098242640495300293e-01 3.297526836395263672e-01 6.542658805847167969e-02 6.041496396064758301e-01 8.829128742218017578e-01 6.213781833648681641e-01 1.000000000000000000e+00 0.000000000000000000e+00 0.000000000000000000e+00
9.924822449684143066e-01 2.249490618705749512e-01 9.024723768234252930e-01 4.691318273544311523e-01 7.014244198799133301e-01 1.543498635292053223e-01 4.325907826423645020e-01 2.057334184646606445e-01 7.260042428970336914e-02 0.000000000000000000e+00 1.000000000000000000e+00 0.000000000000000000e+00
9.606739878654479980e-01 1.775093674659729004e-01 8.801832199096679688e-01 7.214979529380798340e-01 6.269298791885375977e-01 6.798089146614074707e-01 5.650097131729125977e-02 4.933176636695861816e-01 7.600748538970947266e-01 0.000000000000000000e+00 0.000000000000000000e+00 0.000000000000000000e+00
8.622875809669494629e-01 1.595612764358520508e-01 8.814296126365661621e-01 4.330039024353027344e-02 9.874026179313659668e-01 7.059654593467712402e-01 3.987173438072204590e-01 8.707879185676574707e-01 7.112765312194824219e-01 0.000000000000000000e+00 0.000000000000000000e+00 0.000000000000000000e+00
4.189412891864776611e-01 2.912534475326538086e-01 1.797649264335632324e-01 4.697589278221130371e-01 2.155147194862365723e-01 3.197990059852600098e-01 9.308168292045593262e-01 3.231759667396545410e-01 3.784553408622741699e-01 0.000000000000000000e+00 0.000000000000000000e+00 0.000000000000000000e+00
7.175020575523376465e-01 3.262912034988403320e-01 5.260609984397888184e-01 2.454799413681030273e-01 8.590053319931030273e-01 5.063948631286621094e-01 7.639564275741577148e-01 9.534128308296203613e-01 3.807376623153686523e-01 0.000000000000000000e+00 0.000000000000000000e+00 0.000000000000000000e+00
3.916150629520416260e-01 6.765327453613281250e-01 5.122284889221191406e-01 2.418538928031921387e-01 7.198554277420043945e-01 3.605506420135498047e-01 6.309112906455993652e-01 6.380565762519836426e-01 4.050648212432861328e-01 1.000000000000000000e+00 0.000000000000000000e+00 0.000000000000000000e+00
3.329065144062042236e-01 9.669489860534667969e-01 5.048841238021850586e-02 1.332974433898925781e-01 7.983361482620239258e-01 6.040205955505371094e-01 8.146002888679504395e-01 6.053788065910339355e-01 3.578004240989685059e-01 0.000000000000000000e+00 0.000000000000000000e+00 0.000000000000000000e+00
5.470305681228637695e-01 6.541392803192138672e-01 9.167206883430480957e-01 2.318950295448303223e-01 7.064005732536315918e-01 3.697822690010070801e-01 8.571731448173522949e-01 4.648727178573608398e-01 8.063051104545593262e-01 0.000000000000000000e+00 0.000000000000000000e+00 0.000000000000000000e+00
9.687161445617675781e-01 2.644249796867370605e-01 7.653470039367675781e-01 7.621621489524841309e-01 9.009148478507995605e-01 5.376963615417480469e-01 1.893515586853027344e-01 4.731990098953247070e-01 2.587825655937194824e-01 1.000000000000000000e+00 0.000000000000000000e+00 0.000000000000000000e+00
3.277182579040527344e-01 9.280882477760314941e-01 5.223512649536132812e-03 2.888206243515014648e-01 2.892541885375976562e-01 3.301132321357727051e-01 9.883358478546142578e-01 3.116714954376220703e-02 5.324250459671020508e-01 0.000000000000000000e+00 0.000000000000000000e+00 0.000000000000000000e+00
6.735333800315856934e-01 8.623549342155456543e-01 5.931479334831237793e-01 9.576348662376403809e-01 1.328791975975036621e-01 8.498384952545166016e-01 7.435699105262756348e-01 3.765428066253662109e-01 7.165266871452331543e-01 0.000000000000000000e+00 0.000000000000000000e+00 0.000000000000000000e+00
9.584375619888305664e-01 5.515154004096984863e-01 7.143973112106323242e-01 1.460579037666320801e-01 7.657906413078308105e-01 3.034472465515136719e-03 9.988299608230590820e-01 8.344209790229797363e-01 8.647454380989074707e-01 0.000000000000000000e+00 0.000000000000000000e+00 0.000000000000000000e+00
8.352312445640563965e-01 4.018787145614624023e-01 3.068803548812866211e-01 8.969006538391113281e-01 2.686351537704467773e-01 7.653160691261291504e-01 4.911378026008605957e-01 2.942643761634826660e-01 1.785426735877990723e-01 0.000000000000000000e+00 0.000000000000000000e+00 0.000000000000000000e+00
4.049046933650970459e-01 5.161221623420715332e-01 7.913296818733215332e-01 3.389676809310913086e-01 4.078936576843261719e-02 3.204068541526794434e-01 3.803293704986572266e-01 7.161504626274108887e-01 4.395532011985778809e-01 1.000000000000000000e+00 1.000000000000000000e+00 1.000000000000000000e+00
8.240548372268676758e-01 9.931594729423522949e-01 1.893812417984008789e-01 5.715878605842590332e-01 9.770328998565673828e-01 9.259279966354370117e-01 2.685439586639404297e-02 7.843726277351379395e-01 2.541020512580871582e-01 1.000000000000000000e+00 0.000000000000000000e+00 0.000000000000000000e+00
6.099528074264526367e-01 8.308473825454711914e-01 9.107250571250915527e-01 6.246751546859741211e-01 3.034407496452331543e-01 1.716666817665100098e-01 6.660712957382202148e-01 5.254125595092773438e-02 1.330083608627319336e-01 0.000000000000000000e+00 0.000000000000000000e+00 0.000000000000000000e+00
6.438202261924743652e-01 5.659313201904296875e-01 8.870097994804382324e-01 6.883287429809570312e-02 8.706430196762084961e-01 7.547219395637512207e-01 3.039088249206542969e-01 2.218577265739440918e-01 8.043674230575561523e-01 1.000000000000000000e+00 1.000000000000000000e+00 1.000000000000000000e+00
7.819841504096984863e-01 3.475690484046936035e-01 8.737132549285888672e-01 2.231900691986083984e-01 8.449089527130126953e-01 7.626324295997619629e-01 6.360584497451782227e-01 2.866580486297607422e-01 9.446431398391723633e-01 0.000000000000000000e+00 0.000000000000000000e+00 0.000000000000000000e+00
6.035459637641906738e-01 5.642873644828796387e-01 9.157111644744873047e-01 6.354887485504150391e-01 2.511749267578125000e-01 9.609696269035339355e-01 2.253673076629638672e-01 7.479827404022216797e-01 8.779121637344360352e-01 0.000000000000000000e+00 0.000000000000000000e+00 0.000000000000000000e+00
2.979812622070312500e-01 9.558782577514648438e-01 2.986022830009460449e-01 4.794375300407409668e-01 1.163351535797119141e-01 6.653547883033752441e-01 4.874467849731445312e-01 7.194931507110595703e-01 5.692747235298156738e-01 0.000000000000000000e+00 0.000000000000000000e+00 0.000000000000000000e+00
4.009480476379394531e-01 4.680204391479492188e-02 2.601953148841857910e-01 2.554607987403869629e-01 8.741070032119750977e-01 9.014979004859924316e-01 2.819822430610656738e-01 6.895324587821960449e-01 5.252575278282165527e-01 0.000000000000000000e+00 0.000000000000000000e+00 0.000000000000000000e+00
6.638870835304260254e-01 7.797161340713500977e-01 3.272097110748291016e-01 7.877836823463439941e-01 8.242378234863281250e-01 7.622242569923400879e-01 5.617087483406066895e-01 9.017748832702636719e-01 2.140709161758422852e-01 0.000000000000000000e+00 0.000000000000000000e+00 0.000000000000000000e+00
9.310867190361022949e-01 4.015395045280456543e-01 9.699292778968811035e-01 8.668477535247802734e-01 3.140787482261657715e-01 8.287090063095092773e-01 9.499899148941040039e-01 8.805136680603027344e-01 7.442623376846313477e-02 0.000000000000000000e+00 1.000000000000000000e+00 0.000000000000000000e+00
9.881998300552368164e-01 1.367701888084411621e-01 5.406712889671325684e-01 6.508174538612365723e-01 8.810667395591735840e-01 3.161370754241943359e-02 7.322322130203247070e-01 5.491918325424194336e-02 1.892275810241699219e-01 0.000000000000000000e+00 1.000000000000000000e+00 0.000000000000000000e+00
7.562483549118041992e-01 3.661074638366699219e-01 5.071936249732971191e-01 1.711121201515197754e-01 8.109870553016662598e-01 1.012939810752868652e-01 5.259017348289489746e-01 8.915090560913085938e-02 4.707665443420410156e-01 0.000000000000000000e+00 0.000000000000000000e+00 0.000000000000000000e+00
2.393816709518432617e-01 9.239900708198547363e-01 1.382117867469787598e-01 1.609430313110351562e-01 5.811100006103515625e-01 7.755891084671020508e-01 4.110920429229736328e-01 2.920086383819580078e-01 2.836177945137023926e-01 1.000000000000000000e+00 0.000000000000000000e+00 0.000000000000000000e+00
9.842982292175292969e-01 9.401273727416992188e-02 7.289232611656188965e-01 6.033217310905456543e-01 5.701238512992858887e-01 4.696451425552368164e-01 3.190295100212097168e-01 3.896223306655883789e-01 8.553823828697204590e-01 1.000000000000000000e+00 0.000000000000000000e+00 0.000000000000000000e+00
7.336662411689758301e-01 6.575908660888671875e-01 7.654932141304016113e-01 4.013008475303649902e-01 8.277723193168640137e-01 6.534513831138610840e-01 9.266410470008850098e-01 5.401333570480346680e-01 5.899789333343505859e-01 0.000000000000000000e+00 0.000000000000000000e+00 0.000000000000000000e+00
2.126160264015197754e-01 4.622693061828613281e-01 4.627578854560852051e-01 3.958973884582519531e-01 3.243976831436157227e-02 1.066076755523681641e-01 7.223915457725524902e-01 9.121408462524414062e-01 6.633098125457763672e-01 0.000000000000000000e+00 1.000000000000000000e+00 0.000000000000000000e+00
9.136695861816406250e-01 2.626733183860778809e-01 7.123122215270996094e-01 9.399535059928894043e-01 1.029424071311950684e-01 6.257889270782470703e-01 7.403743267059326172e-02 2.859584093093872070e-01 9.431314468383789062e-02 0.000000000000000000e+00 0.000000000000000000e+00 0.000000000000000000e+00
5.399742126464843750e-01 8.357727527618408203e-01 4.373323917388916016e-02 5.242493152618408203e-01 5.667009949684143066e-01 3.815472126007080078e-02 2.739008665084838867e-01 8.543075323104858398e-01 1.381670236587524414e-01 0.000000000000000000e+00 0.000000000000000000e+00 0.000000000000000000e+00
7.433131933212280273e-01 3.756207227706909180e-01 7.908129692077636719e-01 3.436684608459472656e-02 3.748307228088378906e-01 3.976478576660156250e-01 2.079085111618041992e-01 3.881424665451049805e-01 5.768987536430358887e-01 0.000000000000000000e+00 0.000000000000000000e+00 0.000000000000000000e+00
9.159597158432006836e-01 5.543074011802673340e-01 1.186192035675048828e-01 8.139558434486389160e-01 3.394997119903564453e-01 1.385563611984252930e-01 3.067524433135986328e-01 7.957471609115600586e-01 7.911744117736816406e-01 0.000000000000000000e+00 0.000000000000000000e+00 0.000000000000000000e+00
7.862769365310668945e-01 1.839975118637084961e-01 5.606418251991271973e-01 3.571111559867858887e-01 6.019110083580017090e-01 4.153758883476257324e-01 5.642032027244567871e-01 3.430308103561401367e-01 7.688433527946472168e-01 0.000000000000000000e+00 0.000000000000000000e+00 0.000000000000000000e+00
4.439861178398132324e-01 7.877906560897827148e-01 9.844154715538024902e-01 5.144969224929809570e-01 3.476722836494445801e-01 9.799416065216064453e-01 6.567062139511108398e-01 1.397609114646911621e-01 2.848983407020568848e-01 0.000000000000000000e+00 0.000000000000000000e+00 0.000000000000000000e+00
8.431916236877441406e-01 3.719409704208374023e-01 2.516310811042785645e-01 4.783694148063659668e-01 8.992780447006225586e-01 8.619064092636108398e-02 2.997753620147705078e-01 3.379957079887390137e-01 9.687560796737670898e-02 0.000000000000000000e+00 0.000000000000000000e+00 0.000000000000000000e+00
4.704289436340332031e-01 7.785353064537048340e-01 4.713929891586303711e-01 8.504067063331604004e-01 1.762851476669311523e-01 4.072930812835693359e-01 1.421422958374023438e-01 1.867736577987670898e-01 9.057781100273132324e-01 1.000000000000000000e+00 0.000000000000000000e+00 0.000000000000000000e+00
9.166783690452575684e-01 1.064730882644653320e-01 8.771808743476867676e-01 5.628023147583007812e-01 6.076338887214660645e-01 8.611466288566589355e-01 2.509052753448486328e-01 4.216325879096984863e-01 6.193174719810485840e-01 0.000000000000000000e+00 0.000000000000000000e+00 0.000000000000000000e+00
8.801091313362121582e-01 4.066141843795776367e-01 2.893261909484863281e-01 9.075279235839843750e-01 3.601348400115966797e-01 4.602504372596740723e-01 2.970351576805114746e-01 3.953537344932556152e-01 2.637994289398193359e-02 0.000000000000000000e+00 0.000000000000000000e+00 0.000000000000000000e+00
7.340485453605651855e-01 8.170865774154663086e-01 5.661879777908325195e-01 9.821063876152038574e-01 6.695085763931274414e-02 1.409924626350402832e-01 7.376273870468139648e-01 4.038920402526855469e-01 8.324850201606750488e-01 0.000000000000000000e+00 0.000000000000000000e+00 0.000000000000000000e+00
5.674834251403808594e-01 6.629658937454223633e-01 7.829857468605041504e-01 6.245075464248657227e-01 4.524950981140136719e-01 4.976470470428466797e-01 4.273586869239807129e-01 6.662592291831970215e-01 6.402749419212341309e-01 0.000000000000000000e+00 0.000000000000000000e+00 0.000000000000000000e+00
6.412646770477294922e-01 8.707618713378906250e-02 6.073167324066162109e-01 4.387388229370117188e-01 1.420319080352783203e-01 9.274731278419494629e-01 2.223365902900695801e-01 3.664441704750061035e-01 1.703070402145385742e-01 1.000000000000000000e+00 1.000000000000000000e+00 1.000000000000000000e+00
1.657006442546844482e-01 3.986343741416931152e-01 3.712511062622070312e-01 2.879193425178527832e-01 2.187796235084533691e-01 6.613439321517944336e-02 9.546903967857360840e-01 1.709300279617309570e-02 9.363894462585449219e-01 0.000000000000000000e+00 1.000000000000000000e+00 0.000000000000000000e+00
7.396680712699890137e-01 9.059042334556579590e-01 3.217887878417968750e-01 3.113681077957153320e-01 7.784097790718078613e-01 9.577509760856628418e-01 6.546749472618103027e-01 4.524498581886291504e-01 9.091517329216003418e-01 1.000000000000000000e+00 0.000000000000000000e+00 0.000000000000000000e+00
1.865813732147216797e-01 7.022931575775146484e-01 5.054832696914672852e-01 1.957812309265136719e-01 2.116322517395019531e-01 9.815794229507446289e-01 7.215052843093872070e-02 4.315765500068664551e-01 9.512062668800354004e-01 1.000000000000000000e+00 0.000000000000000000e+00 0.000000000000000000e+00
6.110556125640869141e-01 5.673701763153076172e-01 6.500272750854492188e-01 1.362382173538208008e-01 3.941046595573425293e-01 1.033699512481689453e-02 6.872523427009582520e-01 6.132534742355346680e-01 8.779491782188415527e-01 1.000000000000000000e+00 0.000000000000000000e+00 0.000000000000000000e+00
2.212506979703903198e-01 6.694092154502868652e-01 5.256246924400329590e-01 5.036699771881103516e-02 6.289063096046447754e-01 2.509856820106506348e-01 3.390085697174072266e-02 4.590473175048828125e-01 7.613005042076110840e-01 0.000000000000000000e+00 1.000000000000000000e+00 0.000000000000000000e+00
8.419166803359985352e-01 3.670213222503662109e-01 5.501027107238769531e-01 3.970970511436462402e-01 7.213065624237060547e-01 2.049642205238342285e-01 9.512524604797363281e-01 3.527911901473999023e-01 8.796520829200744629e-01 0.000000000000000000e+00 0.000000000000000000e+00 0.000000000000000000e+00
9.524523615837097168e-01 3.931158781051635742e-02 5.855570435523986816e-01 1.206614971160888672e-01 8.905827403068542480e-01 8.997279405593872070e-02 4.235945343971252441e-01 8.135080337524414062e-03 8.632238507270812988e-01 1.000000000000000000e+00 1.000000000000000000e+00 1.000000000000000000e+00
5.106115937232971191e-01 8.353680372238159180e-01 5.358636975288391113e-01 1.471059322357177734e-01 8.301333785057067871e-01 8.374081850051879883e-01 4.943587779998779297e-01 5.232231616973876953e-01 4.853694438934326172e-01 1.000000000000000000e+00 0.000000000000000000e+00 0.000000000000000000e+00
3.621470928192138672e-01 6.132825613021850586e-01 4.654766321182250977e-01 2.004306912422180176e-01 2.082111239433288574e-01 1.672166585922241211e-02 5.291311144828796387e-01 1.013963818550109863e-01 7.373844981193542480e-01 1.000000000000000000e+00 0.000000000000000000e+00 0.000000000000000000e+00
9.441522955894470215e-01 2.145404815673828125e-01 9.980365633964538574e-01 3.776361346244812012e-01 7.672781944274902344e-01 8.213225603103637695e-01 9.975918531417846680e-01 2.108618617057800293e-01 3.706217408180236816e-01 0.000000000000000000e+00 1.000000000000000000e+00 0.000000000000000000e+00
9.606735110282897949e-01 6.482216715812683105e-01 3.405535221099853516e-02 9.232073426246643066e-01 9.244073629379272461e-01 8.984135389328002930e-01 7.087895274162292480e-01 2.026808261871337891e-01 1.324397325515747070e-01 0.000000000000000000e+00 0.000000000000000000e+00 0.000000000000000000e+00
1.745002120733261108e-01 6.800840497016906738e-01 2.155658006668090820e-01 4.574859142303466797e-02 1.942303180694580078e-01 6.638419628143310547e-01 3.886092305183410645e-01 7.247366905212402344e-01 8.893880248069763184e-01 1.000000000000000000e+00 1.000000000000000000e+00 1.000000000000000000e+00
1.981284916400909424e-01 6.564066410064697266e-01 1.468338370323181152e-01 1.817815899848937988e-01 4.359894990921020508e-01 6.178254485130310059e-01 5.132800936698913574e-01 6.987248063087463379e-01 2.733274102210998535e-01 1.000000000000000000e+00 1.000000000000000000e+00 1.000000000000000000e+00
8.671144247055053711e-01 1.003693342208862305e-01 4.828482270240783691e-01 5.344181656837463379e-01 7.878959178924560547e-02 7.382388710975646973e-01 3.584864139556884766e-01 9.858528971672058105e-01 2.938975691795349121e-01 0.000000000000000000e+00 0.000000000000000000e+00 0.000000000000000000e+00
4.062517732381820679e-02 2.524676322937011719e-01 1.806580424308776855e-01 1.117860674858093262e-01 3.573603034019470215e-01 1.142167448997497559e-01 8.751255273818969727e-02 6.155784130096435547e-01 5.811624526977539062e-01 0.000000000000000000e+00 0.000000000000000000e+00 0.000000000000000000e+00
9.623320698738098145e-01 5.847488641738891602e-01 9.904558658599853516e-01 5.211107134819030762e-01 5.285140275955200195e-01 4.162377119064331055e-02 7.046973109245300293e-01 8.479463458061218262e-01 2.708671689033508301e-01 1.000000000000000000e+00 0.000000000000000000e+00 0.000000000000000000e+00
9.891652464866638184e-01 2.139806747436523438e-03 3.342665433883666992e-01 8.329802751541137695e-01 9.102158546447753906e-01 9.971143007278442383e-01 3.278636336326599121e-01 9.081459045410156250e-02 8.634828925132751465e-01 0.000000000000000000e+00 0.000000000000000000e+00 0.000000000000000000e+00
9.945981502532958984e-01 3.828917741775512695e-01 7.191762328147888184e-01 8.578227758407592773e-01 9.927009344100952148e-01 3.772404193878173828e-01 6.822494864463806152e-01 5.775892138481140137e-01 3.787990808486938477e-01 0.000000000000000000e+00 1.000000000000000000e+00 0.000000000000000000e+00
7.826933264732360840e-01 4.176414012908935547e-01 1.663751602172851562e-01 5.393911004066467285e-01 9.968752264976501465e-01 6.059389710426330566e-01 8.781416416168212891e-01 8.597962856292724609e-01 5.475674867630004883e-01 0.000000000000000000e+00 0.000000000000000000e+00 0.000000000000000000e+00
8.711279630661010742e-01 2.205039262771606445e-01 6.436701416969299316e-01 7.369430661201477051e-01 8.585286140441894531e-02 2.545570135116577148e-01 4.127595424652099609e-01 5.603706240653991699e-01 8.296567201614379883e-02 0.000000000000000000e+00 0.000000000000000000e+00 0.000000000000000000e+00
6.884356737136840820e-01 6.198374629020690918e-01 7.764081358909606934e-01 5.063165426254272461e-01 3.459648489952087402e-01 3.471798896789550781e-01 3.377361893653869629e-01 6.760267019271850586e-01 6.144732236862182617e-02 0.000000000000000000e+00 1.000000000000000000e+00 0.000000000000000000e+00
1.253345310688018799e-01 1.932430267333984375e-01 4.274542331695556641e-01 1.557981967926025391e-01 1.608306765556335449e-01 5.286070108413696289e-01 6.646066308021545410e-01 6.721523404121398926e-01 3.089857101440429688e-01 0.000000000000000000e+00 1.000000000000000000e+00 0.000000000000000000e+00
9.934600591659545898e-01 1.512695550918579102e-01 3.749088644981384277e-01 8.804708719253540039e-01 2.845140099525451660e-01 4.070311784744262695e-02 8.867754340171813965e-01 8.650188446044921875e-01 1.541922688484191895e-01 0.000000000000000000e+00 0.000000000000000000e+00 0.000000000000000000e+00
7.913414835929870605e-01 6.597610116004943848e-01 4.347860813140869141e-02 8.307396173477172852e-01 1.844540834426879883e-01 4.718874692916870117e-01 6.392390131950378418e-01 4.590399861335754395e-01 7.968383431434631348e-01 0.000000000000000000e+00 0.000000000000000000e+00 0.000000000000000000e+00
1.978569030761718750e-01 7.907902002334594727e-01 5.930858850479125977e-02 5.799361467361450195e-01 1.791542768478393555e-01 9.166345000267028809e-01 1.273297071456909180e-01 4.391199350357055664e-01 7.300218939781188965e-01 0.000000000000000000e+00 1.000000000000000000e+00 0.000000000000000000e+00
7.134811878204345703e-01 1.887255311012268066e-01 2.676015496253967285e-01 3.931407332420349121e-01 8.364611268043518066e-01 2.072396278381347656e-01 4.089621901512145996e-01 9.396578669548034668e-01 6.083407998085021973e-01 0.000000000000000000e+00 0.000000000000000000e+00 0.000000000000000000e+00
9.850746393203735352e-01 3.797440528869628906e-01 3.825194835662841797e-01 9.536210298538208008e-01 7.879321575164794922e-01 6.574090123176574707e-01 7.755869030952453613e-01 7.398265600204467773e-01 8.263857364654541016e-01 1.000000000000000000e+00 0.000000000000000000e+00 0.000000000000000000e+00
9.618617296218872070e-01 3.536367416381835938e-02 4.020994901657104492e-01 6.753330826759338379e-01 3.683969974517822266e-01 6.929546594619750977e-02 9.805009961128234863e-01 3.300603628158569336e-01 4.909481406211853027e-01 0.000000000000000000e+00 1.000000000000000000e+00 0.000000000000000000e+00
8.463745713233947754e-01 3.885374665260314941e-01 8.070368766784667969e-01 2.868055105209350586e-01 3.024188280105590820e-01 1.212228536605834961e-01 9.605699777603149414e-01 4.709505438804626465e-01 9.512878060340881348e-01 0.000000000000000000e+00 0.000000000000000000e+00 0.000000000000000000e+00
3.860431909561157227e-01 8.147798180580139160e-01 8.433604240417480469e-01 2.671107649803161621e-01 1.582536101341247559e-01 7.676875591278076172e-01 3.911328315734863281e-02 3.533542156219482422e-03 8.095926046371459961e-02 1.000000000000000000e+00 1.000000000000000000e+00 1.000000000000000000e+00
7.385904788970947266e-01 7.726852297782897949e-01 1.906052827835083008e-01 3.683456778526306152e-01 9.265886545181274414e-01 3.870714902877807617e-01 2.061769962310791016e-01 4.254930019378662109e-01 2.259740233421325684e-01 1.000000000000000000e+00 0.000000000000000000e+00 0.000000000000000000e+00
8.395854234695434570e-01 4.380176663398742676e-01 1.222099661827087402e-01 9.688376188278198242e-01 3.769562244415283203e-01 8.316616415977478027e-01 5.342837572097778320e-01 3.577860593795776367e-01 4.521684050559997559e-01 0.000000000000000000e+00 0.000000000000000000e+00 0.000000000000000000e+00
5.936726927757263184e-01 4.332974553108215332e-01 6.221510171890258789e-01 7.691347599029541016e-02 1.859062910079956055e-02 2.132177352905273438e-02 8.686876893043518066e-01 4.655094742774963379e-01 5.574793219566345215e-01 0.000000000000000000e+00 0.000000000000000000e+00 0.000000000000000000e+00
1.913029998540878296e-01 2.739787101745605469e-03 3.133785724639892578e-01 1.887367963790893555e-01 1.996691226959228516e-01 7.571574449539184570e-01 9.727311134338378906e-01 5.230117440223693848e-01 4.201395511627197266e-01 1.000000000000000000e+00 1.000000000000000000e+00 1.000000000000000000e+00
3.469585776329040527e-01 9.306210279464721680e-02 4.685410261154174805e-01 4.383174180984497070e-01 1.391102075576782227e-01 1.299316883087158203e-01 6.833150386810302734e-01 7.836097478866577148e-01 4.274785518646240234e-01 0.000000000000000000e+00 0.000000000000000000e+00 0.000000000000000000e+00
5.857551693916320801e-01 4.948905110359191895e-01 1.390039920806884766e-03 6.842638850212097168e-01 1.553647518157958984e-01 1.364678740501403809e-01 4.246429800987243652e-01 2.914136648178100586e-02 7.375518083572387695e-01 0.000000000000000000e+00 0.000000000000000000e+00 0.000000000000000000e+00
6.695183515548706055e-01 5.451102256774902344e-01 6.941047310829162598e-01 7.662427425384521484e-02 8.087568283081054688e-01 7.128583192825317383e-01 1.672309637069702148e-01 9.939352273941040039e-01 3.544722795486450195e-01 0.000000000000000000e+00 0.000000000000000000e+00 0.000000000000000000e+00
9.924506545066833496e-01 1.345691084861755371e-01 8.239033818244934082e-01 8.673648834228515625e-01 3.087128400802612305e-01 1.760169267654418945e-01 4.330259561538696289e-01 1.361009478569030762e-01 2.593352198600769043e-01 0.000000000000000000e+00 0.000000000000000000e+00 0.000000000000000000e+00
6.441586613655090332e-01 9.295268058776855469e-01 1.295064091682434082e-01 2.852610349655151367e-01 8.802744746208190918e-01 9.200505614280700684e-01 8.427690267562866211e-01 9.617781639099121094e-01 2.139672040939331055e-01 1.000000000000000000e+00 0.000000000000000000e+00 0.000000000000000000e+00
8.149331212043762207e-01 5.507473945617675781e-01 8.348455429077148438e-01 4.637577533721923828e-01 9.287739396095275879e-01 4.038217663764953613e-01 3.283550739288330078e-01 7.879691123962402344e-01 7.564147114753723145e-01 0.000000000000000000e+00 0.000000000000000000e+00 0.000000000000000000e+00
9.915245175361633301e-01 9.291332960128784180e-02 9.264772534370422363e-01 5.343975424766540527e-01 7.066922783851623535e-01 3.245760202407836914e-01 3.185347318649291992e-01 9.620403051376342773e-01 8.804208040237426758e-02 0.000000000000000000e+00 0.000000000000000000e+00 0.000000000000000000e+00
6.796008348464965820e-01 4.687349200248718262e-01 7.710869908332824707e-01 1.086953878402709961e-01 2.652747035026550293e-01 3.200531601905822754e-01 3.636632561683654785e-01 4.901391267776489258e-02 6.204597949981689453e-01 0.000000000000000000e+00 1.000000000000000000e+00 0.000000000000000000e+00
9.947699904441833496e-01 1.449304819107055664e-01 9.154633283615112305e-01 6.960861682891845703e-01 7.326466441154479980e-01 2.635532617568969727e-01 2.437055706977844238e-01 7.080541849136352539e-01 4.327541589736938477e-02 1.000000000000000000e+00 0.000000000000000000e+00 0.000000000000000000e+00
5.081005096435546875e-01 6.628233790397644043e-01 4.291437268257141113e-01 3.606185913085937500e-01 3.025131821632385254e-01 1.618046164512634277e-01 1.294613480567932129e-01 7.026619315147399902e-01 5.681197047233581543e-01 0.000000000000000000e+00 0.000000000000000000e+00 0.000000000000000000e+00
5.625857710838317871e-01 2.953964471817016602e-01 6.556652188301086426e-01 5.251057147979736328e-01 3.184294104576110840e-01 7.235286235809326172e-01 3.925150632858276367e-01 5.880492329597473145e-01 1.821322441101074219e-01 1.000000000000000000e+00 0.000000000000000000e+00 0.000000000000000000e+00
7.750426530838012695e-01 4.423666596412658691e-01 6.648320555686950684e-01 2.619057893753051758e-01 7.505979537963867188e-01 6.688604354858398438e-01 8.358212709426879883e-01 4.448435306549072266e-01 8.820304870605468750e-01 0.000000000000000000e+00 0.000000000000000000e+00 0.000000000000000000e+00
6.358031034469604492e-01 8.917886614799499512e-01 1.363778710365295410e-01 2.676177620887756348e-01 9.755796790122985840e-01 7.906416058540344238e-01 5.426959991455078125e-01 9.803681373596191406e-01 2.350348234176635742e-01 1.000000000000000000e+00 0.000000000000000000e+00 0.000000000000000000e+00
7.038186192512512207e-01 6.861959099769592285e-01 8.115873932838439941e-01 3.730549812316894531e-01 7.497358322143554688e-01 8.472357392311096191e-01 4.948973655700683594e-01 8.813638687133789062e-01 4.690656065940856934e-01 1.000000000000000000e+00 0.000000000000000000e+00 0.000000000000000000e+00
6.118832230567932129e-01 8.194749355316162109e-01 8.641127347946166992e-01 5.933993458747863770e-01 7.733333706855773926e-01 5.947587490081787109e-01 1.209857463836669922e-01 7.889350652694702148e-01 9.199100732803344727e-02 1.000000000000000000e+00 0.000000000000000000e+00 0.000000000000000000e+00
4.824846684932708740e-01 9.998824596405029297e-01 1.790367960929870605e-01 5.985653996467590332e-01 2.881447672843933105e-01 4.983249902725219727e-01 4.954279065132141113e-01 5.026222467422485352e-01 2.336308956146240234e-01 1.000000000000000000e+00 0.000000000000000000e+00 0.000000000000000000e+00
9.506207108497619629e-01 3.500163555145263672e-03 5.211977362632751465e-01 6.552407145500183105e-01 5.139756798744201660e-01 6.154784560203552246e-01 2.442447543144226074e-01 6.957845091819763184e-01 4.239213466644287109e-02 0.000000000000000000e+00 1.000000000000000000e+00 0.000000000000000000e+00
7.796186208724975586e-01 6.985131502151489258e-01 6.495174169540405273e-01 7.626614570617675781e-01 8.426516056060791016e-01 8.717429041862487793e-01 9.070441722869873047e-01 5.235766768455505371e-01 9.383226037025451660e-01 0.000000000000000000e+00 0.000000000000000000e+00 0.000000000000000000e+00
9.977317452430725098e-01 1.929040551185607910e-01 9.785267114639282227e-01 5.270933508872985840e-01 8.528023362159729004e-01 5.700248479843139648e-02 9.246065020561218262e-01 9.640394449234008789e-01 9.492046236991882324e-01 0.000000000000000000e+00 0.000000000000000000e+00 0.000000000000000000e+00
7.504197955131530762e-01 6.550131440162658691e-01 5.181921124458312988e-01 3.689988851547241211e-01 8.779228925704956055e-01 4.691776633262634277e-01 1.839773654937744141e-01 7.608346939086914062e-01 3.171095848083496094e-01 0.000000000000000000e+00 0.000000000000000000e+00 0.000000000000000000e+00
7.427257299423217773e-01 9.805067777633666992e-01 3.148052692413330078e-01 6.164410710334777832e-01 9.141545891761779785e-01 6.039606928825378418e-01 7.926005125045776367e-01 7.419397830963134766e-01 7.687597274780273438e-01 0.000000000000000000e+00 0.000000000000000000e+00 0.000000000000000000e+00
9.040661454200744629e-01 6.577647328376770020e-01 9.403800368309020996e-01 9.819804430007934570e-01 7.378145456314086914e-01 8.276680707931518555e-01 8.059556484222412109e-01 5.702836513519287109e-01 3.479360342025756836e-01 0.000000000000000000e+00 0.000000000000000000e+00 0.000000000000000000e+00
7.519971132278442383e-01 7.096300721168518066e-01 9.315246343612670898e-02 6.656016707420349121e-01 9.932162761688232422e-01 3.334057331085205078e-01 2.053540945053100586e-02 3.632462620735168457e-01 4.567480087280273438e-01 0.000000000000000000e+00 0.000000000000000000e+00 0.000000000000000000e+00
8.195047378540039062e-01 8.849043250083923340e-01 6.705937981605529785e-01 4.611400365829467773e-01 9.580780267715454102e-01 4.064828753471374512e-01 4.621174931526184082e-01 8.122488856315612793e-01 3.328592777252197266e-01 0.000000000000000000e+00 0.000000000000000000e+00 0.000000000000000000e+00
9.720431566238403320e-01 2.210624814033508301e-01 4.134542942047119141e-01 7.979292273521423340e-01 9.245626330375671387e-01 5.373256802558898926e-01 4.794045090675354004e-01 7.816747426986694336e-01 5.378167629241943359e-01 0.000000000000000000e+00 1.000000000000000000e+00 0.000000000000000000e+00
7.719637155532836914e-01 6.533690690994262695e-01 2.678330540657043457e-01 7.663540244102478027e-01 4.152075052261352539e-01 2.519049644470214844e-01 4.761773347854614258e-02 8.470292091369628906e-01 3.882035017013549805e-01 0.000000000000000000e+00 0.000000000000000000e+00 0.000000000000000000e+00
4.092485308647155762e-01 4.552235007286071777e-01 3.673301339149475098e-01 1.458231806755065918e-01 8.178731203079223633e-01 7.716714143753051758e-01 7.307866811752319336e-01 5.164197087287902832e-01 9.700331091880798340e-01 0.000000000000000000e+00 0.000000000000000000e+00 0.000000000000000000e+00
5.437052249908447266e-01 3.719704151153564453e-01 2.079321146011352539e-01 4.313104748725891113e-01 6.050154566764831543e-01 9.408292174339294434e-01 3.551040291786193848e-01 5.487898588180541992e-01 8.848119974136352539e-01 0.000000000000000000e+00 0.000000000000000000e+00 0.000000000000000000e+00
9.108099341392517090e-01 7.526254653930664062e-02 2.493206858634948730e-01 5.208439826965332031e-01 9.237030744552612305e-01 7.613568902015686035e-01 6.138262152671813965e-01 7.730401158332824707e-01 2.405391335487365723e-01 1.000000000000000000e+00 0.000000000000000000e+00 0.000000000000000000e+00
9.379887580871582031e-01 5.839620232582092285e-01 6.548784375190734863e-01 8.850833773612976074e-01 1.824732422828674316e-01 6.081050634384155273e-02 9.333558678627014160e-01 7.624118924140930176e-01 9.509937763214111328e-01 1.000000000000000000e+00 0.000000000000000000e+00 0.000000000000000000e+00
2.218997180461883545e-01 5.767582058906555176e-01 1.931740045547485352e-01 1.081590056419372559e-01 5.163807272911071777e-01 3.112360239028930664e-01 2.989867925643920898e-01 2.862973809242248535e-01 2.552747726440429688e-01 0.000000000000000000e+00 1.000000000000000000e+00 0.000000000000000000e+00
8.902698755264282227e-01 5.585954785346984863e-01 9.760680794715881348e-01 8.788565993309020996e-01 2.667849659919738770e-01 4.456413388252258301e-01 2.482202649116516113e-01 8.572779893875122070e-01 3.110242486000061035e-01 0.000000000000000000e+00 0.000000000000000000e+00 0.000000000000000000e+00
9.199927449226379395e-01 2.923195362091064453e-01 2.299813032150268555e-01 7.719618082046508789e-01 2.992859482765197754e-01 5.238633751869201660e-01 8.672469258308410645e-01 2.360722422599792480e-01 4.666226506233215332e-01 0.000000000000000000e+00 0.000000000000000000e+00 0.000000000000000000e+00
3.147436976432800293e-01 9.899290800094604492e-01 2.214549183845520020e-01 2.058357000350952148e-01 2.527604103088378906e-01 5.520224571228027344e-03 5.236778855323791504e-01 3.252022266387939453e-01 7.570329308509826660e-01 1.000000000000000000e+00 0.000000000000000000e+00 0.000000000000000000e+00
8.709746003150939941e-01 5.376052260398864746e-01 9.627235531806945801e-01 5.420581102371215820e-01 7.671416401863098145e-01 6.160298585891723633e-01 2.538365125656127930e-01 1.566624641418457031e-01 2.330920100212097168e-01 0.000000000000000000e+00 0.000000000000000000e+00 0.000000000000000000e+00
6.379234790802001953e-01 9.155346155166625977e-01 2.639556527137756348e-01 9.355952143669128418e-01 1.295478940010070801e-01 4.867542386054992676e-01 9.285430908203125000e-01 3.612990975379943848e-01 1.659899950027465820e-02 1.000000000000000000e+00 1.000000000000000000e+00 1.000000000000000000e+00
4.559224247932434082e-01 9.167420268058776855e-01 2.191293239593505859e-01 8.275641798973083496e-01 4.203010201454162598e-01 5.971065163612365723e-01 9.869498610496520996e-01 7.042462229728698730e-01 4.921275973320007324e-01 0.000000000000000000e+00 0.000000000000000000e+00 0.000000000000000000e+00
5.035804510116577148e-01 6.631340980529785156e-01 6.225001215934753418e-01 4.370280504226684570e-01 6.692432165145874023e-01 6.896844506263732910e-01 4.140021800994873047e-01 9.609208106994628906e-01 7.738710045814514160e-01 1.000000000000000000e+00 0.000000000000000000e+00 0.000000000000000000e+00
4.629608392715454102e-01 9.421045184135437012e-01 9.251016378402709961e-02 3.699201345443725586e-02 5.513046383857727051e-01 4.323591589927673340e-01 1.410087943077087402e-01 6.538266539573669434e-01 3.112975955009460449e-01 0.000000000000000000e+00 0.000000000000000000e+00 0.000000000000000000e+00
6.868996024131774902e-01 5.694355964660644531e-01 5.950925946235656738e-01 9.768570661544799805e-01 1.315955519676208496e-01 8.367650508880615234e-01 8.945193886756896973e-01 7.491783499717712402e-01 8.613264560699462891e-02 0.000000000000000000e+00 0.000000000000000000e+00 0.000000000000000000e+00
6.039769649505615234e-01 8.398581743240356445e-01 7.363677620887756348e-01 5.100878477096557617e-01 1.585814952850341797e-01 1.098178029060363770e-01 2.585774064064025879e-01 3.165667057037353516e-01 7.585553526878356934e-01 1.000000000000000000e+00 0.000000000000000000e+00 0.000000000000000000e+00
7.772409319877624512e-01 8.289696574211120605e-01 3.587842583656311035e-01 6.840167045593261719e-01 8.087248802185058594e-01 3.416572213172912598e-01 4.462584257125854492e-01 5.212273597717285156e-01 8.180034160614013672e-02 0.000000000000000000e+00 1.000000000000000000e+00 0.000000000000000000e+00
7.071436643600463867e-01 2.980703711509704590e-01 3.354464173316955566e-01 6.174205541610717773e-01 1.703225374221801758e-01 5.175145268440246582e-01 6.582394242286682129e-01 6.669163107872009277e-01 6.834118962287902832e-01 0.000000000000000000e+00 0.000000000000000000e+00 0.000000000000000000e+00
4.884668290615081787e-01 8.232021331787109375e-01 3.457466363906860352e-01 2.383219599723815918e-01 3.992255926132202148e-01 1.786500215530395508e-02 4.069621562957763672e-01 7.175732254981994629e-01 9.615663886070251465e-01 1.000000000000000000e+00 0.000000000000000000e+00 0.000000000000000000e+00
3.379528820514678955e-01 1.103103160858154297e-01 2.284837961196899414e-01 3.233865499496459961e-01 4.264928102493286133e-01 1.645896434783935547e-01 3.604644536972045898e-02 7.642406225204467773e-01 1.586556434631347656e-02 0.000000000000000000e+00 0.000000000000000000e+00 0.000000000000000000e+00
9.898661971092224121e-01 1.739963889122009277e-01 8.894203901290893555e-01 8.033053278923034668e-01 7.020181417465209961e-01 4.361287951469421387e-01 4.447495937347412109e-01 3.789584636688232422e-01 2.781915664672851562e-02 0.000000000000000000e+00 0.000000000000000000e+00 0.000000000000000000e+00
6.328821778297424316e-01 5.339756011962890625e-01 9.091297984123229980e-01 6.078587174415588379e-01 3.455486893653869629e-01 6.355327963829040527e-01 4.568973779678344727e-01 7.405068278312683105e-01 4.777927994728088379e-01 1.000000000000000000e+00 0.000000000000000000e+00 0.000000000000000000e+00
9.691968560218811035e-01 1.507507562637329102e-01 1.110734939575195312e-01 7.274415493011474609e-01 7.398879528045654297e-01 8.531876802444458008e-01 7.751620411872863770e-01 2.794646024703979492e-01 4.952527284622192383e-01 0.000000000000000000e+00 0.000000000000000000e+00 0.000000000000000000e+00
9.963536262512207031e-01 3.546394109725952148e-01 1.491147279739379883e-02 9.967138171195983887e-01 7.498368024826049805e-01 8.857887983322143555e-02 8.026044964790344238e-01 8.453648090362548828e-01 3.259127140045166016e-01 0.000000000000000000e+00 1.000000000000000000e+00 0.000000000000000000e+00
9.706138968467712402e-01 5.763541460037231445e-01 2.254824042320251465e-01 7.596260309219360352e-01 9.338832497596740723e-01 1.927921772003173828e-01 1.048504710197448730e-01 1.658648252487182617e-02 8.648205995559692383e-01 0.000000000000000000e+00 0.000000000000000000e+00 0.000000000000000000e+00
9.784517288208007812e-01 8.963769674301147461e-02 4.927830100059509277e-01 7.412703633308410645e-01 9.448889493942260742e-01 9.295075535774230957e-01 4.870367050170898438e-01 3.654603362083435059e-01 9.463071823120117188e-01 0.000000000000000000e+00 1.000000000000000000e+00 0.000000000000000000e+00
1.263047903776168823e-01 8.613551259040832520e-01 8.276112079620361328e-01 2.808575034141540527e-01 1.826161146163940430e-01 9.950101375579833984e-01 1.473126411437988281e-01 5.669773817062377930e-01 7.842487096786499023e-01 0.000000000000000000e+00 1.000000000000000000e+00 0.000000000000000000e+00
1.972939521074295044e-01 9.598547816276550293e-01 1.630213856697082520e-01 4.173546433448791504e-01 4.475730657577514648e-02 3.721798062324523926e-01 3.738547563552856445e-01 3.685939908027648926e-01 4.099107980728149414e-01 1.000000000000000000e+00 1.000000000000000000e+00 1.000000000000000000e+00
9.875078797340393066e-01 4.382841587066650391e-01 9.389644265174865723e-01 3.280883431434631348e-01 9.076725840568542480e-01 1.366359591484069824e-01 3.512924909591674805e-02 8.645513057708740234e-01 7.701779007911682129e-01 0.000000000000000000e+00 0.000000000000000000e+00 0.000000000000000000e+00
9.429063796997070312e-01 1.130515933036804199e-01 7.257136702537536621e-01 3.280804753303527832e-01 3.127065896987915039e-01 2.080833911895751953e-02 1.304231286048889160e-01 3.504790663719177246e-01 4.404190778732299805e-01 0.000000000000000000e+00 1.000000000000000000e+00 0.000000000000000000e+00
9.812446832656860352e-01 6.544250249862670898e-02 5.970584154129028320e-01 7.743491530418395996e-01 6.616273522377014160e-01 2.867698073387145996e-01 6.349562406539916992e-01 2.373699545860290527e-01 4.593087434768676758e-01 0.000000000000000000e+00 1.000000000000000000e+00 0.000000000000000000e+00
4.075890481472015381e-01 6.171250343322753906e-01 2.043920159339904785e-01 6.938749551773071289e-02 5.035425424575805664e-01 6.226655840873718262e-01 8.094890713691711426e-01 2.161609530448913574e-01 6.730672717094421387e-01 0.000000000000000000e+00 0.000000000000000000e+00 0.000000000000000000e+00
7.070758342742919922e-01 4.425750374794006348e-01 7.587118744850158691e-01 1.757645606994628906e-01 7.105661034584045410e-01 4.909705519676208496e-01 1.985260844230651855e-01 2.991760373115539551e-01 6.521074771881103516e-01 1.000000000000000000e+00 0.000000000000000000e+00 0.000000000000000000e+00
5.545551180839538574e-01 2.519029378890991211e-02 4.946156144142150879e-01 2.853028178215026855e-01 8.145582675933837891e-02 8.007273674011230469e-01 3.251285552978515625e-01 3.758166432380676270e-01 1.561540961265563965e-01 0.000000000000000000e+00 1.000000000000000000e+00 0.000000000000000000e+00
9.585683345794677734e-01 2.998369932174682617e-01 5.404272675514221191e-01 6.028396487236022949e-01 4.500378966331481934e-01 4.754030704498291016e-02 5.636151432991027832e-01 6.255198121070861816e-01 4.796882271766662598e-01 0.000000000000000000e+00 0.000000000000000000e+00 0.000000000000000000e+00
6.302409768104553223e-01 8.662209510803222656e-01 5.047971010208129883e-01 1.744474768638610840e-01 7.869299054145812988e-01 1.713743805885314941e-01 2.756508588790893555e-01 5.561278462409973145e-01 2.280793190002441406e-01 1.000000000000000000e+00 0.000000000000000000e+00 0.000000000000000000e+00
6.730680465698242188e-01 9.835031032562255859e-01 9.795784950256347656e-01 9.984409809112548828e-01 2.862608432769775391e-02 6.952638030052185059e-01 1.092374324798583984e-03 6.654425263404846191e-01 5.548815727233886719e-01 0.000000000000000000e+00 0.000000000000000000e+00 0.000000000000000000e+00
4.194838404655456543e-01 2.265285253524780273e-01 2.234540581703186035e-01 5.002105832099914551e-01 7.766538858413696289e-02 1.538403630256652832e-01 9.044888615608215332e-01 5.051621794700622559e-01 3.093045949935913086e-01 0.000000000000000000e+00 0.000000000000000000e+00 0.000000000000000000e+00
9.834277033805847168e-01 1.367904543876647949e-01 7.720392942428588867e-01 4.950734972953796387e-01 9.917362332344055176e-01 6.412361860275268555e-01 5.473719239234924316e-01 8.639968633651733398e-01 4.865270256996154785e-01 0.000000000000000000e+00 0.000000000000000000e+00 0.000000000000000000e+00
1.975351423025131226e-01 4.424082040786743164e-01 4.482859373092651367e-02 1.527144312858581543e-01 4.537245631217956543e-01 2.378170490264892578e-01 4.289307594299316406e-01 7.951437234878540039e-01 2.474190592765808105e-01 0.000000000000000000e+00 0.000000000000000000e+00 0.000000000000000000e+00
7.917914986610412598e-01 9.673010706901550293e-01 8.428819179534912109e-01 9.933866858482360840e-01 7.219577431678771973e-01 7.041979432106018066e-01 2.335870265960693359e-02 6.147888898849487305e-01 3.533121347427368164e-01 0.000000000000000000e+00 0.000000000000000000e+00 0.000000000000000000e+00
9.911153316497802734e-01 2.309858798980712891e-01 9.484189748764038086e-01 7.876669764518737793e-01 2.483277916908264160e-01 3.140031099319458008e-01 2.030612230300903320e-01 9.580134153366088867e-01 1.227801442146301270e-01 0.000000000000000000e+00 0.000000000000000000e+00 0.000000000000000000e+00
2.233777195215225220e-01 5.032882690429687500e-01 2.432026863098144531e-01 3.293336629867553711e-01 2.632489800453186035e-01 1.177610158920288086e-01 8.511357307434082031e-01 7.828139662742614746e-01 7.367620468139648438e-01 1.000000000000000000e+00 0.000000000000000000e+00 0.000000000000000000e+00
5.088087916374206543e-01 5.712126493453979492e-01 1.947370767593383789e-01 3.971908688545227051e-01 6.288861036300659180e-01 4.345011115074157715e-01 3.227013349533081055e-02 5.214719176292419434e-01 3.458932042121887207e-01 0.000000000000000000e+00 1.000000000000000000e+00 0.000000000000000000e+00
5.305553600192070007e-02 4.547463059425354004e-01 2.189748287200927734e-01 1.685083508491516113e-01 2.877277135848999023e-02 4.507624506950378418e-01 1.177799701690673828e-01 8.329606056213378906e-01 6.835340261459350586e-01 0.000000000000000000e+00 1.000000000000000000e+00 0.000000000000000000e+00
7.810675501823425293e-01 7.846171855926513672e-01 4.975261092185974121e-01 9.831851124763488770e-01 3.978798985481262207e-01 7.678742408752441406e-01 4.088498353958129883e-01 2.408519387245178223e-01 5.624257326126098633e-01 0.000000000000000000e+00 0.000000000000000000e+00 0.000000000000000000e+00
9.906249642372131348e-01 3.375538587570190430e-01 3.433183431625366211e-01 8.641548156738281250e-01 8.201338648796081543e-01 1.411179304122924805e-01 5.047690868377685547e-02 9.576286077499389648e-01 1.839529275894165039e-01 0.000000000000000000e+00 0.000000000000000000e+00 0.000000000000000000e+00
9.831449985504150391e-01 2.656376957893371582e-01 7.927123904228210449e-01 8.006232976913452148e-01 1.793727874755859375e-01 1.387685537338256836e-01 1.417869925498962402e-01 8.407309651374816895e-01 8.617437481880187988e-01 1.000000000000000000e+00 0.000000000000000000e+00 0.000000000000000000e+00
9.470740556716918945e-01 3.834423422813415527e-01 8.195315003395080566e-01 8.300718069076538086e-01 4.133400321006774902e-01 3.930051326751708984e-01 9.085032939910888672e-01 4.527585506439208984e-01 6.631891727447509766e-01 1.000000000000000000e+00 1.000000000000000000e+00 1.000000000000000000e+00
5.455675721168518066e-01 9.368473887443542480e-01 4.719213843345642090e-01 6.715826392173767090e-01 4.244340062141418457e-01 7.849706411361694336e-01 1.976485848426818848e-01 5.141181945800781250e-01 1.914540529251098633e-01 1.000000000000000000e+00 0.000000000000000000e+00 0.000000000000000000e+00
5.668240189552307129e-01 6.841897964477539062e-01 9.292065501213073730e-01 3.250360488891601562e-01 1.907438635826110840e-01 6.350792050361633301e-01 6.485201120376586914e-01 6.355007886886596680e-01 1.165686845779418945e-01 0.000000000000000000e+00 1.000000000000000000e+00 0.000000000000000000e+00
2.291521131992340088e-01 4.323918819427490234e-01 5.699344873428344727e-01 1.028239130973815918e-01 7.461738586425781250e-02 2.803951501846313477e-01 5.730069875717163086e-01 5.752398967742919922e-01 5.462487936019897461e-01 0.000000000000000000e+00 1.000000000000000000e+00 0.000000000000000000e+00
8.035328388214111328e-01 1.954798698425292969e-01 3.825993537902832031e-01 4.699975252151489258e-01 9.077932238578796387e-01 9.573267102241516113e-01 6.984027624130249023e-01 1.812821030616760254e-01 5.151199698448181152e-01 0.000000000000000000e+00 1.000000000000000000e+00 0.000000000000000000e+00
1.193181350827217102e-01 9.448909759521484375e-02 2.391225099563598633e-02 2.934223413467407227e-02 6.686086058616638184e-01 7.465825676918029785e-01 7.943087220191955566e-01 8.672839403152465820e-01 2.166566848754882812e-01 0.000000000000000000e+00 0.000000000000000000e+00 0.000000000000000000e+00
2.467336356639862061e-01 6.980609893798828125e-01 4.921326041221618652e-01 6.286507248878479004e-01 2.938121557235717773e-02 7.973719835281372070e-01 1.486049890518188477e-01 3.006690740585327148e-02 4.026346206665039062e-01 0.000000000000000000e+00 1.000000000000000000e+00 0.000000000000000000e+00
9.422248601913452148e-01 3.105669617652893066e-01 6.993767023086547852e-01 6.491343975067138672e-01 6.839669346809387207e-01 2.732020616531372070e-01 3.524393439292907715e-01 8.298234939575195312e-01 5.862557888031005859e-02 0.000000000000000000e+00 1.000000000000000000e+00 0.000000000000000000e+00
1.200810447335243225e-01 4.264681339263916016e-01 1.107186079025268555e-01 1.834284067153930664e-01 3.192746639251708984e-02 3.278914093971252441e-01 2.181314229965209961e-01 1.346398591995239258e-01 5.084612965583801270e-01 1.000000000000000000e+00 0.000000000000000000e+00 0.000000000000000000e+00
9.225296974182128906e-02 9.833621978759765625e-02 1.506761312484741211e-01 3.069505095481872559e-01 2.919422984123229980e-01 2.860214114189147949e-01 8.003306984901428223e-01 7.453163266181945801e-01 7.445479631423950195e-01 0.000000000000000000e+00 1.000000000000000000e+00 0.000000000000000000e+00
8.779730796813964844e-01 8.051337599754333496e-01 1.792919039726257324e-01 8.852711319923400879e-01 4.328181147575378418e-01 8.183155059814453125e-01 6.477199792861938477e-01 2.354639768600463867e-01 9.309381246566772461e-02 0.000000000000000000e+00 1.000000000000000000e+00 0.000000000000000000e+00
9.435068368911743164e-01 3.571629524230957031e-02 8.571813702583312988e-01 5.397059321403503418e-01 5.590295195579528809e-01 7.119766473770141602e-01 5.960374474525451660e-01 1.459658145904541016e-02 5.168658494949340820e-01 0.000000000000000000e+00 1.000000000000000000e+00 0.000000000000000000e+00
2.161900103092193604e-01 3.512204289436340332e-01 3.913122415542602539e-02 5.718507170677185059e-01 4.394215345382690430e-02 9.312406182289123535e-01 2.370129227638244629e-01 9.304522871971130371e-01 2.680377364158630371e-01 0.000000000000000000e+00 0.000000000000000000e+00 0.000000000000000000e+00
3.442616164684295654e-01 6.799392104148864746e-01 4.451525211334228516e-01 4.420462250709533691e-01 2.032130360603332520e-01 5.800458788871765137e-01 9.705475568771362305e-01 8.475219607353210449e-01 7.134336233139038086e-01 1.000000000000000000e+00 0.000000000000000000e+00 0.000000000000000000e+00
3.364378511905670166e-01 6.751842498779296875e-01 5.984904170036315918e-01 4.598003625869750977e-02 4.485875368118286133e-01 2.793887853622436523e-01 9.165994524955749512e-01 4.919922947883605957e-01 4.705855250358581543e-01 0.000000000000000000e+00 0.000000000000000000e+00 0.000000000000000000e+00
1.870927363634109497e-01 8.843367695808410645e-01 3.762097358703613281e-01 4.075546264648437500e-01 1.670360565185546875e-03 9.102818965911865234e-01 9.856454730033874512e-01 7.355796694755554199e-01 4.312738180160522461e-01 1.000000000000000000e+00 0.000000000000000000e+00 0.000000000000000000e+00
7.404222488403320312e-01 2.004436254501342773e-01 3.251195549964904785e-01 5.863196253776550293e-01 3.703061938285827637e-01 4.936173558235168457e-01 1.365987062454223633e-01 6.253075599670410156e-02 2.498222589492797852e-01 1.000000000000000000e+00 0.000000000000000000e+00 0.000000000000000000e+00
7.975769639015197754e-01 8.644344806671142578e-01 8.193822503089904785e-01 8.127593994140625000e-01 7.867681384086608887e-01 9.084916114807128906e-02 5.055282711982727051e-01 3.533548116683959961e-02 2.684670686721801758e-01 0.000000000000000000e+00 0.000000000000000000e+00 0.000000000000000000e+00
7.913508415222167969e-01 7.275677323341369629e-01 9.662238359451293945e-01 7.645514607429504395e-01 6.190730929374694824e-01 6.118114590644836426e-01 6.308265328407287598e-01 6.118161678314208984e-01 8.894786238670349121e-01 0.000000000000000000e+00 0.000000000000000000e+00 0.000000000000000000e+00
6.380379796028137207e-01 4.677572250366210938e-01 3.816118836402893066e-01 6.918947100639343262e-01 5.310579538345336914e-01 9.320772886276245117e-01 4.697677493095397949e-01 4.814099073410034180e-01 2.734768390655517578e-02 1.000000000000000000e+00 1.000000000000000000e+00 1.000000000000000000e+00
8.614134788513183594e-01 6.179412603378295898e-01 9.317035079002380371e-01 5.507985949516296387e-01 5.050204992294311523e-01 3.976640105247497559e-01 5.823698043823242188e-01 5.496557354927062988e-01 2.137959003448486328e-02 0.000000000000000000e+00 0.000000000000000000e+00 0.000000000000000000e+00
5.574160814285278320e-01 1.574516296386718750e-03 3.667863011360168457e-01 3.127012252807617188e-01 7.441168427467346191e-01 2.234130501747131348e-01 8.489043712615966797e-01 1.397054791450500488e-01 9.480680823326110840e-01 0.000000000000000000e+00 0.000000000000000000e+00 0.000000000000000000e+00
7.459900379180908203e-01 5.781978964805603027e-01 2.731896042823791504e-01 8.085707426071166992e-01 5.095947980880737305e-01 9.406120181083679199e-01 8.633368015289306641e-01 7.031750082969665527e-01 4.101003408432006836e-01 0.000000000000000000e+00 0.000000000000000000e+00 0.000000000000000000e+00
7.741587758064270020e-01 4.971542358398437500e-01 7.763803601264953613e-01 4.737979173660278320e-01 1.423753499984741211e-01 2.871513962745666504e-01 3.613112568855285645e-01 5.694873332977294922e-01 9.517896771430969238e-01 0.000000000000000000e+00 0.000000000000000000e+00 0.000000000000000000e+00
7.601071596145629883e-01 6.088048219680786133e-02 4.677118659019470215e-01 3.166190981864929199e-01 9.081236124038696289e-01 7.107019424438476562e-01 9.349383115768432617e-01 7.370799183845520020e-01 8.692155480384826660e-01 0.000000000000000000e+00 0.000000000000000000e+00 0.000000000000000000e+00
8.641598373651504517e-02 9.021806716918945312e-02 1.711299419403076172e-01 1.124613285064697266e-01 5.104616880416870117e-01 4.819623231887817383e-01 7.170060873031616211e-01 8.368545174598693848e-01 3.850132822990417480e-01 1.000000000000000000e+00 0.000000000000000000e+00 0.000000000000000000e+00
9.186343550682067871e-01 4.828969240188598633e-01 9.501809477806091309e-01 4.562652707099914551e-01 6.806557178497314453e-01 2.546691298484802246e-01 5.992630720138549805e-01 9.691368341445922852e-01 1.243617534637451172e-01 0.000000000000000000e+00 0.000000000000000000e+00 0.000000000000000000e+00
4.700676798820495605e-01 8.542572259902954102e-01 8.439183235168457031e-02 4.128000140190124512e-01 2.525500059127807617e-01 5.613136291503906250e-01 2.901677489280700684e-01 6.873160004615783691e-01 9.915354251861572266e-01 0.000000000000000000e+00 0.000000000000000000e+00 0.000000000000000000e+00
7.725915908813476562e-01 3.205738663673400879e-01 9.051935672760009766e-01 3.691685795783996582e-01 3.171420097351074219e-02 5.358929634094238281e-01 7.479637861251831055e-02 6.478453874588012695e-01 4.058684110641479492e-01 1.000000000000000000e+00 0.000000000000000000e+00 0.000000000000000000e+00
1.830547302961349487e-01 1.999962329864501953e-01 3.102828860282897949e-01 1.146410703659057617e-01 2.531132102012634277e-01 7.362728714942932129e-01 4.203912019729614258e-01 8.762991428375244141e-01 2.145727872848510742e-01 1.000000000000000000e+00 0.000000000000000000e+00 0.000000000000000000e+00
1.896858513355255127e-01 3.303342461585998535e-01 4.173892736434936523e-01 2.063436508178710938e-01 1.680941581726074219e-01 1.755404472351074219e-01 6.724290847778320312e-01 6.948780417442321777e-01 4.734637141227722168e-01 0.000000000000000000e+00 1.000000000000000000e+00 0.000000000000000000e+00
3.387221992015838623e-01 4.961113929748535156e-01 1.136074066162109375e-01 3.879129886627197266e-03 7.974746227264404297e-01 5.328550338745117188e-01 5.428011417388916016e-01 6.695244908332824707e-01 7.656497359275817871e-01 0.000000000000000000e+00 0.000000000000000000e+00 0.000000000000000000e+00
7.572847008705139160e-01 9.965241551399230957e-01 3.651684522628784180e-02 6.007651686668395996e-01 5.844543576240539551e-01 2.321949005126953125e-01 9.657111167907714844e-01 7.270586490631103516e-01 3.731185197830200195e-02 0.000000000000000000e+00 0.000000000000000000e+00 0.000000000000000000e+00
7.350261807441711426e-01 4.697676897048950195e-01 5.903366804122924805e-01 3.499315381050109863e-01 8.537595868110656738e-01 3.117516040802001953e-01 8.801533579826354980e-01 6.062983870506286621e-01 7.074826955795288086e-02 0.000000000000000000e+00 0.000000000000000000e+00 0.000000000000000000e+00
5.887882709503173828e-01 2.932024002075195312e-01 9.018545746803283691e-01 3.463618159294128418e-01 1.704006195068359375e-01 9.594737291336059570e-01 8.490102887153625488e-01 1.420009732246398926e-01 3.422461748123168945e-01 1.000000000000000000e+00 0.000000000000000000e+00 0.000000000000000000e+00
7.276903986930847168e-01 7.565975785255432129e-01 7.475832700729370117e-01 4.949101209640502930e-01 3.320960998535156250e-01 7.981648445129394531e-01 2.217814326286315918e-01 2.948964238166809082e-01 8.950881361961364746e-01 1.000000000000000000e+00 0.000000000000000000e+00 0.000000000000000000e+00
9.859482049942016602e-01 1.781398653984069824e-01 2.694878578186035156e-01 8.461242318153381348e-01 5.318378210067749023e-01 1.524977684020996094e-01 4.826647043228149414e-01 4.975236654281616211e-01 2.291649580001831055e-02 0.000000000000000000e+00 0.000000000000000000e+00 0.000000000000000000e+00
5.791980624198913574e-01 4.395280480384826660e-01 7.486760616302490234e-02 1.411820054054260254e-01 7.725487351417541504e-01 1.461952924728393555e-01 1.172262430191040039e-01 4.906683564186096191e-01 5.581873655319213867e-01 0.000000000000000000e+00 1.000000000000000000e+00 0.000000000000000000e+00
3.184233903884887695e-01 6.679840683937072754e-01 8.899176120758056641e-02 1.857509016990661621e-01 2.684557437896728516e-01 4.317956566810607910e-01 9.722929000854492188e-01 5.713412761688232422e-01 2.841805815696716309e-01 0.000000000000000000e+00 0.000000000000000000e+00 0.000000000000000000e+00
4.225552082061767578e-01 5.096213221549987793e-01 6.904684305191040039e-01 2.632991671562194824e-01 2.685935497283935547e-01 8.957090377807617188e-01 4.521337151527404785e-01 4.638644456863403320e-01 6.866084337234497070e-01 1.000000000000000000e+00 0.000000000000000000e+00 0.000000000000000000e+00
8.548440933227539062e-01 5.541360378265380859e-02 4.929739236831665039e-02 7.148529887199401855e-01 5.493763685226440430e-01 7.090652585029602051e-01 7.154991030693054199e-01 8.302954435348510742e-01 4.211412668228149414e-01 1.000000000000000000e+00 0.000000000000000000e+00 0.000000000000000000e+00
9.715409278869628906e-01 1.637428998947143555e-01 3.545424342155456543e-01 9.785493016242980957e-01 4.369154572486877441e-01 8.240497112274169922e-01 3.301146030426025391e-01 9.199797511100769043e-01 7.142923474311828613e-01 0.000000000000000000e+00 1.000000000000000000e+00 0.000000000000000000e+00
9.158827066421508789e-01 5.339878797531127930e-02 7.984403967857360840e-01 8.313111066818237305e-01 5.209451913833618164e-02 7.960306406021118164e-01 8.250172138214111328e-01 8.207968473434448242e-01 8.392890095710754395e-01 1.000000000000000000e+00 0.000000000000000000e+00 0.000000000000000000e+00
9.873649477958679199e-01 2.015584707260131836e-02 8.606038093566894531e-01 5.422555804252624512e-01 6.289921998977661133e-01 6.530881524085998535e-01 3.508776426315307617e-01 2.892906665802001953e-01 7.239261269569396973e-01 0.000000000000000000e+00 1.000000000000000000e+00 0.000000000000000000e+00
1.918055862188339233e-01 3.311437368392944336e-01 1.406403183937072754e-01 1.694461703300476074e-01 5.982239246368408203e-01 6.600558161735534668e-01 8.941998481750488281e-01 6.502634882926940918e-01 2.732601761817932129e-01 1.000000000000000000e+00 1.000000000000000000e+00 1.000000000000000000e+00
8.843421339988708496e-01 4.364020228385925293e-01 2.135965824127197266e-01 7.184379696846008301e-01 6.407048106193542480e-01 3.952331542968750000e-01 3.609409332275390625e-01 3.797240257263183594e-01 5.483523011207580566e-01 0.000000000000000000e+00 0.000000000000000000e+00 0.000000000000000000e+00
9.699399471282958984e-01 8.061456680297851562e-02 8.739169239997863770e-01 7.511143684387207031e-01 1.377860903739929199e-01 2.563284039497375488e-01 9.810029864311218262e-01 7.954807877540588379e-01 7.962149977684020996e-01 1.000000000000000000e+00 0.000000000000000000e+00 0.000000000000000000e+00
9.889075160026550293e-01 6.181045770645141602e-01 4.598656892776489258e-01 9.557992815971374512e-01 4.673175811767578125e-01 9.228408336639404297e-02 5.587601065635681152e-01 8.234722018241882324e-01 8.074978590011596680e-01 0.000000000000000000e+00 0.000000000000000000e+00 0.000000000000000000e+00
4.332807362079620361e-01 5.967984199523925781e-01 8.007234334945678711e-01 1.931824088096618652e-01 6.129341125488281250e-01 4.781654477119445801e-01 7.033852934837341309e-01 8.715915083885192871e-01 1.491668820381164551e-01 1.000000000000000000e+00 0.000000000000000000e+00 0.000000000000000000e+00
6.721665263175964355e-01 6.858536601066589355e-01 2.532324790954589844e-01 3.174399137496948242e-01 8.157847523689270020e-01 5.439498424530029297e-01 7.916709780693054199e-01 8.613131642341613770e-01 9.404937624931335449e-01 1.000000000000000000e+00 0.000000000000000000e+00 0.000000000000000000e+00
9.365833401679992676e-01 5.298718810081481934e-01 1.112655997276306152e-01 7.390817403793334961e-01 9.993692636489868164e-01 8.084250688552856445e-01 1.131094694137573242e-01 4.389936923980712891e-01 2.301188707351684570e-01 0.000000000000000000e+00 0.000000000000000000e+00 0.000000000000000000e+00
8.898046016693115234e-01 2.192687392234802246e-01 5.565130114555358887e-01 8.117341399192810059e-01 2.920005917549133301e-01 9.729256629943847656e-01 8.387386202812194824e-01 4.014081954956054688e-01 8.839400410652160645e-01 0.000000000000000000e+00 1.000000000000000000e+00 0.000000000000000000e+00
8.606510162353515625e-01 5.746439099311828613e-01 9.284771084785461426e-01 3.398438096046447754e-01 5.222093462944030762e-01 1.123837232589721680e-01 2.120230793952941895e-01 5.237603187561035156e-01 3.761891126632690430e-01 0.000000000000000000e+00 0.000000000000000000e+00 0.000000000000000000e+00
3.813947439193725586e-01 5.294532179832458496e-01 2.256060838699340820e-01 6.112833619117736816e-01 6.079173088073730469e-02 2.489404082298278809e-01 3.888249397277832031e-02 7.292433977127075195e-01 7.253274321556091309e-01 0.000000000000000000e+00 0.000000000000000000e+00 0.000000000000000000e+00
8.871889114379882812e-01 9.985274076461791992e-02 8.632725477218627930e-01 4.107872843742370605e-01 5.255334973335266113e-01 8.674840927124023438e-01 7.338742613792419434e-01 3.050292730331420898e-01 9.351958036422729492e-01 1.000000000000000000e+00 0.000000000000000000e+00 0.000000000000000000e+00
2.276229262351989746e-01 9.825772047042846680e-01 6.712362766265869141e-01 2.674652338027954102e-01 2.378690242767333984e-01 7.216087579727172852e-01 8.878118991851806641e-01 6.193246841430664062e-01 4.278283119201660156e-01 0.000000000000000000e+00 1.000000000000000000e+00 0.000000000000000000e+00
4.632917642593383789e-01 9.247728586196899414e-01 6.326451301574707031e-01 4.840806722640991211e-01 2.017778158187866211e-02 5.854976773262023926e-01 5.233267545700073242e-01 8.546817898750305176e-01 7.030355930328369141e-01 1.000000000000000000e+00 0.000000000000000000e+00 0.000000000000000000e+00
2.332122623920440674e-01 6.481289267539978027e-01 1.374772787094116211e-01 4.993988871574401855e-01 1.743929982185363770e-01 8.806321620941162109e-01 5.976279973983764648e-01 7.964493632316589355e-01 5.191851854324340820e-01 0.000000000000000000e+00 1.000000000000000000e+00 0.000000000000000000e+00
5.714902281761169434e-01 8.201959133148193359e-01 1.447765827178955078e-01 5.984754562377929688e-01 6.135511994361877441e-01 8.470739126205444336e-01 8.043019771575927734e-01 6.808997392654418945e-01 6.989759206771850586e-02 0.000000000000000000e+00 0.000000000000000000e+00 0.000000000000000000e+00
9.807538390159606934e-01 3.933466672897338867e-01 4.540926218032836914e-01 6.934151649475097656e-01 7.804569005966186523e-01 6.944761872291564941e-01 4.248986840248107910e-01 5.848894715309143066e-01 9.734625220298767090e-01 0.000000000000000000e+00 0.000000000000000000e+00 0.000000000000000000e+00
9.193238615989685059e-01 2.671865224838256836e-01 7.824699282646179199e-01 3.194250464439392090e-01 4.188457131385803223e-01 2.946833968162536621e-01 7.656155824661254883e-01 3.422974944114685059e-01 2.545568943023681641e-01 0.000000000000000000e+00 1.000000000000000000e+00 0.000000000000000000e+00
9.622968435287475586e-01 4.090015888214111328e-01 5.230068564414978027e-01 8.007246255874633789e-01 3.207492232322692871e-01 9.933382272720336914e-02 9.416959285736083984e-01 6.518028974533081055e-01 6.113414168357849121e-01 0.000000000000000000e+00 0.000000000000000000e+00 0.000000000000000000e+00
2.366925328969955444e-01 8.689939975738525391e-02 3.040555715560913086e-01 3.017736673355102539e-01 1.255882382392883301e-01 5.223407149314880371e-01 5.205719470977783203e-01 4.349594116210937500e-01 5.930519700050354004e-01 0.000000000000000000e+00 1.000000000000000000e+00 0.000000000000000000e+00
5.983951091766357422e-01 5.392488241195678711e-01 5.151848196983337402e-01 4.654356241226196289e-01 5.214673876762390137e-01 6.485078334808349609e-01 3.859594464302062988e-01 8.774824142456054688e-01 2.502658963203430176e-01 1.000000000000000000e+00 0.000000000000000000e+00 0.000000000000000000e+00
9.394532442092895508e-01 4.810455441474914551e-01 3.601891398429870605e-01 8.677223324775695801e-01 9.044900536537170410e-01 3.617073893547058105e-01 2.476314306259155273e-01 6.122328639030456543e-01 1.233386993408203125e-01 0.000000000000000000e+00 0.000000000000000000e+00 0.000000000000000000e+00
8.224285840988159180e-01 1.769264936447143555e-01 5.284057855606079102e-01 3.042204976081848145e-01 9.555482268333435059e-01 7.542850375175476074e-01 1.376122236251831055e-01 7.653480172157287598e-01 9.989894032478332520e-01 1.000000000000000000e+00 0.000000000000000000e+00 0.000000000000000000e+00
7.248585224151611328e-01 6.577482819557189941e-01 9.847140908241271973e-01 4.006792902946472168e-01 1.399276852607727051e-01 1.016854047775268555e-01 1.347069144248962402e-01 6.666859984397888184e-01 8.987976908683776855e-01 1.000000000000000000e+00 0.000000000000000000e+00 0.000000000000000000e+00
9.832493066787719727e-01 1.423162221908569336e-01 4.477939009666442871e-01 8.150680661201477051e-01 5.746996998786926270e-01 3.529399633407592773e-01 6.196605563163757324e-01 6.467125415802001953e-01 5.074893236160278320e-01 0.000000000000000000e+00 0.000000000000000000e+00 0.000000000000000000e+00
4.307917654514312744e-01 4.764904975891113281e-01 1.507583260536193848e-01 2.783548235893249512e-01 1.436771750450134277e-01 1.007745265960693359e-01 5.921017527580261230e-01 6.547049880027770996e-01 7.622994184494018555e-01 1.000000000000000000e+00 0.000000000000000000e+00 0.000000000000000000e+00
6.238269209861755371e-01 6.655454635620117188e-01 4.096668958663940430e-01 7.765994668006896973e-01 7.493615150451660156e-02 6.090266704559326172e-01 4.335958957672119141e-01 7.922669649124145508e-01 4.887386560440063477e-01 0.000000000000000000e+00 0.000000000000000000e+00 0.000000000000000000e+00
7.553070783615112305e-01 8.735831975936889648e-01 6.878162026405334473e-01 6.680888533592224121e-01 9.342058897018432617e-01 1.289999485015869141e-01 7.107082009315490723e-01 3.405390381813049316e-01 3.128695487976074219e-01 0.000000000000000000e+00 0.000000000000000000e+00 0.000000000000000000e+00
8.555948734283447266e-01 7.385712862014770508e-02 5.239319801330566406e-02 7.670842409133911133e-01 5.008387565612792969e-02 6.218601465225219727e-01 6.532378196716308594e-01 4.455544948577880859e-01 1.551550030708312988e-01 0.000000000000000000e+00 0.000000000000000000e+00 0.000000000000000000e+00
7.891374826431274414e-01 4.533963799476623535e-01 4.423120021820068359e-01 6.336048245429992676e-01 8.848747014999389648e-01 8.675019741058349609e-01 4.203943014144897461e-01 3.655772209167480469e-01 7.227794528007507324e-01 0.000000000000000000e+00 0.000000000000000000e+00 0.000000000000000000e+00
2.564424276351928711e-01 1.396115422248840332e-01 1.529087424278259277e-01 2.938507199287414551e-01 6.604468822479248047e-02 1.631928682327270508e-01 7.790129780769348145e-01 2.633333206176757812e-03 9.667146205902099609e-01 0.000000000000000000e+00 0.000000000000000000e+00 0.000000000000000000e+00
3.649997413158416748e-01 7.090644240379333496e-01 4.197407364845275879e-01 2.557293772697448730e-01 6.253214478492736816e-01 7.612039446830749512e-01 7.867483496665954590e-01 9.927337169647216797e-01 4.367343187332153320e-01 0.000000000000000000e+00 0.000000000000000000e+00 0.000000000000000000e+00
9.153800010681152344e-01 4.075602293014526367e-01 9.432341456413269043e-01 4.879035949707031250e-01 5.497042536735534668e-01 9.086163043975830078e-01 2.603524327278137207e-01 3.500175476074218750e-01 2.058166265487670898e-01 0.000000000000000000e+00 0.000000000000000000e+00 0.000000000000000000e+00
8.031101822853088379e-01 8.545134067535400391e-01 5.957365632057189941e-01 7.832533121109008789e-01 6.715919971466064453e-01 9.773940443992614746e-01 3.893019556999206543e-01 7.097670435905456543e-01 7.797425985336303711e-01 0.000000000000000000e+00 0.000000000000000000e+00 0.000000000000000000e+00
1.106776371598243713e-01 2.908847928047180176e-01 6.234610080718994141e-02 3.627967834472656250e-02 2.333053350448608398e-01 1.024788618087768555e-02 1.453183889389038086e-01 7.444849610328674316e-01 7.949981689453125000e-01 1.000000000000000000e+00 1.000000000000000000e+00 1.000000000000000000e+00
4.329231083393096924e-01 9.679313898086547852e-01 6.564019918441772461e-01 3.929159641265869141e-01 3.363183736801147461e-01 5.928339958190917969e-01 5.500199794769287109e-01 7.141864895820617676e-01 9.714484214782714844e-01 1.000000000000000000e+00 0.000000000000000000e+00 0.000000000000000000e+00
6.786437630653381348e-01 6.466973423957824707e-01 9.648393392562866211e-01 8.913099765777587891e-02 7.647768855094909668e-01 8.704873919486999512e-01 8.550466299057006836e-01 8.874487280845642090e-01 2.639145255088806152e-01 1.000000000000000000e+00 0.000000000000000000e+00 0.000000000000000000e+00
7.421302199363708496e-01 1.512124538421630859e-01 4.837608933448791504e-01 1.079707145690917969e-01 7.184575796127319336e-01 3.747544884681701660e-01 9.284206628799438477e-01 8.197098970413208008e-02 9.317418932914733887e-01 0.000000000000000000e+00 0.000000000000000000e+00 0.000000000000000000e+00
9.938084483146667480e-01 3.084476590156555176e-01 1.222479343414306641e-02 7.303543090820312500e-01 9.706935882568359375e-01 2.025340199470520020e-01 3.149607181549072266e-01 8.748656511306762695e-01 8.724147677421569824e-01 0.000000000000000000e+00 0.000000000000000000e+00 0.000000000000000000e+00
7.770877480506896973e-01 2.385255694389343262e-01 7.580465078353881836e-02 6.994562149047851562e-01 2.166302800178527832e-01 4.052076339721679688e-01 3.217680454254150391e-01 1.526892781257629395e-01 6.942631602287292480e-01 1.000000000000000000e+00 0.000000000000000000e+00 0.000000000000000000e+00
9.214175939559936523e-01 7.306874394416809082e-01 4.795680046081542969e-01 9.034372568130493164e-01 9.544876813888549805e-01 4.860375523567199707e-01 8.575742244720458984e-01 5.465539097785949707e-01 3.967572450637817383e-01 0.000000000000000000e+00 0.000000000000000000e+00 0.000000000000000000e+00
9.342185258865356445e-01 3.357311487197875977e-01 5.688940882682800293e-01 8.286942243576049805e-01 1.585443615913391113e-01 8.360368013381958008e-02 3.510142564773559570e-01 1.113750934600830078e-01 7.852305173873901367e-01 0.000000000000000000e+00 1.000000000000000000e+00 0.000000000000000000e+00
9.864981174468994141e-01 3.484759330749511719e-01 4.555227160453796387e-01 8.074966073036193848e-01 7.408222556114196777e-01 2.382298707962036133e-01 8.988592624664306641e-01 9.736492633819580078e-01 2.660326957702636719e-01 0.000000000000000000e+00 0.000000000000000000e+00 0.000000000000000000e+00
8.800992369651794434e-01 8.754861950874328613e-01 9.726648330688476562e-01 9.952310919761657715e-01 5.380516648292541504e-01 6.217393875122070312e-01 6.264990568161010742e-02 9.177106618881225586e-01 1.234837770462036133e-01 0.000000000000000000e+00 0.000000000000000000e+00 0.000000000000000000e+00
1.100096628069877625e-01 2.541393637657165527e-01 2.836472988128662109e-01 1.860916614532470703e-02 2.601655721664428711e-01 6.320126056671142578e-01 8.548110723495483398e-01 6.485264301300048828e-01 4.794099926948547363e-01 0.000000000000000000e+00 0.000000000000000000e+00 0.000000000000000000e+00
9.293476939201354980e-01 3.513282537460327148e-02 2.365599870681762695e-01 5.219576954841613770e-01 9.091574549674987793e-01 9.767270088195800781e-01 6.345647573471069336e-01 5.589175820350646973e-01 8.890024423599243164e-01 0.000000000000000000e+00 0.000000000000000000e+00 0.000000000000000000e+00
9.175223708152770996e-01 6.444156169891357422e-02 7.717802524566650391e-01 2.941545248031616211e-01 9.037803411483764648e-01 9.493712782859802246e-01 7.760168313980102539e-01 3.669813275337219238e-01 3.660301566123962402e-01 1.000000000000000000e+00 0.000000000000000000e+00 0.000000000000000000e+00
2.715169787406921387e-01 2.936555743217468262e-01 5.408494472503662109e-01 4.004055261611938477e-02 4.905813932418823242e-02 2.071470618247985840e-01 1.535975933074951172e-02 4.020102620124816895e-01 8.017407059669494629e-01 1.000000000000000000e+00 0.000000000000000000e+00 0.000000000000000000e+00
8.867263793945312500e-01 3.218966126441955566e-01 6.954050064086914062e-01 2.669696211814880371e-01 9.963507056236267090e-01 4.304627776145935059e-01 6.498225331306457520e-01 1.264929771423339844e-01 5.065276622772216797e-01 0.000000000000000000e+00 0.000000000000000000e+00 0.000000000000000000e+00
5.815470814704895020e-01 7.689777612686157227e-01 6.503093242645263672e-02 6.161267757415771484e-01 9.045155048370361328e-01 2.737611532211303711e-01 3.995074033737182617e-01 9.247107505798339844e-01 1.337812542915344238e-01 0.000000000000000000e+00 0.000000000000000000e+00 0.000000000000000000e+00
7.734284400939941406e-01 3.577811121940612793e-01 5.112966895103454590e-01 6.132627129554748535e-01 5.871983766555786133e-01 1.704865694046020508e-01 1.202839612960815430e-02 2.335125207901000977e-01 6.467717289924621582e-01 0.000000000000000000e+00 0.000000000000000000e+00 0.000000000000000000e+00
7.186896800994873047e-01 3.917471170425415039e-01 4.493106603622436523e-01 6.653045415878295898e-01 3.959989547729492188e-02 4.723403453826904297e-01 2.542533874511718750e-01 6.121925115585327148e-01 8.379509449005126953e-01 0.000000000000000000e+00 0.000000000000000000e+00 0.000000000000000000e+00
7.349572777748107910e-01 6.386941075325012207e-01 7.055753469467163086e-02 5.317945480346679688e-01 7.056376934051513672e-01 6.275536417961120605e-01 5.065361857414245605e-01 3.967423439025878906e-01 5.243974328041076660e-01 0.000000000000000000e+00 0.000000000000000000e+00 0.000000000000000000e+00
8.743676543235778809e-01 1.089884042739868164e-01 6.379756331443786621e-01 2.204390168190002441e-01 4.796581268310546875e-01 1.953172087669372559e-01 8.962875008583068848e-01 4.960283637046813965e-01 7.998428940773010254e-01 0.000000000000000000e+00 0.000000000000000000e+00 0.000000000000000000e+00
4.770585000514984131e-01 6.233472824096679688e-01 2.015239000320434570e-01 6.898260116577148438e-02 4.699658751487731934e-01 1.272979378700256348e-01 1.457436084747314453e-01 5.891744494438171387e-01 9.616068005561828613e-01 1.000000000000000000e+00 0.000000000000000000e+00 0.000000000000000000e+00
6.327512264251708984e-01 2.595874071121215820e-01 5.599004030227661133e-01 1.984190940856933594e-02 8.644089102745056152e-01 5.491124987602233887e-01 6.572189331054687500e-01 8.551215529441833496e-01 4.809540510177612305e-02 0.000000000000000000e+00 0.000000000000000000e+00 0.000000000000000000e+00
7.056228518486022949e-01 5.976316332817077637e-01 6.102106571197509766e-01 3.785333633422851562e-01 4.993837475776672363e-01 9.243456721305847168e-01 8.436293601989746094e-01 1.653163433074951172e-01 1.130639314651489258e-01 1.000000000000000000e+00 1.000000000000000000e+00 1.000000000000000000e+00
9.740376472473144531e-01 1.353052258491516113e-01 4.565129280090332031e-01 9.907491207122802734e-01 8.183342218399047852e-02 4.665913581848144531e-01 3.677199482917785645e-01 9.221029281616210938e-02 5.570347905158996582e-01 0.000000000000000000e+00 0.000000000000000000e+00 0.000000000000000000e+00
4.916789829730987549e-01 3.750613331794738770e-01 3.218367099761962891e-01 4.400314092636108398e-01 1.871910095214843750e-01 3.034955263137817383e-01 7.896735072135925293e-01 2.619232535362243652e-01 1.669755578041076660e-01 1.000000000000000000e+00 1.000000000000000000e+00 1.000000000000000000e+00
4.263285696506500244e-01 8.440583348274230957e-01 6.605742573738098145e-01 4.096984863281250000e-03 8.886455297470092773e-01 9.142582416534423828e-01 4.099895954132080078e-01 4.831115603446960449e-01 8.254306912422180176e-01 1.000000000000000000e+00 0.000000000000000000e+00 0.000000000000000000e+00
6.339128613471984863e-01 6.985715627670288086e-01 6.662455797195434570e-01 7.986656427383422852e-01 4.045377373695373535e-01 7.397996187210083008e-01 5.551490187644958496e-01 9.314817190170288086e-02 4.408107995986938477e-01 0.000000000000000000e+00 0.000000000000000000e+00 0.000000000000000000e+00
5.253392457962036133e-01 1.417890787124633789e-01 5.356866121292114258e-02 4.186152815818786621e-01 3.333594202995300293e-01 9.100865125656127930e-01 6.103445291519165039e-01 1.419852375984191895e-01 6.562449336051940918e-01 1.000000000000000000e+00 1.000000000000000000e+00 1.000000000000000000e+00
6.806706190109252930e-01 4.484349489212036133e-02 4.326655864715576172e-01 5.215096473693847656e-01 4.019427299499511719e-01 9.383203983306884766e-01 8.332164287567138672e-01 3.486437797546386719e-01 8.291483521461486816e-01 0.000000000000000000e+00 1.000000000000000000e+00 0.000000000000000000e+00
9.044581651687622070e-01 1.530557870864868164e-01 6.679171919822692871e-01 6.605957150459289551e-01 1.332639455795288086e-01 5.250740051269531250e-02 6.864647865295410156e-01 8.125714063644409180e-01 8.583762645721435547e-01 0.000000000000000000e+00 0.000000000000000000e+00 0.000000000000000000e+00
9.970692992210388184e-01 4.651636481285095215e-01 8.862748146057128906e-01 9.942986369132995605e-01 9.556676745414733887e-01 1.310671567916870117e-01 3.426600098609924316e-01 3.545542359352111816e-01 3.001230955123901367e-02 0.000000000000000000e+00 0.000000000000000000e+00 0.000000000000000000e+00
6.963735222816467285e-01 6.580779552459716797e-01 9.879078865051269531e-01 2.010111808776855469e-01 1.844161152839660645e-01 3.736343979835510254e-01 8.912177681922912598e-01 4.235553741455078125e-02 7.028409242630004883e-01 1.000000000000000000e+00 0.000000000000000000e+00 0.000000000000000000e+00
8.974189758300781250e-01 6.228178739547729492e-01 3.112087249755859375e-01 8.091245889663696289e-01 8.054000735282897949e-01 9.410102367401123047e-01 3.716402053833007812e-01 6.554554700851440430e-01 6.296650171279907227e-01 0.000000000000000000e+00 0.000000000000000000e+00 0.000000000000000000e+00
7.335990667343139648e-01 8.329349756240844727e-01 9.455057382583618164e-01 2.205638885498046875e-01 9.202854037284851074e-01 6.629586219787597656e-01 3.210963606834411621e-01 9.885921478271484375e-01 4.200363159179687500e-02 1.000000000000000000e+00 0.000000000000000000e+00 0.000000000000000000e+00
9.727520346641540527e-01 6.321782469749450684e-01 5.596414804458618164e-01 5.865004062652587891e-01 9.686966538429260254e-01 8.503824472427368164e-02 5.770507454872131348e-01 2.211416363716125488e-01 6.461112499237060547e-01 0.000000000000000000e+00 0.000000000000000000e+00 0.000000000000000000e+00
4.330912232398986816e-01 4.460236430168151855e-01 3.485259413719177246e-01 3.316926360130310059e-01 1.097649335861206055e-02 8.515125513076782227e-02 2.773005962371826172e-01 9.384888410568237305e-02 1.196897029876708984e-01 0.000000000000000000e+00 1.000000000000000000e+00 0.000000000000000000e+00
7.255713939666748047e-01 9.127074480056762695e-01 2.325863838195800781e-01 6.479663252830505371e-01 8.280298113822937012e-01 9.407733678817749023e-01 2.520971894264221191e-01 6.676340103149414062e-02 2.409598827362060547e-01 1.000000000000000000e+00 0.000000000000000000e+00 0.000000000000000000e+00
8.029653429985046387e-01 1.817436814308166504e-01 5.409258008003234863e-01 1.460490822792053223e-01 8.980425596237182617e-01 9.747388362884521484e-01 8.891310691833496094e-01 3.356180787086486816e-01 9.552331566810607910e-01 0.000000000000000000e+00 0.000000000000000000e+00 0.000000000000000000e+00
