8.901841640472412109e-01 5.060965418815612793e-01 7.546586394309997559e-01 8.838250041007995605e-01 6.510180830955505371e-01 3.084211349487304688e-01 9.295423030853271484e-01 2.547525763511657715e-01 6.186580657958984375e-02 0.000000000000000000e+00 0.000000000000000000e+00 0.000000000000000000e+00
8.989647030830383301e-01 5.527153015136718750e-01 6.920531988143920898e-01 7.729372978210449219e-01 8.747171759605407715e-01 6.830548048019409180e-01 2.917674183845520020e-01 7.258143424987792969e-01 3.024330735206604004e-01 0.000000000000000000e+00 1.000000000000000000e+00 0.000000000000000000e+00
4.250961542129516602e-01 5.811230540275573730e-01 8.963729739189147949e-01 3.970498442649841309e-01 2.201480865478515625e-01 6.011505722999572754e-01 4.988903999328613281e-01 5.825628638267517090e-01 3.209807276725769043e-01 0.000000000000000000e+00 0.000000000000000000e+00 0.000000000000000000e+00
1.108783483505249023e-01 9.115137457847595215e-01 2.784181833267211914e-01 4.192644357681274414e-02 4.729980230331420898e-02 9.456878900527954102e-02 5.747614502906799316e-01 7.468833923339843750e-01 7.740576267242431641e-01 0.000000000000000000e+00 0.000000000000000000e+00 0.000000000000000000e+00
7.892395257949829102e-01 4.163350462913513184e-01 3.663104772567749023e-01 7.423933744430541992e-01 3.809910416603088379e-01 8.782407045364379883e-01 7.324355840682983398e-01 4.814003705978393555e-01 3.656047582626342773e-02 0.000000000000000000e+00 1.000000000000000000e+00 0.000000000000000000e+00
9.908406138420104980e-01 1.979703903198242188e-01 9.223289489746093750e-01 2.186987996101379395e-01 4.422326683998107910e-01 5.857121944427490234e-02 2.414290308952331543e-01 2.150909900665283203e-01 8.211242556571960449e-01 0.000000000000000000e+00 0.000000000000000000e+00 0.000000000000000000e+00
3.293210566043853760e-01 2.717959880828857422e-01 1.752719879150390625e-01 3.473086357116699219e-01 7.081661820411682129e-01 4.227161407470703125e-01 4.708384871482849121e-01 8.042386770248413086e-01 6.490635275840759277e-01 1.000000000000000000e+00 0.000000000000000000e+00 0.000000000000000000e+00
1.217848435044288635e-01 7.484862208366394043e-01 2.142139673233032227e-01 2.642586231231689453e-01 2.010879516601562500e-01 5.283768773078918457e-01 3.553974628448486328e-02 9.501122236251831055e-01 5.192716121673583984e-01 0.000000000000000000e+00 1.000000000000000000e+00 0.000000000000000000e+00
6.701626181602478027e-01 8.522657752037048340e-01 2.996472716331481934e-01 7.842453718185424805e-01 6.446898579597473145e-01 8.908845186233520508e-01 7.144618630409240723e-01 2.322214841842651367e-01 7.051500678062438965e-01 0.000000000000000000e+00 0.000000000000000000e+00 0.000000000000000000e+00
9.892483949661254883e-01 4.278355836868286133e-02 7.764312624931335449e-01 5.394556522369384766e-01 9.452467560768127441e-01 5.108135938644409180e-02 1.476064920425415039e-01 1.859827041625976562e-01 7.989834547042846680e-01 0.000000000000000000e+00 0.000000000000000000e+00 0.000000000000000000e+00
7.766735553741455078e-01 2.238500118255615234e-01 6.503185033798217773e-01 3.321406245231628418e-01 9.126046299934387207e-01 6.925825476646423340e-01 7.640821337699890137e-01 7.661823630332946777e-01 5.212259888648986816e-01 0.000000000000000000e+00 0.000000000000000000e+00 0.000000000000000000e+00
1.634088009595870972e-01 6.640426516532897949e-01 3.257077932357788086e-02 1.698658466339111328e-01 1.602905392646789551e-01 4.886740446090698242e-01 2.691156268119812012e-01 8.830347061157226562e-01 6.740139722824096680e-01 1.000000000000000000e+00 1.000000000000000000e+00 1.000000000000000000e+00
6.279775500297546387e-01 9.370334148406982422e-01 9.167522788047790527e-01 5.505180954933166504e-01 5.644017457962036133e-01 4.159891605377197266e-01 5.063697099685668945e-01 7.350329756736755371e-01 6.438906788825988770e-01 0.000000000000000000e+00 0.000000000000000000e+00 0.000000000000000000e+00
4.522995948791503906e-01 8.902076482772827148e-01 4.756122827529907227e-02 2.152970433235168457e-01 8.158697485923767090e-01 8.548939824104309082e-01 2.220256328582763672e-01 6.622079014778137207e-01 3.952401876449584961e-02 0.000000000000000000e+00 0.000000000000000000e+00 0.000000000000000000e+00
5.726203322410583496e-01 9.306885600090026855e-01 6.566258668899536133e-01 3.009557723999023438e-02 7.489980459213256836e-01 3.291076421737670898e-02 8.491795659065246582e-01 7.169675230979919434e-01 6.835408806800842285e-01 0.000000000000000000e+00 0.000000000000000000e+00 0.000000000000000000e+00
6.966908574104309082e-01 8.561450839042663574e-01 6.677542328834533691e-01 1.261959671974182129e-01 9.876343607902526855e-01 3.306603431701660156e-02 3.769767880439758301e-01 4.598672389984130859e-01 9.098241329193115234e-01 0.000000000000000000e+00 0.000000000000000000e+00 0.000000000000000000e+00
6.152352094650268555e-01 8.969560861587524414e-01 1.811479330062866211e-01 8.380761742591857910e-01 8.287519216537475586e-02 4.751116037368774414e-01 3.074309229850769043e-01 2.851669192314147949e-01 9.107582569122314453e-01 0.000000000000000000e+00 0.000000000000000000e+00 0.000000000000000000e+00
9.874810576438903809e-01 8.190810680389404297e-03 6.933726072311401367e-01 7.244259119033813477e-01 7.913722991943359375e-01 3.895638585090637207e-01 3.393205404281616211e-01 2.712089419364929199e-01 8.986252546310424805e-01 1.000000000000000000e+00 1.000000000000000000e+00 1.000000000000000000e+00
9.829094409942626953e-01 1.246747970581054688e-01 1.973172426223754883e-01 7.636516094207763672e-01 6.701530218124389648e-01 6.976695060729980469e-01 1.387026309967041016e-01 7.676150798797607422e-01 9.434049725532531738e-01 0.000000000000000000e+00 0.000000000000000000e+00 0.000000000000000000e+00
9.250121712684631348e-01 9.801278114318847656e-01 4.328429698944091797e-03 8.320859074592590332e-01 7.479658722877502441e-01 1.235749721527099609e-01 7.999277114868164062e-02 7.992835640907287598e-01 5.355454683303833008e-01 1.000000000000000000e+00 0.000000000000000000e+00 0.000000000000000000e+00
5.518959760665893555e-01 4.441508054733276367e-01 9.286554455757141113e-01 9.255601763725280762e-01 1.243022680282592773e-01 8.156474232673645020e-01 5.039273500442504883e-01 9.354631304740905762e-01 8.678628802299499512e-01 1.000000000000000000e+00 0.000000000000000000e+00 0.000000000000000000e+00
3.322961032390594482e-01 2.978216409683227539e-01 3.101358413696289062e-01 3.899881839752197266e-01 3.596139550209045410e-01 2.167817950248718262e-01 6.151776909828186035e-01 2.042971253395080566e-01 2.634084224700927734e-02 0.000000000000000000e+00 1.000000000000000000e+00 0.000000000000000000e+00
7.270166277885437012e-01 3.877825140953063965e-01 8.487449884414672852e-01 2.433331608772277832e-01 5.663196444511413574e-01 7.367969751358032227e-01 6.700366735458374023e-02 9.684514403343200684e-01 6.919032931327819824e-01 0.000000000000000000e+00 0.000000000000000000e+00 0.000000000000000000e+00
6.580614447593688965e-01 8.676217794418334961e-01 9.256795048713684082e-01 7.339964509010314941e-01 8.040064573287963867e-02 1.195520162582397461e-02 7.444496154785156250e-01 6.260725259780883789e-01 9.780600666999816895e-01 0.000000000000000000e+00 0.000000000000000000e+00 0.000000000000000000e+00
9.470354318618774414e-01 9.869599342346191406e-02 7.493907213211059570e-01 5.757067203521728516e-01 1.732935905456542969e-01 1.573806405067443848e-01 4.130511283874511719e-01 3.202376365661621094e-01 6.712186932563781738e-01 0.000000000000000000e+00 0.000000000000000000e+00 0.000000000000000000e+00
3.009114265441894531e-01 5.574825406074523926e-01 3.926377892494201660e-01 1.445569396018981934e-01 4.764057397842407227e-01 8.577774167060852051e-01 6.348308920860290527e-01 4.918418526649475098e-01 5.233458280563354492e-01 0.000000000000000000e+00 0.000000000000000000e+00 0.000000000000000000e+00
6.518768668174743652e-01 7.388098835945129395e-01 2.611004710197448730e-01 2.660077810287475586e-02 9.373359084129333496e-01 7.133874297142028809e-01 9.249120354652404785e-01 8.167657256126403809e-01 5.372625589370727539e-01 1.000000000000000000e+00 0.000000000000000000e+00 0.000000000000000000e+00
4.389272034168243408e-01 7.507404685020446777e-01 4.691908359527587891e-01 1.869172453880310059e-01 8.235082030296325684e-01 6.222158670425415039e-01 9.595279693603515625e-01 8.491784334182739258e-01 9.401664137840270996e-01 1.000000000000000000e+00 0.000000000000000000e+00 0.000000000000000000e+00
5.920363664627075195e-01 6.027259230613708496e-01 3.971081972122192383e-01 8.593009710311889648e-01 1.338112354278564453e-02 2.463281750679016113e-01 6.596362590789794922e-02 1.996463537216186523e-02 3.489846587181091309e-01 1.000000000000000000e+00 0.000000000000000000e+00 0.000000000000000000e+00
2.298186272382736206e-01 2.011946439743041992e-01 1.740458607673645020e-01 1.089742183685302734e-01 4.925314188003540039e-01 4.002622365951538086e-01 6.529306173324584961e-01 3.939996957778930664e-01 4.892976880073547363e-01 0.000000000000000000e+00 0.000000000000000000e+00 0.000000000000000000e+00
7.903922796249389648e-01 3.513131141662597656e-01 1.386870145797729492e-01 6.673046946525573730e-01 6.880729198455810547e-01 5.001137256622314453e-01 1.153143644332885742e-01 8.149366378784179688e-01 3.199708461761474609e-01 1.000000000000000000e+00 0.000000000000000000e+00 0.000000000000000000e+00
9.152027368545532227e-01 4.779187440872192383e-01 2.104533314704895020e-01 8.869860172271728516e-01 6.730702519416809082e-01 3.378237485885620117e-01 9.395174384117126465e-01 6.891166567802429199e-01 3.668658137321472168e-01 0.000000000000000000e+00 0.000000000000000000e+00 0.000000000000000000e+00
6.007491946220397949e-01 9.729337096214294434e-01 5.423682332038879395e-01 4.883477091789245605e-01 5.564039349555969238e-01 8.333946466445922852e-01 9.957951903343200684e-01 8.698341846466064453e-01 3.439514636993408203e-01 1.000000000000000000e+00 0.000000000000000000e+00 0.000000000000000000e+00
5.091622471809387207e-01 8.228846788406372070e-01 1.332603096961975098e-01 4.323052763938903809e-01 6.681943535804748535e-01 7.815778255462646484e-01 8.560731410980224609e-01 8.838126659393310547e-01 4.459995031356811523e-02 1.000000000000000000e+00 0.000000000000000000e+00 0.000000000000000000e+00
1.341170668601989746e-01 3.853588700294494629e-01 6.229543685913085938e-02 1.726956367492675781e-01 7.591307163238525391e-03 3.933145999908447266e-01 8.761599659919738770e-01 1.404790878295898438e-01 3.525091409683227539e-01 0.000000000000000000e+00 1.000000000000000000e+00 0.000000000000000000e+00
6.505366563796997070e-01 5.856671333312988281e-01 5.981515645980834961e-01 4.395892024040222168e-01 6.127470135688781738e-01 1.383169293403625488e-01 2.295530438423156738e-01 3.153722882270812988e-01 3.805930018424987793e-01 0.000000000000000000e+00 0.000000000000000000e+00 0.000000000000000000e+00
9.973408579826354980e-01 3.077231049537658691e-01 6.191503405570983887e-01 9.369736909866333008e-01 6.737290024757385254e-01 6.209832429885864258e-02 4.450215697288513184e-01 1.098694801330566406e-01 9.091407656669616699e-01 0.000000000000000000e+00 0.000000000000000000e+00 0.000000000000000000e+00
8.273891210556030273e-01 1.546175479888916016e-01 7.204949855804443359e-01 3.688700795173645020e-01 2.359359860420227051e-01 1.052188873291015625e-02 1.235987544059753418e-01 2.842418551445007324e-01 6.470510363578796387e-01 0.000000000000000000e+00 0.000000000000000000e+00 0.000000000000000000e+00
3.337710499763488770e-01 6.355809569358825684e-01 8.920645713806152344e-02 4.765930771827697754e-01 2.112832069396972656e-01 5.659685134887695312e-01 9.783096909523010254e-01 8.003030419349670410e-01 3.814421892166137695e-01 0.000000000000000000e+00 0.000000000000000000e+00 0.000000000000000000e+00
6.379247903823852539e-01 5.972886681556701660e-01 5.927888751029968262e-01 2.264896631240844727e-01 8.671736717224121094e-01 6.162780523300170898e-01 3.033431768417358398e-01 7.189070582389831543e-01 8.394627571105957031e-01 1.000000000000000000e+00 0.000000000000000000e+00 0.000000000000000000e+00
7.781665325164794922e-01 7.963012456893920898e-01 2.598914504051208496e-01 1.892019510269165039e-01 9.680644273757934570e-01 3.421086072921752930e-02 8.928874731063842773e-01 6.544873118400573730e-01 8.849592208862304688e-01 0.000000000000000000e+00 0.000000000000000000e+00 0.000000000000000000e+00
4.628301560878753662e-01 6.711992621421813965e-01 7.696421146392822266e-01 1.620615124702453613e-01 1.598016023635864258e-01 1.859125494956970215e-01 5.828347206115722656e-01 1.569963693618774414e-01 5.621551275253295898e-01 1.000000000000000000e+00 0.000000000000000000e+00 0.000000000000000000e+00
8.140675425529479980e-01 2.080286145210266113e-01 5.915888547897338867e-01 5.695277452468872070e-01 3.970267772674560547e-01 4.286522865295410156e-01 8.061788678169250488e-01 3.352550864219665527e-01 5.920459628105163574e-01 0.000000000000000000e+00 0.000000000000000000e+00 0.000000000000000000e+00
9.987294077873229980e-01 1.319890022277832031e-01 2.040938138961791992e-01 8.511990904808044434e-01 8.717485070228576660e-01 6.828659772872924805e-02 7.636892199516296387e-01 8.328549861907958984e-01 6.413557529449462891e-01 1.000000000000000000e+00 0.000000000000000000e+00 0.000000000000000000e+00
9.937995076179504395e-01 2.227005362510681152e-01 2.318870425224304199e-01 6.969849467277526855e-01 8.289510607719421387e-01 2.083299160003662109e-01 4.396231174468994141e-01 2.503890395164489746e-01 9.904993772506713867e-01 0.000000000000000000e+00 0.000000000000000000e+00 0.000000000000000000e+00
5.220044851303100586e-01 6.139000058174133301e-01 4.145123958587646484e-01 6.964474916458129883e-01 1.596413254737854004e-01 3.264979720115661621e-01 8.796623349189758301e-01 2.684447169303894043e-01 4.800879955291748047e-02 1.000000000000000000e+00 0.000000000000000000e+00 0.000000000000000000e+00
8.581993579864501953e-01 8.073805570602416992e-01 9.301066398620605469e-03 7.447459697723388672e-01 7.503740191459655762e-01 1.169778704643249512e-01 9.003035426139831543e-01 4.765581488609313965e-01 7.705861330032348633e-02 0.000000000000000000e+00 0.000000000000000000e+00 0.000000000000000000e+00
9.982666969299316406e-01 8.943915367126464844e-03 2.218819260597229004e-01 9.890383481979370117e-01 7.617120742797851562e-01 6.442738771438598633e-01 8.556383848190307617e-01 6.874444484710693359e-01 6.051873564720153809e-01 0.000000000000000000e+00 0.000000000000000000e+00 0.000000000000000000e+00
2.406553775072097778e-01 8.528699278831481934e-01 1.868734955787658691e-01 5.283000469207763672e-01 5.357486009597778320e-02 2.201026082038879395e-01 9.995560050010681152e-01 8.940633535385131836e-01 9.356585741043090820e-01 1.000000000000000000e+00 0.000000000000000000e+00 0.000000000000000000e+00
8.726530671119689941e-01 5.221160650253295898e-01 3.642913699150085449e-01 7.426495552062988281e-01 5.786445736885070801e-01 9.979496598243713379e-01 7.131808996200561523e-02 8.146523237228393555e-01 9.775485396385192871e-01 0.000000000000000000e+00 0.000000000000000000e+00 0.000000000000000000e+00
9.627442359924316406e-01 4.795660972595214844e-01 4.029865860939025879e-01 7.937427759170532227e-01 7.844126224517822266e-01 1.947729587554931641e-01 3.981235027313232422e-01 4.463059902191162109e-01 1.114160418510437012e-01 0.000000000000000000e+00 0.000000000000000000e+00 0.000000000000000000e+00
1.550868302583694458e-01 4.913617372512817383e-01 1.618933677673339844e-01 2.459257841110229492e-02 5.648502111434936523e-01 1.157220005989074707e-01 6.488763689994812012e-01 7.150944471359252930e-01 7.132371664047241211e-01 0.000000000000000000e+00 0.000000000000000000e+00 0.000000000000000000e+00
6.388283371925354004e-01 8.734496831893920898e-01 9.616834521293640137e-01 7.856267690658569336e-02 7.042503952980041504e-01 6.064690947532653809e-01 1.724051833152770996e-01 2.358615398406982422e-03 1.175898313522338867e-01 0.000000000000000000e+00 0.000000000000000000e+00 0.000000000000000000e+00
4.763601422309875488e-01 5.994397401809692383e-01 1.500940322875976562e-01 1.028510332107543945e-01 9.376477599143981934e-01 7.204986214637756348e-01 3.068490028381347656e-01 6.855067014694213867e-01 9.278994798660278320e-01 1.000000000000000000e+00 0.000000000000000000e+00 0.000000000000000000e+00
9.395533800125122070e-01 3.458943367004394531e-01 3.346706628799438477e-01 8.286582231521606445e-01 9.396067261695861816e-01 8.919854164123535156e-01 6.790699362754821777e-01 9.880430102348327637e-01 7.460446953773498535e-01 0.000000000000000000e+00 0.000000000000000000e+00 0.000000000000000000e+00
9.885795116424560547e-01 3.372713923454284668e-01 4.882702827453613281e-01 9.351641535758972168e-01 3.705409765243530273e-01 7.030475139617919922e-02 5.542492866516113281e-02 4.250621199607849121e-01 5.102652311325073242e-02 0.000000000000000000e+00 0.000000000000000000e+00 0.000000000000000000e+00
1.599480360746383667e-01 3.763574361801147461e-01 2.552678585052490234e-01 5.728608369827270508e-02 9.141791462898254395e-01 3.594965934753417969e-01 5.433918237686157227e-01 7.484555244445800781e-01 7.083582282066345215e-01 0.000000000000000000e+00 0.000000000000000000e+00 0.000000000000000000e+00
9.970173835754394531e-01 1.485033631324768066e-01 1.827470064163208008e-01 8.969514369964599609e-01 8.553360700607299805e-01 3.576349616050720215e-01 8.141981959342956543e-01 5.527462959289550781e-01 1.321883797645568848e-01 0.000000000000000000e+00 0.000000000000000000e+00 0.000000000000000000e+00
8.758999705314636230e-01 9.795786142349243164e-01 3.517422080039978027e-01 9.521077275276184082e-01 8.269422650337219238e-01 8.199116587638854980e-01 3.765017390251159668e-01 4.384264349937438965e-01 8.376768827438354492e-01 0.000000000000000000e+00 0.000000000000000000e+00 0.000000000000000000e+00
9.557288289070129395e-01 1.420140266418457031e-02 9.284156560897827148e-02 4.752854108810424805e-01 8.380529880523681641e-01 3.283222317695617676e-01 2.174206972122192383e-01 5.358188152313232422e-01 9.212561249732971191e-01 0.000000000000000000e+00 0.000000000000000000e+00 0.000000000000000000e+00
3.776026070117950439e-01 7.077800631523132324e-01 8.725660443305969238e-01 6.750445365905761719e-01 2.789372205734252930e-02 8.561018109321594238e-01 1.097938418388366699e-01 5.682241916656494141e-01 8.797259330749511719e-01 1.000000000000000000e+00 0.000000000000000000e+00 0.000000000000000000e+00
3.878173232078552246e-01 9.869410395622253418e-01 8.064819574356079102e-01 2.193841338157653809e-01 4.569007158279418945e-01 4.340102672576904297e-01 6.732205152511596680e-01 9.714875817298889160e-01 2.209979295730590820e-01 1.000000000000000000e+00 0.000000000000000000e+00 0.000000000000000000e+00
5.733739137649536133e-01 9.850304126739501953e-01 9.205958843231201172e-01 2.253776788711547852e-01 9.099516272544860840e-01 4.407297968864440918e-01 1.317561268806457520e-01 5.026284456253051758e-01 7.589666843414306641e-01 0.000000000000000000e+00 0.000000000000000000e+00 0.000000000000000000e+00
2.979598939418792725e-01 9.559977054595947266e-01 8.757390379905700684e-01 1.673426628112792969e-01 4.323065280914306641e-01 7.345894575119018555e-01 6.405274868011474609e-01 6.343736052513122559e-01 4.560564160346984863e-01 1.000000000000000000e+00 0.000000000000000000e+00 0.000000000000000000e+00
6.958337426185607910e-01 4.338093400001525879e-01 1.685972809791564941e-01 4.508853554725646973e-01 8.443979620933532715e-01 6.404497027397155762e-01 6.499473452568054199e-01 2.202346920967102051e-01 8.549917936325073242e-01 1.000000000000000000e+00 1.000000000000000000e+00 1.000000000000000000e+00
9.708950519561767578e-01 6.484078168869018555e-01 6.237043142318725586e-01 9.529851675033569336e-01 8.073679804801940918e-01 7.730727791786193848e-01 9.995373487472534180e-01 3.552505373954772949e-01 5.837026834487915039e-01 0.000000000000000000e+00 1.000000000000000000e+00 0.000000000000000000e+00
6.484054327011108398e-01 2.913755178451538086e-01 2.307766675949096680e-02 3.870856165885925293e-01 9.927437305450439453e-01 9.516451358795166016e-01 5.106489062309265137e-01 8.588680028915405273e-01 7.883778810501098633e-01 1.000000000000000000e+00 0.000000000000000000e+00 0.000000000000000000e+00
4.603923261165618896e-01 5.194679498672485352e-01 1.641896367073059082e-01 1.534811258316040039e-01 6.411807537078857422e-01 3.849770426750183105e-01 9.574668407440185547e-01 5.358745455741882324e-01 4.653513431549072266e-01 1.000000000000000000e+00 0.000000000000000000e+00 0.000000000000000000e+00
9.582373499870300293e-01 2.987833619117736816e-01 8.995662331581115723e-01 6.880934238433837891e-01 1.885581016540527344e-01 1.531799435615539551e-01 3.676309585571289062e-01 6.881771683692932129e-01 2.942895889282226562e-02 0.000000000000000000e+00 1.000000000000000000e+00 0.000000000000000000e+00
8.635313510894775391e-01 7.753828763961791992e-01 2.900705337524414062e-01 3.632494807243347168e-01 9.351828098297119141e-01 8.435306549072265625e-01 2.833592891693115234e-02 2.305772304534912109e-01 9.086506962776184082e-01 0.000000000000000000e+00 0.000000000000000000e+00 0.000000000000000000e+00
5.939656496047973633e-01 5.841632485389709473e-01 1.756353974342346191e-01 4.054554104804992676e-01 8.359339237213134766e-01 6.250598430633544922e-01 8.727513551712036133e-01 9.812143445014953613e-01 2.031419277191162109e-01 1.000000000000000000e+00 0.000000000000000000e+00 0.000000000000000000e+00
9.563062191009521484e-01 8.301093578338623047e-01 8.607277274131774902e-01 5.047866106033325195e-01 9.741191864013671875e-01 4.163765907287597656e-02 8.189561963081359863e-01 1.746156215667724609e-01 1.893048882484436035e-01 0.000000000000000000e+00 0.000000000000000000e+00 0.000000000000000000e+00
8.371059894561767578e-01 7.085921764373779297e-01 3.879184722900390625e-01 6.735722422599792480e-01 8.923543095588684082e-01 8.955174684524536133e-01 8.196143507957458496e-01 3.658735752105712891e-02 5.358182787895202637e-01 1.000000000000000000e+00 0.000000000000000000e+00 0.000000000000000000e+00
6.501812338829040527e-01 6.912580132484436035e-01 3.457627892494201660e-01 4.191341400146484375e-01 7.114766836166381836e-01 7.559520006179809570e-02 6.202955842018127441e-01 2.499453425407409668e-01 8.929441571235656738e-01 1.000000000000000000e+00 0.000000000000000000e+00 0.000000000000000000e+00
2.841296494007110596e-01 9.695128202438354492e-01 5.335993766784667969e-01 2.747089862823486328e-01 7.661956548690795898e-02 2.120140194892883301e-01 6.814455986022949219e-01 5.788404941558837891e-01 7.735279202461242676e-01 0.000000000000000000e+00 0.000000000000000000e+00 0.000000000000000000e+00
9.983338713645935059e-01 3.338182568550109863e-01 7.540584206581115723e-01 8.768531680107116699e-01 9.879559278488159180e-01 6.757980585098266602e-02 6.132748723030090332e-01 5.998140573501586914e-01 1.418004035949707031e-01 0.000000000000000000e+00 0.000000000000000000e+00 0.000000000000000000e+00
8.684090375900268555e-01 1.819789409637451172e-02 8.034283518791198730e-01 4.182969927787780762e-01 1.650418639183044434e-01 6.402993202209472656e-01 9.767871499061584473e-01 8.473168611526489258e-01 9.800672531127929688e-01 1.000000000000000000e+00 0.000000000000000000e+00 0.000000000000000000e+00
6.845676302909851074e-01 3.766918182373046875e-01 6.777399778366088867e-01 3.668855428695678711e-01 7.752960920333862305e-01 8.270912766456604004e-01 9.865114688873291016e-01 6.823819875717163086e-01 5.358129739761352539e-02 1.000000000000000000e+00 0.000000000000000000e+00 0.000000000000000000e+00
9.453967809677124023e-01 7.143664360046386719e-02 7.652341723442077637e-01 9.118810892105102539e-01 4.406774640083312988e-01 9.431207776069641113e-01 8.780172467231750488e-01 2.769624590873718262e-01 4.106737971305847168e-01 0.000000000000000000e+00 0.000000000000000000e+00 0.000000000000000000e+00
7.491263747215270996e-01 8.223501443862915039e-01 9.908975362777709961e-01 5.177813172340393066e-01 8.664208054542541504e-01 5.360530018806457520e-01 8.670151233673095703e-03 2.788111567497253418e-01 4.901953935623168945e-01 0.000000000000000000e+00 0.000000000000000000e+00 0.000000000000000000e+00
5.271631479263305664e-01 5.731168389320373535e-01 2.414047718048095703e-03 1.322951316833496094e-01 9.936827421188354492e-01 6.535826921463012695e-01 1.195661425590515137e-01 5.994647741317749023e-01 7.817006111145019531e-02 0.000000000000000000e+00 0.000000000000000000e+00 0.000000000000000000e+00
5.952172875404357910e-01 2.201507687568664551e-01 6.519380807876586914e-01 4.677802324295043945e-02 4.024403691291809082e-01 3.807493448257446289e-01 1.885714530944824219e-01 8.530413508415222168e-01 5.421751737594604492e-02 0.000000000000000000e+00 1.000000000000000000e+00 0.000000000000000000e+00
3.815669119358062744e-01 2.458196878433227539e-02 3.034687042236328125e-02 1.892649531364440918e-01 7.817251086235046387e-01 9.231562614440917969e-01 9.655169248580932617e-01 6.201514005661010742e-01 9.981099367141723633e-01 1.000000000000000000e+00 0.000000000000000000e+00 0.000000000000000000e+00
4.597274959087371826e-01 9.788491129875183105e-01 9.032313823699951172e-01 1.461989879608154297e-01 4.553385972976684570e-01 3.777459263801574707e-01 7.262691855430603027e-01 8.230362534523010254e-01 8.263581991195678711e-01 1.000000000000000000e+00 0.000000000000000000e+00 0.000000000000000000e+00
7.928297519683837891e-01 4.615044593811035156e-02 5.301755666732788086e-02 5.541017651557922363e-01 4.147629141807556152e-01 5.711305737495422363e-01 8.550128340721130371e-01 5.170025825500488281e-01 2.961929440498352051e-01 0.000000000000000000e+00 0.000000000000000000e+00 0.000000000000000000e+00
8.069534301757812500e-01 9.424971938133239746e-01 9.623225927352905273e-01 7.466199994087219238e-01 4.872193336486816406e-01 8.593913316726684570e-01 6.476042866706848145e-01 9.927707910537719727e-01 8.916357755661010742e-01 0.000000000000000000e+00 0.000000000000000000e+00 0.000000000000000000e+00
4.827583432197570801e-01 5.711301565170288086e-01 8.647654056549072266e-01 8.249968290328979492e-02 1.565002799034118652e-01 2.678110003471374512e-01 9.093539714813232422e-01 7.923662662506103516e-01 6.981377601623535156e-01 1.000000000000000000e+00 0.000000000000000000e+00 0.000000000000000000e+00
6.070136427879333496e-01 3.400650024414062500e-01 3.438134789466857910e-01 4.747827649116516113e-01 6.116380691528320312e-01 9.869603514671325684e-01 5.946110486984252930e-01 7.021492719650268555e-01 4.911673069000244141e-02 1.000000000000000000e+00 1.000000000000000000e+00 1.000000000000000000e+00
6.100950241088867188e-01 4.213445186614990234e-01 1.161854267120361328e-01 3.899863958358764648e-01 7.492015957832336426e-01 6.487144231796264648e-01 1.457043886184692383e-01 2.939558625221252441e-01 9.030612707138061523e-01 0.000000000000000000e+00 0.000000000000000000e+00 0.000000000000000000e+00
9.524484872817993164e-01 2.829563021659851074e-01 8.495480418205261230e-01 6.370637416839599609e-01 3.376196622848510742e-01 2.868741750717163086e-02 9.426332116127014160e-01 5.634828209877014160e-01 9.751566648483276367e-01 0.000000000000000000e+00 0.000000000000000000e+00 0.000000000000000000e+00
6.024496555328369141e-01 1.818484663963317871e-01 6.066871285438537598e-01 3.289121985435485840e-01 3.576120734214782715e-01 8.620795607566833496e-01 5.274183154106140137e-01 1.331496238708496094e-02 6.854246258735656738e-01 1.000000000000000000e+00 1.000000000000000000e+00 1.000000000000000000e+00
4.650318920612335205e-01 7.624133825302124023e-01 8.484667539596557617e-01 3.911460041999816895e-01 4.279052615165710449e-01 2.077330946922302246e-01 2.981302738189697266e-01 6.030673384666442871e-01 5.346874594688415527e-01 1.000000000000000000e+00 0.000000000000000000e+00 0.000000000000000000e+00
9.963842630386352539e-01 4.785722494125366211e-02 9.756484031677246094e-01 9.689916372299194336e-01 8.460770249366760254e-01 6.931176185607910156e-01 7.243708968162536621e-01 3.830434679985046387e-01 9.815669059753417969e-01 0.000000000000000000e+00 0.000000000000000000e+00 0.000000000000000000e+00
2.542639970779418945e-01 2.641687393188476562e-01 4.282674789428710938e-01 1.887032389640808105e-01 1.992279291152954102e-01 6.889705061912536621e-01 6.595716476440429688e-01 5.506328344345092773e-01 7.578134536743164062e-03 1.000000000000000000e+00 1.000000000000000000e+00 1.000000000000000000e+00
3.010777235031127930e-01 3.811322450637817383e-01 4.099164605140686035e-01 3.570954799652099609e-01 2.463047504425048828e-01 9.040511846542358398e-01 4.154772162437438965e-01 7.269558310508728027e-01 2.146937847137451172e-01 0.000000000000000000e+00 0.000000000000000000e+00 0.000000000000000000e+00
8.866938352584838867e-01 9.298595786094665527e-01 9.958816766738891602e-01 9.094916582107543945e-01 5.418262481689453125e-01 2.527426481246948242e-01 1.023367643356323242e-01 4.887241125106811523e-02 1.026399135589599609e-01 0.000000000000000000e+00 1.000000000000000000e+00 0.000000000000000000e+00
8.662482500076293945e-01 3.094770312309265137e-01 2.672015428543090820e-01 6.979762315750122070e-01 4.320160746574401855e-01 4.141173958778381348e-01 5.204244852066040039e-01 2.284033894538879395e-01 2.555156350135803223e-01 1.000000000000000000e+00 1.000000000000000000e+00 1.000000000000000000e+00
8.745895028114318848e-01 1.071909070014953613e-01 2.947590351104736328e-01 7.238945364952087402e-01 2.209157943725585938e-01 5.664333105087280273e-01 6.733906269073486328e-02 5.345011353492736816e-01 5.671326518058776855e-01 0.000000000000000000e+00 0.000000000000000000e+00 0.000000000000000000e+00
7.931994795799255371e-01 7.889955639839172363e-01 4.991245269775390625e-01 8.611801862716674805e-01 6.521388292312622070e-01 2.602939009666442871e-01 2.279198169708251953e-01 6.260294914245605469e-01 3.313823342323303223e-01 0.000000000000000000e+00 0.000000000000000000e+00 0.000000000000000000e+00
9.388291835784912109e-01 8.085119724273681641e-02 4.298415780067443848e-01 8.443285822868347168e-01 1.071054339408874512e-01 9.839074015617370605e-01 2.240533828735351562e-01 2.965509295463562012e-01 7.191709876060485840e-01 0.000000000000000000e+00 1.000000000000000000e+00 0.000000000000000000e+00
8.972789645195007324e-01 5.848973393440246582e-01 4.583521485328674316e-01 9.967951178550720215e-01 4.472545981407165527e-01 7.001250386238098145e-01 7.820886969566345215e-01 9.998092055320739746e-01 1.660575270652770996e-01 0.000000000000000000e+00 0.000000000000000000e+00 0.000000000000000000e+00
8.312477469444274902e-01 9.910314083099365234e-01 9.600298404693603516e-01 6.277726888656616211e-01 5.173162817955017090e-01 7.465368509292602539e-02 7.547029852867126465e-01 1.993857622146606445e-01 8.023378849029541016e-01 1.000000000000000000e+00 0.000000000000000000e+00 0.000000000000000000e+00
4.823321998119354248e-01 8.388644456863403320e-01 3.492033481597900391e-02 4.133909344673156738e-01 5.638120174407958984e-01 4.198026061058044434e-01 7.642000317573547363e-01 6.207187175750732422e-01 6.484752893447875977e-01 0.000000000000000000e+00 0.000000000000000000e+00 0.000000000000000000e+00
9.139614701271057129e-01 7.151517868041992188e-01 8.466967940330505371e-01 9.341455698013305664e-01 3.615211844444274902e-01 3.162478208541870117e-01 7.334452867507934570e-01 8.132264614105224609e-01 5.662268996238708496e-01 0.000000000000000000e+00 0.000000000000000000e+00 0.000000000000000000e+00
6.426708698272705078e-01 8.331485986709594727e-01 1.820461750030517578e-01 6.282126903533935547e-01 3.408237695693969727e-01 9.456229209899902344e-01 5.226614475250244141e-01 6.061868071556091309e-01 1.205225586891174316e-01 0.000000000000000000e+00 0.000000000000000000e+00 0.000000000000000000e+00
9.786902070045471191e-01 1.288700103759765625e-01 3.303201794624328613e-01 8.165169954299926758e-01 4.922901988029479980e-01 8.823853135108947754e-01 5.440121889114379883e-01 2.111369371414184570e-01 1.299048066139221191e-01 0.000000000000000000e+00 0.000000000000000000e+00 0.000000000000000000e+00
8.738340139389038086e-01 9.481966495513916016e-03 8.918599486351013184e-01 6.675225496292114258e-02 6.104707717895507812e-02 4.502428174018859863e-01 7.097548246383666992e-02 6.710333824157714844e-01 1.035881638526916504e-01 0.000000000000000000e+00 0.000000000000000000e+00 0.000000000000000000e+00
9.346048235893249512e-01 3.944482803344726562e-01 9.065411090850830078e-01 6.815819740295410156e-01 1.643903851509094238e-01 5.111831426620483398e-02 2.745141386985778809e-01 6.311237812042236328e-02 3.171525597572326660e-01 0.000000000000000000e+00 0.000000000000000000e+00 0.000000000000000000e+00
4.533790647983551025e-01 4.877907633781433105e-01 6.499070525169372559e-01 3.705823421478271484e-01 3.298906087875366211e-01 5.400187969207763672e-01 5.689902901649475098e-01 3.833184838294982910e-01 1.276519894599914551e-01 0.000000000000000000e+00 0.000000000000000000e+00 0.000000000000000000e+00
4.666669368743896484e-01 8.616229295730590820e-01 2.211397290229797363e-01 9.310095906257629395e-01 1.202933192253112793e-01 6.795756220817565918e-01 8.168735504150390625e-01 2.157849073410034180e-01 4.013124108314514160e-01 0.000000000000000000e+00 0.000000000000000000e+00 0.000000000000000000e+00
5.938370227813720703e-01 1.556205153465270996e-01 5.109254121780395508e-01 8.387947082519531250e-02 9.691207408905029297e-01 7.435869574546813965e-01 9.033583402633666992e-01 4.026305079460144043e-01 7.040234208106994629e-01 0.000000000000000000e+00 0.000000000000000000e+00 0.000000000000000000e+00
3.322126567363739014e-01 7.291474938392639160e-01 5.167410373687744141e-01 3.601673841476440430e-01 3.823236227035522461e-01 5.240951180458068848e-01 5.200053453445434570e-01 2.706086635589599609e-02 6.869463920593261719e-01 1.000000000000000000e+00 1.000000000000000000e+00 1.000000000000000000e+00
8.093065619468688965e-01 5.043133497238159180e-01 9.529736638069152832e-01 2.329316735267639160e-01 5.226871371269226074e-01 1.877651214599609375e-01 9.088101983070373535e-01 9.071559906005859375e-01 1.626060009002685547e-01 0.000000000000000000e+00 1.000000000000000000e+00 0.000000000000000000e+00
9.667757749557495117e-01 4.676911234855651855e-01 4.109137654304504395e-01 7.239735126495361328e-01 3.476078510284423828e-01 3.895260691642761230e-01 7.576090693473815918e-01 7.494765520095825195e-01 8.724301457405090332e-01 0.000000000000000000e+00 0.000000000000000000e+00 0.000000000000000000e+00
7.000281214714050293e-01 9.180321693420410156e-01 2.906158566474914551e-01 6.717582345008850098e-01 7.095106840133666992e-01 1.058007478713989258e-01 4.571329951286315918e-01 7.648379206657409668e-01 1.087136864662170410e-01 0.000000000000000000e+00 0.000000000000000000e+00 0.000000000000000000e+00
9.462543129920959473e-01 3.683446049690246582e-01 5.125938653945922852e-01 9.571900963783264160e-01 3.513185977935791016e-01 6.795134544372558594e-01 9.697225689888000488e-01 7.787245512008666992e-02 6.833095550537109375e-01 1.000000000000000000e+00 0.000000000000000000e+00 0.000000000000000000e+00
8.989827632904052734e-01 1.410933136940002441e-01 7.112815976142883301e-01 5.966992974281311035e-01 5.899381637573242188e-01 5.232001543045043945e-01 3.543450832366943359e-01 9.542712569236755371e-01 8.338963985443115234e-01 0.000000000000000000e+00 0.000000000000000000e+00 0.000000000000000000e+00
9.106960296630859375e-01 2.612816095352172852e-01 7.554289102554321289e-01 4.019302129745483398e-01 7.911523580551147461e-01 5.588688254356384277e-01 9.920856952667236328e-01 7.183841466903686523e-01 7.378506660461425781e-01 0.000000000000000000e+00 0.000000000000000000e+00 0.000000000000000000e+00
9.965382814407348633e-01 1.929069757461547852e-01 4.418388605117797852e-01 9.509674906730651855e-01 1.573201417922973633e-01 1.029549837112426758e-01 6.268361210823059082e-01 9.941387176513671875e-01 9.718704223632812500e-01 0.000000000000000000e+00 0.000000000000000000e+00 0.000000000000000000e+00
6.397678852081298828e-01 6.476929187774658203e-01 9.175082445144653320e-01 5.363696217536926270e-01 5.176868438720703125e-01 9.609861373901367188e-01 7.047091126441955566e-01 2.448791265487670898e-01 6.039345264434814453e-02 0.000000000000000000e+00 1.000000000000000000e+00 0.000000000000000000e+00
4.574159681797027588e-01 8.241853713989257812e-01 9.185421466827392578e-02 2.922878861427307129e-01 5.313948392868041992e-01 7.827705740928649902e-01 8.033500313758850098e-01 3.963834643363952637e-01 3.746272921562194824e-01 1.000000000000000000e+00 0.000000000000000000e+00 0.000000000000000000e+00
5.302087664604187012e-01 9.338303804397583008e-01 9.459623694419860840e-01 4.734189510345458984e-01 9.686272740364074707e-01 9.015737175941467285e-01 4.013249278068542480e-01 6.748666763305664062e-01 8.622490167617797852e-01 0.000000000000000000e+00 0.000000000000000000e+00 0.000000000000000000e+00
4.655816555023193359e-01 7.739226818084716797e-01 1.107335686683654785e-01 5.467582941055297852e-01 1.014974117279052734e-01 1.397549510002136230e-01 9.091973304748535156e-01 6.375461816787719727e-02 5.579450130462646484e-01 1.000000000000000000e+00 0.000000000000000000e+00 0.000000000000000000e+00
8.489184379577636719e-01 6.836307048797607422e-01 4.193075895309448242e-01 7.027501463890075684e-01 8.858792185783386230e-01 3.822166323661804199e-01 7.244005799293518066e-01 7.788007855415344238e-01 2.000817656517028809e-01 0.000000000000000000e+00 0.000000000000000000e+00 0.000000000000000000e+00
2.868977785110473633e-01 2.834369540214538574e-01 4.979375600814819336e-01 1.025515198707580566e-01 2.818088531494140625e-01 8.477076292037963867e-01 3.783805370330810547e-01 9.056106209754943848e-01 3.922908902168273926e-01 1.000000000000000000e+00 0.000000000000000000e+00 0.000000000000000000e+00
1.324522644281387329e-01 3.691655993461608887e-01 5.128800868988037109e-02 2.223365902900695801e-01 1.174648404121398926e-01 7.392851114273071289e-01 6.814541220664978027e-01 7.679781913757324219e-01 4.720389842987060547e-02 1.000000000000000000e+00 1.000000000000000000e+00 1.000000000000000000e+00
2.295681834220886230e-01 5.451291799545288086e-02 4.560140371322631836e-01 9.318554401397705078e-02 4.134225845336914062e-02 1.994563341140747070e-01 4.350346922874450684e-01 7.498353719711303711e-01 1.999530196189880371e-01 1.000000000000000000e+00 0.000000000000000000e+00 0.000000000000000000e+00
4.593429863452911377e-01 1.201782226562500000e-01 1.169264912605285645e-01 2.644503712654113770e-01 8.818683028221130371e-01 5.889832973480224609e-02 6.266624331474304199e-01 1.696991920471191406e-02 6.874370574951171875e-02 0.000000000000000000e+00 0.000000000000000000e+00 0.000000000000000000e+00
9.682219028472900391e-01 3.108853101730346680e-02 4.579422473907470703e-01 6.834818124771118164e-01 5.706779360771179199e-01 3.355294466018676758e-02 2.681319117546081543e-01 7.601000070571899414e-01 2.549010515213012695e-02 0.000000000000000000e+00 1.000000000000000000e+00 0.000000000000000000e+00
4.464959502220153809e-01 7.111175060272216797e-01 7.226127386093139648e-01 4.022145271301269531e-01 1.807276010513305664e-01 1.008356809616088867e-01 8.111042976379394531e-01 8.598005771636962891e-01 9.395257234573364258e-01 0.000000000000000000e+00 0.000000000000000000e+00 0.000000000000000000e+00
2.729524374008178711e-01 8.872396349906921387e-01 4.674193263053894043e-01 1.100074052810668945e-01 5.884597301483154297e-01 1.214905977249145508e-01 9.874843955039978027e-01 5.936802625656127930e-01 9.159443974494934082e-01 0.000000000000000000e+00 1.000000000000000000e+00 0.000000000000000000e+00
9.918023943901062012e-01 3.927348852157592773e-01 9.439297318458557129e-01 9.727586507797241211e-01 3.140251636505126953e-01 1.339586377143859863e-01 2.764685750007629395e-01 7.774634361267089844e-01 1.808122396469116211e-01 1.000000000000000000e+00 1.000000000000000000e+00 1.000000000000000000e+00
9.419584274291992188e-01 2.078260779380798340e-01 2.763475179672241211e-01 7.254424095153808594e-01 5.124758481979370117e-01 8.177364468574523926e-01 5.645502805709838867e-01 2.508426904678344727e-01 4.246101379394531250e-01 0.000000000000000000e+00 0.000000000000000000e+00 0.000000000000000000e+00
6.477060317993164062e-01 7.135543227195739746e-01 9.078142642974853516e-01 8.442963957786560059e-01 1.225903630256652832e-01 7.238055467605590820e-01 1.157734394073486328e-01 8.549919128417968750e-01 7.801387310028076172e-01 1.000000000000000000e+00 0.000000000000000000e+00 0.000000000000000000e+00
3.764326870441436768e-01 8.176420927047729492e-01 6.361150741577148438e-01 4.807975292205810547e-01 4.239181876182556152e-01 4.766119122505187988e-01 2.689999341964721680e-01 1.135427355766296387e-01 3.282908797264099121e-01 0.000000000000000000e+00 0.000000000000000000e+00 0.000000000000000000e+00
7.358934283256530762e-01 7.645997405052185059e-01 5.796062946319580078e-01 1.398890614509582520e-01 8.785288929939270020e-01 6.871563196182250977e-02 3.267643451690673828e-01 3.446078300476074219e-01 5.442073941230773926e-01 1.000000000000000000e+00 0.000000000000000000e+00 0.000000000000000000e+00
9.387475848197937012e-01 2.899073362350463867e-01 9.741064906120300293e-01 9.562788009643554688e-01 1.937760710716247559e-01 7.404727339744567871e-01 7.781086564064025879e-01 1.590103507041931152e-01 8.386535644531250000e-01 1.000000000000000000e+00 0.000000000000000000e+00 0.000000000000000000e+00
9.959676265716552734e-01 9.054851531982421875e-02 6.105520129203796387e-01 9.945802688598632812e-01 6.128351092338562012e-01 6.306524276733398438e-01 7.175841927528381348e-01 4.787994027137756348e-01 6.987184286117553711e-01 0.000000000000000000e+00 1.000000000000000000e+00 0.000000000000000000e+00
4.743579626083374023e-01 9.449338912963867188e-01 4.988641738891601562e-01 3.968986868858337402e-01 3.857097029685974121e-01 6.022933125495910645e-01 3.364145159721374512e-01 3.897637724876403809e-01 4.499734044075012207e-01 0.000000000000000000e+00 0.000000000000000000e+00 0.000000000000000000e+00
9.816915392875671387e-01 3.398227095603942871e-01 5.671916604042053223e-01 9.564845561981201172e-01 7.392252087593078613e-01 5.773298740386962891e-01 6.008043885231018066e-01 4.551444053649902344e-01 6.103479862213134766e-02 0.000000000000000000e+00 0.000000000000000000e+00 0.000000000000000000e+00
9.983616471290588379e-01 2.316555380821228027e-01 6.621425151824951172e-01 9.062492251396179199e-01 9.429298043251037598e-01 3.592729568481445312e-03 6.434593796730041504e-01 4.363736510276794434e-01 2.927654981613159180e-01 0.000000000000000000e+00 1.000000000000000000e+00 0.000000000000000000e+00
8.858780860900878906e-01 2.738273739814758301e-01 8.856616020202636719e-01 1.532405614852905273e-02 8.711111545562744141e-01 4.332603812217712402e-01 4.625509381294250488e-01 7.493905425071716309e-01 8.530299067497253418e-01 0.000000000000000000e+00 0.000000000000000000e+00 0.000000000000000000e+00
7.955964207649230957e-01 8.581652641296386719e-01 3.787054419517517090e-01 8.885310292243957520e-01 3.127418756484985352e-01 8.248018026351928711e-01 4.899727106094360352e-01 3.794229030609130859e-02 9.418489933013916016e-01 1.000000000000000000e+00 0.000000000000000000e+00 0.000000000000000000e+00
5.414252877235412598e-01 6.511563658714294434e-01 8.923806548118591309e-01 4.550531506538391113e-01 4.433411359786987305e-02 2.072726488113403320e-01 2.665171027183532715e-01 9.253878593444824219e-01 5.059540271759033203e-01 1.000000000000000000e+00 0.000000000000000000e+00 0.000000000000000000e+00
9.489532113075256348e-01 2.903930544853210449e-01 7.079374790191650391e-01 6.493515372276306152e-01 8.936644196510314941e-01 2.678529620170593262e-01 9.145909547805786133e-01 3.407746553421020508e-02 1.490381956100463867e-01 0.000000000000000000e+00 1.000000000000000000e+00 0.000000000000000000e+00
3.445416390895843506e-01 9.927749633789062500e-01 2.652366161346435547e-01 8.004683256149291992e-02 2.360633611679077148e-01 7.053524255752563477e-01 3.780975341796875000e-01 4.750224351882934570e-01 5.845136046409606934e-01 1.000000000000000000e+00 0.000000000000000000e+00 0.000000000000000000e+00
9.972181320190429688e-01 1.393036246299743652e-01 9.873554706573486328e-01 4.829459190368652344e-01 9.888079762458801270e-01 4.361826181411743164e-01 4.374248385429382324e-01 2.446125149726867676e-01 2.110174298286437988e-01 0.000000000000000000e+00 0.000000000000000000e+00 0.000000000000000000e+00
7.136282920837402344e-01 8.498531579971313477e-01 3.807407617568969727e-01 4.847076535224914551e-01 6.106263995170593262e-01 6.109207868576049805e-02 4.185567498207092285e-01 1.913709640502929688e-01 8.700508475303649902e-01 1.000000000000000000e+00 0.000000000000000000e+00 0.000000000000000000e+00
6.919366121292114258e-01 3.872013092041015625e-01 5.397031307220458984e-01 1.876133084297180176e-01 6.415758132934570312e-01 2.135310769081115723e-01 8.791062831878662109e-01 3.635020256042480469e-01 1.091695427894592285e-01 0.000000000000000000e+00 1.000000000000000000e+00 0.000000000000000000e+00
7.978196144104003906e-01 9.906651973724365234e-01 8.594664931297302246e-01 7.486367225646972656e-01 5.902346968650817871e-01 4.874742031097412109e-02 6.997108459472656250e-02 6.717714667320251465e-01 4.429975152015686035e-01 0.000000000000000000e+00 0.000000000000000000e+00 0.000000000000000000e+00
8.255745172500610352e-01 2.848489284515380859e-01 5.744332075119018555e-01 2.995006442070007324e-01 7.375627160072326660e-01 6.793934106826782227e-02 2.564585208892822266e-01 9.699051976203918457e-01 5.516082048416137695e-01 1.000000000000000000e+00 0.000000000000000000e+00 0.000000000000000000e+00
5.388334989547729492e-01 7.980945110321044922e-01 2.946084737777709961e-02 1.941259503364562988e-01 6.519804596900939941e-01 5.112569928169250488e-01 8.336260318756103516e-01 6.864209175109863281e-01 2.243676185607910156e-01 1.000000000000000000e+00 0.000000000000000000e+00 0.000000000000000000e+00
5.944200158119201660e-01 4.310979247093200684e-01 2.931501865386962891e-01 5.825971364974975586e-01 7.714229822158813477e-02 8.842339515686035156e-01 8.789432644844055176e-01 5.534883737564086914e-01 2.523379921913146973e-01 0.000000000000000000e+00 0.000000000000000000e+00 0.000000000000000000e+00
9.782715439796447754e-01 5.313283205032348633e-01 8.780573010444641113e-01 9.853507280349731445e-01 7.419438958168029785e-01 4.702032804489135742e-01 6.977755427360534668e-01 6.895657181739807129e-01 8.260680437088012695e-01 0.000000000000000000e+00 0.000000000000000000e+00 0.000000000000000000e+00
9.525167942047119141e-01 4.089395403861999512e-01 1.737541556358337402e-01 8.358688950538635254e-01 1.612699627876281738e-01 2.202628254890441895e-01 2.057316899299621582e-01 7.948561906814575195e-01 6.451200246810913086e-01 0.000000000000000000e+00 0.000000000000000000e+00 0.000000000000000000e+00
9.712117910385131836e-01 8.519921302795410156e-01 3.914852738380432129e-01 9.586213231086730957e-01 8.325703144073486328e-01 4.833459854125976562e-02 8.245521783828735352e-02 9.657524824142456055e-01 9.414833784103393555e-01 0.000000000000000000e+00 0.000000000000000000e+00 0.000000000000000000e+00
9.536205530166625977e-01 5.479337573051452637e-01 3.510375022888183594e-01 9.639405012130737305e-01 2.138643264770507812e-01 3.774828314781188965e-01 2.680872082710266113e-01 3.839386701583862305e-01 3.783955574035644531e-01 0.000000000000000000e+00 1.000000000000000000e+00 0.000000000000000000e+00
9.642947316169738770e-01 3.149828314781188965e-01 6.216210126876831055e-02 9.675607681274414062e-01 2.467348575592041016e-01 5.805995464324951172e-01 9.239907860755920410e-01 3.480757474899291992e-01 1.751720905303955078e-02 0.000000000000000000e+00 1.000000000000000000e+00 0.000000000000000000e+00
7.278697490692138672e-01 8.481504917144775391e-01 7.675713896751403809e-01 9.417808651924133301e-01 3.161532878875732422e-01 4.956054091453552246e-01 2.277635931968688965e-01 3.350105881690979004e-01 5.271829366683959961e-01 0.000000000000000000e+00 0.000000000000000000e+00 0.000000000000000000e+00
9.128705263137817383e-01 9.535149931907653809e-01 6.158915758132934570e-01 7.543207406997680664e-01 9.747510552406311035e-01 6.374083757400512695e-01 3.641439676284790039e-01 4.691717624664306641e-01 4.952399730682373047e-01 0.000000000000000000e+00 0.000000000000000000e+00 0.000000000000000000e+00
7.797904014587402344e-01 7.191321849822998047e-01 2.005999684333801270e-01 5.347053408622741699e-01 6.019410490989685059e-01 2.902442216873168945e-02 3.908188343048095703e-01 8.330969214439392090e-01 8.199495077133178711e-02 0.000000000000000000e+00 0.000000000000000000e+00 0.000000000000000000e+00
9.483834505081176758e-01 1.156373620033264160e-01 7.869853377342224121e-01 3.941013216972351074e-01 3.651391863822937012e-01 1.750159859657287598e-01 4.618860483169555664e-01 2.253334522247314453e-01 3.356355428695678711e-02 0.000000000000000000e+00 0.000000000000000000e+00 0.000000000000000000e+00
3.413993418216705322e-01 6.286525726318359375e-02 1.146880984306335449e-01 3.915284872055053711e-01 2.046090364456176758e-02 1.374399662017822266e-02 4.473081827163696289e-01 6.897566914558410645e-01 8.067392110824584961e-01 0.000000000000000000e+00 0.000000000000000000e+00 0.000000000000000000e+00
8.606715202331542969e-01 2.196853756904602051e-01 8.874606490135192871e-01 6.075978875160217285e-01 3.121929168701171875e-01 6.844279766082763672e-01 4.093821644783020020e-01 7.876180410385131836e-01 1.768170595169067383e-01 0.000000000000000000e+00 0.000000000000000000e+00 0.000000000000000000e+00
2.180726528167724609e-01 4.140834808349609375e-01 1.665462255477905273e-01 4.897571802139282227e-01 1.676542162895202637e-01 6.090163588523864746e-01 1.064065098762512207e-01 6.145379543304443359e-01 3.334940075874328613e-01 0.000000000000000000e+00 1.000000000000000000e+00 0.000000000000000000e+00
8.899239897727966309e-01 2.008991241455078125e-01 7.847704291343688965e-01 8.618575334548950195e-02 9.171562194824218750e-01 7.290565371513366699e-01 8.792022466659545898e-01 3.303864598274230957e-01 3.042340278625488281e-02 0.000000000000000000e+00 0.000000000000000000e+00 0.000000000000000000e+00
9.748650789260864258e-01 1.827150583267211914e-02 3.136997818946838379e-01 8.134759664535522461e-01 8.728321790695190430e-01 8.270041346549987793e-01 5.391954779624938965e-01 5.634084343910217285e-01 5.947601795196533203e-01 1.000000000000000000e+00 0.000000000000000000e+00 0.000000000000000000e+00
3.660463988780975342e-01 5.235660076141357422e-01 3.381100893020629883e-01 1.501911282539367676e-01 9.688606858253479004e-01 6.339597105979919434e-01 1.330081224441528320e-01 1.995446681976318359e-01 7.098833322525024414e-01 0.000000000000000000e+00 1.000000000000000000e+00 0.000000000000000000e+00
8.418842554092407227e-01 6.666404008865356445e-02 4.100044965744018555e-01 6.132915019989013672e-01 1.615297794342041016e-01 3.447881340980529785e-01 1.432496309280395508e-02 8.313462734222412109e-01 1.168612241744995117e-01 0.000000000000000000e+00 0.000000000000000000e+00 0.000000000000000000e+00
9.838655591011047363e-01 2.190449833869934082e-01 7.791129946708679199e-01 1.572297215461730957e-01 5.993531942367553711e-01 2.515292167663574219e-02 8.298441171646118164e-01 7.939347028732299805e-01 9.332274794578552246e-01 0.000000000000000000e+00 0.000000000000000000e+00 0.000000000000000000e+00
5.034319162368774414e-01 5.354290008544921875e-01 8.066577315330505371e-01 5.461335182189941406e-01 1.241142749786376953e-01 9.447838068008422852e-01 6.216485500335693359e-01 3.925566077232360840e-01 9.156264662742614746e-01 1.000000000000000000e+00 0.000000000000000000e+00 0.000000000000000000e+00
4.365641474723815918e-01 3.622492551803588867e-01 3.427003622055053711e-01 1.385496258735656738e-01 7.504953145980834961e-01 2.403426170349121094e-01 8.753148913383483887e-01 6.905317902565002441e-01 5.844487547874450684e-01 1.000000000000000000e+00 0.000000000000000000e+00 0.000000000000000000e+00
6.570823192596435547e-01 5.208063721656799316e-01 4.019551873207092285e-01 5.767735838890075684e-01 5.023621320724487305e-01 6.435977816581726074e-01 1.832364797592163086e-01 1.805428266525268555e-01 3.112075924873352051e-01 0.000000000000000000e+00 0.000000000000000000e+00 0.000000000000000000e+00
9.705669283866882324e-01 1.960037946701049805e-01 9.105821251869201660e-01 9.580422043800354004e-01 5.558068156242370605e-01 9.541732668876647949e-01 9.280766844749450684e-01 5.415714979171752930e-01 4.831253290176391602e-01 0.000000000000000000e+00 1.000000000000000000e+00 0.000000000000000000e+00
2.623966336250305176e-01 7.851485610008239746e-01 5.999319553375244141e-01 7.304841279983520508e-01 1.772090792655944824e-01 4.710845351219177246e-01 8.958202600479125977e-02 6.273633241653442383e-01 1.649314165115356445e-02 0.000000000000000000e+00 1.000000000000000000e+00 0.000000000000000000e+00
4.661884605884552002e-01 5.955567955970764160e-01 8.559069633483886719e-01 4.775425195693969727e-01 1.138961911201477051e-01 3.620997071266174316e-01 6.280445456504821777e-01 6.435654163360595703e-01 3.008266687393188477e-01 1.000000000000000000e+00 0.000000000000000000e+00 0.000000000000000000e+00
9.803726673126220703e-01 3.343936204910278320e-01 6.286487579345703125e-01 8.737653493881225586e-01 7.453746199607849121e-01 5.406381487846374512e-01 4.787358045578002930e-01 8.598722219467163086e-01 6.020475625991821289e-01 0.000000000000000000e+00 0.000000000000000000e+00 0.000000000000000000e+00
6.992644071578979492e-01 9.334230422973632812e-01 7.289075255393981934e-01 8.549110293388366699e-01 1.858217716217041016e-01 2.526045441627502441e-01 6.077417731285095215e-01 8.072180151939392090e-01 9.195855855941772461e-01 1.000000000000000000e+00 0.000000000000000000e+00 0.000000000000000000e+00
8.946748375892639160e-01 5.641616582870483398e-01 5.804817676544189453e-01 9.707621335983276367e-01 8.496952056884765625e-02 4.959599375724792480e-01 4.099700450897216797e-01 5.597857236862182617e-01 4.156466126441955566e-01 1.000000000000000000e+00 0.000000000000000000e+00 0.000000000000000000e+00
8.725811839103698730e-01 7.939073443412780762e-01 5.588364601135253906e-02 9.913082718849182129e-01 4.685977101325988770e-01 6.913525462150573730e-01 2.437934279441833496e-01 7.106227278709411621e-01 4.899197220802307129e-01 1.000000000000000000e+00 1.000000000000000000e+00 1.000000000000000000e+00
8.888533115386962891e-01 5.892790555953979492e-01 4.900507926940917969e-01 8.727274537086486816e-01 6.635469794273376465e-01 7.450694441795349121e-01 7.433887124061584473e-01 8.293380737304687500e-01 8.951307535171508789e-01 1.000000000000000000e+00 0.000000000000000000e+00 0.000000000000000000e+00
7.302195429801940918e-01 9.876116514205932617e-01 7.321351170539855957e-01 9.368856549263000488e-01 1.959043145179748535e-01 9.787625670433044434e-01 7.421547770500183105e-01 1.251752376556396484e-01 6.458460688591003418e-01 0.000000000000000000e+00 0.000000000000000000e+00 0.000000000000000000e+00
3.630039095878601074e-01 9.318616986274719238e-01 7.056520581245422363e-01 5.621905922889709473e-01 2.741122245788574219e-02 3.090369701385498047e-02 1.296579241752624512e-01 7.557974457740783691e-01 7.357993125915527344e-01 0.000000000000000000e+00 0.000000000000000000e+00 0.000000000000000000e+00
5.763184428215026855e-01 8.648462295532226562e-01 3.417191505432128906e-01 5.747227072715759277e-01 5.434104800224304199e-01 4.508885145187377930e-01 8.111261129379272461e-01 1.642996668815612793e-01 7.656510472297668457e-01 1.000000000000000000e+00 0.000000000000000000e+00 0.000000000000000000e+00
8.839477896690368652e-01 3.938430547714233398e-01 1.219764351844787598e-01 8.508780598640441895e-01 2.525956630706787109e-01 8.791860342025756836e-01 3.465117216110229492e-01 7.131380438804626465e-01 4.468023777008056641e-01 0.000000000000000000e+00 0.000000000000000000e+00 0.000000000000000000e+00
9.161371588706970215e-01 8.047326207160949707e-01 2.423976063728332520e-01 9.923883676528930664e-01 8.892008662223815918e-01 3.088627457618713379e-01 4.313858747482299805e-01 8.358846902847290039e-01 3.962928056716918945e-02 0.000000000000000000e+00 1.000000000000000000e+00 0.000000000000000000e+00
6.677213311195373535e-01 2.414137125015258789e-01 3.106397986412048340e-01 3.109794855117797852e-01 8.384500145912170410e-01 5.144900083541870117e-02 6.877870559692382812e-01 4.384939074516296387e-01 6.890754699707031250e-01 1.000000000000000000e+00 0.000000000000000000e+00 0.000000000000000000e+00
9.679568409919738770e-01 2.613400816917419434e-01 8.472947478294372559e-01 3.935571908950805664e-01 7.682055830955505371e-01 2.263258695602416992e-01 3.332560062408447266e-01 2.699633240699768066e-01 9.350925683975219727e-01 0.000000000000000000e+00 1.000000000000000000e+00 0.000000000000000000e+00
6.907172799110412598e-01 9.836258888244628906e-01 3.885081410408020020e-01 5.400414466857910156e-01 8.228866457939147949e-01 8.084074854850769043e-01 1.612978577613830566e-01 5.089266896247863770e-01 6.163658499717712402e-01 1.000000000000000000e+00 0.000000000000000000e+00 0.000000000000000000e+00
4.898038506507873535e-01 9.791707396507263184e-01 4.674804210662841797e-01 4.918345808982849121e-01 6.282488107681274414e-01 5.052942037582397461e-01 4.171541333198547363e-01 3.525841236114501953e-02 7.289358377456665039e-01 1.000000000000000000e+00 0.000000000000000000e+00 0.000000000000000000e+00
3.168766796588897705e-01 6.108854413032531738e-01 1.522897481918334961e-01 1.887934803962707520e-01 6.317227482795715332e-01 5.145266056060791016e-01 3.572908639907836914e-01 9.832449555397033691e-01 4.076166152954101562e-01 0.000000000000000000e+00 0.000000000000000000e+00 0.000000000000000000e+00
7.429070472717285156e-01 2.915818095207214355e-01 2.523804903030395508e-01 5.770154595375061035e-01 3.418397903442382812e-01 2.963885068893432617e-01 7.655806541442871094e-01 1.276768445968627930e-01 6.624810695648193359e-01 0.000000000000000000e+00 1.000000000000000000e+00 0.000000000000000000e+00
3.732873499393463135e-01 6.172717213630676270e-01 6.494659781455993652e-01 7.165473103523254395e-01 2.816994190216064453e-01 8.268404603004455566e-01 3.939903378486633301e-01 8.042884469032287598e-01 1.397048830986022949e-01 1.000000000000000000e+00 0.000000000000000000e+00 0.000000000000000000e+00
1.848311424255371094e-01 8.507122397422790527e-01 6.193971633911132812e-02 4.155147075653076172e-02 7.298755645751953125e-02 4.265588521957397461e-02 1.409828066825866699e-01 2.552648782730102539e-01 5.967843532562255859e-01 0.000000000000000000e+00 0.000000000000000000e+00 0.000000000000000000e+00
6.616696119308471680e-01 9.854418039321899414e-02 4.735568761825561523e-01 1.239494681358337402e-01 9.200686812400817871e-01 5.661990642547607422e-01 3.551513552665710449e-01 8.684542179107666016e-01 3.999400138854980469e-02 0.000000000000000000e+00 0.000000000000000000e+00 0.000000000000000000e+00
9.887936711311340332e-01 5.627256631851196289e-02 6.328569054603576660e-01 9.248293638229370117e-01 4.846596717834472656e-02 4.814129471778869629e-01 8.240116834640502930e-01 1.629519462585449219e-02 9.597279429435729980e-01 0.000000000000000000e+00 1.000000000000000000e+00 0.000000000000000000e+00
9.317790269851684570e-01 5.870611071586608887e-01 8.082942366600036621e-01 9.480128884315490723e-01 6.739296317100524902e-01 9.324374198913574219e-01 6.656172871589660645e-01 2.585603594779968262e-01 1.552983522415161133e-01 0.000000000000000000e+00 0.000000000000000000e+00 0.000000000000000000e+00
4.627087414264678955e-01 6.756606698036193848e-01 6.092048287391662598e-01 2.770587801933288574e-01 5.946035385131835938e-01 8.370600938796997070e-01 4.626966714859008789e-01 5.334023833274841309e-01 1.250641345977783203e-01 0.000000000000000000e+00 1.000000000000000000e+00 0.000000000000000000e+00
1.766772866249084473e-01 4.785915017127990723e-01 5.330958962440490723e-01 6.740707159042358398e-02 3.508983254432678223e-01 7.817181348800659180e-01 8.218361735343933105e-01 6.295967102050781250e-01 2.932494282722473145e-01 0.000000000000000000e+00 1.000000000000000000e+00 0.000000000000000000e+00
3.339377343654632568e-01 7.622296810150146484e-01 8.256685733795166016e-01 3.800427913665771484e-01 4.999002218246459961e-01 7.444337010383605957e-01 9.363758563995361328e-01 9.061499238014221191e-01 6.827884316444396973e-01 0.000000000000000000e+00 0.000000000000000000e+00 0.000000000000000000e+00
5.727121829986572266e-01 6.900265812873840332e-01 3.477066755294799805e-01 4.654098749160766602e-01 7.973407506942749023e-01 3.603234887123107910e-01 6.349663138389587402e-01 2.761504054069519043e-01 1.354172825813293457e-01 1.000000000000000000e+00 0.000000000000000000e+00 0.000000000000000000e+00
3.276370763778686523e-01 2.989379763603210449e-01 4.904973506927490234e-02 3.659611940383911133e-02 7.826676964759826660e-01 1.339247226715087891e-01 5.295053720474243164e-01 1.152453422546386719e-01 1.487755775451660156e-02 0.000000000000000000e+00 0.000000000000000000e+00 0.000000000000000000e+00
9.995437264442443848e-01 3.893262147903442383e-02 9.955359101295471191e-01 8.742008209228515625e-01 5.361684560775756836e-01 6.652390956878662109e-02 4.083139896392822266e-01 7.217603921890258789e-01 9.100400805473327637e-01 0.000000000000000000e+00 0.000000000000000000e+00 0.000000000000000000e+00
9.332371354103088379e-01 5.060974359512329102e-01 2.803768515586853027e-01 6.655334830284118652e-01 9.965649843215942383e-01 7.305683493614196777e-01 6.391381025314331055e-01 4.488334655761718750e-01 9.615558981895446777e-01 0.000000000000000000e+00 0.000000000000000000e+00 0.000000000000000000e+00
2.302843928337097168e-01 5.218840241432189941e-01 3.773788809776306152e-01 1.134763956069946289e-01 2.444340586662292480e-01 5.498278141021728516e-02 2.337660789489746094e-01 4.627130031585693359e-01 8.095765113830566406e-02 1.000000000000000000e+00 0.000000000000000000e+00 0.000000000000000000e+00
9.652038812637329102e-01 1.015835404396057129e-01 9.675570726394653320e-01 1.781046390533447266e-01 8.372265100479125977e-01 5.294174551963806152e-01 9.685441851615905762e-01 5.004942417144775391e-02 1.116518974304199219e-01 0.000000000000000000e+00 0.000000000000000000e+00 0.000000000000000000e+00
8.445155024528503418e-01 1.614151597023010254e-01 1.216717958450317383e-01 7.241427898406982422e-01 1.973482370376586914e-01 7.527571916580200195e-01 8.265369534492492676e-01 7.698549032211303711e-01 6.172300577163696289e-01 0.000000000000000000e+00 0.000000000000000000e+00 0.000000000000000000e+00
5.701214671134948730e-01 9.323463439941406250e-01 6.103951334953308105e-01 3.815185427665710449e-01 3.264530301094055176e-01 1.722419857978820801e-01 2.244973182678222656e-01 3.839576244354248047e-02 3.435726761817932129e-01 0.000000000000000000e+00 0.000000000000000000e+00 0.000000000000000000e+00
7.667926549911499023e-01 9.033913016319274902e-01 4.390352368354797363e-01 8.065055012702941895e-01 5.582783222198486328e-01 1.082726716995239258e-01 9.343475103378295898e-01 3.697333335876464844e-01 3.983261585235595703e-01 0.000000000000000000e+00 0.000000000000000000e+00 0.000000000000000000e+00
6.565117239952087402e-01 5.293727517127990723e-01 8.629882335662841797e-01 2.242087125778198242e-01 1.946205496788024902e-01 3.732183575630187988e-01 5.671751499176025391e-02 7.916922569274902344e-01 7.391324639320373535e-01 0.000000000000000000e+00 0.000000000000000000e+00 0.000000000000000000e+00
3.439044356346130371e-01 9.668471813201904297e-01 7.514476776123046875e-03 3.388401865959167480e-01 5.134766101837158203e-01 8.003603219985961914e-01 4.746218323707580566e-01 8.340085744857788086e-01 4.113305807113647461e-01 0.000000000000000000e+00 0.000000000000000000e+00 0.000000000000000000e+00
9.254181981086730957e-01 1.720980405807495117e-01 2.778335213661193848e-01 7.922222614288330078e-01 3.142883181571960449e-01 6.339567303657531738e-01 2.414913177490234375e-01 9.341942667961120605e-01 9.238476753234863281e-01 0.000000000000000000e+00 0.000000000000000000e+00 0.000000000000000000e+00
7.622263431549072266e-01 1.684859395027160645e-01 3.779953718185424805e-02 4.163058400154113770e-01 5.542566776275634766e-01 8.669555187225341797e-02 6.560618877410888672e-01 4.597894549369812012e-01 9.056929945945739746e-01 0.000000000000000000e+00 0.000000000000000000e+00 0.000000000000000000e+00
3.603653609752655029e-01 1.636514663696289062e-01 4.163603186607360840e-01 3.006394505500793457e-01 5.253140330314636230e-01 9.763261079788208008e-01 3.275404572486877441e-01 1.805197000503540039e-01 5.423277020454406738e-01 1.000000000000000000e+00 0.000000000000000000e+00 0.000000000000000000e+00
1.948807239532470703e-01 2.976061701774597168e-01 4.412231445312500000e-01 7.727545499801635742e-02 4.825115203857421875e-03 3.759243488311767578e-01 2.135428786277770996e-01 2.129166722297668457e-01 7.971193790435791016e-01 1.000000000000000000e+00 1.000000000000000000e+00 1.000000000000000000e+00
8.009621500968933105e-01 5.683928728103637695e-01 9.141510725021362305e-01 3.270550966262817383e-01 8.070241808891296387e-01 8.169780373573303223e-01 5.623639822006225586e-01 3.895119428634643555e-01 1.986443400382995605e-01 0.000000000000000000e+00 0.000000000000000000e+00 0.000000000000000000e+00
3.625423908233642578e-01 9.503600597381591797e-01 1.293721199035644531e-01 1.920880079269409180e-01 2.208428978919982910e-01 9.753752350807189941e-01 9.239483475685119629e-01 3.796464204788208008e-01 8.513061404228210449e-01 0.000000000000000000e+00 0.000000000000000000e+00 0.000000000000000000e+00
9.698707461357116699e-01 6.125398874282836914e-01 9.729481935501098633e-01 7.679468393325805664e-01 8.395267724990844727e-01 9.119021296501159668e-01 3.803488016128540039e-01 9.702628254890441895e-01 8.834766745567321777e-01 0.000000000000000000e+00 0.000000000000000000e+00 0.000000000000000000e+00
2.577044665813446045e-01 6.024106144905090332e-01 3.793309330940246582e-01 1.451528072357177734e-01 4.064202308654785156e-01 6.875327825546264648e-01 9.394317269325256348e-01 3.127858042716979980e-01 7.931768894195556641e-01 0.000000000000000000e+00 1.000000000000000000e+00 0.000000000000000000e+00
7.506385445594787598e-01 2.406983375549316406e-01 7.950682044029235840e-01 4.684555530548095703e-02 3.618458509445190430e-01 8.444260954856872559e-01 5.756205320358276367e-02 2.332475781440734863e-01 5.468253493309020996e-01 1.000000000000000000e+00 1.000000000000000000e+00 1.000000000000000000e+00
5.725978612899780273e-01 1.483545899391174316e-01 3.126135468482971191e-01 2.857484817504882812e-01 9.595243930816650391e-01 7.839230895042419434e-01 8.759021759033203125e-01 2.292747497558593750e-01 5.733731389045715332e-01 1.000000000000000000e+00 1.000000000000000000e+00 1.000000000000000000e+00
9.578137993812561035e-01 2.214753031730651855e-01 9.705154299736022949e-01 1.780006885528564453e-01 6.213185787200927734e-01 3.114989399909973145e-01 3.420489430427551270e-01 8.267728686332702637e-01 8.783405423164367676e-01 0.000000000000000000e+00 0.000000000000000000e+00 0.000000000000000000e+00
3.101572096347808838e-01 1.369292140007019043e-01 2.351732254028320312e-01 7.829344272613525391e-02 7.039295434951782227e-01 4.327618479728698730e-01 9.594341516494750977e-01 3.966234326362609863e-01 5.831118822097778320e-01 0.000000000000000000e+00 0.000000000000000000e+00 0.000000000000000000e+00
2.076947838068008423e-01 7.912291288375854492e-01 5.200755000114440918e-01 2.151117920875549316e-01 3.981977701187133789e-02 2.212201356887817383e-01 4.005032777786254883e-02 3.873395919799804688e-01 3.835350275039672852e-01 0.000000000000000000e+00 1.000000000000000000e+00 0.000000000000000000e+00
8.026841282844543457e-01 5.742728710174560547e-01 1.080992221832275391e-01 9.248525500297546387e-01 1.173493862152099609e-01 7.559809684753417969e-01 6.951870918273925781e-01 5.195627212524414062e-01 1.307285428047180176e-01 0.000000000000000000e+00 0.000000000000000000e+00 0.000000000000000000e+00
4.438535273075103760e-01 2.417703270912170410e-01 1.020365953445434570e-02 1.990457177162170410e-01 8.683313727378845215e-01 9.074413776397705078e-01 1.655142307281494141e-01 2.582174539566040039e-01 8.418600559234619141e-01 1.000000000000000000e+00 0.000000000000000000e+00 0.000000000000000000e+00
5.798830389976501465e-01 7.142682671546936035e-01 8.536916971206665039e-02 1.197142004966735840e-01 9.692637920379638672e-01 7.899444103240966797e-01 5.797065496444702148e-01 6.967329978942871094e-01 7.773371338844299316e-01 1.000000000000000000e+00 0.000000000000000000e+00 0.000000000000000000e+00
3.873915076255798340e-01 5.300040245056152344e-01 6.140834093093872070e-02 6.328020095825195312e-01 5.498731136322021484e-02 8.379926085472106934e-01 1.431508660316467285e-01 5.682370662689208984e-01 7.086285352706909180e-01 0.000000000000000000e+00 0.000000000000000000e+00 0.000000000000000000e+00
9.765822291374206543e-01 3.259456157684326172e-02 7.723226547241210938e-01 1.337872743606567383e-01 3.513087630271911621e-01 2.076882123947143555e-02 1.633291244506835938e-01 9.715309739112854004e-01 9.322888851165771484e-01 0.000000000000000000e+00 0.000000000000000000e+00 0.000000000000000000e+00
1.907180845737457275e-01 2.645595669746398926e-01 8.242172002792358398e-02 1.844274401664733887e-01 3.127926588058471680e-01 2.894663810729980469e-02 1.720325350761413574e-01 7.840339541435241699e-01 6.059946417808532715e-01 0.000000000000000000e+00 0.000000000000000000e+00 0.000000000000000000e+00
9.813562631607055664e-01 4.176355600357055664e-01 9.370130896568298340e-01 8.459446430206298828e-01 4.103206992149353027e-01 5.753552913665771484e-02 9.178286194801330566e-01 3.647701740264892578e-01 4.924410581588745117e-01 0.000000000000000000e+00 1.000000000000000000e+00 0.000000000000000000e+00
1.997580230236053467e-01 8.299736976623535156e-01 8.253872394561767578e-03 2.491444945335388184e-01 2.915481925010681152e-01 3.396498560905456543e-01 1.965749263763427734e-02 3.484662175178527832e-01 5.060514807701110840e-01 0.000000000000000000e+00 0.000000000000000000e+00 0.000000000000000000e+00
9.525652527809143066e-01 2.418772578239440918e-01 3.822326660156250000e-03 7.134880423545837402e-01 5.942812561988830566e-01 5.703046321868896484e-01 8.841341733932495117e-02 3.779552578926086426e-01 4.165445566177368164e-01 0.000000000000000000e+00 1.000000000000000000e+00 0.000000000000000000e+00
9.892485141754150391e-01 1.599826216697692871e-01 4.256203174591064453e-01 7.373504042625427246e-01 3.844204545021057129e-01 1.156526803970336914e-01 1.395857930183410645e-01 8.910253047943115234e-01 9.559109807014465332e-01 0.000000000000000000e+00 0.000000000000000000e+00 0.000000000000000000e+00
9.302639961242675781e-01 8.947169780731201172e-01 6.401246786117553711e-02 7.534495592117309570e-01 6.999967694282531738e-01 1.405670642852783203e-01 5.152137875556945801e-01 1.212733983993530273e-02 9.854596853256225586e-01 0.000000000000000000e+00 0.000000000000000000e+00 0.000000000000000000e+00
9.831358790397644043e-01 1.182059049606323242e-01 3.029386997222900391e-01 7.470281720161437988e-01 5.269051790237426758e-01 5.898880958557128906e-02 4.280691742897033691e-01 7.357580661773681641e-01 5.905581116676330566e-01 0.000000000000000000e+00 0.000000000000000000e+00 0.000000000000000000e+00
3.195385932922363281e-01 8.079004287719726562e-01 7.004559040069580078e-03 3.349498510360717773e-01 3.863103985786437988e-01 4.973705410957336426e-01 8.918994069099426270e-01 4.854460358619689941e-01 5.204703807830810547e-01 0.000000000000000000e+00 0.000000000000000000e+00 0.000000000000000000e+00
9.592947959899902344e-01 1.968705654144287109e-02 2.794146537780761719e-01 9.072894454002380371e-01 4.637265205383300781e-02 7.938755750656127930e-01 2.282458543777465820e-01 1.079864501953125000e-01 6.374476552009582520e-01 0.000000000000000000e+00 0.000000000000000000e+00 0.000000000000000000e+00
8.817468285560607910e-01 5.481000542640686035e-01 7.175220847129821777e-01 6.251188516616821289e-01 5.515167117118835449e-01 7.820767164230346680e-02 5.424450039863586426e-01 4.597975611686706543e-01 3.896126151084899902e-01 1.000000000000000000e+00 0.000000000000000000e+00 0.000000000000000000e+00
5.834656357765197754e-01 6.024118661880493164e-01 6.430576443672180176e-01 2.771849036216735840e-01 6.030569076538085938e-01 1.315703392028808594e-01 4.136381149291992188e-01 7.935775518417358398e-01 1.006473898887634277e-01 1.000000000000000000e+00 0.000000000000000000e+00 0.000000000000000000e+00
6.988330483436584473e-01 2.051000595092773438e-01 5.922959446907043457e-01 2.801126241683959961e-01 4.867932796478271484e-01 2.732319235801696777e-01 7.483069300651550293e-01 5.256152153015136719e-01 3.229254484176635742e-02 1.000000000000000000e+00 0.000000000000000000e+00 0.000000000000000000e+00
9.817209243774414062e-01 6.565034389495849609e-03 8.449758291244506836e-01 4.767675995826721191e-01 7.904546856880187988e-01 4.506554603576660156e-01 7.971090078353881836e-01 8.515910506248474121e-01 2.994833588600158691e-01 0.000000000000000000e+00 0.000000000000000000e+00 0.000000000000000000e+00
9.810663461685180664e-01 4.176028370857238770e-01 4.165812730789184570e-01 8.148860931396484375e-01 8.979715704917907715e-01 9.013086557388305664e-02 6.637959480285644531e-01 9.233227372169494629e-01 3.613183498382568359e-01 0.000000000000000000e+00 0.000000000000000000e+00 0.000000000000000000e+00
8.878526091575622559e-01 3.447153568267822266e-01 7.314405441284179688e-01 1.698234081268310547e-01 6.326674818992614746e-01 3.636426329612731934e-01 4.888552427291870117e-01 3.080710768699645996e-01 3.372335433959960938e-01 0.000000000000000000e+00 0.000000000000000000e+00 0.000000000000000000e+00
8.493158817291259766e-01 9.682741165161132812e-01 8.196372389793395996e-01 7.905309796333312988e-01 9.158352017402648926e-01 2.759104967117309570e-01 8.074326515197753906e-01 8.345569372177124023e-01 4.490443468093872070e-01 1.000000000000000000e+00 0.000000000000000000e+00 0.000000000000000000e+00
7.116053700447082520e-01 5.317933559417724609e-01 9.148660898208618164e-01 4.041928052902221680e-02 5.632447004318237305e-01 7.472817301750183105e-01 4.443921446800231934e-01 5.671557188034057617e-01 6.221126317977905273e-01 1.000000000000000000e+00 0.000000000000000000e+00 0.000000000000000000e+00
7.480421066284179688e-01 4.527168869972229004e-01 7.038003206253051758e-02 3.934967517852783203e-01 8.895018100738525391e-01 6.784775853157043457e-01 9.590166807174682617e-01 9.587833285331726074e-01 8.243238925933837891e-01 0.000000000000000000e+00 0.000000000000000000e+00 0.000000000000000000e+00
3.219595253467559814e-01 5.977839231491088867e-02 4.599187374114990234e-01 2.941190004348754883e-01 6.362175941467285156e-02 9.447015523910522461e-01 5.329211354255676270e-01 6.354923248291015625e-01 2.421715259552001953e-01 0.000000000000000000e+00 0.000000000000000000e+00 0.000000000000000000e+00
4.340454041957855225e-01 2.279821634292602539e-01 5.451391339302062988e-01 3.028362989425659180e-01 3.010374307632446289e-02 2.753856182098388672e-01 9.372686147689819336e-01 9.457221031188964844e-01 8.063197135925292969e-01 1.000000000000000000e+00 0.000000000000000000e+00 0.000000000000000000e+00
9.965818524360656738e-01 2.655535936355590820e-01 7.902392745018005371e-01 8.515542745590209961e-01 7.711353898048400879e-01 8.580243587493896484e-02 1.822389960289001465e-01 3.781119585037231445e-01 8.824459910392761230e-01 0.000000000000000000e+00 0.000000000000000000e+00 0.000000000000000000e+00
3.420945703983306885e-01 5.991599559783935547e-01 1.048728227615356445e-01 2.801176905632019043e-01 3.301350474357604980e-01 3.463966846466064453e-01 7.650798559188842773e-02 2.795074582099914551e-01 5.575749874114990234e-01 1.000000000000000000e+00 0.000000000000000000e+00 0.000000000000000000e+00
5.232461690902709961e-01 4.471527338027954102e-01 2.275393009185791016e-01 1.817770004272460938e-01 4.845341444015502930e-01 2.640856504440307617e-01 6.782251000404357910e-01 6.754864454269409180e-01 7.506463527679443359e-01 0.000000000000000000e+00 0.000000000000000000e+00 0.000000000000000000e+00
7.248762845993041992e-01 9.490107297897338867e-01 3.428045511245727539e-01 7.200366258621215820e-01 9.049295186996459961e-01 8.662738800048828125e-01 3.860888481140136719e-01 7.185915708541870117e-01 1.380499005317687988e-01 0.000000000000000000e+00 0.000000000000000000e+00 0.000000000000000000e+00
2.407858967781066895e-01 5.236274003982543945e-01 3.767668604850769043e-01 1.014655828475952148e-01 1.209792494773864746e-01 2.717359662055969238e-01 3.254057765007019043e-01 3.037064075469970703e-01 7.729160785675048828e-01 0.000000000000000000e+00 1.000000000000000000e+00 0.000000000000000000e+00
6.249575018882751465e-01 1.048765182495117188e-01 6.824355721473693848e-01 1.495440006256103516e-01 4.523004889488220215e-01 9.456725716590881348e-01 8.832443356513977051e-01 1.571028828620910645e-01 3.104540705680847168e-01 1.000000000000000000e+00 0.000000000000000000e+00 0.000000000000000000e+00
6.631020307540893555e-01 6.402940154075622559e-01 7.370120286941528320e-01 7.058238387107849121e-01 5.384802818298339844e-01 5.622137188911437988e-01 7.616895437240600586e-01 1.308985352516174316e-01 8.588789105415344238e-01 0.000000000000000000e+00 0.000000000000000000e+00 0.000000000000000000e+00
8.649688363075256348e-01 3.892817497253417969e-01 6.666504740715026855e-01 8.207501173019409180e-01 4.416745305061340332e-01 8.167558312416076660e-01 4.703656435012817383e-01 1.475703716278076172e-01 6.902729868888854980e-01 0.000000000000000000e+00 0.000000000000000000e+00 0.000000000000000000e+00
8.135962486267089844e-01 7.406296730041503906e-01 9.221569895744323730e-01 5.282135009765625000e-01 8.954169750213623047e-01 8.641256690025329590e-01 5.968606472015380859e-02 7.377831935882568359e-01 4.805081486701965332e-01 0.000000000000000000e+00 0.000000000000000000e+00 0.000000000000000000e+00
9.698960781097412109e-01 5.700823664665222168e-01 5.445579290390014648e-01 9.509354829788208008e-01 7.992489337921142578e-01 3.118081688880920410e-01 2.101740241050720215e-01 1.579493880271911621e-01 2.280157804489135742e-01 0.000000000000000000e+00 0.000000000000000000e+00 0.000000000000000000e+00
5.411162972450256348e-01 6.969637870788574219e-01 2.468230724334716797e-01 6.642314195632934570e-01 7.987327575683593750e-01 4.149389863014221191e-01 2.821274995803833008e-01 3.388059139251708984e-01 1.041909456253051758e-01 1.000000000000000000e+00 0.000000000000000000e+00 0.000000000000000000e+00
6.349051594734191895e-01 9.708204269409179688e-01 1.949782371520996094e-01 7.897000908851623535e-01 3.936150074005126953e-01 6.039757132530212402e-01 4.279851913452148438e-02 9.394248723983764648e-01 4.630071520805358887e-01 0.000000000000000000e+00 0.000000000000000000e+00 0.000000000000000000e+00
7.123348712921142578e-01 9.454787969589233398e-01 1.786770224571228027e-01 8.250886797904968262e-01 2.036921381950378418e-01 3.567462563514709473e-01 3.502330780029296875e-01 5.497596263885498047e-01 7.249023318290710449e-01 0.000000000000000000e+00 0.000000000000000000e+00 0.000000000000000000e+00
2.917568683624267578e-01 3.015205264091491699e-01 2.184181809425354004e-01 2.824086546897888184e-01 8.248709440231323242e-01 8.911672234535217285e-01 8.518422842025756836e-01 4.586107134819030762e-01 4.045116901397705078e-02 0.000000000000000000e+00 0.000000000000000000e+00 0.000000000000000000e+00
2.459738701581954956e-01 4.752815365791320801e-01 3.855462074279785156e-01 1.866781115531921387e-01 5.465676188468933105e-01 6.048902273178100586e-01 8.831766247749328613e-01 3.335201144218444824e-01 3.372597098350524902e-01 0.000000000000000000e+00 0.000000000000000000e+00 0.000000000000000000e+00
9.146284461021423340e-01 4.741136431694030762e-01 9.769124388694763184e-01 8.527104854583740234e-01 8.247380256652832031e-01 9.096137285232543945e-01 4.163265824317932129e-01 4.424922466278076172e-01 2.611764073371887207e-01 0.000000000000000000e+00 1.000000000000000000e+00 0.000000000000000000e+00
3.945059180259704590e-01 4.045946002006530762e-01 4.724494814872741699e-01 4.664074182510375977e-01 5.981673598289489746e-01 9.541887044906616211e-01 6.675779223442077637e-01 8.915643692016601562e-01 6.310820579528808594e-02 0.000000000000000000e+00 0.000000000000000000e+00 0.000000000000000000e+00
4.371795356273651123e-01 9.372448325157165527e-01 7.741443514823913574e-01 3.932846188545227051e-01 3.966296911239624023e-01 9.031314849853515625e-01 8.259455561637878418e-01 4.667043685913085938e-03 1.263400316238403320e-01 0.000000000000000000e+00 0.000000000000000000e+00 0.000000000000000000e+00
7.418594360351562500e-01 2.799250483512878418e-01 6.532634496688842773e-01 5.357903242111206055e-01 1.948727369308471680e-01 7.009460926055908203e-01 1.962581872940063477e-01 7.271792292594909668e-01 9.622421264648437500e-01 0.000000000000000000e+00 0.000000000000000000e+00 0.000000000000000000e+00
6.800407767295837402e-01 2.724859118461608887e-01 7.060617804527282715e-01 1.032966375350952148e-02 3.294898271560668945e-01 4.348872900009155273e-01 4.947104454040527344e-01 4.188368320465087891e-01 9.915845990180969238e-01 1.000000000000000000e+00 1.000000000000000000e+00 1.000000000000000000e+00
8.478041887283325195e-01 2.302784323692321777e-01 3.799494504928588867e-01 6.397120952606201172e-01 6.358731389045715332e-01 3.219434022903442383e-01 3.042832016944885254e-01 3.363249897956848145e-01 8.976161479949951172e-02 0.000000000000000000e+00 0.000000000000000000e+00 0.000000000000000000e+00
8.470121026039123535e-01 8.528702855110168457e-01 9.990693926811218262e-01 8.669193387031555176e-01 5.506361126899719238e-01 2.476146221160888672e-01 5.021148324012756348e-01 5.728170871734619141e-01 2.390617132186889648e-01 0.000000000000000000e+00 0.000000000000000000e+00 0.000000000000000000e+00
5.471889376640319824e-01 7.319614291191101074e-01 3.907855749130249023e-01 4.401321411132812500e-01 9.079110622406005859e-01 5.702176094055175781e-01 3.241646289825439453e-01 1.484576463699340820e-01 8.622815608978271484e-01 1.000000000000000000e+00 0.000000000000000000e+00 0.000000000000000000e+00
7.063274979591369629e-01 8.108932375907897949e-01 8.090767860412597656e-01 8.042109012603759766e-02 9.344842433929443359e-01 3.785312175750732422e-01 2.259810566902160645e-01 2.348885536193847656e-01 8.526931405067443848e-01 1.000000000000000000e+00 0.000000000000000000e+00 0.000000000000000000e+00
8.983432650566101074e-01 7.463836669921875000e-02 5.765722990036010742e-01 3.997578620910644531e-01 8.779895305633544922e-01 7.924119234085083008e-01 5.294141769409179688e-01 1.791666150093078613e-01 7.421852350234985352e-01 0.000000000000000000e+00 1.000000000000000000e+00 0.000000000000000000e+00
9.529184699058532715e-01 1.483498215675354004e-01 3.320577144622802734e-01 6.408838033676147461e-01 6.190745830535888672e-01 1.880829930305480957e-01 6.942573189735412598e-01 7.780330181121826172e-01 1.015520691871643066e-01 0.000000000000000000e+00 1.000000000000000000e+00 0.000000000000000000e+00
5.182052850723266602e-01 7.887591123580932617e-01 2.805405855178833008e-01 7.298609018325805664e-01 5.124241113662719727e-02 3.321907520294189453e-01 8.810941576957702637e-01 4.538102746009826660e-01 4.321187734603881836e-02 0.000000000000000000e+00 0.000000000000000000e+00 0.000000000000000000e+00
7.505761981010437012e-01 5.620443820953369141e-02 4.919083118438720703e-01 6.052863597869873047e-02 8.440757989883422852e-01 5.181487798690795898e-01 7.569789886474609375e-03 1.825931072235107422e-01 5.742498636245727539e-01 1.000000000000000000e+00 0.000000000000000000e+00 0.000000000000000000e+00
6.584466695785522461e-01 3.332443833351135254e-01 3.205750584602355957e-01 4.790785312652587891e-01 7.080010771751403809e-01 8.202091455459594727e-01 8.907259106636047363e-01 9.109752774238586426e-01 8.655371069908142090e-01 0.000000000000000000e+00 0.000000000000000000e+00 0.000000000000000000e+00
3.517889678478240967e-01 9.979252219200134277e-01 2.446056604385375977e-01 2.478259205818176270e-01 5.009426474571228027e-01 8.889333605766296387e-01 1.110929250717163086e-01 6.695581674575805664e-01 3.579370975494384766e-01 0.000000000000000000e+00 0.000000000000000000e+00 0.000000000000000000e+00
7.490981817245483398e-01 7.349391579627990723e-01 2.971886396408081055e-01 5.889347195625305176e-01 9.091742038726806641e-01 2.677869200706481934e-01 5.363561511039733887e-01 6.597039103507995605e-01 8.270472288131713867e-01 0.000000000000000000e+00 0.000000000000000000e+00 0.000000000000000000e+00
2.862705290317535400e-01 9.706639647483825684e-01 5.184330344200134277e-01 7.368210554122924805e-01 9.537822008132934570e-02 4.508885145187377930e-01 4.921401739120483398e-01 2.890747785568237305e-01 2.631563544273376465e-01 0.000000000000000000e+00 0.000000000000000000e+00 0.000000000000000000e+00
9.782508611679077148e-01 7.559061050415039062e-04 9.511866569519042969e-01 7.362567186355590820e-01 3.204463124275207520e-01 5.630364418029785156e-01 6.055240631103515625e-01 5.339739322662353516e-01 8.251429796218872070e-01 0.000000000000000000e+00 0.000000000000000000e+00 0.000000000000000000e+00
1.481005996465682983e-01 1.265746355056762695e-01 3.843852877616882324e-01 2.937743663787841797e-01 5.539226531982421875e-02 5.444740653038024902e-01 9.139539003372192383e-01 8.020204305648803711e-01 1.098728179931640625e-01 1.000000000000000000e+00 0.000000000000000000e+00 0.000000000000000000e+00
3.986982405185699463e-01 9.327692985534667969e-01 3.222773671150207520e-01 4.344303011894226074e-01 2.222266197204589844e-01 7.375011444091796875e-01 8.278642892837524414e-01 3.750942945480346680e-01 5.315883755683898926e-01 0.000000000000000000e+00 0.000000000000000000e+00 0.000000000000000000e+00
4.770928025245666504e-01 1.320191025733947754e-01 3.315912485122680664e-01 3.514518737792968750e-01 1.467961072921752930e-02 9.806387424468994141e-01 3.068510890007019043e-01 5.869558453559875488e-01 4.563276171684265137e-01 1.000000000000000000e+00 0.000000000000000000e+00 0.000000000000000000e+00
8.023206591606140137e-01 5.823442935943603516e-01 1.670905351638793945e-01 8.610603809356689453e-01 1.606107354164123535e-01 5.413025617599487305e-01 5.146710276603698730e-01 4.153865575790405273e-01 4.553449749946594238e-01 1.000000000000000000e+00 0.000000000000000000e+00 0.000000000000000000e+00
9.314829707145690918e-01 5.798987150192260742e-01 3.348845243453979492e-01 7.785186171531677246e-01 6.468502879142761230e-01 3.079670667648315430e-01 8.262051939964294434e-01 4.625472426414489746e-01 2.728891372680664062e-01 0.000000000000000000e+00 1.000000000000000000e+00 0.000000000000000000e+00
5.410568118095397949e-01 1.016380190849304199e-01 3.082489371299743652e-01 2.898204922676086426e-01 7.482510805130004883e-01 1.606348156929016113e-01 1.241519451141357422e-01 1.320903897285461426e-01 4.429090023040771484e-02 0.000000000000000000e+00 0.000000000000000000e+00 0.000000000000000000e+00
9.192792773246765137e-01 6.992563009262084961e-01 9.756864905357360840e-01 9.728952646255493164e-01 4.694215655326843262e-01 3.208655118942260742e-01 5.662429332733154297e-01 2.027378678321838379e-01 1.030465364456176758e-01 1.000000000000000000e+00 0.000000000000000000e+00 0.000000000000000000e+00
8.139452338218688965e-01 5.908326506614685059e-01 8.735932707786560059e-01 8.743255138397216797e-01 3.968752622604370117e-01 5.597250461578369141e-01 7.347912192344665527e-01 8.405373096466064453e-01 7.976108789443969727e-02 1.000000000000000000e+00 0.000000000000000000e+00 0.000000000000000000e+00
6.588528752326965332e-01 8.988000750541687012e-01 6.698173284530639648e-01 5.046423673629760742e-01 5.382447838783264160e-01 7.735509872436523438e-01 3.199516534805297852e-01 6.728031635284423828e-01 6.525563001632690430e-01 1.000000000000000000e+00 0.000000000000000000e+00 0.000000000000000000e+00
1.874862760305404663e-01 7.336846590042114258e-01 7.213988900184631348e-01 1.322579383850097656e-01 8.288973569869995117e-02 1.515933871269226074e-01 8.971552848815917969e-01 2.426387071609497070e-01 3.055045008659362793e-01 0.000000000000000000e+00 1.000000000000000000e+00 0.000000000000000000e+00
3.672932386398315430e-01 3.470416665077209473e-01 2.575382590293884277e-01 4.777371883392333984e-01 2.339375019073486328e-01 6.177139878273010254e-01 2.487098574638366699e-01 1.659466028213500977e-01 3.742458224296569824e-01 0.000000000000000000e+00 0.000000000000000000e+00 0.000000000000000000e+00
1.136247739195823669e-01 9.913700222969055176e-01 7.565855383872985840e-01 1.561467051506042480e-01 4.845953583717346191e-01 7.553956508636474609e-01 2.600316405296325684e-01 4.231132268905639648e-01 5.492503643035888672e-01 0.000000000000000000e+00 1.000000000000000000e+00 0.000000000000000000e+00
2.890127897262573242e-01 5.887596607208251953e-01 5.571883320808410645e-01 2.737258076667785645e-01 6.086617112159729004e-01 7.044572234153747559e-01 8.788145184516906738e-01 1.016111969947814941e-01 6.423464417457580566e-01 0.000000000000000000e+00 1.000000000000000000e+00 0.000000000000000000e+00
4.878233373165130615e-01 9.490165114402770996e-01 9.051964282989501953e-01 1.700677871704101562e-01 5.557780265808105469e-01 5.623787045478820801e-01 5.343296527862548828e-01 3.044908642768859863e-01 1.988098621368408203e-01 1.000000000000000000e+00 0.000000000000000000e+00 0.000000000000000000e+00
9.877958297729492188e-01 2.332867980003356934e-01 4.433087706565856934e-01 9.675139188766479492e-01 7.353971600532531738e-01 6.495059728622436523e-01 7.787383794784545898e-01 7.972180843353271484e-02 4.407089948654174805e-02 0.000000000000000000e+00 1.000000000000000000e+00 0.000000000000000000e+00
9.935259819030761719e-01 2.552604079246520996e-01 9.256775379180908203e-01 6.812276244163513184e-01 2.751504182815551758e-01 1.596016883850097656e-01 7.511131167411804199e-01 1.185413599014282227e-01 8.154539465904235840e-01 0.000000000000000000e+00 0.000000000000000000e+00 0.000000000000000000e+00
1.805868148803710938e-01 5.123211145401000977e-01 9.583753347396850586e-02 2.089228034019470215e-01 1.767756938934326172e-01 3.448024392127990723e-01 3.408715724945068359e-01 2.865267992019653320e-01 6.112185716629028320e-01 0.000000000000000000e+00 0.000000000000000000e+00 0.000000000000000000e+00
9.611610174179077148e-01 2.072567343711853027e-01 9.789040088653564453e-01 8.731068372726440430e-01 4.802154898643493652e-01 9.200901389122009277e-01 5.215926766395568848e-01 1.144654154777526855e-01 6.130589246749877930e-01 0.000000000000000000e+00 1.000000000000000000e+00 0.000000000000000000e+00
6.222326159477233887e-01 8.281322121620178223e-01 5.549734830856323242e-01 8.829982280731201172e-01 6.238991022109985352e-02 6.386283636093139648e-01 3.454575538635253906e-01 1.076705455780029297e-01 6.624032258987426758e-01 1.000000000000000000e+00 0.000000000000000000e+00 0.000000000000000000e+00
2.232790440320968628e-01 4.151934981346130371e-01 4.057786464691162109e-01 1.847874522209167480e-01 5.406894087791442871e-01 2.336081266403198242e-01 2.079966068267822266e-01 2.917883992195129395e-01 4.246930480003356934e-01 1.000000000000000000e+00 1.000000000000000000e+00 1.000000000000000000e+00
5.579516887664794922e-01 6.348170638084411621e-01 1.923406124114990234e-02 7.360172271728515625e-01 1.055144667625427246e-01 3.698087334632873535e-01 2.197484374046325684e-01 9.941086173057556152e-01 1.384596824645996094e-01 1.000000000000000000e+00 0.000000000000000000e+00 0.000000000000000000e+00
6.326357722282409668e-01 2.763518691062927246e-01 5.294770598411560059e-01 2.623153328895568848e-01 8.630757331848144531e-01 8.418504595756530762e-01 3.269543647766113281e-01 8.681015372276306152e-01 1.554660201072692871e-01 1.000000000000000000e+00 1.000000000000000000e+00 1.000000000000000000e+00
9.878227710723876953e-01 4.884117841720581055e-02 7.877161502838134766e-01 5.624211430549621582e-01 8.734282851219177246e-01 9.511119127273559570e-02 1.672948598861694336e-01 1.982214450836181641e-01 5.169256329536437988e-01 0.000000000000000000e+00 0.000000000000000000e+00 0.000000000000000000e+00
6.675742864608764648e-01 9.924114346504211426e-01 8.358507752418518066e-01 8.087671399116516113e-01 4.990012049674987793e-01 1.068120002746582031e-01 9.369480013847351074e-01 7.834897041320800781e-01 2.958907485008239746e-01 0.000000000000000000e+00 0.000000000000000000e+00 0.000000000000000000e+00
5.400195717811584473e-01 5.906847715377807617e-01 1.877803206443786621e-01 6.771837472915649414e-01 1.342700123786926270e-01 9.859581589698791504e-01 4.514058232307434082e-01 5.371720790863037109e-01 3.842371106147766113e-01 1.000000000000000000e+00 0.000000000000000000e+00 0.000000000000000000e+00
1.209911555051803589e-01 6.382243037223815918e-01 2.649828195571899414e-01 1.019012331962585449e-01 8.117949962615966797e-02 3.241282701492309570e-02 4.263352155685424805e-01 5.625471472740173340e-01 1.116870045661926270e-01 1.000000000000000000e+00 1.000000000000000000e+00 1.000000000000000000e+00
4.296296238899230957e-01 4.192926287651062012e-01 1.473240256309509277e-01 2.710388302803039551e-01 6.659354567527770996e-01 9.102560281753540039e-01 9.795534610748291016e-02 5.255762934684753418e-01 5.225552320480346680e-01 0.000000000000000000e+00 0.000000000000000000e+00 0.000000000000000000e+00
8.645302653312683105e-01 9.067225456237792969e-01 1.470770835876464844e-01 2.422615885734558105e-01 9.795866608619689941e-01 1.547815799713134766e-01 6.433413028717041016e-01 5.239266753196716309e-01 4.820973873138427734e-01 0.000000000000000000e+00 0.000000000000000000e+00 0.000000000000000000e+00
1.840779036283493042e-01 7.431671619415283203e-01 1.837306022644042969e-01 3.263372182846069336e-02 2.900514006614685059e-01 3.611186146736145020e-01 6.252947449684143066e-01 4.248849153518676758e-01 9.032795429229736328e-01 0.000000000000000000e+00 0.000000000000000000e+00 0.000000000000000000e+00
6.904898285865783691e-01 8.185218572616577148e-01 4.583687186241149902e-01 6.968517303466796875e-01 7.787239551544189453e-01 4.604960083961486816e-01 4.185422658920288086e-01 7.595755457878112793e-01 6.685593128204345703e-01 0.000000000000000000e+00 0.000000000000000000e+00 0.000000000000000000e+00
9.522253274917602539e-01 4.217315316200256348e-01 9.948110580444335938e-01 8.233588337898254395e-01 3.022332191467285156e-01 6.357957124710083008e-01 9.336105585098266602e-01 1.933158040046691895e-01 7.558289766311645508e-01 0.000000000000000000e+00 0.000000000000000000e+00 0.000000000000000000e+00
9.326097369194030762e-01 1.175903081893920898e-01 6.979516148567199707e-01 1.488126516342163086e-01 8.493079543113708496e-01 8.343614339828491211e-01 7.984379529953002930e-01 2.242218852043151855e-01 1.719866394996643066e-01 0.000000000000000000e+00 0.000000000000000000e+00 0.000000000000000000e+00
6.611320972442626953e-01 3.219241499900817871e-01 4.545388817787170410e-01 4.932379126548767090e-01 4.693406224250793457e-01 8.070955872535705566e-01 2.728343605995178223e-01 1.752793788909912109e-03 7.267340421676635742e-01 0.000000000000000000e+00 0.000000000000000000e+00 0.000000000000000000e+00
8.536090254783630371e-01 7.444331645965576172e-01 7.908004522323608398e-02 5.429992675781250000e-01 9.273071289062500000e-01 3.495023846626281738e-01 4.747601747512817383e-01 3.126007318496704102e-02 6.801197528839111328e-01 0.000000000000000000e+00 0.000000000000000000e+00 0.000000000000000000e+00
1.286723464727401733e-01 3.713079690933227539e-01 3.202127814292907715e-01 1.243018507957458496e-01 2.808794975280761719e-01 5.741254687309265137e-01 1.320969462394714355e-01 8.355262875556945801e-01 8.609759807586669922e-02 0.000000000000000000e+00 0.000000000000000000e+00 0.000000000000000000e+00
8.811219930648803711e-01 9.015142917633056641e-03 1.668390035629272461e-01 5.638127326965332031e-01 4.004510045051574707e-01 8.491329550743103027e-01 5.260935425758361816e-01 6.638413667678833008e-02 5.566000342369079590e-01 0.000000000000000000e+00 0.000000000000000000e+00 0.000000000000000000e+00
9.533847868442535400e-02 1.238220930099487305e-01 2.092478275299072266e-01 7.226610183715820312e-02 1.789926886558532715e-01 4.446889758110046387e-01 7.873578071594238281e-01 9.001658558845520020e-01 4.097861051559448242e-01 1.000000000000000000e+00 1.000000000000000000e+00 1.000000000000000000e+00
9.843400716781616211e-01 1.038428544998168945e-01 9.322606921195983887e-01 7.207623124122619629e-01 9.236677289009094238e-01 9.913794994354248047e-01 8.550574779510498047e-01 3.587873578071594238e-01 5.381568074226379395e-01 0.000000000000000000e+00 0.000000000000000000e+00 0.000000000000000000e+00
8.712067008018493652e-01 1.681070923805236816e-01 1.110282540321350098e-01 6.681264042854309082e-01 1.556314826011657715e-01 7.669228911399841309e-01 9.511443972587585449e-01 1.176456212997436523e-01 8.019372820854187012e-01 0.000000000000000000e+00 1.000000000000000000e+00 0.000000000000000000e+00
5.705714225769042969e-01 3.399490118026733398e-01 6.885629892349243164e-02 8.274594545364379883e-01 2.118945121765136719e-04 9.832729697227478027e-01 8.354098796844482422e-01 3.206132650375366211e-01 7.185633778572082520e-01 1.000000000000000000e+00 0.000000000000000000e+00 0.000000000000000000e+00
2.513178288936614990e-01 9.817135930061340332e-01 8.688671588897705078e-01 2.380970716476440430e-01 5.885198712348937988e-01 5.208193659782409668e-01 7.141529917716979980e-01 7.600241303443908691e-01 8.524441719055175781e-02 0.000000000000000000e+00 0.000000000000000000e+00 0.000000000000000000e+00
7.964565753936767578e-01 1.764720082283020020e-01 6.599520444869995117e-01 1.659018993377685547e-01 4.254291057586669922e-01 6.766075491905212402e-01 6.702592968940734863e-01 6.316572427749633789e-02 1.302047967910766602e-01 1.000000000000000000e+00 1.000000000000000000e+00 1.000000000000000000e+00
9.175457358360290527e-01 9.532507658004760742e-01 6.442402005195617676e-01 9.332564473152160645e-01 9.470734596252441406e-01 6.827737689018249512e-01 8.919336795806884766e-01 8.916100859642028809e-01 5.727748274803161621e-01 1.000000000000000000e+00 1.000000000000000000e+00 1.000000000000000000e+00
6.572682857513427734e-01 1.023606657981872559e-01 3.710255622863769531e-01 7.430350780487060547e-02 8.099000453948974609e-01 5.922074317932128906e-01 6.143426299095153809e-01 1.336622238159179688e-02 7.970710992813110352e-01 1.000000000000000000e+00 0.000000000000000000e+00 0.000000000000000000e+00
8.965663909912109375e-01 2.943783402442932129e-01 5.371651053428649902e-01 7.773140668869018555e-01 5.070991516113281250e-01 7.856065630912780762e-01 3.880753517150878906e-01 6.057634949684143066e-01 5.596177577972412109e-01 1.000000000000000000e+00 0.000000000000000000e+00 0.000000000000000000e+00
9.580251574516296387e-01 2.586005330085754395e-01 1.364032626152038574e-01 8.574766516685485840e-01 6.327626109123229980e-01 5.039139986038208008e-01 9.343473315238952637e-01 6.018907427787780762e-01 6.402293443679809570e-01 0.000000000000000000e+00 0.000000000000000000e+00 0.000000000000000000e+00
2.773006558418273926e-01 4.770597219467163086e-01 4.740764498710632324e-01 4.406620860099792480e-01 1.273778676986694336e-01 3.592050075531005859e-01 9.235370159149169922e-01 8.700937032699584961e-02 8.221851587295532227e-01 0.000000000000000000e+00 1.000000000000000000e+00 0.000000000000000000e+00
7.521449327468872070e-01 9.501753449440002441e-01 5.595939159393310547e-01 1.847597360610961914e-01 9.177768826484680176e-01 6.420568227767944336e-01 3.245478272438049316e-01 4.918611645698547363e-01 7.355494499206542969e-01 1.000000000000000000e+00 0.000000000000000000e+00 0.000000000000000000e+00
5.670066475868225098e-01 6.408516764640808105e-01 6.726548671722412109e-01 4.834364652633666992e-01 2.498368024826049805e-01 4.091662168502807617e-01 6.778954267501831055e-01 1.271598935127258301e-01 8.919075131416320801e-01 0.000000000000000000e+00 0.000000000000000000e+00 0.000000000000000000e+00
8.690027594566345215e-01 7.983611822128295898e-01 4.204151630401611328e-01 4.534808993339538574e-01 8.824619650840759277e-01 6.113916635513305664e-02 6.413527727127075195e-01 6.438171863555908203e-01 8.089864850044250488e-01 0.000000000000000000e+00 0.000000000000000000e+00 0.000000000000000000e+00
8.357511162757873535e-01 8.120470046997070312e-01 3.344333767890930176e-01 4.271403551101684570e-01 8.294826745986938477e-01 2.964634299278259277e-01 4.669790267944335938e-01 6.207166314125061035e-01 6.652524471282958984e-01 0.000000000000000000e+00 0.000000000000000000e+00 0.000000000000000000e+00
9.364627003669738770e-01 5.972890257835388184e-01 6.792711615562438965e-01 7.921324968338012695e-01 9.822964072227478027e-01 5.989873409271240234e-01 5.982841849327087402e-01 9.040730595588684082e-01 1.238423585891723633e-01 0.000000000000000000e+00 1.000000000000000000e+00 0.000000000000000000e+00
8.251412510871887207e-01 8.049485683441162109e-01 3.603970408439636230e-01 8.853012323379516602e-01 3.141992688179016113e-01 1.870877742767333984e-01 1.689649820327758789e-01 5.438005924224853516e-01 2.355720400810241699e-01 1.000000000000000000e+00 1.000000000000000000e+00 1.000000000000000000e+00
9.548907279968261719e-01 8.105179667472839355e-01 6.842789649963378906e-01 7.538437843322753906e-01 9.894910454750061035e-01 2.482652664184570312e-03 8.328813314437866211e-01 4.699044227600097656e-01 5.901384949684143066e-01 0.000000000000000000e+00 0.000000000000000000e+00 0.000000000000000000e+00
9.983129501342773438e-01 3.175944089889526367e-02 3.504245281219482422e-01 9.817623496055603027e-01 6.401467919349670410e-01 3.343918919563293457e-01 6.630610227584838867e-01 4.436714053153991699e-01 3.945471644401550293e-01 0.000000000000000000e+00 1.000000000000000000e+00 0.000000000000000000e+00
5.915898084640502930e-01 7.452229857444763184e-01 4.705567955970764160e-01 6.599707603454589844e-01 1.894229650497436523e-01 4.584000110626220703e-01 3.122118115425109863e-01 9.595330357551574707e-01 8.475674390792846680e-01 1.000000000000000000e+00 0.000000000000000000e+00 0.000000000000000000e+00
5.009720921516418457e-01 3.777053952217102051e-01 1.328274607658386230e-01 3.845410943031311035e-01 6.854221224784851074e-01 8.364595770835876465e-01 1.998428702354431152e-01 8.131264448165893555e-01 7.544259428977966309e-01 0.000000000000000000e+00 0.000000000000000000e+00 0.000000000000000000e+00
5.017758011817932129e-01 1.656231284141540527e-01 6.075752973556518555e-01 9.048461914062500000e-03 2.820597290992736816e-01 5.734634995460510254e-01 3.598493337631225586e-02 2.836083769798278809e-01 9.865581989288330078e-02 0.000000000000000000e+00 1.000000000000000000e+00 0.000000000000000000e+00
3.495393097400665283e-01 3.983463048934936523e-01 4.413712024688720703e-02 9.036201238632202148e-02 6.445829272270202637e-01 9.293463826179504395e-01 9.335802197456359863e-01 3.292354941368103027e-01 9.475945830345153809e-01 1.000000000000000000e+00 1.000000000000000000e+00 1.000000000000000000e+00
9.339538216590881348e-01 8.717452883720397949e-01 6.308377981185913086e-01 8.090614080429077148e-01 9.539622664451599121e-01 7.958788275718688965e-01 6.883778572082519531e-01 6.714570522308349609e-01 9.013118743896484375e-01 0.000000000000000000e+00 0.000000000000000000e+00 0.000000000000000000e+00
5.400846004486083984e-01 7.422604560852050781e-01 1.043209433555603027e-01 7.045323848724365234e-01 2.989003658294677734e-01 2.476558089256286621e-01 6.945794820785522461e-01 4.943835735321044922e-02 4.192326664924621582e-01 0.000000000000000000e+00 0.000000000000000000e+00 0.000000000000000000e+00
3.897179067134857178e-01 3.174015879631042480e-01 6.080507636070251465e-01 8.481568098068237305e-02 2.240002751350402832e-01 4.150219559669494629e-01 3.767583370208740234e-01 9.803646802902221680e-02 5.801056027412414551e-01 0.000000000000000000e+00 0.000000000000000000e+00 0.000000000000000000e+00
5.541987419128417969e-01 8.529299497604370117e-01 9.886593222618103027e-01 7.152232527732849121e-01 6.842108964920043945e-01 4.907082319259643555e-01 5.124108791351318359e-01 5.385041236877441406e-01 8.952093124389648438e-02 0.000000000000000000e+00 0.000000000000000000e+00 0.000000000000000000e+00
9.907287359237670898e-01 5.373340845108032227e-02 5.357210040092468262e-01 6.946698427200317383e-01 8.229802250862121582e-01 4.875329732894897461e-01 5.481538772583007812e-01 6.573591232299804688e-01 9.307725429534912109e-01 0.000000000000000000e+00 0.000000000000000000e+00 0.000000000000000000e+00
6.195877790451049805e-01 6.308426856994628906e-01 4.519325494766235352e-01 1.002869009971618652e-01 7.971998453140258789e-01 3.404148221015930176e-01 3.081972002983093262e-01 1.289298534393310547e-01 4.529963135719299316e-01 0.000000000000000000e+00 0.000000000000000000e+00 0.000000000000000000e+00
4.496022164821624756e-01 7.724323272705078125e-01 2.488747239112854004e-01 4.719055294990539551e-01 2.386042475700378418e-01 2.689617276191711426e-01 1.156428456306457520e-01 2.845474481582641602e-01 2.610786557197570801e-01 0.000000000000000000e+00 0.000000000000000000e+00 0.000000000000000000e+00
8.809655159711837769e-02 9.495335817337036133e-01 3.964517116546630859e-01 6.568211317062377930e-02 5.256778001785278320e-02 8.501092791557312012e-01 4.229405522346496582e-01 2.705498337745666504e-01 4.243075251579284668e-01 1.000000000000000000e+00 1.000000000000000000e+00 1.000000000000000000e+00
4.307401776313781738e-01 5.729943513870239258e-01 6.512917876243591309e-01 4.714480638504028320e-01 3.488757014274597168e-01 4.206203222274780273e-01 6.603569984436035156e-01 1.064389944076538086e-01 2.398100495338439941e-01 0.000000000000000000e+00 0.000000000000000000e+00 0.000000000000000000e+00
6.502345800399780273e-01 4.673787951469421387e-01 1.226295232772827148e-01 5.166146755218505859e-01 7.130716443061828613e-01 2.898374199867248535e-01 5.880755186080932617e-01 9.259277582168579102e-01 1.626465916633605957e-01 1.000000000000000000e+00 0.000000000000000000e+00 0.000000000000000000e+00
8.746704459190368652e-01 9.238905906677246094e-01 6.654178500175476074e-01 7.867285013198852539e-01 7.964369654655456543e-01 9.958375096321105957e-01 4.771627783775329590e-01 9.934460520744323730e-01 7.777564525604248047e-01 0.000000000000000000e+00 0.000000000000000000e+00 0.000000000000000000e+00
1.300555616617202759e-01 8.986011743545532227e-01 4.018799066543579102e-01 3.522633910179138184e-01 2.595800757408142090e-01 5.851751565933227539e-01 8.561096191406250000e-01 8.421173095703125000e-01 4.107803702354431152e-01 1.000000000000000000e+00 0.000000000000000000e+00 0.000000000000000000e+00
8.509410917758941650e-02 9.711259007453918457e-01 1.721193790435791016e-01 3.082430362701416016e-01 2.468390464782714844e-01 6.611859202384948730e-01 3.976298570632934570e-01 4.176894426345825195e-01 6.484985351562500000e-04 0.000000000000000000e+00 1.000000000000000000e+00 0.000000000000000000e+00
5.448540449142456055e-01 3.270825147628784180e-01 3.117287755012512207e-01 6.606729030609130859e-01 8.307427167892456055e-02 7.997758388519287109e-01 3.277270793914794922e-01 3.149127364158630371e-01 6.182909607887268066e-01 0.000000000000000000e+00 1.000000000000000000e+00 0.000000000000000000e+00
6.945589780807495117e-01 6.831524372100830078e-01 3.919084668159484863e-01 2.034205198287963867e-02 8.535525202751159668e-01 8.902742862701416016e-01 5.146483778953552246e-01 5.101009607315063477e-01 6.015634536743164062e-01 1.000000000000000000e+00 0.000000000000000000e+00 0.000000000000000000e+00
1.781309545040130615e-01 4.840922951698303223e-01 9.962964057922363281e-02 1.569795608520507812e-01 3.153552412986755371e-01 6.643265485763549805e-01 9.209507703781127930e-01 6.554436683654785156e-02 9.362403750419616699e-01 1.000000000000000000e+00 0.000000000000000000e+00 0.000000000000000000e+00
4.966474473476409912e-01 9.634317755699157715e-01 3.327184319496154785e-01 5.690272450447082520e-01 2.455550432205200195e-01 9.836792945861816406e-02 6.124036908149719238e-01 6.966261863708496094e-01 5.297582149505615234e-01 1.000000000000000000e+00 0.000000000000000000e+00 0.000000000000000000e+00
4.132765531539916992e-01 9.161471724510192871e-01 4.955817461013793945e-01 5.373790264129638672e-01 1.683228611946105957e-01 2.884457707405090332e-01 8.152329921722412109e-02 7.238770127296447754e-01 5.789411664009094238e-01 0.000000000000000000e+00 0.000000000000000000e+00 0.000000000000000000e+00
6.019790172576904297e-01 4.340670704841613770e-01 8.437954783439636230e-01 5.783939361572265625e-02 5.428143739700317383e-01 9.955262541770935059e-01 7.389605641365051270e-01 2.104593515396118164e-01 5.667436122894287109e-02 0.000000000000000000e+00 0.000000000000000000e+00 0.000000000000000000e+00
9.545477628707885742e-01 4.505656957626342773e-01 3.153208494186401367e-01 8.302617073059082031e-01 7.421361207962036133e-01 3.765028119087219238e-01 7.776560783386230469e-01 6.004336476325988770e-01 4.991745948791503906e-01 0.000000000000000000e+00 0.000000000000000000e+00 0.000000000000000000e+00
7.785609960556030273e-01 3.762683272361755371e-01 9.079164266586303711e-02 6.247650384902954102e-01 6.177899837493896484e-01 2.195982336997985840e-01 4.791744947433471680e-01 1.393912434577941895e-01 3.783633112907409668e-01 1.000000000000000000e+00 0.000000000000000000e+00 0.000000000000000000e+00
6.849986314773559570e-01 8.362701535224914551e-01 3.365962505340576172e-01 7.021247744560241699e-01 2.906215190887451172e-01 2.709306478500366211e-01 3.972725272178649902e-01 5.908259153366088867e-01 9.490166902542114258e-01 0.000000000000000000e+00 0.000000000000000000e+00 0.000000000000000000e+00
2.133673727512359619e-01 8.361487388610839844e-01 6.022486686706542969e-01 2.748969793319702148e-01 3.228271007537841797e-02 2.098330855369567871e-01 4.736980199813842773e-01 5.445089340209960938e-01 7.790706753730773926e-01 1.000000000000000000e+00 0.000000000000000000e+00 0.000000000000000000e+00
1.301218718290328979e-01 2.815877795219421387e-01 2.835273742675781250e-01 2.973808050155639648e-01 2.471807599067687988e-01 5.940544605255126953e-02 3.286347389221191406e-01 6.139814853668212891e-01 3.757058978080749512e-01 0.000000000000000000e+00 0.000000000000000000e+00 0.000000000000000000e+00
5.516487956047058105e-01 6.686686873435974121e-01 6.056681275367736816e-01 5.529707670211791992e-01 5.072863698005676270e-01 1.675820946693420410e-01 9.045343399047851562e-01 4.044989347457885742e-01 5.131349563598632812e-01 0.000000000000000000e+00 0.000000000000000000e+00 0.000000000000000000e+00
8.954649567604064941e-01 4.644928574562072754e-01 8.103150725364685059e-01 9.544362425804138184e-01 4.605197310447692871e-01 6.468711495399475098e-01 5.455332398414611816e-01 3.181433081626892090e-01 3.987872600555419922e-01 0.000000000000000000e+00 1.000000000000000000e+00 0.000000000000000000e+00
6.243958473205566406e-01 8.705845475196838379e-01 3.986471295356750488e-01 4.743406772613525391e-01 6.634473204612731934e-01 8.467703461647033691e-01 8.229219913482666016e-02 7.870466709136962891e-01 5.878400206565856934e-01 0.000000000000000000e+00 0.000000000000000000e+00 0.000000000000000000e+00
9.292398691177368164e-01 3.101880550384521484e-01 7.067316770553588867e-01 6.766772866249084473e-01 3.097489476203918457e-01 1.603901386260986328e-03 5.525705218315124512e-01 8.062808513641357422e-01 3.109840154647827148e-01 1.000000000000000000e+00 0.000000000000000000e+00 0.000000000000000000e+00
4.317693412303924561e-01 7.363815903663635254e-01 2.067094445228576660e-01 6.065007448196411133e-01 1.336035728454589844e-01 4.105179309844970703e-01 6.810247302055358887e-01 5.161852836608886719e-01 2.901615500450134277e-01 1.000000000000000000e+00 0.000000000000000000e+00 0.000000000000000000e+00
8.994212746620178223e-01 6.225022673606872559e-01 8.182272911071777344e-01 7.339959740638732910e-01 7.316722869873046875e-01 4.498171806335449219e-01 6.040641069412231445e-01 4.090027809143066406e-01 5.115075707435607910e-01 0.000000000000000000e+00 0.000000000000000000e+00 0.000000000000000000e+00
9.971938133239746094e-01 2.051019072532653809e-01 2.081394195556640625e-03 8.905413150787353516e-01 8.864057660102844238e-01 2.821131944656372070e-01 4.198823571205139160e-01 7.273443937301635742e-01 5.245377421379089355e-01 1.000000000000000000e+00 0.000000000000000000e+00 0.000000000000000000e+00
9.755827784538269043e-01 5.458521842956542969e-02 9.043085575103759766e-01 7.920304536819458008e-01 3.297531604766845703e-01 7.102239727973937988e-01 7.695746421813964844e-02 7.303020954132080078e-01 3.568623661994934082e-01 0.000000000000000000e+00 0.000000000000000000e+00 0.000000000000000000e+00
7.336358428001403809e-01 1.355073451995849609e-01 4.909316301345825195e-01 7.335934042930603027e-01 1.378573775291442871e-01 9.975402355194091797e-01 8.391594290733337402e-01 5.267602801322937012e-01 2.955853939056396484e-03 1.000000000000000000e+00 1.000000000000000000e+00 1.000000000000000000e+00
6.978675723075866699e-01 1.489061117172241211e-01 5.739390254020690918e-01 7.240585088729858398e-01 1.790282726287841797e-01 8.080752491950988770e-01 3.434550762176513672e-02 2.303361892700195312e-01 3.436475396156311035e-01 0.000000000000000000e+00 0.000000000000000000e+00 0.000000000000000000e+00
8.712210059165954590e-01 5.457393527030944824e-01 2.569178342819213867e-01 7.208405137062072754e-01 7.777037024497985840e-01 8.464877605438232422e-01 7.183260321617126465e-01 4.059420824050903320e-01 2.816081643104553223e-01 0.000000000000000000e+00 1.000000000000000000e+00 0.000000000000000000e+00
2.409416735172271729e-01 7.206966876983642578e-01 4.947811365127563477e-01 8.088266849517822266e-02 2.993091344833374023e-01 3.297309279441833496e-01 7.049782276153564453e-01 6.705577969551086426e-01 5.152390599250793457e-01 0.000000000000000000e+00 0.000000000000000000e+00 0.000000000000000000e+00
9.226141571998596191e-01 3.247416019439697266e-01 5.322895050048828125e-01 6.858924627304077148e-01 7.567878365516662598e-01 3.954751491546630859e-01 2.323924899101257324e-01 9.301322698593139648e-02 8.329004049301147461e-01 0.000000000000000000e+00 0.000000000000000000e+00 0.000000000000000000e+00
5.421895980834960938e-01 2.554016709327697754e-01 8.068863749504089355e-01 7.242733240127563477e-02 4.206957817077636719e-01 5.908620953559875488e-01 9.219636917114257812e-01 6.021095514297485352e-01 5.524367690086364746e-01 0.000000000000000000e+00 0.000000000000000000e+00 0.000000000000000000e+00
6.130126118659973145e-01 9.724997282028198242e-01 1.022220849990844727e-01 7.952872514724731445e-01 1.377426385879516602e-01 7.744729518890380859e-02 8.429855108261108398e-02 1.988425254821777344e-01 8.639763593673706055e-01 1.000000000000000000e+00 0.000000000000000000e+00 0.000000000000000000e+00
9.807040691375732422e-01 2.487807869911193848e-01 5.889239311218261719e-01 4.145306944847106934e-01 9.767917394638061523e-01 1.218389868736267090e-01 3.335104584693908691e-01 2.538723349571228027e-01 4.429975748062133789e-01 0.000000000000000000e+00 0.000000000000000000e+00 0.000000000000000000e+00
4.455549716949462891e-01 4.107624292373657227e-01 3.156873583793640137e-01 3.203206062316894531e-01 6.892151832580566406e-01 3.976371288299560547e-01 1.659290194511413574e-01 5.542802810668945312e-01 9.230479001998901367e-01 0.000000000000000000e+00 0.000000000000000000e+00 0.000000000000000000e+00
4.048743546009063721e-01 6.219013929367065430e-01 7.973274588584899902e-01 1.170344948768615723e-01 4.636536240577697754e-01 9.689336419105529785e-01 5.444867014884948730e-01 1.502081751823425293e-01 1.293180584907531738e-01 0.000000000000000000e+00 1.000000000000000000e+00 0.000000000000000000e+00
5.620977878570556641e-01 7.737777829170227051e-01 3.514352440834045410e-01 7.878789901733398438e-01 3.869835734367370605e-01 3.376657366752624512e-01 4.570782184600830078e-02 7.565644979476928711e-01 2.055941224098205566e-01 0.000000000000000000e+00 0.000000000000000000e+00 0.000000000000000000e+00
9.262220859527587891e-01 5.539059638977050781e-04 1.956398487091064453e-01 5.097265243530273438e-01 5.523998737335205078e-01 1.925181746482849121e-01 5.810576081275939941e-01 7.518269419670104980e-01 9.624505639076232910e-01 0.000000000000000000e+00 0.000000000000000000e+00 0.000000000000000000e+00
8.462551236152648926e-01 6.949792504310607910e-01 9.347840547561645508e-01 4.468509554862976074e-01 4.827547073364257812e-01 1.121836900711059570e-02 4.073681235313415527e-01 1.341974139213562012e-01 5.187789797782897949e-01 0.000000000000000000e+00 0.000000000000000000e+00 0.000000000000000000e+00
9.980809688568115234e-01 2.698421478271484375e-03 3.448710441589355469e-01 9.538553357124328613e-01 5.382902026176452637e-01 1.386713981628417969e-02 9.529171586036682129e-01 6.725221872329711914e-01 4.720044136047363281e-02 1.000000000000000000e+00 0.000000000000000000e+00 0.000000000000000000e+00
9.335970878601074219e-01 4.271596074104309082e-01 3.907189369201660156e-01 6.431418657302856445e-01 8.164587616920471191e-01 3.781016469001770020e-01 2.314333319664001465e-01 8.016917705535888672e-01 1.119971275329589844e-01 0.000000000000000000e+00 0.000000000000000000e+00 0.000000000000000000e+00
2.306977361440658569e-01 9.304481744766235352e-01 7.700845599174499512e-01 2.784283757209777832e-01 2.039346694946289062e-01 4.127912521362304688e-01 1.048335433006286621e-01 9.893164038658142090e-01 4.309249520301818848e-01 0.000000000000000000e+00 0.000000000000000000e+00 0.000000000000000000e+00
8.423272967338562012e-01 4.695479273796081543e-01 8.079590201377868652e-01 9.579966664314270020e-01 3.105981349945068359e-01 9.445073008537292480e-01 4.526718258857727051e-01 9.494711756706237793e-01 1.102706789970397949e-01 0.000000000000000000e+00 0.000000000000000000e+00 0.000000000000000000e+00
9.852238893508911133e-01 5.946308374404907227e-02 1.098539829254150391e-01 8.383107185363769531e-01 7.603176236152648926e-01 7.066090106964111328e-01 3.297390937805175781e-01 2.624180912971496582e-01 1.188051700592041016e-01 0.000000000000000000e+00 1.000000000000000000e+00 0.000000000000000000e+00
3.776188492774963379e-01 6.942039132118225098e-01 5.434948801994323730e-01 2.818642854690551758e-01 4.970034360885620117e-01 3.877995014190673828e-01 2.892659902572631836e-01 1.051726937294006348e-01 3.770453929901123047e-01 0.000000000000000000e+00 0.000000000000000000e+00 0.000000000000000000e+00
9.976584911346435547e-01 3.096840381622314453e-01 2.607567310333251953e-01 9.490697979927062988e-01 6.870939731597900391e-01 1.528270840644836426e-01 8.908212184906005859e-02 4.550551772117614746e-01 5.291981101036071777e-01 1.000000000000000000e+00 1.000000000000000000e+00 1.000000000000000000e+00
1.471412479877471924e-01 7.094037532806396484e-01 1.631450057029724121e-01 1.913700699806213379e-01 2.883381247520446777e-01 5.259637236595153809e-01 3.152034878730773926e-01 3.245991468429565430e-02 6.993286609649658203e-01 0.000000000000000000e+00 1.000000000000000000e+00 0.000000000000000000e+00
2.141720801591873169e-01 9.340257048606872559e-01 3.975601196289062500e-01 2.233465909957885742e-01 2.009856104850769043e-01 8.514021039009094238e-01 4.852248430252075195e-01 3.692590594291687012e-01 4.948658347129821777e-01 0.000000000000000000e+00 1.000000000000000000e+00 0.000000000000000000e+00
7.592183947563171387e-01 7.469283342361450195e-01 6.488679051399230957e-01 4.507828354835510254e-01 9.404548406600952148e-01 2.387199997901916504e-01 4.114552140235900879e-01 6.138559579849243164e-01 8.700698614120483398e-02 0.000000000000000000e+00 0.000000000000000000e+00 0.000000000000000000e+00
9.181151390075683594e-01 3.603668808937072754e-01 3.182823657989501953e-01 9.301049709320068359e-01 7.214890718460083008e-01 6.361383199691772461e-01 8.500779867172241211e-01 5.420298576354980469e-01 1.087974309921264648e-01 0.000000000000000000e+00 0.000000000000000000e+00 0.000000000000000000e+00
6.048909425735473633e-01 5.598898530006408691e-01 4.970335960388183594e-02 6.275097131729125977e-01 5.474688410758972168e-01 2.036690711975097656e-02 3.151296377182006836e-01 1.317727565765380859e-02 3.999648690223693848e-01 0.000000000000000000e+00 0.000000000000000000e+00 0.000000000000000000e+00
9.179347157478332520e-01 5.330566167831420898e-01 4.544494748115539551e-01 7.808489799499511719e-01 3.999884724617004395e-01 1.954149007797241211e-01 5.396929979324340820e-01 5.219215154647827148e-02 3.113304972648620605e-01 1.000000000000000000e+00 1.000000000000000000e+00 1.000000000000000000e+00
9.749076962471008301e-01 6.683499813079833984e-01 3.778920173645019531e-01 8.954738378524780273e-01 9.055566787719726562e-01 1.785161495208740234e-01 3.104345202445983887e-01 8.867995142936706543e-01 4.763480424880981445e-01 1.000000000000000000e+00 0.000000000000000000e+00 0.000000000000000000e+00
7.000385522842407227e-01 8.778364062309265137e-01 1.794398427009582520e-01 6.429269313812255859e-01 5.875631570816040039e-01 3.634464740753173828e-01 9.636388421058654785e-01 2.283772826194763184e-01 2.477861046791076660e-01 1.000000000000000000e+00 0.000000000000000000e+00 0.000000000000000000e+00
8.384781479835510254e-01 9.194734096527099609e-01 3.635123968124389648e-01 6.676033139228820801e-01 7.051048874855041504e-01 2.092280983924865723e-01 4.684143066406250000e-01 6.710918545722961426e-01 9.366071224212646484e-01 0.000000000000000000e+00 0.000000000000000000e+00 0.000000000000000000e+00
3.380919694900512695e-01 6.356605887413024902e-01 6.742134094238281250e-01 6.125621795654296875e-01 1.224022507667541504e-01 4.754033684730529785e-01 1.225190162658691406e-01 4.910569787025451660e-01 1.540945172309875488e-01 0.000000000000000000e+00 0.000000000000000000e+00 0.000000000000000000e+00
3.691982328891754150e-01 3.906298875808715820e-01 8.684988617897033691e-01 3.637656569480895996e-01 3.015268445014953613e-01 9.560892581939697266e-01 9.290426969528198242e-02 6.114576458930969238e-01 4.152122735977172852e-01 1.000000000000000000e+00 0.000000000000000000e+00 0.000000000000000000e+00
8.506923913955688477e-01 7.554268240928649902e-01 5.029979348182678223e-01 7.384312748908996582e-01 8.053952455520629883e-01 9.189137816429138184e-01 3.296676874160766602e-01 9.524001479148864746e-01 6.122649908065795898e-01 1.000000000000000000e+00 0.000000000000000000e+00 0.000000000000000000e+00
5.180141329765319824e-01 4.635578989982604980e-01 8.599830269813537598e-01 3.700566291809082031e-02 4.643833637237548828e-01 8.927733302116394043e-01 6.066317558288574219e-01 7.189863324165344238e-01 9.936495423316955566e-01 1.000000000000000000e+00 0.000000000000000000e+00 0.000000000000000000e+00
9.824948906898498535e-01 1.738476753234863281e-02 4.552865028381347656e-01 7.332391738891601562e-01 7.342091798782348633e-01 8.558200597763061523e-01 1.459116935729980469e-01 1.066610813140869141e-01 8.319057226181030273e-01 0.000000000000000000e+00 0.000000000000000000e+00 0.000000000000000000e+00
6.198824048042297363e-01 5.822693109512329102e-01 7.138194441795349121e-01 3.415209650993347168e-01 7.969057559967041016e-02 3.162017464637756348e-01 4.637224674224853516e-01 1.739277243614196777e-01 5.787394642829895020e-01 1.000000000000000000e+00 0.000000000000000000e+00 0.000000000000000000e+00
6.733176112174987793e-02 1.310834288597106934e-01 1.255636215209960938e-01 1.193765401840209961e-01 5.750817060470581055e-01 5.202028751373291016e-01 4.303143620491027832e-01 6.797350645065307617e-01 7.958586812019348145e-01 0.000000000000000000e+00 1.000000000000000000e+00 0.000000000000000000e+00
9.636873006820678711e-01 4.031358957290649414e-01 4.535820484161376953e-01 7.951025962829589844e-01 5.710940957069396973e-01 1.943365931510925293e-01 8.165850639343261719e-01 1.077706217765808105e-01 6.552683711051940918e-01 1.000000000000000000e+00 1.000000000000000000e+00 1.000000000000000000e+00
7.696046829223632812e-01 8.711355924606323242e-01 1.101887822151184082e-01 4.838080406188964844e-01 6.642942428588867188e-01 6.055468320846557617e-01 4.110436439514160156e-01 1.012539267539978027e-01 8.433842062950134277e-01 0.000000000000000000e+00 0.000000000000000000e+00 0.000000000000000000e+00
9.672589898109436035e-01 7.782469391822814941e-01 8.047045469284057617e-01 9.202237725257873535e-01 5.726751685142517090e-01 1.713958382606506348e-01 4.491049051284790039e-02 9.817744493484497070e-01 5.768537521362304688e-01 0.000000000000000000e+00 0.000000000000000000e+00 0.000000000000000000e+00
6.674705147743225098e-01 5.393640995025634766e-01 9.650360941886901855e-01 4.826490879058837891e-01 5.389154553413391113e-01 6.546316742897033691e-01 1.779516339302062988e-01 6.878308057785034180e-01 1.912528276443481445e-02 0.000000000000000000e+00 0.000000000000000000e+00 0.000000000000000000e+00
8.457615375518798828e-01 3.254255652427673340e-01 1.196362376213073730e-01 8.406594395637512207e-01 3.630570769309997559e-01 8.971553444862365723e-01 5.180549025535583496e-01 2.212296128273010254e-01 7.451525330543518066e-01 0.000000000000000000e+00 0.000000000000000000e+00 0.000000000000000000e+00
6.121206879615783691e-01 4.394230842590332031e-01 1.008293628692626953e-01 4.525903463363647461e-01 5.205367803573608398e-01 1.119685173034667969e-02 1.053732633590698242e-02 4.792758822441101074e-01 6.753100156784057617e-01 0.000000000000000000e+00 0.000000000000000000e+00 0.000000000000000000e+00
9.703469872474670410e-01 4.242330789566040039e-02 9.187921285629272461e-01 3.872722983360290527e-01 8.821831941604614258e-01 7.229768037796020508e-01 3.035563230514526367e-01 4.417356848716735840e-01 1.643459796905517578e-01 0.000000000000000000e+00 0.000000000000000000e+00 0.000000000000000000e+00
6.090749502182006836e-01 2.174289822578430176e-01 5.557963252067565918e-01 3.230149149894714355e-01 1.749520301818847656e-01 8.181726932525634766e-02 6.707638502120971680e-01 2.057172060012817383e-01 6.740152239799499512e-01 1.000000000000000000e+00 1.000000000000000000e+00 1.000000000000000000e+00
9.680767655372619629e-01 3.260570764541625977e-01 7.646334171295166016e-01 8.048090934753417969e-01 9.056504368782043457e-01 5.479964613914489746e-01 7.913334369659423828e-01 7.204383611679077148e-01 4.379276633262634277e-01 1.000000000000000000e+00 0.000000000000000000e+00 0.000000000000000000e+00
6.382285952568054199e-01 2.665511369705200195e-01 6.043348312377929688e-01 5.311389565467834473e-01 7.762354612350463867e-02 9.529688954353332520e-01 9.965634942054748535e-01 4.863870143890380859e-01 8.695605397224426270e-01 0.000000000000000000e+00 0.000000000000000000e+00 0.000000000000000000e+00
4.111408293247222900e-01 5.386823415756225586e-01 6.640985608100891113e-01 5.357334613800048828e-01 5.660809874534606934e-01 7.708368897438049316e-01 5.143145322799682617e-01 7.638023495674133301e-01 3.304988145828247070e-02 0.000000000000000000e+00 0.000000000000000000e+00 0.000000000000000000e+00
8.616468906402587891e-01 2.332779169082641602e-01 9.762430787086486816e-01 5.614709854125976562e-02 4.020893573760986328e-02 4.155219793319702148e-01 9.334933757781982422e-02 3.723173141479492188e-01 1.303898096084594727e-01 0.000000000000000000e+00 0.000000000000000000e+00 0.000000000000000000e+00
5.569565892219543457e-01 5.564150214195251465e-01 1.456754207611083984e-01 6.239171624183654785e-01 5.080738663673400879e-01 8.520587682723999023e-01 4.176286458969116211e-01 4.800258278846740723e-01 5.375355482101440430e-02 1.000000000000000000e+00 0.000000000000000000e+00 0.000000000000000000e+00
6.647946238517761230e-01 3.443245887756347656e-01 8.544768095016479492e-01 4.092366099357604980e-01 2.831516861915588379e-01 5.424870848655700684e-01 5.363509058952331543e-01 9.120979905128479004e-01 3.743637800216674805e-01 0.000000000000000000e+00 0.000000000000000000e+00 0.000000000000000000e+00
8.581310510635375977e-01 3.296709060668945312e-01 6.472779512405395508e-01 5.686550140380859375e-01 9.456189870834350586e-01 8.407581448554992676e-01 6.524328589439392090e-01 2.412176132202148438e-01 9.954026341438293457e-01 1.000000000000000000e+00 0.000000000000000000e+00 0.000000000000000000e+00
2.329620420932769775e-01 7.138150930404663086e-01 7.202945351600646973e-01 4.615861773490905762e-01 2.503437399864196777e-01 3.074674010276794434e-01 3.128291368484497070e-01 2.682598829269409180e-01 4.611300826072692871e-01 1.000000000000000000e+00 0.000000000000000000e+00 0.000000000000000000e+00
7.995437383651733398e-01 7.742828130722045898e-02 1.193963885307312012e-01 4.843523502349853516e-01 6.046178936958312988e-01 8.290141820907592773e-01 7.934049963951110840e-01 5.700177550315856934e-01 8.559750914573669434e-01 1.000000000000000000e+00 0.000000000000000000e+00 0.000000000000000000e+00
8.872873187065124512e-01 9.034770131111145020e-01 9.609574675559997559e-01 7.938291430473327637e-01 3.779785633087158203e-01 1.771427392959594727e-01 6.213099956512451172e-01 3.130113482475280762e-01 8.144062161445617676e-01 0.000000000000000000e+00 0.000000000000000000e+00 0.000000000000000000e+00
4.554813802242279053e-01 8.649150729179382324e-01 5.941784381866455078e-01 8.079441785812377930e-01 4.548376798629760742e-02 2.967930436134338379e-01 3.689073920249938965e-01 2.248427271842956543e-01 3.243927359580993652e-01 0.000000000000000000e+00 0.000000000000000000e+00 0.000000000000000000e+00
1.970839351415634155e-01 7.566772699356079102e-01 2.411237955093383789e-01 4.485334157943725586e-01 2.340937256813049316e-01 8.266093730926513672e-01 7.209550738334655762e-01 5.951867699623107910e-01 2.985392212867736816e-01 0.000000000000000000e+00 1.000000000000000000e+00 0.000000000000000000e+00
6.012075543403625488e-01 1.702971458435058594e-01 3.453446030616760254e-01 1.721327304840087891e-01 5.330792069435119629e-01 3.864830136299133301e-01 3.627048134803771973e-01 5.805770754814147949e-01 8.609613776206970215e-01 1.000000000000000000e+00 0.000000000000000000e+00 0.000000000000000000e+00
4.471767246723175049e-01 4.895232319831848145e-01 7.628916501998901367e-01 7.017850875854492188e-02 6.311129331588745117e-01 5.261787772178649902e-01 7.661202549934387207e-01 7.702839970588684082e-01 7.731935381889343262e-01 0.000000000000000000e+00 0.000000000000000000e+00 0.000000000000000000e+00
9.648301005363464355e-01 7.016971707344055176e-01 4.910095930099487305e-01 9.596964716911315918e-01 8.438332080841064453e-01 2.732709050178527832e-01 7.620114684104919434e-01 5.173709988594055176e-01 6.649175286293029785e-01 0.000000000000000000e+00 0.000000000000000000e+00 0.000000000000000000e+00
5.714247822761535645e-01 1.175819635391235352e-01 3.309062123298645020e-01 4.705500006675720215e-01 3.318327069282531738e-01 4.274092316627502441e-01 7.386539578437805176e-01 8.167877793312072754e-01 3.333423733711242676e-01 0.000000000000000000e+00 0.000000000000000000e+00 0.000000000000000000e+00
5.419297814369201660e-01 7.519271373748779297e-01 7.234576344490051270e-01 3.687295317649841309e-01 7.919843196868896484e-01 5.543686151504516602e-01 6.303450465202331543e-01 3.363895416259765625e-01 6.612533330917358398e-01 0.000000000000000000e+00 0.000000000000000000e+00 0.000000000000000000e+00
9.426113963127136230e-01 8.782526254653930664e-01 2.936009168624877930e-01 9.176893830299377441e-01 8.743244409561157227e-01 9.387683868408203125e-02 9.767066836357116699e-01 4.690309166908264160e-01 5.723979473114013672e-01 0.000000000000000000e+00 0.000000000000000000e+00 0.000000000000000000e+00
9.955233335494995117e-01 2.612689137458801270e-01 2.406153678894042969e-01 8.432822823524475098e-01 7.523186206817626953e-01 2.322143316268920898e-01 2.085779905319213867e-01 6.187031865119934082e-01 7.292943596839904785e-01 0.000000000000000000e+00 1.000000000000000000e+00 0.000000000000000000e+00
9.623023271560668945e-01 1.344665884971618652e-01 6.629946827888488770e-01 8.425514101982116699e-01 2.006781101226806641e-02 9.637260437011718750e-02 5.866696834564208984e-01 5.801568627357482910e-01 7.820878624916076660e-01 1.000000000000000000e+00 0.000000000000000000e+00 0.000000000000000000e+00
6.790710687637329102e-01 3.530586361885070801e-01 5.870314836502075195e-01 5.557400584220886230e-01 4.094640612602233887e-01 4.368080496788024902e-01 2.100424766540527344e-01 4.365017414093017578e-01 6.399248838424682617e-01 0.000000000000000000e+00 0.000000000000000000e+00 0.000000000000000000e+00
4.829021990299224854e-01 8.919139504432678223e-01 2.965577840805053711e-01 2.679809331893920898e-01 6.638466119766235352e-01 8.898289203643798828e-01 1.829453706741333008e-01 7.779434323310852051e-01 9.570637345314025879e-01 0.000000000000000000e+00 0.000000000000000000e+00 0.000000000000000000e+00
9.581201076507568359e-01 5.866468548774719238e-01 8.061944246292114258e-01 9.520404338836669922e-01 8.434022068977355957e-01 5.966191291809082031e-01 2.020934820175170898e-01 2.657551765441894531e-01 1.683990955352783203e-01 0.000000000000000000e+00 1.000000000000000000e+00 0.000000000000000000e+00
9.103151559829711914e-01 5.280766487121582031e-01 1.371187567710876465e-01 6.024282574653625488e-01 9.334512352943420410e-01 5.255053639411926270e-01 5.980955958366394043e-01 1.254642009735107422e-01 3.593398332595825195e-01 0.000000000000000000e+00 0.000000000000000000e+00 0.000000000000000000e+00
7.537035942077636719e-01 6.344824433326721191e-01 8.513554334640502930e-01 2.592958807945251465e-01 8.721526861190795898e-01 4.695710539817810059e-01 9.291635155677795410e-01 6.453990936279296875e-01 8.721961379051208496e-01 0.000000000000000000e+00 0.000000000000000000e+00 0.000000000000000000e+00
5.874092578887939453e-01 1.294308900833129883e-01 3.934437036514282227e-02 3.919079899787902832e-01 4.285241961479187012e-01 9.796268343925476074e-01 4.775512814521789551e-01 4.996953606605529785e-01 6.782147288322448730e-01 1.000000000000000000e+00 0.000000000000000000e+00 0.000000000000000000e+00
9.442644119262695312e-01 6.635599732398986816e-01 9.251984953880310059e-01 8.037217259407043457e-01 9.522674083709716797e-01 2.730708122253417969e-01 8.370474576950073242e-01 5.040129423141479492e-01 5.305885672569274902e-01 0.000000000000000000e+00 0.000000000000000000e+00 0.000000000000000000e+00
9.389968514442443848e-01 1.856639981269836426e-01 2.920017838478088379e-01 7.495940327644348145e-01 7.767992019653320312e-01 8.441265225410461426e-01 5.251485705375671387e-01 9.939231872558593750e-01 1.222618222236633301e-01 1.000000000000000000e+00 0.000000000000000000e+00 0.000000000000000000e+00
4.777472913265228271e-01 8.557481765747070312e-01 1.938363313674926758e-01 1.430115699768066406e-01 9.460523128509521484e-01 2.660896778106689453e-01 2.164706587791442871e-01 1.276437640190124512e-01 8.313624262809753418e-01 1.000000000000000000e+00 0.000000000000000000e+00 0.000000000000000000e+00
9.950973391532897949e-01 3.603894114494323730e-01 8.126698136329650879e-01 7.605476975440979004e-01 9.387514591217041016e-01 4.489398002624511719e-02 3.675732016563415527e-01 8.774946331977844238e-01 6.401448845863342285e-01 0.000000000000000000e+00 0.000000000000000000e+00 0.000000000000000000e+00
6.053382754325866699e-01 9.281946420669555664e-01 9.485074877738952637e-01 1.907354593276977539e-02 9.909223914146423340e-01 7.562935352325439453e-02 8.890752792358398438e-01 6.449400782585144043e-01 5.811765789985656738e-01 1.000000000000000000e+00 0.000000000000000000e+00 0.000000000000000000e+00
2.700005769729614258e-01 7.555279135704040527e-01 5.537110567092895508e-01 6.215556859970092773e-01 6.675720214843750000e-05 9.565466642379760742e-01 8.811645507812500000e-01 2.766860723495483398e-01 7.013400197029113770e-01 1.000000000000000000e+00 0.000000000000000000e+00 0.000000000000000000e+00
6.846230626106262207e-01 8.856182694435119629e-01 5.020799040794372559e-01 1.246594190597534180e-01 7.861459851264953613e-01 5.703409910202026367e-01 6.576498746871948242e-01 5.696603059768676758e-01 3.796598315238952637e-01 1.000000000000000000e+00 0.000000000000000000e+00 0.000000000000000000e+00
9.191251397132873535e-01 6.711325645446777344e-01 8.734776377677917480e-01 9.216874241828918457e-01 6.598053574562072754e-01 6.686277389526367188e-01 4.750829339027404785e-01 8.566401004791259766e-01 6.931396722793579102e-01 0.000000000000000000e+00 0.000000000000000000e+00 0.000000000000000000e+00
3.212168812751770020e-01 4.407308101654052734e-01 2.913364768028259277e-01 2.855098843574523926e-01 1.448658704757690430e-01 9.739717841148376465e-01 2.757936716079711914e-02 9.918274879455566406e-01 4.120731353759765625e-01 1.000000000000000000e+00 0.000000000000000000e+00 0.000000000000000000e+00
3.317950963973999023e-01 7.167239785194396973e-01 4.230576753616333008e-02 1.200495958328247070e-01 2.080972790718078613e-01 7.226669192314147949e-01 6.050699949264526367e-02 7.503762841224670410e-01 6.754436492919921875e-01 1.000000000000000000e+00 0.000000000000000000e+00 0.000000000000000000e+00
6.897352933883666992e-01 7.597930431365966797e-01 6.821393966674804688e-03 5.051743388175964355e-01 8.210668563842773438e-01 1.565974950790405273e-02 6.361909508705139160e-01 4.354653954505920410e-01 5.022460818290710449e-01 1.000000000000000000e+00 0.000000000000000000e+00 0.000000000000000000e+00
5.039266943931579590e-01 7.392731904983520508e-01 4.767838120460510254e-01 8.879153728485107422e-01 1.946774721145629883e-01 7.116736173629760742e-01 4.966376423835754395e-01 6.488767266273498535e-01 6.600704789161682129e-01 0.000000000000000000e+00 0.000000000000000000e+00 0.000000000000000000e+00
9.992671608924865723e-01 4.429876804351806641e-02 6.627627015113830566e-01 8.989857435226440430e-01 8.403613567352294922e-01 9.873574972152709961e-02 3.841848969459533691e-01 3.974941372871398926e-01 8.892700672149658203e-01 1.000000000000000000e+00 0.000000000000000000e+00 0.000000000000000000e+00
9.970903396606445312e-01 2.931201457977294922e-02 9.024060964584350586e-01 3.949378728866577148e-01 9.019991755485534668e-01 4.595160484313964844e-02 4.619579315185546875e-01 2.879814505577087402e-01 1.042529344558715820e-01 0.000000000000000000e+00 1.000000000000000000e+00 0.000000000000000000e+00
5.666462779045104980e-01 6.693499088287353516e-01 6.557535529136657715e-01 6.579312086105346680e-01 3.568450808525085449e-01 7.901711463928222656e-01 7.515615820884704590e-01 9.431009292602539062e-01 7.982174158096313477e-01 0.000000000000000000e+00 0.000000000000000000e+00 0.000000000000000000e+00
4.084509015083312988e-01 8.927850127220153809e-01 6.821563243865966797e-01 5.091649293899536133e-02 5.225009918212890625e-01 3.931069374084472656e-01 9.977245330810546875e-01 5.293704271316528320e-01 7.950490117073059082e-01 1.000000000000000000e+00 0.000000000000000000e+00 0.000000000000000000e+00
9.334974884986877441e-01 4.924753308296203613e-01 8.654006123542785645e-01 9.311652779579162598e-01 5.754836797714233398e-01 4.818419814109802246e-01 3.090962767601013184e-01 1.183482408523559570e-01 4.985135197639465332e-01 1.000000000000000000e+00 1.000000000000000000e+00 1.000000000000000000e+00
4.397746324539184570e-01 4.368007183074951172e-01 5.746525526046752930e-02 4.669681191444396973e-01 1.311071515083312988e-01 2.448682785034179688e-01 1.243556141853332520e-01 4.095960855484008789e-01 4.443479776382446289e-01 1.000000000000000000e+00 0.000000000000000000e+00 0.000000000000000000e+00
4.132910072803497314e-01 3.210726380348205566e-01 4.883198142051696777e-01 1.724351644515991211e-01 2.432838678359985352e-01 3.054144978523254395e-01 1.269841194152832031e-01 3.074092864990234375e-01 3.765735626220703125e-01 0.000000000000000000e+00 0.000000000000000000e+00 0.000000000000000000e+00
7.881954908370971680e-01 3.270850777626037598e-01 7.846357226371765137e-01 8.113466501235961914e-01 1.706882119178771973e-01 7.320141196250915527e-01 4.944571852684020996e-01 2.639161348342895508e-01 7.875553369522094727e-01 0.000000000000000000e+00 0.000000000000000000e+00 0.000000000000000000e+00
5.437898635864257812e-01 5.905510783195495605e-01 4.922688007354736328e-01 6.757102608680725098e-01 9.535366296768188477e-02 9.170351624488830566e-01 7.236753702163696289e-01 6.785327792167663574e-01 5.492616295814514160e-01 1.000000000000000000e+00 0.000000000000000000e+00 0.000000000000000000e+00
9.646890759468078613e-01 1.165407896041870117e-02 6.531369090080261230e-01 6.562725901603698730e-01 4.881035685539245605e-01 1.804938912391662598e-01 2.573030591011047363e-01 1.004151701927185059e-01 9.643692970275878906e-01 0.000000000000000000e+00 0.000000000000000000e+00 0.000000000000000000e+00
7.454679608345031738e-01 8.212748765945434570e-01 8.862642049789428711e-01 9.543820023536682129e-01 1.475012898445129395e-01 1.824277639389038086e-02 2.279117107391357422e-01 9.417812228202819824e-01 7.500119209289550781e-01 0.000000000000000000e+00 0.000000000000000000e+00 0.000000000000000000e+00
9.208055138587951660e-01 9.721567034721374512e-01 3.854459524154663086e-02 9.332264661788940430e-01 7.372060418128967285e-01 5.108013749122619629e-01 6.913884282112121582e-01 1.584315299987792969e-01 3.783642053604125977e-01 0.000000000000000000e+00 0.000000000000000000e+00 0.000000000000000000e+00
8.903539776802062988e-01 7.995598912239074707e-01 5.635323524475097656e-01 9.479341506958007812e-01 1.067680716514587402e-01 1.469838619232177734e-02 4.566544294357299805e-01 9.511669874191284180e-01 6.222466230392456055e-01 0.000000000000000000e+00 0.000000000000000000e+00 0.000000000000000000e+00
2.020429819822311401e-01 2.835527658462524414e-01 3.352522850036621094e-02 3.079536557197570801e-01 4.337370395660400391e-01 6.017533540725708008e-01 3.632022738456726074e-01 9.762186408042907715e-01 6.827834248542785645e-01 0.000000000000000000e+00 1.000000000000000000e+00 0.000000000000000000e+00
5.683552622795104980e-01 3.600181341171264648e-01 7.330374717712402344e-01 1.435862183570861816e-01 5.858583450317382812e-01 7.480169534683227539e-01 7.463765740394592285e-01 5.415919423103332520e-01 7.804400324821472168e-01 1.000000000000000000e+00 0.000000000000000000e+00 0.000000000000000000e+00
1.439059823751449585e-01 2.535834908485412598e-01 1.282070279121398926e-01 1.572062969207763672e-01 1.114866733551025391e-01 7.268807291984558105e-01 7.479290366172790527e-01 1.309342384338378906e-01 5.169826745986938477e-01 1.000000000000000000e+00 0.000000000000000000e+00 0.000000000000000000e+00
9.333739876747131348e-01 1.660447120666503906e-01 7.222332954406738281e-01 6.221257448196411133e-01 5.414835810661315918e-01 1.856149435043334961e-01 8.206928968429565430e-01 5.387669801712036133e-02 3.050894141197204590e-01 1.000000000000000000e+00 1.000000000000000000e+00 1.000000000000000000e+00
2.341975569725036621e-01 3.902181982994079590e-01 5.605493783950805664e-01 8.041721582412719727e-02 5.674610733985900879e-01 6.645542383193969727e-01 2.701118588447570801e-01 4.839982390403747559e-01 9.977818727493286133e-01 0.000000000000000000e+00 1.000000000000000000e+00 0.000000000000000000e+00
8.366265296936035156e-01 6.420267224311828613e-01 6.666687726974487305e-01 6.181543469429016113e-01 9.160696864128112793e-01 7.316318750381469727e-01 7.814412713050842285e-01 4.398902058601379395e-01 7.015576958656311035e-01 1.000000000000000000e+00 0.000000000000000000e+00 0.000000000000000000e+00
6.608661413192749023e-01 4.347985386848449707e-01 6.220435500144958496e-01 7.560397386550903320e-01 1.864215731620788574e-01 7.127366662025451660e-01 5.244433879852294922e-01 8.582145571708679199e-01 6.230491399765014648e-02 0.000000000000000000e+00 0.000000000000000000e+00 0.000000000000000000e+00
5.426511168479919434e-01 9.540745019912719727e-01 2.721884250640869141e-01 3.160088658332824707e-01 5.866925716400146484e-01 1.388002634048461914e-01 7.316648960113525391e-03 6.067317128181457520e-01 9.777480363845825195e-01 1.000000000000000000e+00 0.000000000000000000e+00 0.000000000000000000e+00
1.660368591547012329e-01 6.259754896163940430e-01 4.408237934112548828e-01 4.086026549339294434e-01 3.100883960723876953e-02 5.095733404159545898e-01 2.292519807815551758e-01 1.921106576919555664e-01 1.852048039436340332e-01 0.000000000000000000e+00 0.000000000000000000e+00 0.000000000000000000e+00
1.955289691686630249e-01 1.715534925460815430e-02 2.298733592033386230e-01 2.568156123161315918e-01 8.625829219818115234e-02 5.975281000137329102e-01 6.710517406463623047e-02 8.735942244529724121e-01 2.996191978454589844e-01 1.000000000000000000e+00 0.000000000000000000e+00 0.000000000000000000e+00
9.961219429969787598e-01 1.142055392265319824e-01 7.417033314704895020e-01 7.626016736030578613e-01 9.644169211387634277e-01 1.616537570953369141e-01 5.253130793571472168e-01 7.130463123321533203e-01 6.964153051376342773e-02 1.000000000000000000e+00 1.000000000000000000e+00 1.000000000000000000e+00
9.519773125648498535e-01 7.675027847290039062e-02 9.864720106124877930e-01 1.737595200538635254e-01 2.378358244895935059e-01 3.174225687980651855e-01 8.402847647666931152e-01 3.245813250541687012e-01 4.474524259567260742e-01 0.000000000000000000e+00 1.000000000000000000e+00 0.000000000000000000e+00
8.948610424995422363e-01 1.106939315795898438e-01 6.386284828186035156e-01 3.033769130706787109e-02 7.670465111732482910e-01 4.955018162727355957e-01 4.505794644355773926e-01 4.330040216445922852e-01 3.008985519409179688e-02 0.000000000000000000e+00 1.000000000000000000e+00 0.000000000000000000e+00
7.961841225624084473e-01 8.718341588973999023e-01 2.986057400703430176e-01 9.409540295600891113e-01 4.290983080863952637e-01 6.819717884063720703e-01 6.110022664070129395e-01 6.596366763114929199e-01 8.289221525192260742e-01 1.000000000000000000e+00 0.000000000000000000e+00 0.000000000000000000e+00
9.464785456657409668e-01 3.934786319732666016e-01 6.665807962417602539e-01 7.966843843460083008e-01 7.067830562591552734e-01 4.734746813774108887e-01 6.429687142372131348e-01 1.470844745635986328e-01 2.230909466743469238e-01 1.000000000000000000e+00 1.000000000000000000e+00 1.000000000000000000e+00
4.353276193141937256e-01 7.657926678657531738e-01 7.967311143875122070e-02 8.668858408927917480e-01 2.268527150154113770e-01 7.594267129898071289e-01 5.552278757095336914e-01 2.509186863899230957e-01 6.526140570640563965e-01 0.000000000000000000e+00 0.000000000000000000e+00 0.000000000000000000e+00
9.516685605049133301e-01 1.524210572242736816e-01 4.524731040000915527e-01 7.527738809585571289e-01 2.468423247337341309e-01 3.922283649444580078e-03 8.383126258850097656e-01 2.573198080062866211e-02 8.460193276405334473e-01 1.000000000000000000e+00 0.000000000000000000e+00 0.000000000000000000e+00
4.848544299602508545e-01 1.553298830986022949e-01 2.337343096733093262e-01 1.918977499008178711e-02 9.455214738845825195e-01 4.044095873832702637e-01 6.340837478637695312e-02 6.144914627075195312e-01 2.541573047637939453e-01 0.000000000000000000e+00 1.000000000000000000e+00 0.000000000000000000e+00
5.679974555969238281e-01 9.885888099670410156e-01 3.512356877326965332e-01 3.936359286308288574e-01 6.095662713050842285e-01 3.011772632598876953e-01 8.012356162071228027e-01 1.555136442184448242e-01 5.857335329055786133e-01 1.000000000000000000e+00 0.000000000000000000e+00 0.000000000000000000e+00
9.403561949729919434e-01 5.272410511970520020e-01 7.912406921386718750e-01 5.407150387763977051e-01 8.579140901565551758e-01 7.505773901939392090e-01 2.379549741744995117e-01 6.628036499023437500e-04 6.231222748756408691e-01 0.000000000000000000e+00 0.000000000000000000e+00 0.000000000000000000e+00
4.608640074729919434e-01 1.383179426193237305e-01 4.012972712516784668e-01 3.488553166389465332e-01 3.296636939048767090e-01 3.646263480186462402e-01 3.604519367218017578e-01 2.088493108749389648e-01 9.940375089645385742e-01 1.000000000000000000e+00 0.000000000000000000e+00 0.000000000000000000e+00
9.282699227333068848e-01 1.968193054199218750e-02 8.247116208076477051e-01 1.536348462104797363e-01 7.378001213073730469e-01 6.421461701393127441e-01 2.538429498672485352e-01 1.892615556716918945e-01 7.593593597412109375e-01 0.000000000000000000e+00 1.000000000000000000e+00 0.000000000000000000e+00
9.816257953643798828e-01 4.748060107231140137e-01 3.207342624664306641e-01 8.449654579162597656e-01 9.044290781021118164e-01 1.334445476531982422e-01 3.932086825370788574e-01 1.555288434028625488e-01 1.495624184608459473e-01 0.000000000000000000e+00 0.000000000000000000e+00 0.000000000000000000e+00
4.921845793724060059e-01 3.660661578178405762e-01 3.755727410316467285e-01 2.010245919227600098e-01 9.422523379325866699e-01 5.812710523605346680e-02 5.434430837631225586e-01 6.144711375236511230e-01 4.864900708198547363e-01 1.000000000000000000e+00 0.000000000000000000e+00 0.000000000000000000e+00
2.157977223396301270e-01 8.841218948364257812e-01 5.662243366241455078e-01 4.861873388290405273e-02 3.274319767951965332e-01 6.288913488388061523e-01 9.544754028320312500e-02 3.931493759155273438e-01 6.997220516204833984e-01 0.000000000000000000e+00 0.000000000000000000e+00 0.000000000000000000e+00
8.524112701416015625e-01 4.088787436485290527e-01 7.957408428192138672e-01 4.700671434402465820e-01 7.574403882026672363e-01 6.592959165573120117e-01 9.986671805381774902e-01 4.332606792449951172e-01 6.231204867362976074e-01 0.000000000000000000e+00 0.000000000000000000e+00 0.000000000000000000e+00
8.739471435546875000e-01 5.037751793861389160e-01 2.531180381774902344e-01 7.834111452102661133e-01 5.182222127914428711e-01 7.519536614418029785e-01 9.629209637641906738e-01 9.493401646614074707e-01 3.547760844230651855e-01 0.000000000000000000e+00 0.000000000000000000e+00 0.000000000000000000e+00
3.928287327289581299e-01 8.554910421371459961e-01 5.083396434783935547e-01 3.241220116615295410e-01 2.342011928558349609e-01 6.002056598663330078e-01 5.768151283264160156e-01 2.650338411331176758e-01 2.347593903541564941e-01 0.000000000000000000e+00 1.000000000000000000e+00 0.000000000000000000e+00
2.913175523281097412e-01 5.166019201278686523e-01 1.015401482582092285e-01 2.645600438117980957e-01 4.447160959243774414e-01 7.158994078636169434e-01 2.465155720710754395e-01 8.082234859466552734e-01 8.034042119979858398e-01 0.000000000000000000e+00 0.000000000000000000e+00 0.000000000000000000e+00
3.355666100978851318e-01 7.072553634643554688e-01 3.636717796325683594e-02 4.895737767219543457e-01 5.376482009887695312e-02 3.689077496528625488e-01 2.225221395492553711e-01 5.413774847984313965e-01 2.308864593505859375e-01 1.000000000000000000e+00 0.000000000000000000e+00 0.000000000000000000e+00
5.217750072479248047e-01 4.160737395286560059e-01 3.246846795082092285e-01 1.044680476188659668e-01 8.956573605537414551e-01 6.554413437843322754e-01 6.344245076179504395e-01 6.747136712074279785e-01 5.230915546417236328e-02 0.000000000000000000e+00 0.000000000000000000e+00 0.000000000000000000e+00
5.456399321556091309e-01 9.671365618705749512e-01 8.483479619026184082e-01 5.859088897705078125e-01 5.315489768981933594e-01 3.284134864807128906e-01 9.354688525199890137e-01 6.185124516487121582e-01 3.186500072479248047e-02 0.000000000000000000e+00 0.000000000000000000e+00 0.000000000000000000e+00
