6.598467230796813965e-01 6.913211345672607422e-01 8.199581503868103027e-01 6.050938367843627930e-01 5.759254693984985352e-01 5.496433377265930176e-01 9.544723033905029297e-01 9.022353291511535645e-01 4.514153599739074707e-01 1.000000000000000000e+00 0.000000000000000000e+00 0.000000000000000000e+00
4.698647558689117432e-01 6.374965906143188477e-01 5.238851308822631836e-01 3.689480423927307129e-01 4.258533120155334473e-01 6.530902981758117676e-01 5.056083202362060547e-01 9.045577645301818848e-01 7.005896568298339844e-01 0.000000000000000000e+00 0.000000000000000000e+00 0.000000000000000000e+00
5.344699621200561523e-01 9.745962619781494141e-01 8.434608578681945801e-01 6.028653383255004883e-01 4.230209589004516602e-01 8.907942175865173340e-01 9.219825267791748047e-01 2.907551527023315430e-01 7.410643100738525391e-01 1.000000000000000000e+00 0.000000000000000000e+00 0.000000000000000000e+00
9.841117858886718750e-01 2.920091152191162109e-02 4.345947504043579102e-02 9.555012583732604980e-01 5.564559102058410645e-01 7.736794948577880859e-01 8.419244289398193359e-01 3.665330410003662109e-01 9.789746999740600586e-02 1.000000000000000000e+00 1.000000000000000000e+00 1.000000000000000000e+00
9.251058101654052734e-01 4.700112342834472656e-02 3.410478830337524414e-01 4.767578244209289551e-01 8.263179063796997070e-01 7.291067838668823242e-01 9.841660857200622559e-01 8.830877542495727539e-01 4.154402613639831543e-01 0.000000000000000000e+00 0.000000000000000000e+00 0.000000000000000000e+00
3.598756492137908936e-01 9.175133705139160156e-01 9.687428474426269531e-01 5.502602458000183105e-01 3.356869816780090332e-01 7.101488709449768066e-01 3.363777399063110352e-01 7.535007596015930176e-01 9.764856100082397461e-01 0.000000000000000000e+00 0.000000000000000000e+00 0.000000000000000000e+00
8.232569694519042969e-01 8.851811289787292480e-01 4.412901401519775391e-02 7.358436584472656250e-01 4.101241827011108398e-01 4.660239815711975098e-01 5.977351069450378418e-01 8.605381250381469727e-01 9.206591844558715820e-01 0.000000000000000000e+00 0.000000000000000000e+00 0.000000000000000000e+00
6.613613367080688477e-01 9.345769882202148438e-01 4.191159605979919434e-01 9.940828084945678711e-01 8.535897731781005859e-02 5.123781561851501465e-01 8.674083948135375977e-01 6.843296885490417480e-01 6.781791448593139648e-01 0.000000000000000000e+00 1.000000000000000000e+00 0.000000000000000000e+00
2.703094482421875000e-01 7.422426342964172363e-01 1.023154854774475098e-01 7.713556289672851562e-02 3.990067243576049805e-01 3.200522661209106445e-01 1.446576118469238281e-01 3.110131621360778809e-01 2.314651608467102051e-01 1.000000000000000000e+00 0.000000000000000000e+00 0.000000000000000000e+00
2.889953851699829102e-01 9.089952707290649414e-01 6.890670657157897949e-01 6.405667662620544434e-01 2.134209275245666504e-01 3.719786405563354492e-01 9.185444712638854980e-01 3.572828769683837891e-01 8.709649443626403809e-01 1.000000000000000000e+00 0.000000000000000000e+00 0.000000000000000000e+00
3.301034867763519287e-01 9.224750399589538574e-01 2.627229094505310059e-01 5.511252880096435547e-01 3.255516290664672852e-01 8.671024441719055176e-01 2.699615359306335449e-01 2.327362895011901855e-01 4.303791522979736328e-01 0.000000000000000000e+00 0.000000000000000000e+00 0.000000000000000000e+00
3.614999353885650635e-01 8.082064390182495117e-01 6.669890880584716797e-01 6.248134970664978027e-01 3.770728111267089844e-01 8.768588900566101074e-01 9.360053539276123047e-01 1.462298035621643066e-01 9.186189174652099609e-01 0.000000000000000000e+00 0.000000000000000000e+00 0.000000000000000000e+00
9.763957262039184570e-01 5.715855956077575684e-01 5.234256386756896973e-01 8.738088607788085938e-01 9.933015108108520508e-01 8.881596326828002930e-01 7.221413254737854004e-01 2.829044461250305176e-01 8.643746376037597656e-02 0.000000000000000000e+00 1.000000000000000000e+00 0.000000000000000000e+00
5.118942856788635254e-01 9.045764207839965820e-01 6.591147184371948242e-01 8.471797108650207520e-01 2.452441453933715820e-01 9.482302665710449219e-01 6.579672098159790039e-01 6.642699837684631348e-01 7.047510743141174316e-01 0.000000000000000000e+00 0.000000000000000000e+00 0.000000000000000000e+00
7.323662638664245605e-01 7.406352162361145020e-01 8.218050003051757812e-03 4.482827782630920410e-01 6.411862969398498535e-01 1.070721149444580078e-01 3.816366195678710938e-02 6.631649136543273926e-01 8.033640980720520020e-01 0.000000000000000000e+00 0.000000000000000000e+00 0.000000000000000000e+00
4.953007102012634277e-01 4.788371324539184570e-01 1.185933947563171387e-01 3.658922910690307617e-01 4.212092757225036621e-01 7.565802335739135742e-02 2.569673061370849609e-01 6.349909305572509766e-02 7.081210017204284668e-01 0.000000000000000000e+00 0.000000000000000000e+00 0.000000000000000000e+00
7.096604108810424805e-01 6.591835618019104004e-01 7.346522212028503418e-01 3.075608611106872559e-01 5.426514148712158203e-01 3.913359642028808594e-01 7.932094335556030273e-01 6.070049405097961426e-01 8.876785039901733398e-01 1.000000000000000000e+00 0.000000000000000000e+00 0.000000000000000000e+00
9.940324425697326660e-01 8.851408958435058594e-02 9.756481647491455078e-02 9.945266842842102051e-01 2.739030122756958008e-02 2.711753249168395996e-01 9.126383066177368164e-02 2.641130089759826660e-01 4.669652581214904785e-01 1.000000000000000000e+00 1.000000000000000000e+00 1.000000000000000000e+00
3.928057849407196045e-01 9.050417542457580566e-01 7.861139178276062012e-01 8.755896091461181641e-01 2.310309410095214844e-01 2.261805534362792969e-01 6.672861576080322266e-01 6.593816876411437988e-01 3.111364245414733887e-01 1.000000000000000000e+00 0.000000000000000000e+00 0.000000000000000000e+00
7.125201821327209473e-01 8.189821839332580566e-01 3.105829954147338867e-01 8.818190693855285645e-01 2.534199357032775879e-01 2.484232783317565918e-01 9.980344772338867188e-01 7.846863269805908203e-01 7.123445272445678711e-01 0.000000000000000000e+00 0.000000000000000000e+00 0.000000000000000000e+00
9.428805112838745117e-01 6.135880947113037109e-01 2.161586284637451172e-01 7.885500192642211914e-01 6.336331367492675781e-01 9.100794792175292969e-02 8.904006481170654297e-01 1.925707459449768066e-01 9.379600286483764648e-01 0.000000000000000000e+00 0.000000000000000000e+00 0.000000000000000000e+00
6.026485562324523926e-01 3.603041768074035645e-01 3.083347678184509277e-01 7.017846107482910156e-01 4.448429942131042480e-01 8.693817853927612305e-01 1.734775304794311523e-02 3.697220087051391602e-01 7.423978447914123535e-01 1.000000000000000000e+00 1.000000000000000000e+00 1.000000000000000000e+00
5.241474509239196777e-01 3.373082280158996582e-01 3.321276307106018066e-01 6.410644054412841797e-01 4.144626855850219727e-02 7.620187401771545410e-01 9.996036291122436523e-01 3.448104858398437500e-02 2.585253715515136719e-01 0.000000000000000000e+00 1.000000000000000000e+00 0.000000000000000000e+00
2.888628542423248291e-01 9.447023272514343262e-01 9.257845878601074219e-01 7.786566019058227539e-02 5.571730732917785645e-01 9.730700850486755371e-01 9.489817023277282715e-01 7.283085584640502930e-01 1.138035058975219727e-01 1.000000000000000000e+00 0.000000000000000000e+00 0.000000000000000000e+00
7.338848710060119629e-01 2.694461345672607422e-01 7.624998092651367188e-01 6.119532585144042969e-01 3.402272462844848633e-01 9.748773574829101562e-01 2.842357158660888672e-01 9.535675644874572754e-01 5.427865982055664062e-01 0.000000000000000000e+00 0.000000000000000000e+00 0.000000000000000000e+00
6.532996296882629395e-01 9.104489088058471680e-01 4.125356674194335938e-02 1.381919980049133301e-01 8.591169714927673340e-01 2.727589011192321777e-01 8.526260852813720703e-01 4.345679283142089844e-01 9.428427815437316895e-01 0.000000000000000000e+00 0.000000000000000000e+00 0.000000000000000000e+00
8.350754976272583008e-01 2.693272829055786133e-01 8.350652456283569336e-02 6.601688861846923828e-01 4.358744621276855469e-02 7.112145423889160156e-03 1.089012622833251953e-02 5.328587293624877930e-01 8.656448125839233398e-02 0.000000000000000000e+00 0.000000000000000000e+00 0.000000000000000000e+00
7.797299623489379883e-01 8.352636694908142090e-01 5.605220794677734375e-02 7.419110536575317383e-01 5.867661833763122559e-01 7.915619611740112305e-01 9.178534746170043945e-01 5.067097544670104980e-01 9.619889259338378906e-01 0.000000000000000000e+00 0.000000000000000000e+00 0.000000000000000000e+00
9.380009174346923828e-01 3.585559129714965820e-01 9.209156036376953125e-01 2.322185635566711426e-01 9.897226095199584961e-01 6.120600104331970215e-01 8.571136593818664551e-01 6.843308210372924805e-01 3.173013329505920410e-01 1.000000000000000000e+00 1.000000000000000000e+00 1.000000000000000000e+00
4.238717257976531982e-01 7.078799009323120117e-01 9.144912958145141602e-01 3.670531511306762695e-01 4.626159071922302246e-01 3.225818276405334473e-01 8.130282163619995117e-01 4.224540591239929199e-01 7.667398452758789062e-01 0.000000000000000000e+00 0.000000000000000000e+00 0.000000000000000000e+00
9.957479834556579590e-01 2.279359102249145508e-02 2.367158532142639160e-01 8.891882896423339844e-01 3.252390027046203613e-01 4.134457707405090332e-01 1.760455369949340820e-01 3.539073467254638672e-01 2.286326885223388672e-01 0.000000000000000000e+00 1.000000000000000000e+00 0.000000000000000000e+00
3.098331391811370850e-01 7.452754378318786621e-01 6.849300265312194824e-01 7.662302255630493164e-02 8.256580233573913574e-01 8.242765665054321289e-01 1.647965908050537109e-01 7.393221855163574219e-01 5.591622591018676758e-01 0.000000000000000000e+00 0.000000000000000000e+00 0.000000000000000000e+00
9.547994136810302734e-01 5.934257507324218750e-01 6.781154870986938477e-02 8.428165912628173828e-01 9.846873879432678223e-01 7.198223471641540527e-01 8.912010192871093750e-01 6.192533969879150391e-01 9.909262657165527344e-01 0.000000000000000000e+00 0.000000000000000000e+00 0.000000000000000000e+00
7.410048842430114746e-01 5.110276341438293457e-01 9.384210109710693359e-01 9.870040416717529297e-02 9.093230366706848145e-01 5.114091038703918457e-01 4.850105643272399902e-01 3.552480340003967285e-01 1.061170101165771484e-01 1.000000000000000000e+00 1.000000000000000000e+00 1.000000000000000000e+00
7.743542790412902832e-01 4.986606836318969727e-01 2.291904091835021973e-01 3.838925957679748535e-01 8.791204094886779785e-01 2.143810987472534180e-01 8.501727581024169922e-01 4.141453504562377930e-01 9.490502476692199707e-01 0.000000000000000000e+00 0.000000000000000000e+00 0.000000000000000000e+00
9.807785749435424805e-01 1.658114194869995117e-01 3.130954504013061523e-02 6.346387267112731934e-01 8.346367478370666504e-01 1.706880331039428711e-02 6.764546036720275879e-01 1.624870896339416504e-01 3.462978601455688477e-01 1.000000000000000000e+00 1.000000000000000000e+00 1.000000000000000000e+00
8.004218935966491699e-01 8.839686512947082520e-01 9.013461470603942871e-01 6.972328424453735352e-01 6.544618010520935059e-01 3.934637904167175293e-01 2.439461946487426758e-01 4.744200110435485840e-01 6.599394679069519043e-01 0.000000000000000000e+00 0.000000000000000000e+00 0.000000000000000000e+00
4.203348755836486816e-01 4.729988574981689453e-01 4.291976094245910645e-01 6.020666956901550293e-01 2.560850381851196289e-01 5.442060232162475586e-01 6.393540501594543457e-01 5.515192747116088867e-01 4.116304516792297363e-01 0.000000000000000000e+00 0.000000000000000000e+00 0.000000000000000000e+00
4.049293994903564453e-01 8.801895976066589355e-01 6.376332044601440430e-02 6.397562623023986816e-01 3.685027360916137695e-02 6.099157929420471191e-01 7.480039000511169434e-01 8.934324979782104492e-02 4.430538415908813477e-01 0.000000000000000000e+00 0.000000000000000000e+00 0.000000000000000000e+00
7.016840577125549316e-01 7.468439340591430664e-01 7.110918760299682617e-01 9.403990507125854492e-01 5.758124589920043945e-02 9.873833060264587402e-01 2.820615172386169434e-01 4.469642639160156250e-01 1.865512728691101074e-01 0.000000000000000000e+00 1.000000000000000000e+00 0.000000000000000000e+00
9.218211770057678223e-01 6.904422044754028320e-01 4.864716529846191406e-01 7.757816910743713379e-01 5.196731090545654297e-01 1.387595534324645996e-01 5.460875034332275391e-01 1.734246015548706055e-01 5.756931900978088379e-01 0.000000000000000000e+00 0.000000000000000000e+00 0.000000000000000000e+00
6.749361753463745117e-01 7.305274605751037598e-01 7.580997347831726074e-01 2.339891791343688965e-01 9.332726001739501953e-01 9.259020686149597168e-01 9.073664546012878418e-01 6.550507545471191406e-01 3.029507398605346680e-02 0.000000000000000000e+00 0.000000000000000000e+00 0.000000000000000000e+00
6.060078740119934082e-01 1.931399703025817871e-01 6.823078989982604980e-01 2.871417999267578125e-02 3.345279097557067871e-01 4.591401219367980957e-01 2.986955642700195312e-01 8.781843781471252441e-01 4.424601793289184570e-02 1.000000000000000000e+00 0.000000000000000000e+00 0.000000000000000000e+00
9.625914096832275391e-01 7.077991962432861328e-03 7.104510068893432617e-01 5.129654407501220703e-01 5.533991456031799316e-01 7.342213988304138184e-01 6.999782323837280273e-01 8.751173615455627441e-01 6.222249865531921387e-01 0.000000000000000000e+00 0.000000000000000000e+00 0.000000000000000000e+00
5.466499328613281250e-01 3.238963484764099121e-01 7.772498726844787598e-01 2.301406264305114746e-01 6.760364770889282227e-02 8.368593454360961914e-01 5.957108139991760254e-01 3.555259108543395996e-01 2.735593914985656738e-01 0.000000000000000000e+00 0.000000000000000000e+00 0.000000000000000000e+00
4.045663774013519287e-01 7.393383979797363281e-01 5.565452575683593750e-01 1.587917804718017578e-01 5.126115083694458008e-01 9.632317423820495605e-01 3.370997309684753418e-01 8.427742719650268555e-01 1.104309558868408203e-01 0.000000000000000000e+00 0.000000000000000000e+00 0.000000000000000000e+00
9.225128889083862305e-01 8.132126927375793457e-01 9.269255995750427246e-01 9.883729815483093262e-01 4.840309023857116699e-01 5.757927894592285156e-03 6.808042526245117188e-02 3.700205683708190918e-01 6.822741031646728516e-02 0.000000000000000000e+00 0.000000000000000000e+00 0.000000000000000000e+00
9.144665002822875977e-01 8.735395669937133789e-01 2.519037723541259766e-01 2.824786305427551270e-01 9.116302132606506348e-01 1.033011674880981445e-01 2.337520122528076172e-01 2.783808112144470215e-01 8.691319227218627930e-01 0.000000000000000000e+00 0.000000000000000000e+00 0.000000000000000000e+00
2.600424289703369141e-01 6.339087486267089844e-01 3.598640561103820801e-01 6.774035692214965820e-01 4.520756006240844727e-02 8.224152326583862305e-01 2.892472147941589355e-01 8.190871477127075195e-01 6.265910863876342773e-01 1.000000000000000000e+00 0.000000000000000000e+00 0.000000000000000000e+00
7.044365406036376953e-01 1.101645231246948242e-01 5.302411317825317383e-01 5.811586976051330566e-01 1.079016923904418945e-02 7.014453411102294922e-03 6.594017744064331055e-01 2.636335492134094238e-01 1.025986671447753906e-02 1.000000000000000000e+00 0.000000000000000000e+00 0.000000000000000000e+00
8.687459230422973633e-01 2.626170516014099121e-01 6.459251046180725098e-01 6.391130089759826660e-01 9.561334848403930664e-01 9.867565631866455078e-01 1.224299073219299316e-01 6.187321543693542480e-01 2.607269287109375000e-01 0.000000000000000000e+00 0.000000000000000000e+00 0.000000000000000000e+00
4.299014806747436523e-01 1.175193786621093750e-01 4.793952107429504395e-01 3.305015563964843750e-01 3.411511182785034180e-01 6.155459284782409668e-01 1.196323037147521973e-01 1.657339930534362793e-01 9.071123003959655762e-01 1.000000000000000000e+00 0.000000000000000000e+00 0.000000000000000000e+00
9.565371870994567871e-01 9.327245354652404785e-01 9.141656160354614258e-01 9.742569923400878906e-01 6.004657745361328125e-01 1.335799694061279297e-02 9.554275274276733398e-01 9.077281355857849121e-01 4.518097639083862305e-01 0.000000000000000000e+00 0.000000000000000000e+00 0.000000000000000000e+00
8.148310184478759766e-01 3.232607245445251465e-01 8.257983326911926270e-01 1.073086261749267578e-02 1.912685632705688477e-01 6.718033552169799805e-02 5.718052387237548828e-03 7.526523470878601074e-01 1.974139213562011719e-01 0.000000000000000000e+00 1.000000000000000000e+00 0.000000000000000000e+00
8.777135610580444336e-01 1.521233320236206055e-01 9.610525965690612793e-01 2.117371559143066406e-01 7.055981159210205078e-01 9.949235916137695312e-01 6.709806323051452637e-01 1.491078734397888184e-01 2.647759318351745605e-01 0.000000000000000000e+00 1.000000000000000000e+00 0.000000000000000000e+00
9.494113922119140625e-01 2.595121264457702637e-01 9.080106019973754883e-01 5.621740818023681641e-01 6.928684115409851074e-01 8.316560387611389160e-01 6.276568770408630371e-01 8.704449534416198730e-01 5.896667838096618652e-01 0.000000000000000000e+00 0.000000000000000000e+00 0.000000000000000000e+00
6.511586904525756836e-01 5.106081962585449219e-01 5.541349053382873535e-01 3.635727167129516602e-01 8.876951336860656738e-01 2.311956882476806641e-02 6.085129976272583008e-01 2.396556735038757324e-01 5.105531215667724609e-01 0.000000000000000000e+00 0.000000000000000000e+00 0.000000000000000000e+00
1.592010259628295898e-01 9.383625984191894531e-01 2.562629580497741699e-01 1.954920887947082520e-01 2.633872032165527344e-01 5.126324295997619629e-01 8.129310607910156250e-02 3.578834533691406250e-01 3.638448119163513184e-01 0.000000000000000000e+00 1.000000000000000000e+00 0.000000000000000000e+00
9.348899126052856445e-01 2.980417609214782715e-01 6.335312128067016602e-01 7.382870912551879883e-01 4.681103229522705078e-01 4.196888208389282227e-01 1.089320182800292969e-01 2.194718122482299805e-01 7.232323288917541504e-01 1.000000000000000000e+00 0.000000000000000000e+00 0.000000000000000000e+00
9.908875226974487305e-01 6.174397468566894531e-02 4.334340095520019531e-01 9.796233177185058594e-01 5.824013948440551758e-01 7.923293113708496094e-01 2.824057340621948242e-01 6.921803951263427734e-02 5.645616650581359863e-01 0.000000000000000000e+00 1.000000000000000000e+00 0.000000000000000000e+00
4.153270125389099121e-01 4.829639196395874023e-01 1.638552546501159668e-01 1.737405657768249512e-01 3.205546140670776367e-01 4.313519001007080078e-01 3.983654379844665527e-01 1.334162354469299316e-01 8.464256525039672852e-01 0.000000000000000000e+00 0.000000000000000000e+00 0.000000000000000000e+00
8.743766546249389648e-01 8.957207798957824707e-01 4.887516498565673828e-01 7.979787588119506836e-01 9.264968633651733398e-01 9.019249677658081055e-01 2.000033855438232422e-03 6.121250391006469727e-01 5.691950917243957520e-01 0.000000000000000000e+00 0.000000000000000000e+00 0.000000000000000000e+00
9.799183607101440430e-01 2.015994787216186523e-01 5.385227799415588379e-01 8.097233176231384277e-01 6.080760359764099121e-01 8.726246356964111328e-01 6.739896535873413086e-02 8.320555686950683594e-01 7.769464850425720215e-01 0.000000000000000000e+00 0.000000000000000000e+00 0.000000000000000000e+00
2.499076724052429199e-01 1.213365197181701660e-01 1.639693379402160645e-01 1.772502064704895020e-01 4.188197851181030273e-01 9.639745950698852539e-01 2.541776895523071289e-01 2.962071895599365234e-01 9.426700472831726074e-01 0.000000000000000000e+00 1.000000000000000000e+00 0.000000000000000000e+00
5.196500420570373535e-01 6.587220430374145508e-01 7.118396759033203125e-01 2.736423015594482422e-01 5.771021842956542969e-01 7.047343254089355469e-01 8.053779602050781250e-03 3.547287583351135254e-01 8.649130463600158691e-01 1.000000000000000000e+00 0.000000000000000000e+00 0.000000000000000000e+00
1.538782864809036255e-01 7.226091027259826660e-01 5.040037035942077637e-01 1.611361503601074219e-01 9.851747751235961914e-02 9.798427224159240723e-01 8.114624023437500000e-02 7.240681052207946777e-01 8.664171099662780762e-01 0.000000000000000000e+00 0.000000000000000000e+00 0.000000000000000000e+00
2.464288920164108276e-01 3.772692680358886719e-01 4.447209239006042480e-01 6.152045726776123047e-02 1.711494922637939453e-01 6.389850378036499023e-01 9.257805347442626953e-02 6.963208317756652832e-01 2.227427959442138672e-01 0.000000000000000000e+00 0.000000000000000000e+00 0.000000000000000000e+00
5.914306640625000000e-01 7.279843091964721680e-01 8.903493285179138184e-01 3.381098508834838867e-01 7.223783731460571289e-01 5.372892618179321289e-01 6.001928448677062988e-01 8.563050031661987305e-01 4.264317154884338379e-01 1.000000000000000000e+00 0.000000000000000000e+00 0.000000000000000000e+00
5.239652395248413086e-01 2.808638811111450195e-01 1.500586271286010742e-01 5.233770012855529785e-01 6.654316186904907227e-02 3.764061331748962402e-01 1.621239781379699707e-01 6.421662569046020508e-01 4.694572091102600098e-01 0.000000000000000000e+00 1.000000000000000000e+00 0.000000000000000000e+00
8.819357752799987793e-01 8.291707634925842285e-01 4.282613396644592285e-01 6.861645579338073730e-01 8.345717191696166992e-01 9.311466813087463379e-01 5.270020365715026855e-01 4.648789763450622559e-01 9.212572574615478516e-01 0.000000000000000000e+00 0.000000000000000000e+00 0.000000000000000000e+00
5.045069456100463867e-01 5.826001167297363281e-01 3.079902529716491699e-01 6.650234460830688477e-01 5.930978059768676758e-02 4.809790849685668945e-01 6.996041536331176758e-01 4.286080598831176758e-02 4.581958651542663574e-01 0.000000000000000000e+00 0.000000000000000000e+00 0.000000000000000000e+00
9.123505353927612305e-01 1.274490952491760254e-01 7.768259644508361816e-01 4.397315382957458496e-01 3.928784132003784180e-01 3.161473274230957031e-01 6.716609001159667969e-01 5.165376663208007812e-01 3.473633527755737305e-02 0.000000000000000000e+00 0.000000000000000000e+00 0.000000000000000000e+00
2.514225244522094727e-01 8.987494111061096191e-01 1.162357926368713379e-01 9.224587678909301758e-02 6.429847478866577148e-01 8.189211487770080566e-01 2.066895961761474609e-01 6.451970338821411133e-02 2.859727740287780762e-01 0.000000000000000000e+00 0.000000000000000000e+00 0.000000000000000000e+00
8.890396952629089355e-01 1.747012138366699219e-01 2.345448732376098633e-01 7.816681861877441406e-01 3.094659447669982910e-01 7.479571104049682617e-01 8.973023891448974609e-01 3.295779228210449219e-01 5.608714818954467773e-01 0.000000000000000000e+00 1.000000000000000000e+00 0.000000000000000000e+00
5.859197378158569336e-01 8.959134817123413086e-01 1.431828141212463379e-01 6.062242388725280762e-01 4.468206763267517090e-01 7.701241374015808105e-01 7.076907753944396973e-01 7.253978848457336426e-01 3.333473205566406250e-01 1.000000000000000000e+00 0.000000000000000000e+00 0.000000000000000000e+00
8.933283686637878418e-01 2.729790806770324707e-01 7.291668653488159180e-01 2.092901468276977539e-01 4.940830469131469727e-01 2.482897043228149414e-02 9.378795027732849121e-01 4.802061915397644043e-01 2.339645028114318848e-01 0.000000000000000000e+00 0.000000000000000000e+00 0.000000000000000000e+00
5.863158702850341797e-01 3.385875225067138672e-01 4.805625081062316895e-01 9.588187932968139648e-02 6.233344674110412598e-01 6.323355436325073242e-02 8.497657775878906250e-01 6.239449381828308105e-01 8.805572390556335449e-01 1.000000000000000000e+00 0.000000000000000000e+00 0.000000000000000000e+00
8.804809451103210449e-01 6.914253830909729004e-01 3.368109464645385742e-01 8.923467993736267090e-01 8.971034288406372070e-01 6.327065825462341309e-01 8.739753961563110352e-01 9.130263924598693848e-01 8.151030540466308594e-01 1.000000000000000000e+00 0.000000000000000000e+00 0.000000000000000000e+00
9.880885481834411621e-01 9.987485408782958984e-02 1.729661822319030762e-01 7.178049087524414062e-01 5.565457344055175781e-01 3.524308204650878906e-01 5.082896351814270020e-01 2.763009071350097656e-02 8.895605206489562988e-01 0.000000000000000000e+00 1.000000000000000000e+00 0.000000000000000000e+00
8.468253612518310547e-01 6.608634591102600098e-01 5.598849058151245117e-02 9.492644071578979492e-01 3.755931258201599121e-01 5.095577836036682129e-01 5.041347146034240723e-01 8.391497731208801270e-01 6.639384031295776367e-01 0.000000000000000000e+00 0.000000000000000000e+00 0.000000000000000000e+00
1.661085486412048340e-01 2.936620116233825684e-01 1.980524659156799316e-01 2.251949906349182129e-01 7.328382730484008789e-01 3.007537722587585449e-01 6.373602151870727539e-02 1.587742567062377930e-01 4.626355171203613281e-01 1.000000000000000000e+00 1.000000000000000000e+00 1.000000000000000000e+00
9.218460321426391602e-01 4.417741298675537109e-01 3.016344904899597168e-01 9.278550148010253906e-01 8.159831762313842773e-01 8.699629306793212891e-01 1.163213253021240234e-01 4.916178584098815918e-01 2.632595300674438477e-01 1.000000000000000000e+00 1.000000000000000000e+00 1.000000000000000000e+00
9.629445672035217285e-01 1.946177482604980469e-01 8.181421160697937012e-01 5.844883322715759277e-01 3.713220953941345215e-01 3.185904026031494141e-01 5.711445212364196777e-01 1.632466316223144531e-01 8.685587048530578613e-01 0.000000000000000000e+00 1.000000000000000000e+00 0.000000000000000000e+00
9.397060275077819824e-01 3.034168481826782227e-01 7.221651673316955566e-01 5.662807822227478027e-01 7.740493416786193848e-01 5.659923553466796875e-01 3.425608873367309570e-01 5.282459855079650879e-01 8.556072711944580078e-01 0.000000000000000000e+00 0.000000000000000000e+00 0.000000000000000000e+00
6.015574336051940918e-01 8.696895241737365723e-01 8.627057671546936035e-01 7.713586091995239258e-02 8.144871592521667480e-01 3.468887805938720703e-01 8.204132914543151855e-01 2.059832811355590820e-01 4.127954840660095215e-01 1.000000000000000000e+00 0.000000000000000000e+00 0.000000000000000000e+00
7.866256237030029297e-01 4.627453088760375977e-01 5.967572331428527832e-01 7.370046973228454590e-01 4.840090274810791016e-01 5.818110704421997070e-01 7.538705468177795410e-01 2.716123461723327637e-01 2.496651411056518555e-01 0.000000000000000000e+00 1.000000000000000000e+00 0.000000000000000000e+00
5.633309483528137207e-01 4.955168962478637695e-01 6.590239405632019043e-01 5.603282451629638672e-01 1.555702090263366699e-01 8.546096086502075195e-02 2.022875547409057617e-01 8.641014695167541504e-01 3.013753890991210938e-01 0.000000000000000000e+00 0.000000000000000000e+00 0.000000000000000000e+00
9.180722832679748535e-01 7.045480012893676758e-01 9.463233947753906250e-01 4.224413633346557617e-01 9.009315967559814453e-01 4.325461983680725098e-01 3.713563680648803711e-01 1.062394976615905762e-01 6.991268992424011230e-01 0.000000000000000000e+00 0.000000000000000000e+00 0.000000000000000000e+00
5.358933210372924805e-01 7.061092257499694824e-01 4.982329010963439941e-01 2.605776786804199219e-01 8.988690972328186035e-01 3.606082797050476074e-01 7.775691747665405273e-01 2.614856958389282227e-01 3.483028411865234375e-01 1.000000000000000000e+00 0.000000000000000000e+00 0.000000000000000000e+00
3.556062579154968262e-01 7.754554748535156250e-01 1.068800687789916992e-02 4.913976192474365234e-01 3.221550583839416504e-01 5.249752998352050781e-01 1.705352067947387695e-01 2.911144495010375977e-01 7.274221181869506836e-01 1.000000000000000000e+00 0.000000000000000000e+00 0.000000000000000000e+00
8.182789683341979980e-01 8.896099925041198730e-01 7.928589582443237305e-01 5.801953673362731934e-01 8.999018669128417969e-01 5.492742657661437988e-01 6.123752593994140625e-01 3.658217787742614746e-01 2.821263670921325684e-01 0.000000000000000000e+00 0.000000000000000000e+00 0.000000000000000000e+00
7.675279974937438965e-01 7.360143661499023438e-01 8.913815021514892578e-01 4.900486469268798828e-01 4.650402665138244629e-01 8.983802199363708496e-01 1.705499887466430664e-01 7.313100695610046387e-01 2.823062539100646973e-01 0.000000000000000000e+00 0.000000000000000000e+00 0.000000000000000000e+00
6.880092620849609375e-01 6.852405071258544922e-01 4.850528836250305176e-01 4.289321899414062500e-01 7.007849216461181641e-01 4.842934012413024902e-01 2.152985334396362305e-02 6.847217082977294922e-01 6.237769126892089844e-02 1.000000000000000000e+00 1.000000000000000000e+00 1.000000000000000000e+00
3.814727962017059326e-01 9.431155920028686523e-01 4.191325306892395020e-01 1.375386118888854980e-01 7.865424752235412598e-01 5.916037559509277344e-01 5.877803564071655273e-01 9.056916236877441406e-01 4.780166745185852051e-01 0.000000000000000000e+00 0.000000000000000000e+00 0.000000000000000000e+00
8.810848593711853027e-01 7.016786336898803711e-01 9.371660947799682617e-01 7.502968907356262207e-01 1.895593404769897461e-01 2.220416069030761719e-02 4.447708725929260254e-01 6.533293724060058594e-01 5.790131688117980957e-01 0.000000000000000000e+00 0.000000000000000000e+00 0.000000000000000000e+00
9.951732754707336426e-01 6.758517026901245117e-02 7.990025281906127930e-01 4.013976454734802246e-01 9.904581308364868164e-01 4.411412477493286133e-01 8.861212730407714844e-01 7.605798244476318359e-01 5.843316912651062012e-01 0.000000000000000000e+00 0.000000000000000000e+00 0.000000000000000000e+00
6.877564787864685059e-01 1.480938196182250977e-01 2.205902934074401855e-01 3.887107968330383301e-01 7.798801064491271973e-01 4.097596406936645508e-01 1.100914478302001953e-01 9.985392093658447266e-01 5.048078298568725586e-02 0.000000000000000000e+00 0.000000000000000000e+00 0.000000000000000000e+00
7.159177064895629883e-01 6.426655054092407227e-01 5.183501839637756348e-01 6.731694936752319336e-01 6.907150149345397949e-01 7.206686139106750488e-01 1.251608133316040039e-01 1.657558083534240723e-01 2.337045669555664062e-01 0.000000000000000000e+00 0.000000000000000000e+00 0.000000000000000000e+00
4.250968098640441895e-01 9.186173081398010254e-01 8.152785897254943848e-01 7.352936267852783203e-02 6.547321081161499023e-01 8.753724098205566406e-01 5.918876528739929199e-01 2.550839781761169434e-01 1.840275526046752930e-02 1.000000000000000000e+00 0.000000000000000000e+00 0.000000000000000000e+00
8.771502375602722168e-01 6.378793120384216309e-01 2.194068431854248047e-01 6.426027417182922363e-01 5.909472703933715820e-01 2.384638786315917969e-02 9.383628368377685547e-01 2.293687462806701660e-01 8.409202098846435547e-01 1.000000000000000000e+00 0.000000000000000000e+00 0.000000000000000000e+00
6.120107769966125488e-01 5.476099252700805664e-01 1.314499378204345703e-01 1.689895391464233398e-01 8.011372089385986328e-01 8.980168700218200684e-01 3.338454365730285645e-01 2.320811152458190918e-01 5.698737502098083496e-01 1.000000000000000000e+00 0.000000000000000000e+00 0.000000000000000000e+00
2.246173024177551270e-01 9.808782339096069336e-01 1.513521075248718262e-01 8.612692356109619141e-03 3.241714239120483398e-01 1.818958520889282227e-01 8.607562780380249023e-01 6.425697803497314453e-01 7.212591767311096191e-01 1.000000000000000000e+00 1.000000000000000000e+00 1.000000000000000000e+00
6.172229647636413574e-01 3.187490105628967285e-01 6.801053285598754883e-01 1.167613863945007324e-01 6.914512515068054199e-01 6.822419166564941406e-01 3.721458911895751953e-01 3.019765019416809082e-01 5.996518135070800781e-01 0.000000000000000000e+00 0.000000000000000000e+00 0.000000000000000000e+00
9.140808582305908203e-01 9.979748725891113281e-02 3.108269572257995605e-01 6.034601330757141113e-01 4.865502715110778809e-01 1.541626453399658203e-02 5.587208271026611328e-02 8.662024140357971191e-01 5.172988176345825195e-01 0.000000000000000000e+00 0.000000000000000000e+00 0.000000000000000000e+00
8.295740485191345215e-01 1.595488190650939941e-01 7.513268589973449707e-01 1.044387221336364746e-01 4.452778100967407227e-01 3.215070962905883789e-01 7.742822766304016113e-01 5.099349617958068848e-01 2.444348335266113281e-01 0.000000000000000000e+00 0.000000000000000000e+00 0.000000000000000000e+00
9.380692243576049805e-01 7.891511917114257812e-01 8.070155382156372070e-01 9.731005430221557617e-01 7.207798361778259277e-01 3.961647152900695801e-01 7.281401157379150391e-01 1.344078183174133301e-01 1.139727234840393066e-01 0.000000000000000000e+00 1.000000000000000000e+00 0.000000000000000000e+00
7.140414714813232422e-01 5.137000679969787598e-01 6.082144975662231445e-01 2.261299490928649902e-01 8.034615516662597656e-01 2.146041989326477051e-01 1.062201261520385742e-01 6.740102171897888184e-01 7.419134974479675293e-01 1.000000000000000000e+00 0.000000000000000000e+00 0.000000000000000000e+00
8.881826400756835938e-01 1.589184999465942383e-02 9.707179665565490723e-01 2.696580886840820312e-01 1.472404599189758301e-01 9.931784868240356445e-01 3.317866921424865723e-01 2.464662790298461914e-01 1.665900945663452148e-01 0.000000000000000000e+00 1.000000000000000000e+00 0.000000000000000000e+00
9.780345559120178223e-01 2.720532417297363281e-01 8.397051692008972168e-01 3.842454552650451660e-01 7.292681336402893066e-01 1.835582256317138672e-01 5.222438573837280273e-01 3.761209845542907715e-01 4.521227478981018066e-01 0.000000000000000000e+00 0.000000000000000000e+00 0.000000000000000000e+00
8.011021614074707031e-01 1.684371829032897949e-01 5.622974038124084473e-01 6.990207433700561523e-01 5.510967969894409180e-02 3.260228037834167480e-01 8.387309908866882324e-01 7.715767025947570801e-01 3.594702482223510742e-02 0.000000000000000000e+00 0.000000000000000000e+00 0.000000000000000000e+00
5.881400704383850098e-01 9.860980510711669922e-01 8.675178885459899902e-01 8.456510305404663086e-01 3.092537522315979004e-01 2.100094556808471680e-01 8.911622762680053711e-01 1.949797868728637695e-01 3.522920608520507812e-01 1.000000000000000000e+00 0.000000000000000000e+00 0.000000000000000000e+00
6.756221055984497070e-01 3.207867741584777832e-01 8.106055855751037598e-01 5.059680938720703125e-01 4.058933258056640625e-02 5.105958580970764160e-01 2.012261152267456055e-01 6.160795688629150391e-01 1.001666188240051270e-01 0.000000000000000000e+00 0.000000000000000000e+00 0.000000000000000000e+00
7.262386679649353027e-01 6.838515400886535645e-01 3.020008206367492676e-01 6.559139490127563477e-01 2.832478880882263184e-01 9.842747449874877930e-02 5.454796552658081055e-02 2.988786101341247559e-01 7.478020191192626953e-01 0.000000000000000000e+00 0.000000000000000000e+00 0.000000000000000000e+00
3.133843243122100830e-01 3.368955850601196289e-01 3.158842921257019043e-01 7.036155462265014648e-02 7.233488559722900391e-01 8.032571673393249512e-01 1.237274408340454102e-01 4.063183665275573730e-01 9.556698799133300781e-02 1.000000000000000000e+00 0.000000000000000000e+00 0.000000000000000000e+00
9.755762219429016113e-01 1.732575893402099609e-02 9.540906548500061035e-01 6.600260734558105469e-02 3.624463677406311035e-01 6.537038087844848633e-02 2.228606939315795898e-01 4.342070221900939941e-01 9.421009421348571777e-01 1.000000000000000000e+00 1.000000000000000000e+00 1.000000000000000000e+00
7.010887265205383301e-01 1.469382643699645996e-01 7.299818992614746094e-01 5.819163322448730469e-01 3.275177478790283203e-01 7.716498970985412598e-01 7.054476737976074219e-01 4.883513450622558594e-01 5.445238947868347168e-01 0.000000000000000000e+00 0.000000000000000000e+00 0.000000000000000000e+00
7.149224281311035156e-01 9.153186082839965820e-01 5.598339438438415527e-01 3.219949007034301758e-01 9.429270625114440918e-01 7.127535343170166016e-02 9.281641244888305664e-01 6.168044805526733398e-01 5.494099855422973633e-01 0.000000000000000000e+00 0.000000000000000000e+00 0.000000000000000000e+00
8.644539713859558105e-01 5.726587176322937012e-01 5.594331622123718262e-01 7.983301877975463867e-01 4.483991265296936035e-01 5.930793881416320801e-01 7.188105583190917969e-01 4.994368553161621094e-01 4.319584369659423828e-01 1.000000000000000000e+00 0.000000000000000000e+00 0.000000000000000000e+00
9.315965771675109863e-01 6.846275329589843750e-01 1.479344367980957031e-01 9.649148583412170410e-01 7.018855810165405273e-01 9.611525535583496094e-01 8.182929158210754395e-01 6.754270792007446289e-01 6.690026521682739258e-01 0.000000000000000000e+00 0.000000000000000000e+00 0.000000000000000000e+00
3.415013551712036133e-01 8.193030357360839844e-01 5.192023515701293945e-01 1.232135295867919922e-01 3.978695869445800781e-01 6.698682308197021484e-01 3.348047137260437012e-01 1.079821586608886719e-02 1.682972311973571777e-01 1.000000000000000000e+00 1.000000000000000000e+00 1.000000000000000000e+00
8.963518142700195312e-01 2.986392378807067871e-01 2.332698106765747070e-01 7.232547998428344727e-01 3.007848858833312988e-01 1.203557848930358887e-01 5.503372550010681152e-01 1.430789232254028320e-01 8.724391460418701172e-01 0.000000000000000000e+00 1.000000000000000000e+00 0.000000000000000000e+00
6.800214648246765137e-01 7.752121686935424805e-01 2.529917955398559570e-01 3.141209483146667480e-01 7.651454210281372070e-01 5.044075250625610352e-01 8.622972965240478516e-01 2.514734268188476562e-01 8.050959110260009766e-01 1.000000000000000000e+00 0.000000000000000000e+00 0.000000000000000000e+00
5.618825554847717285e-01 7.790757417678833008e-01 4.475368261337280273e-01 5.807830691337585449e-01 2.230745553970336914e-01 9.750051498413085938e-01 3.418970108032226562e-01 3.658228516578674316e-01 4.067475199699401855e-01 0.000000000000000000e+00 0.000000000000000000e+00 0.000000000000000000e+00
8.897382616996765137e-01 1.037034988403320312e-01 6.019826531410217285e-01 2.308784127235412598e-01 7.271490097045898438e-01 1.766245961189270020e-01 5.251812934875488281e-02 1.107425689697265625e-01 5.470985174179077148e-01 0.000000000000000000e+00 0.000000000000000000e+00 0.000000000000000000e+00
9.114577770233154297e-01 7.253076434135437012e-01 9.543820619583129883e-01 9.373758435249328613e-01 2.076505422592163086e-01 5.498505830764770508e-01 3.253009319305419922e-01 1.776580810546875000e-01 6.308459043502807617e-01 1.000000000000000000e+00 0.000000000000000000e+00 0.000000000000000000e+00
8.186149001121520996e-01 8.336420655250549316e-01 6.113954782485961914e-01 9.352945685386657715e-01 3.539182543754577637e-01 8.901581168174743652e-01 6.654346585273742676e-01 3.177946805953979492e-01 7.895854711532592773e-01 0.000000000000000000e+00 0.000000000000000000e+00 0.000000000000000000e+00
6.492199897766113281e-01 5.858097076416015625e-01 9.897303581237792969e-01 6.110160350799560547e-01 2.906808257102966309e-01 8.660306930541992188e-01 2.705547809600830078e-01 2.861263751983642578e-01 7.342781424522399902e-01 1.000000000000000000e+00 0.000000000000000000e+00 0.000000000000000000e+00
8.872707486152648926e-01 3.110072612762451172e-01 4.093565344810485840e-01 5.371279120445251465e-01 8.015711307525634766e-01 3.578935861587524414e-01 2.659846544265747070e-01 5.270255208015441895e-01 2.809894084930419922e-02 1.000000000000000000e+00 0.000000000000000000e+00 0.000000000000000000e+00
1.631719321012496948e-01 5.930729508399963379e-01 5.193601250648498535e-01 1.771992444992065430e-01 3.746923208236694336e-01 1.345778703689575195e-01 1.412172913551330566e-01 9.512132406234741211e-01 4.399358034133911133e-01 1.000000000000000000e+00 0.000000000000000000e+00 0.000000000000000000e+00
8.502410054206848145e-01 2.361092567443847656e-01 6.117336153984069824e-01 4.510583281517028809e-01 6.784409880638122559e-01 9.960168600082397461e-02 2.236946821212768555e-01 9.174854755401611328e-01 4.560007452964782715e-01 0.000000000000000000e+00 0.000000000000000000e+00 0.000000000000000000e+00
8.824367523193359375e-01 7.227140665054321289e-01 5.040410757064819336e-01 9.408609271049499512e-01 4.614378809928894043e-01 4.982904195785522461e-01 7.093743681907653809e-01 7.558546066284179688e-01 4.447980523109436035e-01 0.000000000000000000e+00 0.000000000000000000e+00 0.000000000000000000e+00
2.645585238933563232e-01 3.740106821060180664e-01 5.197966098785400391e-01 3.701961040496826172e-01 2.419673800468444824e-01 9.126861691474914551e-01 4.024945497512817383e-01 3.555633425712585449e-01 3.722052574157714844e-01 1.000000000000000000e+00 1.000000000000000000e+00 1.000000000000000000e+00
8.915107250213623047e-01 2.934908866882324219e-02 6.731878519058227539e-01 6.935334205627441406e-01 5.541419982910156250e-02 6.860548257827758789e-01 3.956729173660278320e-01 1.086474061012268066e-01 3.555682897567749023e-01 0.000000000000000000e+00 1.000000000000000000e+00 0.000000000000000000e+00
6.669309139251708984e-01 8.577287793159484863e-01 5.613685846328735352e-01 6.853576898574829102e-01 4.135866165161132812e-01 6.005706787109375000e-01 4.527684450149536133e-01 8.902775645256042480e-01 8.055183291435241699e-01 0.000000000000000000e+00 0.000000000000000000e+00 0.000000000000000000e+00
2.007877528667449951e-01 6.538940072059631348e-01 5.590422153472900391e-01 4.128152132034301758e-02 1.581410765647888184e-01 4.350072741508483887e-01 6.071366667747497559e-01 5.386677980422973633e-01 8.332443833351135254e-01 1.000000000000000000e+00 0.000000000000000000e+00 0.000000000000000000e+00
5.229737162590026855e-01 9.386494159698486328e-01 9.188097715377807617e-02 5.507243871688842773e-01 4.726669788360595703e-01 4.754098057746887207e-01 7.093495726585388184e-01 4.647045731544494629e-01 2.170792222023010254e-01 1.000000000000000000e+00 0.000000000000000000e+00 0.000000000000000000e+00
2.714962363243103027e-01 7.368205189704895020e-01 7.558387517929077148e-02 1.951581239700317383e-01 5.716605186462402344e-01 9.268007278442382812e-01 2.536997199058532715e-01 6.268559098243713379e-01 3.151001334190368652e-01 1.000000000000000000e+00 1.000000000000000000e+00 1.000000000000000000e+00
1.787343323230743408e-01 2.431748509407043457e-01 1.610898971557617188e-02 2.882695198059082031e-02 5.787881612777709961e-01 4.476652741432189941e-01 3.869009017944335938e-02 6.265321969985961914e-01 1.583776473999023438e-01 0.000000000000000000e+00 0.000000000000000000e+00 0.000000000000000000e+00
9.844390749931335449e-01 5.001637935638427734e-01 8.637807369232177734e-01 9.956564903259277344e-01 6.448556184768676758e-01 6.161855459213256836e-01 4.112333059310913086e-02 1.779645681381225586e-02 8.501276373863220215e-01 0.000000000000000000e+00 1.000000000000000000e+00 0.000000000000000000e+00
4.396020174026489258e-01 6.690326929092407227e-01 6.406787633895874023e-01 3.573625683784484863e-01 3.688452243804931641e-01 9.901922345161437988e-01 8.984907269477844238e-01 9.832460880279541016e-01 7.396166920661926270e-01 1.000000000000000000e+00 0.000000000000000000e+00 0.000000000000000000e+00
7.931981086730957031e-01 5.547522306442260742e-01 8.147405385971069336e-01 5.609870553016662598e-01 9.259160757064819336e-01 8.540443181991577148e-01 8.115475773811340332e-01 7.474731802940368652e-01 4.432426095008850098e-01 1.000000000000000000e+00 0.000000000000000000e+00 0.000000000000000000e+00
3.443249464035034180e-01 4.140022993087768555e-01 5.829273462295532227e-01 2.568568587303161621e-01 1.999010443687438965e-01 3.905890583992004395e-01 8.972880244255065918e-01 8.035398721694946289e-01 7.870412468910217285e-01 1.000000000000000000e+00 0.000000000000000000e+00 0.000000000000000000e+00
1.002139151096343994e-01 3.471749424934387207e-01 1.758757233619689941e-01 3.082459568977355957e-01 2.215480804443359375e-02 2.217575311660766602e-01 1.311141252517700195e-01 2.352966070175170898e-01 1.710950136184692383e-01 0.000000000000000000e+00 0.000000000000000000e+00 0.000000000000000000e+00
3.238683640956878662e-01 4.747539758682250977e-01 2.519371509552001953e-01 4.458286166191101074e-01 5.128307938575744629e-01 5.039529204368591309e-01 2.836179137229919434e-01 4.302891492843627930e-01 1.422858834266662598e-01 1.000000000000000000e+00 1.000000000000000000e+00 1.000000000000000000e+00
5.763248205184936523e-01 7.361592650413513184e-01 1.265397071838378906e-01 3.646525144577026367e-01 7.684593796730041504e-01 5.240598320960998535e-01 3.146744370460510254e-01 7.916513681411743164e-01 5.196045637130737305e-01 0.000000000000000000e+00 0.000000000000000000e+00 0.000000000000000000e+00
9.665473103523254395e-01 6.851911544799804688e-01 2.097965478897094727e-01 8.263494968414306641e-01 7.484564185142517090e-01 2.036571502685546875e-03 7.689388990402221680e-01 6.578245162963867188e-01 4.327380657196044922e-02 0.000000000000000000e+00 1.000000000000000000e+00 0.000000000000000000e+00
4.160532951354980469e-01 6.222604513168334961e-01 6.367795467376708984e-01 6.506648659706115723e-01 2.206524014472961426e-01 3.853569626808166504e-01 6.634621024131774902e-01 6.887592673301696777e-01 9.200949072837829590e-01 0.000000000000000000e+00 0.000000000000000000e+00 0.000000000000000000e+00
9.140868782997131348e-01 6.382263898849487305e-01 3.040401339530944824e-01 9.058157801628112793e-01 2.620244026184082031e-02 3.881716728210449219e-02 1.240274310111999512e-01 7.601941823959350586e-01 1.021648645401000977e-01 0.000000000000000000e+00 0.000000000000000000e+00 0.000000000000000000e+00
9.558802247047424316e-01 6.148692369461059570e-01 2.218019366264343262e-01 9.483874440193176270e-01 2.944687008857727051e-01 3.764083385467529297e-01 5.865561962127685547e-02 7.044970393180847168e-01 2.425542473793029785e-01 0.000000000000000000e+00 0.000000000000000000e+00 0.000000000000000000e+00
7.021567821502685547e-01 7.177952527999877930e-01 7.007933855056762695e-01 6.460712552070617676e-01 8.561095595359802246e-01 7.031507492065429688e-01 3.738884925842285156e-01 9.849066734313964844e-01 9.771258831024169922e-01 0.000000000000000000e+00 0.000000000000000000e+00 0.000000000000000000e+00
9.325657486915588379e-01 8.825595974922180176e-01 5.696135759353637695e-01 7.189896702766418457e-01 6.589637398719787598e-01 2.730935811996459961e-02 1.390481591224670410e-01 9.741693735122680664e-02 6.569479703903198242e-01 0.000000000000000000e+00 0.000000000000000000e+00 0.000000000000000000e+00
9.866169691085815430e-01 4.075465202331542969e-01 3.008938431739807129e-01 9.139333963394165039e-01 7.253779768943786621e-01 1.461258530616760254e-01 7.230309247970581055e-01 4.334737062454223633e-01 9.462769627571105957e-01 0.000000000000000000e+00 0.000000000000000000e+00 0.000000000000000000e+00
1.411712467670440674e-01 6.248827576637268066e-01 4.262660741806030273e-01 1.233828067779541016e-01 2.149447202682495117e-01 9.802287220954895020e-01 6.046883463859558105e-01 2.835888862609863281e-01 7.068449854850769043e-01 0.000000000000000000e+00 0.000000000000000000e+00 0.000000000000000000e+00
4.959279894828796387e-01 8.078151941299438477e-01 4.375188350677490234e-01 7.665672898292541504e-01 2.903652191162109375e-02 2.149620652198791504e-01 3.516229391098022461e-01 4.310138225555419922e-01 3.296819925308227539e-01 0.000000000000000000e+00 0.000000000000000000e+00 0.000000000000000000e+00
8.300263881683349609e-01 1.814978122711181641e-01 9.229726791381835938e-01 1.648694872856140137e-01 2.386355400085449219e-02 1.751279830932617188e-01 5.172238945960998535e-01 5.528487563133239746e-01 2.689529061317443848e-01 0.000000000000000000e+00 0.000000000000000000e+00 0.000000000000000000e+00
9.685865044593811035e-01 5.407668948173522949e-01 8.986443877220153809e-01 9.979835152626037598e-01 9.051509499549865723e-01 4.456666707992553711e-01 7.233454585075378418e-01 3.226620554924011230e-01 5.891764163970947266e-01 0.000000000000000000e+00 0.000000000000000000e+00 0.000000000000000000e+00
9.460944533348083496e-01 4.451780319213867188e-01 2.466760277748107910e-01 9.919350743293762207e-01 8.389781713485717773e-01 9.853168725967407227e-01 5.944212675094604492e-01 3.426978588104248047e-01 9.319046735763549805e-01 0.000000000000000000e+00 0.000000000000000000e+00 0.000000000000000000e+00
6.389607787132263184e-01 3.661158680915832520e-01 9.954256415367126465e-01 3.397223949432373047e-01 2.579760551452636719e-02 2.865771651268005371e-01 5.300343036651611328e-03 6.052184104919433594e-02 3.183662891387939453e-01 1.000000000000000000e+00 0.000000000000000000e+00 0.000000000000000000e+00
5.749151110649108887e-01 3.635553717613220215e-01 3.248685598373413086e-02 5.993869900703430176e-01 3.733857274055480957e-01 9.378467798233032227e-01 5.932948589324951172e-01 6.800434589385986328e-01 2.136847376823425293e-01 0.000000000000000000e+00 0.000000000000000000e+00 0.000000000000000000e+00
4.845382273197174072e-01 8.216663599014282227e-01 8.532222509384155273e-01 4.847580790519714355e-01 4.015749692916870117e-01 3.757998347282409668e-01 6.850379109382629395e-01 7.438227534294128418e-01 9.057605862617492676e-01 0.000000000000000000e+00 0.000000000000000000e+00 0.000000000000000000e+00
5.305503606796264648e-01 7.905746698379516602e-01 7.863573431968688965e-01 5.132502317428588867e-02 7.402793765068054199e-01 9.842395782470703125e-03 1.041648387908935547e-01 8.964717984199523926e-01 9.920920729637145996e-01 0.000000000000000000e+00 0.000000000000000000e+00 0.000000000000000000e+00
5.995421409606933594e-01 5.482081770896911621e-01 1.012329459190368652e-01 2.000491023063659668e-01 7.856200337409973145e-01 7.439268231391906738e-01 9.145820140838623047e-01 8.569452166557312012e-01 4.717137813568115234e-01 1.000000000000000000e+00 0.000000000000000000e+00 0.000000000000000000e+00
3.149951696395874023e-01 5.398126840591430664e-01 3.060847520828247070e-02 6.082713007926940918e-01 2.207231521606445312e-01 5.300873517990112305e-01 8.381884694099426270e-01 5.353749394416809082e-01 1.235395669937133789e-01 0.000000000000000000e+00 0.000000000000000000e+00 0.000000000000000000e+00
3.568274676799774170e-01 7.548497319221496582e-01 2.857162356376647949e-01 6.809366941452026367e-01 4.674136638641357422e-02 2.766265273094177246e-01 8.359321355819702148e-01 9.195210933685302734e-01 1.040949821472167969e-01 0.000000000000000000e+00 0.000000000000000000e+00 0.000000000000000000e+00
5.384736061096191406e-01 7.621951699256896973e-01 6.039459705352783203e-01 1.193856000900268555e-01 8.905910849571228027e-01 5.516924262046813965e-01 7.941782474517822266e-02 8.636305928230285645e-01 7.282221913337707520e-01 0.000000000000000000e+00 0.000000000000000000e+00 0.000000000000000000e+00
8.998701721429824829e-02 3.091296553611755371e-01 1.256523728370666504e-01 2.071116566658020020e-01 4.403333067893981934e-01 4.113460183143615723e-01 8.269342780113220215e-01 8.063168525695800781e-01 6.674661040306091309e-01 0.000000000000000000e+00 0.000000000000000000e+00 0.000000000000000000e+00
9.823586344718933105e-01 5.522668361663818359e-02 5.747951269149780273e-01 7.309956550598144531e-01 2.978575229644775391e-01 1.017345786094665527e-01 2.749372720718383789e-01 8.037501573562622070e-02 9.644081592559814453e-01 0.000000000000000000e+00 0.000000000000000000e+00 0.000000000000000000e+00
4.383609294891357422e-01 3.179807662963867188e-01 7.464326024055480957e-01 1.514847278594970703e-01 9.106808304786682129e-01 8.795864582061767578e-01 4.124556779861450195e-01 7.797906398773193359e-01 8.880205750465393066e-01 0.000000000000000000e+00 0.000000000000000000e+00 0.000000000000000000e+00
8.731913566589355469e-01 1.246057748794555664e-01 4.837335348129272461e-01 5.260269641876220703e-01 8.258418440818786621e-01 4.781788587570190430e-02 3.467642664909362793e-01 1.706078648567199707e-01 2.728737592697143555e-01 1.000000000000000000e+00 0.000000000000000000e+00 0.000000000000000000e+00
6.437558531761169434e-01 9.796307086944580078e-01 4.549634456634521484e-01 1.346784830093383789e-01 9.944890141487121582e-01 6.434859633445739746e-01 9.718918800354003906e-02 2.013667225837707520e-01 7.377019524574279785e-01 1.000000000000000000e+00 0.000000000000000000e+00 0.000000000000000000e+00
2.216544449329376221e-01 7.362890839576721191e-01 5.716383457183837891e-03 3.074829578399658203e-01 1.175162792205810547e-01 2.833386659622192383e-01 2.680740356445312500e-01 4.565358757972717285e-01 8.987522721290588379e-01 0.000000000000000000e+00 0.000000000000000000e+00 0.000000000000000000e+00
8.251452445983886719e-01 1.069867610931396484e-01 5.729925036430358887e-01 1.387302875518798828e-01 8.340900540351867676e-01 3.938387036323547363e-01 1.268266439437866211e-01 5.987641215324401855e-01 2.672672271728515625e-02 1.000000000000000000e+00 1.000000000000000000e+00 1.000000000000000000e+00
8.852040767669677734e-01 4.670453071594238281e-01 6.222059726715087891e-01 6.965800523757934570e-01 7.517501115798950195e-01 2.901383042335510254e-01 9.876531958580017090e-01 3.372641205787658691e-01 1.803170442581176758e-01 1.000000000000000000e+00 0.000000000000000000e+00 0.000000000000000000e+00
1.070123240351676941e-01 2.878965735435485840e-01 2.722204327583312988e-01 1.235884428024291992e-01 2.306756377220153809e-01 9.422705173492431641e-01 4.347973465919494629e-01 1.058425903320312500e-01 6.096975207328796387e-01 1.000000000000000000e+00 1.000000000000000000e+00 1.000000000000000000e+00
9.973401427268981934e-01 5.638176202774047852e-02 1.907405257225036621e-01 9.833179712295532227e-01 8.239281773567199707e-01 4.900148510932922363e-01 5.538202524185180664e-01 1.851795911788940430e-01 6.310487389564514160e-01 0.000000000000000000e+00 0.000000000000000000e+00 0.000000000000000000e+00
7.798730134963989258e-01 7.838281393051147461e-01 7.449474930763244629e-01 5.849243998527526855e-01 6.858575344085693359e-01 2.152860164642333984e-03 9.247617125511169434e-01 3.698692917823791504e-01 2.280212640762329102e-01 0.000000000000000000e+00 0.000000000000000000e+00 0.000000000000000000e+00
9.805923700332641602e-01 2.545890808105468750e-01 3.171399235725402832e-01 6.871075034141540527e-01 5.348441004753112793e-01 1.926038861274719238e-01 2.280339598655700684e-01 4.941207170486450195e-02 9.303009510040283203e-01 0.000000000000000000e+00 0.000000000000000000e+00 0.000000000000000000e+00
8.832005858421325684e-01 6.543350219726562500e-02 6.127151846885681152e-01 2.413671016693115234e-01 5.831258296966552734e-01 5.283229947090148926e-01 9.000019431114196777e-01 5.573173761367797852e-01 3.586627244949340820e-01 0.000000000000000000e+00 0.000000000000000000e+00 0.000000000000000000e+00
3.322613239288330078e-01 2.469105720520019531e-01 3.684298992156982422e-01 4.051254987716674805e-01 2.984007000923156738e-01 8.473774194717407227e-01 7.403907179832458496e-01 8.013563156127929688e-01 3.762043714523315430e-01 0.000000000000000000e+00 0.000000000000000000e+00 0.000000000000000000e+00
9.888142943382263184e-01 1.043775081634521484e-01 9.429033994674682617e-01 5.760224461555480957e-01 3.661687970161437988e-01 1.264953613281250000e-01 8.005487918853759766e-01 8.939450383186340332e-01 4.545122385025024414e-02 1.000000000000000000e+00 1.000000000000000000e+00 1.000000000000000000e+00
9.167380928993225098e-01 2.079290151596069336e-02 1.708014011383056641e-01 6.727434396743774414e-01 3.898836970329284668e-01 3.955727815628051758e-01 6.782929897308349609e-01 2.079966068267822266e-01 3.600644469261169434e-01 0.000000000000000000e+00 1.000000000000000000e+00 0.000000000000000000e+00
3.805638253688812256e-01 9.859038591384887695e-01 7.828018665313720703e-01 2.677977085113525391e-02 5.874180197715759277e-01 2.382151484489440918e-01 5.254685878753662109e-03 3.331124186515808105e-01 7.138341665267944336e-02 0.000000000000000000e+00 1.000000000000000000e+00 0.000000000000000000e+00
8.310047388076782227e-01 4.542526006698608398e-01 7.887917160987854004e-01 7.228893041610717773e-02 6.087345480918884277e-01 1.916752457618713379e-01 5.775377154350280762e-01 2.820631861686706543e-01 4.569556713104248047e-01 0.000000000000000000e+00 0.000000000000000000e+00 0.000000000000000000e+00
3.094995021820068359e-01 5.316771864891052246e-01 4.138447046279907227e-01 2.209758758544921875e-02 4.505956172943115234e-01 4.768009781837463379e-01 6.390433907508850098e-01 7.182928919792175293e-01 6.682291626930236816e-01 1.000000000000000000e+00 0.000000000000000000e+00 0.000000000000000000e+00
9.913119673728942871e-01 9.864044189453125000e-02 1.695488095283508301e-01 8.086192011833190918e-01 4.167901277542114258e-01 1.892296075820922852e-01 4.501974582672119141e-02 8.437303900718688965e-01 5.046390295028686523e-01 0.000000000000000000e+00 0.000000000000000000e+00 0.000000000000000000e+00
7.933195829391479492e-01 3.006613254547119141e-02 9.232031702995300293e-01 2.293386459350585938e-01 1.186579465866088867e-02 7.204756736755371094e-01 5.770789384841918945e-01 8.203045129776000977e-01 6.137756705284118652e-01 1.000000000000000000e+00 0.000000000000000000e+00 0.000000000000000000e+00
2.347017824649810791e-01 6.004223227500915527e-01 5.350813865661621094e-01 6.574288606643676758e-01 1.594754457473754883e-01 5.048412084579467773e-01 1.858639121055603027e-01 1.103432774543762207e-01 5.576341748237609863e-01 1.000000000000000000e+00 0.000000000000000000e+00 0.000000000000000000e+00
4.939243197441101074e-01 6.423764228820800781e-01 2.765008211135864258e-01 5.793235898017883301e-01 3.321170210838317871e-01 3.848122954368591309e-01 3.702807426452636719e-02 8.033847808837890625e-02 8.967240452766418457e-01 0.000000000000000000e+00 0.000000000000000000e+00 0.000000000000000000e+00
3.482638001441955566e-01 8.046704530715942383e-01 6.070057749748229980e-01 1.571000218391418457e-01 5.818167924880981445e-01 7.485002279281616211e-01 3.167428374290466309e-01 8.006520271301269531e-01 6.547824740409851074e-01 1.000000000000000000e+00 0.000000000000000000e+00 0.000000000000000000e+00
9.515029788017272949e-01 7.198730111122131348e-01 4.628424048423767090e-01 8.459843397140502930e-01 8.246440291404724121e-01 5.119111537933349609e-01 5.600222349166870117e-01 2.114434242248535156e-01 6.056405901908874512e-01 0.000000000000000000e+00 0.000000000000000000e+00 0.000000000000000000e+00
7.114350795745849609e-01 7.708363533020019531e-01 2.468208074569702148e-01 2.098535299301147461e-01 4.566469192504882812e-01 3.896335363388061523e-01 5.307484865188598633e-01 3.796948790550231934e-01 3.390764594078063965e-01 0.000000000000000000e+00 0.000000000000000000e+00 0.000000000000000000e+00
7.843500375747680664e-01 4.805323481559753418e-01 5.003108382225036621e-01 6.480784416198730469e-01 4.488750100135803223e-01 2.643500566482543945e-01 7.174452543258666992e-01 6.293172240257263184e-01 8.495844006538391113e-01 0.000000000000000000e+00 0.000000000000000000e+00 0.000000000000000000e+00
3.000382483005523682e-01 6.622908115386962891e-01 7.719669342041015625e-01 5.316829681396484375e-02 4.014821052551269531e-01 5.017105937004089355e-01 9.796637296676635742e-02 3.697976469993591309e-01 9.958090186119079590e-01 1.000000000000000000e+00 0.000000000000000000e+00 0.000000000000000000e+00
3.396531939506530762e-01 4.891577363014221191e-01 7.477998733520507812e-02 2.586596012115478516e-01 5.371451973915100098e-01 7.077353596687316895e-01 6.434220671653747559e-01 2.130545377731323242e-01 2.473654150962829590e-01 1.000000000000000000e+00 0.000000000000000000e+00 0.000000000000000000e+00
8.999051451683044434e-01 4.578343033790588379e-01 5.048369169235229492e-01 6.888900995254516602e-01 7.064834237098693848e-01 3.569924831390380859e-01 5.494632720947265625e-01 2.862502336502075195e-01 2.959313988685607910e-01 0.000000000000000000e+00 0.000000000000000000e+00 0.000000000000000000e+00
2.341078817844390869e-01 1.487824320793151855e-01 3.001716136932373047e-01 4.220058321952819824e-01 1.911842823028564453e-01 3.012753725051879883e-01 3.047741055488586426e-01 1.623051762580871582e-01 6.901073455810546875e-02 0.000000000000000000e+00 1.000000000000000000e+00 0.000000000000000000e+00
9.378892183303833008e-01 8.224962353706359863e-01 6.710931658744812012e-01 8.025685548782348633e-01 8.178726434707641602e-01 8.559602499008178711e-02 7.987720370292663574e-01 3.038593530654907227e-01 3.676056265830993652e-01 0.000000000000000000e+00 0.000000000000000000e+00 0.000000000000000000e+00
9.842792153358459473e-01 1.076728701591491699e-01 5.420407652854919434e-01 8.825471997261047363e-01 4.120143055915832520e-01 4.489676952362060547e-01 5.506643652915954590e-01 1.265415549278259277e-01 4.588965773582458496e-01 0.000000000000000000e+00 1.000000000000000000e+00 0.000000000000000000e+00
9.405979514122009277e-01 6.929755806922912598e-01 9.705393910408020020e-01 6.536232233047485352e-01 5.865244865417480469e-01 9.461843967437744141e-02 6.968546509742736816e-01 1.968544125556945801e-01 4.627404212951660156e-01 0.000000000000000000e+00 0.000000000000000000e+00 0.000000000000000000e+00
9.259664416313171387e-01 2.713986635208129883e-01 8.099188804626464844e-01 5.160258412361145020e-01 3.335992097854614258e-01 3.473842144012451172e-01 7.101897597312927246e-01 7.597946524620056152e-01 6.868996620178222656e-01 0.000000000000000000e+00 0.000000000000000000e+00 0.000000000000000000e+00
5.342115163803100586e-01 8.372271060943603516e-01 7.367929816246032715e-01 6.281757950782775879e-01 7.048380970954895020e-01 6.220861673355102539e-01 7.176901102066040039e-01 4.261536002159118652e-01 5.811228156089782715e-01 1.000000000000000000e+00 0.000000000000000000e+00 0.000000000000000000e+00
7.070988416671752930e-01 1.759207844734191895e-01 9.341924786567687988e-01 3.284696340560913086e-01 1.674416065216064453e-01 6.814559102058410645e-01 7.242277860641479492e-01 4.329482913017272949e-01 1.483709812164306641e-01 0.000000000000000000e+00 1.000000000000000000e+00 0.000000000000000000e+00
9.249618053436279297e-01 6.173640489578247070e-01 3.943550586700439453e-02 8.672623038291931152e-01 8.992689847946166992e-01 8.854298591613769531e-01 7.146444320678710938e-01 7.834134697914123535e-01 6.256500482559204102e-01 0.000000000000000000e+00 0.000000000000000000e+00 0.000000000000000000e+00
7.078904509544372559e-01 6.790620684623718262e-01 4.799394607543945312e-01 3.068643808364868164e-01 8.646994233131408691e-01 9.047860503196716309e-01 4.478156566619873047e-03 5.352669358253479004e-01 3.584195375442504883e-01 1.000000000000000000e+00 0.000000000000000000e+00 0.000000000000000000e+00
9.049972891807556152e-01 5.236995220184326172e-02 8.660576343536376953e-01 1.087417006492614746e-01 2.423289418220520020e-01 7.757685780525207520e-01 4.366002678871154785e-01 7.218748927116394043e-01 4.835960865020751953e-01 1.000000000000000000e+00 0.000000000000000000e+00 0.000000000000000000e+00
6.984064579010009766e-01 6.036108732223510742e-01 4.721761345863342285e-01 5.540274381637573242e-01 7.059474587440490723e-01 1.090283393859863281e-01 1.453169584274291992e-01 3.834118247032165527e-01 8.093412518501281738e-01 1.000000000000000000e+00 0.000000000000000000e+00 0.000000000000000000e+00
9.748909473419189453e-01 2.774217128753662109e-01 1.866513490676879883e-02 8.931176662445068359e-01 7.645709514617919922e-01 6.583650708198547363e-01 1.998818516731262207e-01 5.178872346878051758e-01 8.876323699951171875e-03 0.000000000000000000e+00 1.000000000000000000e+00 0.000000000000000000e+00
2.249806374311447144e-01 6.588062047958374023e-01 5.271569490432739258e-01 5.337119698524475098e-01 9.393697977066040039e-02 8.526543378829956055e-01 8.457255959510803223e-01 7.518133521080017090e-01 2.458310723304748535e-01 1.000000000000000000e+00 1.000000000000000000e+00 1.000000000000000000e+00
6.152602434158325195e-01 8.078472018241882324e-01 2.068862318992614746e-01 7.933197617530822754e-01 1.649413704872131348e-01 2.052690386772155762e-01 6.510806679725646973e-01 8.467822074890136719e-01 5.365989804267883301e-01 0.000000000000000000e+00 0.000000000000000000e+00 0.000000000000000000e+00
3.808996677398681641e-01 1.543289422988891602e-02 4.423794150352478027e-01 5.317056179046630859e-02 3.868446350097656250e-01 9.181607961654663086e-01 3.946245312690734863e-01 5.565935969352722168e-01 8.965788483619689941e-01 1.000000000000000000e+00 0.000000000000000000e+00 0.000000000000000000e+00
6.915430426597595215e-01 8.803406357765197754e-01 8.116075396537780762e-01 8.039625287055969238e-01 6.931623816490173340e-01 5.271821618080139160e-01 3.680841326713562012e-01 2.716522812843322754e-01 9.183430671691894531e-01 0.000000000000000000e+00 0.000000000000000000e+00 0.000000000000000000e+00
9.968941211700439453e-01 3.246510028839111328e-02 5.730736255645751953e-01 8.706593513488769531e-01 6.535835862159729004e-01 3.430606722831726074e-01 5.765458345413208008e-01 3.682390451431274414e-01 8.456025719642639160e-01 0.000000000000000000e+00 1.000000000000000000e+00 0.000000000000000000e+00
4.107533991336822510e-01 6.857170462608337402e-01 3.300706148147583008e-01 3.779331445693969727e-01 4.197756052017211914e-01 8.380534052848815918e-01 8.008818626403808594e-01 9.913892745971679688e-01 2.124948501586914062e-01 0.000000000000000000e+00 0.000000000000000000e+00 0.000000000000000000e+00
5.221553444862365723e-01 5.608834028244018555e-01 1.709758639335632324e-01 6.593996882438659668e-01 4.386132359504699707e-01 3.375890254974365234e-01 9.909790754318237305e-02 3.689113855361938477e-01 6.841131448745727539e-01 0.000000000000000000e+00 0.000000000000000000e+00 0.000000000000000000e+00
4.015416502952575684e-01 2.371050715446472168e-01 3.027046918869018555e-01 2.415618300437927246e-01 9.495569467544555664e-01 8.119937777519226074e-01 9.728887677192687988e-01 9.794334173202514648e-01 1.048551201820373535e-01 1.000000000000000000e+00 0.000000000000000000e+00 0.000000000000000000e+00
9.344878792762756348e-01 2.907012104988098145e-01 9.154884219169616699e-01 9.870396256446838379e-01 3.164798021316528320e-02 4.968079924583435059e-01 2.352799773216247559e-01 5.800106525421142578e-01 6.409830451011657715e-01 0.000000000000000000e+00 0.000000000000000000e+00 0.000000000000000000e+00
4.646013677120208740e-01 8.957411050796508789e-01 2.318719625473022461e-01 1.190789341926574707e-01 1.330417990684509277e-01 4.524868726730346680e-02 2.806358933448791504e-01 5.561816096305847168e-01 3.598096966743469238e-01 1.000000000000000000e+00 0.000000000000000000e+00 0.000000000000000000e+00
9.754800200462341309e-01 5.074682235717773438e-01 1.759821176528930664e-01 8.891785740852355957e-01 9.109613299369812012e-01 4.364270567893981934e-01 7.288165688514709473e-01 7.640928626060485840e-01 7.184234261512756348e-01 0.000000000000000000e+00 0.000000000000000000e+00 0.000000000000000000e+00
9.493918418884277344e-01 2.217829227447509766e-01 8.897299766540527344e-01 4.635781049728393555e-02 5.710494518280029297e-02 1.167824268341064453e-01 8.873588442802429199e-01 4.817658066749572754e-01 9.303091764450073242e-01 1.000000000000000000e+00 1.000000000000000000e+00 1.000000000000000000e+00
6.529755592346191406e-01 1.956443786621093750e-01 6.368634104728698730e-01 2.216537594795227051e-01 5.897626280784606934e-01 5.409033298492431641e-01 4.533489346504211426e-01 6.685203313827514648e-01 6.351923942565917969e-01 1.000000000000000000e+00 0.000000000000000000e+00 0.000000000000000000e+00
9.908657670021057129e-01 5.886356234550476074e-01 9.637136459350585938e-01 9.568547010421752930e-01 9.907007813453674316e-01 5.165457725524902344e-01 4.647014141082763672e-01 9.631291627883911133e-01 8.588151335716247559e-01 0.000000000000000000e+00 0.000000000000000000e+00 0.000000000000000000e+00
7.313936352729797363e-01 9.300162792205810547e-01 2.116730809211730957e-01 6.390132904052734375e-01 7.718792557716369629e-01 3.985897302627563477e-01 7.467522025108337402e-01 8.846747875213623047e-01 1.325314044952392578e-01 0.000000000000000000e+00 0.000000000000000000e+00 0.000000000000000000e+00
9.776167869567871094e-01 4.712218046188354492e-02 8.613093495368957520e-01 2.274787425994873047e-01 7.685708999633789062e-01 3.943003416061401367e-01 8.852655887603759766e-01 8.064272403717041016e-01 1.678854227066040039e-01 0.000000000000000000e+00 0.000000000000000000e+00 0.000000000000000000e+00
9.928783774375915527e-01 4.699194431304931641e-02 9.044176340103149414e-01 6.693756580352783203e-01 5.467570424079895020e-01 1.693776845932006836e-01 8.937014341354370117e-01 4.900516271591186523e-01 2.916142940521240234e-01 1.000000000000000000e+00 1.000000000000000000e+00 1.000000000000000000e+00
8.293380141258239746e-01 9.175161719322204590e-01 2.226886749267578125e-01 8.729271888732910156e-01 9.250726103782653809e-01 2.605676651000976562e-01 7.116808891296386719e-01 2.109350562095642090e-01 3.528021574020385742e-01 0.000000000000000000e+00 0.000000000000000000e+00 0.000000000000000000e+00
5.984628200531005859e-01 9.700996875762939453e-01 5.191442370414733887e-01 1.304583549499511719e-01 9.364050030708312988e-01 9.202765822410583496e-01 6.544556617736816406e-01 9.265165925025939941e-01 2.090192437171936035e-01 1.000000000000000000e+00 0.000000000000000000e+00 0.000000000000000000e+00
9.849193096160888672e-01 1.980988383293151855e-01 9.617721438407897949e-01 3.215101957321166992e-01 8.910066485404968262e-01 4.879205226898193359e-01 3.562195897102355957e-01 6.545323729515075684e-01 5.357764363288879395e-01 0.000000000000000000e+00 0.000000000000000000e+00 0.000000000000000000e+00
6.701034307479858398e-01 2.016325592994689941e-01 7.366213202476501465e-01 6.325536966323852539e-01 1.954040527343750000e-01 8.456127047538757324e-01 3.074442148208618164e-01 5.116816163063049316e-01 8.595591187477111816e-01 0.000000000000000000e+00 0.000000000000000000e+00 0.000000000000000000e+00
8.288022875785827637e-01 3.143605589866638184e-01 8.712258338928222656e-01 1.770327091217041016e-01 2.613097429275512695e-02 3.047196269035339355e-01 2.116719484329223633e-01 4.414405226707458496e-01 8.797959685325622559e-01 1.000000000000000000e+00 0.000000000000000000e+00 0.000000000000000000e+00
3.864583075046539307e-01 3.547594547271728516e-01 2.671947479248046875e-01 1.047838926315307617e-01 6.909534335136413574e-01 9.896689653396606445e-01 8.007571697235107422e-01 6.390845775604248047e-01 2.709000110626220703e-01 1.000000000000000000e+00 0.000000000000000000e+00 0.000000000000000000e+00
9.744451045989990234e-01 4.316722154617309570e-01 7.768131494522094727e-01 7.825047969818115234e-01 6.495395302772521973e-01 4.464867711067199707e-01 4.552642703056335449e-01 2.772891521453857422e-01 9.378099441528320312e-01 0.000000000000000000e+00 0.000000000000000000e+00 0.000000000000000000e+00
7.004612088203430176e-01 2.575331330299377441e-01 6.698739528656005859e-01 7.836067676544189453e-02 9.593499898910522461e-01 7.394395470619201660e-01 6.367980241775512695e-01 4.711065292358398438e-01 7.498924732208251953e-01 0.000000000000000000e+00 0.000000000000000000e+00 0.000000000000000000e+00
9.809430241584777832e-01 2.191309928894042969e-01 2.640493512153625488e-01 9.620340466499328613e-01 4.754101634025573730e-01 7.670789957046508789e-01 8.939030170440673828e-01 1.427307724952697754e-01 9.127298593521118164e-01 0.000000000000000000e+00 0.000000000000000000e+00 0.000000000000000000e+00
7.353634834289550781e-01 4.206737279891967773e-01 1.833409070968627930e-01 8.136600255966186523e-01 3.669088482856750488e-01 7.848297953605651855e-01 5.096878409385681152e-01 9.807553291320800781e-01 7.309862971305847168e-01 0.000000000000000000e+00 0.000000000000000000e+00 0.000000000000000000e+00
8.469176888465881348e-01 7.350686192512512207e-01 8.882868289947509766e-02 5.635216236114501953e-01 8.148396611213684082e-01 9.604084491729736328e-02 4.087075591087341309e-01 2.490833997726440430e-01 7.016146779060363770e-01 1.000000000000000000e+00 0.000000000000000000e+00 0.000000000000000000e+00
9.996420145034790039e-01 1.442655324935913086e-01 5.968226194381713867e-01 9.750227332115173340e-01 7.878863811492919922e-01 3.739452362060546875e-02 6.101154088973999023e-01 8.409608006477355957e-01 8.410539627075195312e-01 0.000000000000000000e+00 0.000000000000000000e+00 0.000000000000000000e+00
5.366610288619995117e-01 4.351509213447570801e-01 8.122352361679077148e-01 2.111415863037109375e-01 2.308903336524963379e-01 7.689836025238037109e-01 9.620175361633300781e-01 2.309976816177368164e-01 1.530605554580688477e-02 0.000000000000000000e+00 1.000000000000000000e+00 0.000000000000000000e+00
8.382696509361267090e-01 4.808388948440551758e-01 9.380317330360412598e-01 2.210323810577392578e-01 9.373353719711303711e-01 9.709081649780273438e-01 3.081174492835998535e-01 1.257800459861755371e-01 7.755143046379089355e-01 0.000000000000000000e+00 0.000000000000000000e+00 0.000000000000000000e+00
9.856885671615600586e-01 6.727421283721923828e-02 7.671113610267639160e-01 7.086759805679321289e-01 1.753207445144653320e-01 3.118920326232910156e-02 2.505235075950622559e-01 4.853715896606445312e-01 9.051579236984252930e-01 0.000000000000000000e+00 0.000000000000000000e+00 0.000000000000000000e+00
5.956875681877136230e-01 7.297177910804748535e-01 3.688827753067016602e-01 6.415937542915344238e-01 1.524651050567626953e-01 1.081677079200744629e-01 9.270048737525939941e-01 8.845583796501159668e-01 8.430556058883666992e-01 0.000000000000000000e+00 0.000000000000000000e+00 0.000000000000000000e+00
1.011206954717636108e-01 5.608755350112915039e-02 1.461563706398010254e-01 1.605201363563537598e-01 3.426318168640136719e-01 1.444376111030578613e-01 2.956851124763488770e-01 1.149269938468933105e-01 6.564875841140747070e-01 0.000000000000000000e+00 1.000000000000000000e+00 0.000000000000000000e+00
9.822075963020324707e-01 4.042714834213256836e-02 7.317168712615966797e-01 9.880294203758239746e-01 1.222462058067321777e-01 8.437981605529785156e-01 7.967780232429504395e-01 4.151643514633178711e-01 9.823192358016967773e-01 0.000000000000000000e+00 0.000000000000000000e+00 0.000000000000000000e+00
8.383244276046752930e-01 9.915627837181091309e-01 4.577541351318359375e-01 8.555933237075805664e-01 7.796287536621093750e-01 9.520530700683593750e-02 4.101822376251220703e-01 2.410655617713928223e-01 1.529500484466552734e-01 0.000000000000000000e+00 0.000000000000000000e+00 0.000000000000000000e+00
1.182839646935462952e-01 2.888293862342834473e-01 1.709563136100769043e-01 7.210612297058105469e-03 2.971472740173339844e-01 2.715482711791992188e-01 1.461601257324218750e-01 2.785295248031616211e-01 8.586035966873168945e-01 0.000000000000000000e+00 0.000000000000000000e+00 0.000000000000000000e+00
6.766975522041320801e-01 3.290390968322753906e-02 8.376687765121459961e-02 5.250378847122192383e-01 1.541655063629150391e-01 3.262320160865783691e-01 3.148973584175109863e-01 3.025025725364685059e-01 6.542523503303527832e-01 1.000000000000000000e+00 1.000000000000000000e+00 1.000000000000000000e+00
9.952651262283325195e-01 4.253467917442321777e-01 8.087512850761413574e-01 8.816570043563842773e-01 9.580535292625427246e-01 1.955847740173339844e-01 7.139800190925598145e-01 3.795199990272521973e-01 7.229402065277099609e-01 0.000000000000000000e+00 0.000000000000000000e+00 0.000000000000000000e+00
8.821136355400085449e-01 2.340211868286132812e-01 5.186294913291931152e-01 4.850170612335205078e-01 7.950208187103271484e-01 7.679939270019531250e-02 9.012687206268310547e-01 1.593994498252868652e-01 6.588450074195861816e-01 0.000000000000000000e+00 1.000000000000000000e+00 0.000000000000000000e+00
3.216534256935119629e-01 8.453667163848876953e-01 2.831705808639526367e-01 7.046264410018920898e-02 2.959523797035217285e-01 2.006704807281494141e-01 8.170414566993713379e-01 9.903258085250854492e-02 1.253249049186706543e-01 1.000000000000000000e+00 0.000000000000000000e+00 0.000000000000000000e+00
9.850963950157165527e-01 1.927807331085205078e-01 6.794238090515136719e-01 9.995113015174865723e-01 9.447917938232421875e-01 7.995450496673583984e-01 9.297530055046081543e-01 4.379931688308715820e-01 4.406425952911376953e-01 0.000000000000000000e+00 0.000000000000000000e+00 0.000000000000000000e+00
2.908689975738525391e-01 9.359610080718994141e-01 1.405555605888366699e-01 5.962666273117065430e-01 3.294664025306701660e-01 6.754124164581298828e-01 1.992416977882385254e-01 2.599537372589111328e-03 2.219653129577636719e-02 0.000000000000000000e+00 1.000000000000000000e+00 0.000000000000000000e+00
9.598975181579589844e-01 1.367962360382080078e-02 9.315473437309265137e-01 3.460335135459899902e-01 2.139838337898254395e-01 1.734143495559692383e-02 5.371425747871398926e-01 8.361846208572387695e-02 2.135295271873474121e-01 0.000000000000000000e+00 0.000000000000000000e+00 0.000000000000000000e+00
8.781910538673400879e-01 2.653699517250061035e-01 6.048071384429931641e-02 7.239594459533691406e-01 4.646306037902832031e-01 8.089529275894165039e-01 1.487001776695251465e-01 2.058174014091491699e-01 1.404663324356079102e-01 1.000000000000000000e+00 1.000000000000000000e+00 1.000000000000000000e+00
5.176998972892761230e-01 5.101906061172485352e-01 6.015032529830932617e-01 3.382418155670166016e-01 5.817967057228088379e-01 9.088312387466430664e-01 8.945049643516540527e-01 6.083660721778869629e-01 5.469864606857299805e-02 0.000000000000000000e+00 0.000000000000000000e+00 0.000000000000000000e+00
7.414680123329162598e-01 3.913571238517761230e-01 8.860014081001281738e-01 6.981662511825561523e-01 1.950327157974243164e-01 8.628482222557067871e-01 4.968030452728271484e-01 5.299466848373413086e-01 4.874129891395568848e-01 0.000000000000000000e+00 0.000000000000000000e+00 0.000000000000000000e+00
7.619405984878540039e-01 8.891022801399230957e-01 8.443207740783691406e-01 6.541592478752136230e-01 6.521639823913574219e-01 6.172865629196166992e-02 7.440438866615295410e-01 5.322319269180297852e-01 5.203390121459960938e-02 0.000000000000000000e+00 0.000000000000000000e+00 0.000000000000000000e+00
3.473168611526489258e-01 7.788463234901428223e-01 8.431875705718994141e-01 2.956945896148681641e-01 6.556867361068725586e-01 2.836360335350036621e-01 2.072099447250366211e-01 1.853972673416137695e-02 7.283496856689453125e-02 1.000000000000000000e+00 0.000000000000000000e+00 0.000000000000000000e+00
7.358841896057128906e-01 3.702350854873657227e-01 9.174476861953735352e-01 1.986086368560791016e-03 4.116584658622741699e-01 5.787239670753479004e-01 6.020385622978210449e-01 3.584367036819458008e-02 1.599417328834533691e-01 1.000000000000000000e+00 0.000000000000000000e+00 0.000000000000000000e+00
8.681821823120117188e-01 4.076977372169494629e-01 8.593766689300537109e-01 2.472378015518188477e-01 1.976282596588134766e-01 2.187180519104003906e-02 8.697693347930908203e-01 1.122578978538513184e-01 6.700523495674133301e-01 0.000000000000000000e+00 0.000000000000000000e+00 0.000000000000000000e+00
7.540758252143859863e-01 2.040897011756896973e-01 8.375936150550842285e-01 9.624892473220825195e-02 5.989336967468261719e-02 1.045059561729431152e-01 5.475537776947021484e-01 3.426119089126586914e-01 7.141322493553161621e-01 0.000000000000000000e+00 0.000000000000000000e+00 0.000000000000000000e+00
6.519860625267028809e-01 2.995519042015075684e-01 6.428356170654296875e-01 5.370959639549255371e-01 2.872750163078308105e-01 1.288012266159057617e-01 9.406710267066955566e-01 4.910553097724914551e-01 6.332211494445800781e-01 0.000000000000000000e+00 0.000000000000000000e+00 0.000000000000000000e+00
6.459159255027770996e-01 3.232820630073547363e-01 1.489746570587158203e-01 7.907176613807678223e-01 6.145691871643066406e-02 7.802591323852539062e-01 9.583303928375244141e-01 4.941329360008239746e-01 3.919983506202697754e-01 0.000000000000000000e+00 0.000000000000000000e+00 0.000000000000000000e+00
5.985754132270812988e-01 5.994335412979125977e-01 5.245821475982666016e-01 7.948699593544006348e-01 4.250785112380981445e-01 6.196470260620117188e-01 2.481790184974670410e-01 6.993607878684997559e-01 8.375385403633117676e-01 0.000000000000000000e+00 0.000000000000000000e+00 0.000000000000000000e+00
9.048359990119934082e-01 2.326217889785766602e-01 2.872385382652282715e-01 6.588630080223083496e-01 2.837042808532714844e-01 3.374454975128173828e-01 9.323479533195495605e-01 1.203150153160095215e-01 6.535446643829345703e-02 1.000000000000000000e+00 0.000000000000000000e+00 0.000000000000000000e+00
6.732944250106811523e-01 8.428054451942443848e-01 4.217529296875000000e-01 5.581545233726501465e-01 6.960064172744750977e-01 1.571815013885498047e-01 6.319118142127990723e-01 6.368565559387207031e-01 1.769175529479980469e-01 1.000000000000000000e+00 0.000000000000000000e+00 0.000000000000000000e+00
9.311116933822631836e-01 3.327318429946899414e-01 6.512796878814697266e-01 9.739407896995544434e-01 4.694179296493530273e-01 9.234851002693176270e-01 3.920316696166992188e-02 7.471446990966796875e-01 1.100690960884094238e-01 0.000000000000000000e+00 1.000000000000000000e+00 0.000000000000000000e+00
6.008545160293579102e-01 7.590914964675903320e-01 7.597425580024719238e-01 9.249683618545532227e-01 1.419215798377990723e-01 2.459146380424499512e-01 7.723840475082397461e-01 3.112263679504394531e-01 4.376211762428283691e-01 0.000000000000000000e+00 0.000000000000000000e+00 0.000000000000000000e+00
9.842533469200134277e-01 4.624497890472412109e-01 4.484981298446655273e-01 9.190304279327392578e-01 9.080953598022460938e-01 4.032480120658874512e-01 9.907408952713012695e-01 5.212623476982116699e-01 3.169425129890441895e-01 0.000000000000000000e+00 0.000000000000000000e+00 0.000000000000000000e+00
2.447017729282379150e-01 6.684204936027526855e-01 3.657373785972595215e-01 1.592783927917480469e-01 3.987115621566772461e-01 2.543478608131408691e-01 6.657159924507141113e-01 9.616289138793945312e-01 5.840021371841430664e-02 1.000000000000000000e+00 1.000000000000000000e+00 1.000000000000000000e+00
8.036967515945434570e-01 3.304264545440673828e-01 2.688449621200561523e-02 8.264355659484863281e-01 2.614319324493408203e-03 3.608785867691040039e-01 3.283142447471618652e-01 4.274389147758483887e-01 8.889024257659912109e-01 1.000000000000000000e+00 1.000000000000000000e+00 1.000000000000000000e+00
9.973758459091186523e-01 1.971580982208251953e-01 4.644779562950134277e-01 9.117551445960998535e-01 6.642013192176818848e-01 1.833564043045043945e-01 3.794090151786804199e-01 6.840618848800659180e-01 3.906149864196777344e-01 0.000000000000000000e+00 0.000000000000000000e+00 0.000000000000000000e+00
7.594803571701049805e-01 8.806448578834533691e-01 4.915849566459655762e-01 6.125689148902893066e-01 9.936738610267639160e-01 9.267355799674987793e-01 1.653226017951965332e-01 7.820252180099487305e-01 1.445356011390686035e-01 0.000000000000000000e+00 0.000000000000000000e+00 0.000000000000000000e+00
2.361068427562713623e-01 5.752511620521545410e-01 2.609348297119140625e-02 4.282283782958984375e-01 6.090587377548217773e-02 6.868630647659301758e-01 8.559150695800781250e-01 8.196119666099548340e-01 7.535158395767211914e-01 1.000000000000000000e+00 0.000000000000000000e+00 0.000000000000000000e+00
9.921478629112243652e-01 5.412876605987548828e-02 9.772084355354309082e-01 8.471534848213195801e-01 4.012479186058044434e-01 2.317271828651428223e-01 2.781772017478942871e-01 7.460775375366210938e-01 5.856227278709411621e-01 1.000000000000000000e+00 0.000000000000000000e+00 0.000000000000000000e+00
9.713785052299499512e-01 1.942597031593322754e-01 4.218448996543884277e-01 8.336364030838012695e-01 9.957541823387145996e-01 9.094679951667785645e-01 4.638555049896240234e-01 4.926959276199340820e-01 2.813852429389953613e-01 0.000000000000000000e+00 0.000000000000000000e+00 0.000000000000000000e+00
6.803745031356811523e-01 7.790064811706542969e-01 5.711181759834289551e-01 5.323568582534790039e-01 5.206602215766906738e-01 7.952510714530944824e-01 3.470401763916015625e-01 6.291764974594116211e-02 8.848060965538024902e-01 0.000000000000000000e+00 0.000000000000000000e+00 0.000000000000000000e+00
6.033316254615783691e-01 9.510739445686340332e-01 5.424618721008300781e-03 5.753447413444519043e-01 5.058861374855041504e-01 1.799017190933227539e-01 5.250998735427856445e-01 3.440636396408081055e-01 4.149198532104492188e-01 0.000000000000000000e+00 0.000000000000000000e+00 0.000000000000000000e+00
8.172080516815185547e-01 7.529973983764648438e-03 7.613375186920166016e-01 6.139653921127319336e-01 1.076923608779907227e-01 8.494585156440734863e-01 3.172967433929443359e-01 3.053882718086242676e-01 8.199124932289123535e-01 1.000000000000000000e+00 0.000000000000000000e+00 0.000000000000000000e+00
7.040396332740783691e-01 5.274495482444763184e-01 6.945245265960693359e-01 9.726488590240478516e-02 7.375332713127136230e-01 2.616755366325378418e-01 6.974229216575622559e-01 7.000193595886230469e-01 1.012195944786071777e-01 0.000000000000000000e+00 0.000000000000000000e+00 0.000000000000000000e+00
5.239858031272888184e-01 2.956100106239318848e-01 2.340173721313476562e-02 5.652799606323242188e-01 3.725764155387878418e-01 5.238566994667053223e-01 6.028568148612976074e-01 9.338391423225402832e-01 6.276625394821166992e-02 0.000000000000000000e+00 0.000000000000000000e+00 0.000000000000000000e+00
4.246208071708679199e-01 7.808147668838500977e-01 2.840792536735534668e-01 3.413320779800415039e-01 6.068527698516845703e-01 8.015055060386657715e-01 1.756888628005981445e-01 5.385031700134277344e-01 4.283659458160400391e-01 1.000000000000000000e+00 0.000000000000000000e+00 0.000000000000000000e+00
8.693293929100036621e-01 3.735423684120178223e-01 4.634422063827514648e-01 6.944657564163208008e-01 4.315483570098876953e-01 1.198440194129943848e-01 2.978776097297668457e-01 6.147712469100952148e-02 6.228938698768615723e-01 1.000000000000000000e+00 0.000000000000000000e+00 0.000000000000000000e+00
8.298318982124328613e-01 8.305038809776306152e-01 9.786392450332641602e-01 3.904327750205993652e-01 4.565869569778442383e-01 7.708722352981567383e-02 4.159123301506042480e-01 5.804971456527709961e-01 9.762744903564453125e-01 0.000000000000000000e+00 0.000000000000000000e+00 0.000000000000000000e+00
8.698713779449462891e-01 1.892077922821044922e-02 8.237132430076599121e-01 1.210129857063293457e-01 1.329002976417541504e-01 4.630749821662902832e-01 7.815724611282348633e-02 3.239795565605163574e-01 7.797946929931640625e-01 0.000000000000000000e+00 0.000000000000000000e+00 0.000000000000000000e+00
5.883655548095703125e-01 7.601749300956726074e-01 1.915650963783264160e-01 2.923905849456787109e-03 6.910057067871093750e-01 3.810244798660278320e-02 7.812241911888122559e-01 2.765098810195922852e-01 9.809374809265136719e-03 0.000000000000000000e+00 0.000000000000000000e+00 0.000000000000000000e+00
9.003686904907226562e-01 5.399900674819946289e-02 5.680669546127319336e-01 3.109595775604248047e-01 7.600142955780029297e-01 3.464847207069396973e-01 4.934376478195190430e-02 6.897207498550415039e-01 5.441200733184814453e-02 0.000000000000000000e+00 0.000000000000000000e+00 0.000000000000000000e+00
5.095462203025817871e-01 4.316083788871765137e-01 2.988849282264709473e-01 1.605025529861450195e-01 9.507213830947875977e-01 7.768903970718383789e-01 4.992574453353881836e-01 9.522861838340759277e-01 4.128267168998718262e-01 0.000000000000000000e+00 0.000000000000000000e+00 0.000000000000000000e+00
4.970156252384185791e-01 3.906055688858032227e-01 8.014017343521118164e-01 1.647560000419616699e-01 2.268034219741821289e-02 4.025151729583740234e-01 8.795204162597656250e-01 4.516066908836364746e-01 6.767852902412414551e-01 1.000000000000000000e+00 1.000000000000000000e+00 1.000000000000000000e+00
8.069816231727600098e-01 9.264695048332214355e-01 6.449204683303833008e-02 3.740164041519165039e-01 5.216655731201171875e-01 5.363982915878295898e-02 7.357903122901916504e-01 9.844935536384582520e-01 2.616471052169799805e-02 0.000000000000000000e+00 0.000000000000000000e+00 0.000000000000000000e+00
5.136240720748901367e-01 3.319877386093139648e-01 5.846177339553833008e-01 5.409154295921325684e-01 1.343773007392883301e-01 3.287332057952880859e-01 6.561610102653503418e-01 3.246952295303344727e-01 5.334882140159606934e-01 1.000000000000000000e+00 1.000000000000000000e+00 1.000000000000000000e+00
7.056772112846374512e-01 6.763238310813903809e-01 3.411424160003662109e-02 9.554502964019775391e-01 2.911491394042968750e-01 7.738206386566162109e-01 4.594184160232543945e-01 3.895229101181030273e-02 1.261171102523803711e-01 1.000000000000000000e+00 0.000000000000000000e+00 0.000000000000000000e+00
8.100380301475524902e-01 6.134732365608215332e-01 1.227064132690429688e-01 5.979472398757934570e-01 9.665338993072509766e-01 4.029404520988464355e-01 9.177772998809814453e-01 3.664976358413696289e-01 5.900663137435913086e-02 0.000000000000000000e+00 0.000000000000000000e+00 0.000000000000000000e+00
8.729766607284545898e-01 9.473884105682373047e-01 3.911669254302978516e-01 3.908329010009765625e-01 9.457159042358398438e-01 4.405766725540161133e-02 5.445209741592407227e-01 2.824578881263732910e-01 4.367941617965698242e-02 0.000000000000000000e+00 0.000000000000000000e+00 0.000000000000000000e+00
5.835357308387756348e-01 5.620926618576049805e-01 4.007313251495361328e-01 4.417833685874938965e-01 4.458704590797424316e-01 7.982718944549560547e-02 3.626088500022888184e-01 5.370153188705444336e-01 4.815163612365722656e-01 1.000000000000000000e+00 1.000000000000000000e+00 1.000000000000000000e+00
9.445799589157104492e-01 5.025432705879211426e-01 1.019295454025268555e-01 7.775654196739196777e-01 5.358518362045288086e-01 4.148262739181518555e-01 7.149765491485595703e-01 3.964276909828186035e-01 7.509131431579589844e-01 1.000000000000000000e+00 0.000000000000000000e+00 0.000000000000000000e+00
8.333115577697753906e-01 5.041696429252624512e-01 6.010456681251525879e-01 3.944703936576843262e-01 9.862691760063171387e-01 3.192736506462097168e-01 9.469766020774841309e-01 1.074653863906860352e-02 9.385025501251220703e-02 1.000000000000000000e+00 0.000000000000000000e+00 0.000000000000000000e+00
7.003309130668640137e-01 1.424401402473449707e-01 2.083687782287597656e-01 6.850494146347045898e-01 2.556661963462829590e-01 9.507201313972473145e-01 2.376796007156372070e-01 4.283722639083862305e-01 9.607563018798828125e-01 0.000000000000000000e+00 0.000000000000000000e+00 0.000000000000000000e+00
4.427151679992675781e-01 2.810479998588562012e-01 2.359943389892578125e-01 1.305130720138549805e-01 7.278900146484375000e-01 2.240652441978454590e-01 7.864803671836853027e-01 3.826797008514404297e-01 2.268383502960205078e-01 1.000000000000000000e+00 0.000000000000000000e+00 0.000000000000000000e+00
4.480420053005218506e-01 7.298604249954223633e-01 6.405648589134216309e-01 1.136604547500610352e-01 4.334405660629272461e-01 4.494618773460388184e-01 2.744759321212768555e-01 8.820241093635559082e-01 2.898678779602050781e-01 1.000000000000000000e+00 0.000000000000000000e+00 0.000000000000000000e+00
3.933455944061279297e-01 7.893303036689758301e-01 7.664358615875244141e-02 3.580284714698791504e-01 4.142931699752807617e-01 9.040766358375549316e-01 7.504159212112426758e-01 5.259039998054504395e-01 9.452949762344360352e-01 0.000000000000000000e+00 0.000000000000000000e+00 0.000000000000000000e+00
7.613906860351562500e-01 9.942855238914489746e-01 7.565807700157165527e-01 5.543866157531738281e-01 6.081494688987731934e-01 9.973412752151489258e-01 6.957100033760070801e-01 2.354580760002136230e-01 7.566003799438476562e-01 0.000000000000000000e+00 0.000000000000000000e+00 0.000000000000000000e+00
5.950756072998046875e-01 9.257721304893493652e-01 2.727895379066467285e-01 2.781933546066284180e-02 9.562113881111145020e-01 6.648867130279541016e-01 4.887146949768066406e-01 9.082002043724060059e-01 6.319933533668518066e-01 1.000000000000000000e+00 0.000000000000000000e+00 0.000000000000000000e+00
7.093853354454040527e-01 9.373368620872497559e-01 6.051965951919555664e-01 5.582625865936279297e-01 2.973595857620239258e-01 3.151880502700805664e-01 3.225731849670410156e-02 8.613274693489074707e-01 2.019790410995483398e-01 1.000000000000000000e+00 0.000000000000000000e+00 0.000000000000000000e+00
9.646629691123962402e-01 2.151990532875061035e-01 9.082794785499572754e-01 5.718777775764465332e-01 6.246055364608764648e-01 5.593953132629394531e-01 1.603410840034484863e-01 6.760018467903137207e-01 9.425967931747436523e-01 0.000000000000000000e+00 0.000000000000000000e+00 0.000000000000000000e+00
8.848206996917724609e-01 7.784610390663146973e-01 2.532761693000793457e-01 6.598381996154785156e-01 9.732115268707275391e-01 3.063271045684814453e-01 7.299939990043640137e-01 4.721138477325439453e-01 4.259026646614074707e-01 0.000000000000000000e+00 0.000000000000000000e+00 0.000000000000000000e+00
6.987653374671936035e-01 5.819616317749023438e-01 9.426009654998779297e-01 6.340261101722717285e-01 4.019050598144531250e-01 9.611895084381103516e-01 9.703143835067749023e-01 9.105457067489624023e-01 3.396741151809692383e-01 0.000000000000000000e+00 0.000000000000000000e+00 0.000000000000000000e+00
2.280206978321075439e-01 8.653023838996887207e-01 3.688778281211853027e-01 7.287409901618957520e-01 8.487999439239501953e-02 4.397742152214050293e-01 8.309062123298645020e-01 3.064659833908081055e-01 6.393218040466308594e-02 0.000000000000000000e+00 1.000000000000000000e+00 0.000000000000000000e+00
4.895733296871185303e-01 5.230596661567687988e-01 3.850947022438049316e-01 4.699071645736694336e-01 4.750357866287231445e-01 6.187884807586669922e-01 4.046469330787658691e-01 3.067636489868164062e-01 3.603752255439758301e-01 0.000000000000000000e+00 0.000000000000000000e+00 0.000000000000000000e+00
8.250705599784851074e-01 2.899450063705444336e-01 5.440574288368225098e-01 6.306584477424621582e-01 3.810039162635803223e-01 8.193786740303039551e-01 3.549162745475769043e-01 6.349666714668273926e-01 2.029925584793090820e-01 0.000000000000000000e+00 0.000000000000000000e+00 0.000000000000000000e+00
3.429693579673767090e-01 4.557340145111083984e-01 1.459823250770568848e-01 5.762699246406555176e-01 9.544968605041503906e-02 5.198183059692382812e-01 6.965339183807373047e-02 6.570311188697814941e-01 7.999199628829956055e-02 1.000000000000000000e+00 0.000000000000000000e+00 0.000000000000000000e+00
5.331470370292663574e-01 4.008786678314208984e-01 4.674151539802551270e-01 3.053026199340820312e-01 4.439331293106079102e-01 1.333983540534973145e-01 2.023777961730957031e-01 1.303274035453796387e-01 8.846073746681213379e-01 0.000000000000000000e+00 0.000000000000000000e+00 0.000000000000000000e+00
7.380750179290771484e-01 6.039495468139648438e-01 6.691294908523559570e-01 2.844631671905517578e-02 7.936169505119323730e-01 9.188590645790100098e-01 9.363076090812683105e-01 6.727129220962524414e-01 1.349020004272460938e-02 1.000000000000000000e+00 0.000000000000000000e+00 0.000000000000000000e+00
9.578121900558471680e-01 6.265888810157775879e-01 7.909458875656127930e-01 9.055087566375732422e-01 8.679280281066894531e-01 1.336865425109863281e-01 6.700752377510070801e-01 1.452476382255554199e-01 2.105626463890075684e-01 0.000000000000000000e+00 0.000000000000000000e+00 0.000000000000000000e+00
7.008631229400634766e-01 1.876780986785888672e-01 5.935047268867492676e-01 3.312062025070190430e-01 7.003442645072937012e-01 9.996685385704040527e-01 8.780816197395324707e-01 1.618384718894958496e-01 4.939572215080261230e-01 0.000000000000000000e+00 0.000000000000000000e+00 0.000000000000000000e+00
9.205576181411743164e-01 2.429288625717163086e-02 2.740914225578308105e-01 8.680486679077148438e-01 1.535264253616333008e-01 8.616476058959960938e-01 6.080240607261657715e-01 3.074492812156677246e-01 6.100453734397888184e-01 0.000000000000000000e+00 1.000000000000000000e+00 0.000000000000000000e+00
9.576107859611511230e-01 7.974303364753723145e-01 4.885278344154357910e-01 9.014959335327148438e-01 6.394317150115966797e-01 3.729224205017089844e-02 8.350275158882141113e-01 7.979762554168701172e-01 4.801072478294372559e-01 0.000000000000000000e+00 0.000000000000000000e+00 0.000000000000000000e+00
7.645490765571594238e-01 3.917018771171569824e-01 8.380898833274841309e-01 9.340136647224426270e-01 1.609108448028564453e-01 9.184036850929260254e-01 6.592238545417785645e-01 9.498239159584045410e-01 9.514314532279968262e-01 0.000000000000000000e+00 0.000000000000000000e+00 0.000000000000000000e+00
7.908503413200378418e-01 3.677340745925903320e-01 7.580330371856689453e-01 5.473671555519104004e-01 2.400225400924682617e-02 5.317532420158386230e-01 7.504776120185852051e-01 7.025998830795288086e-02 7.734196782112121582e-01 0.000000000000000000e+00 0.000000000000000000e+00 0.000000000000000000e+00
2.660198509693145752e-01 7.190597057342529297e-01 6.746660470962524414e-01 3.053355813026428223e-01 1.286340951919555664e-01 4.676294922828674316e-01 7.862343788146972656e-01 3.593779206275939941e-01 5.369384884834289551e-01 1.000000000000000000e+00 1.000000000000000000e+00 1.000000000000000000e+00
5.072802305221557617e-01 9.029093980789184570e-01 3.847321867942810059e-01 2.508055567741394043e-01 9.289886951446533203e-01 4.528290033340454102e-01 8.275966644287109375e-01 1.607624292373657227e-01 6.725627183914184570e-01 1.000000000000000000e+00 0.000000000000000000e+00 0.000000000000000000e+00
9.560513496398925781e-01 4.383118152618408203e-01 8.436972498893737793e-01 6.912234425544738770e-01 3.458244204521179199e-01 3.886413574218750000e-02 2.812951803207397461e-01 2.014195322990417480e-01 5.431662201881408691e-01 0.000000000000000000e+00 1.000000000000000000e+00 0.000000000000000000e+00
3.227695226669311523e-01 9.517132639884948730e-01 1.070716381072998047e-01 1.879751086235046387e-01 3.981268405914306641e-02 6.171429157257080078e-02 9.294900894165039062e-01 7.791106700897216797e-01 8.597905039787292480e-01 0.000000000000000000e+00 0.000000000000000000e+00 0.000000000000000000e+00
3.310060203075408936e-01 9.890323877334594727e-01 9.390813112258911133e-02 6.340278387069702148e-01 1.495463252067565918e-01 2.120215296745300293e-01 7.623802423477172852e-01 2.191068530082702637e-01 6.816850304603576660e-01 0.000000000000000000e+00 0.000000000000000000e+00 0.000000000000000000e+00
9.283611178398132324e-01 8.364811539649963379e-01 4.853866100311279297e-01 8.227535486221313477e-01 9.145908355712890625e-01 2.451850771903991699e-01 1.760722398757934570e-01 6.028639674186706543e-01 2.040587067604064941e-01 0.000000000000000000e+00 0.000000000000000000e+00 0.000000000000000000e+00
6.145867109298706055e-01 2.741933465003967285e-01 5.742879509925842285e-01 3.929654955863952637e-01 4.510939121246337891e-03 9.548750519752502441e-01 3.447520136833190918e-01 7.623453736305236816e-01 6.600661873817443848e-01 1.000000000000000000e+00 0.000000000000000000e+00 0.000000000000000000e+00
9.468346834182739258e-01 4.976273775100708008e-01 9.777836799621582031e-01 5.399537682533264160e-01 8.522113561630249023e-01 7.784538865089416504e-01 9.031395912170410156e-01 2.717908024787902832e-01 5.662577748298645020e-01 0.000000000000000000e+00 0.000000000000000000e+00 0.000000000000000000e+00
7.956697940826416016e-01 8.799339532852172852e-01 1.576735377311706543e-01 5.520993471145629883e-01 9.294542670249938965e-01 3.953620791435241699e-01 5.703225731849670410e-01 6.989501118659973145e-01 5.139607191085815430e-02 1.000000000000000000e+00 0.000000000000000000e+00 0.000000000000000000e+00
9.937579631805419922e-01 2.401139140129089355e-01 1.425414681434631348e-01 8.304691314697265625e-01 8.253717422485351562e-01 3.100991249084472656e-03 7.104488015174865723e-01 9.741938710212707520e-01 7.553262114524841309e-01 0.000000000000000000e+00 0.000000000000000000e+00 0.000000000000000000e+00
6.317400336265563965e-01 8.334140181541442871e-01 7.132595777511596680e-02 9.642113447189331055e-01 4.180431365966796875e-02 5.502393841743469238e-01 9.353429675102233887e-01 3.894131779670715332e-01 4.419661164283752441e-01 0.000000000000000000e+00 0.000000000000000000e+00 0.000000000000000000e+00
9.008265733718872070e-01 5.128192901611328125e-02 1.711272001266479492e-01 4.408466219902038574e-01 9.166686534881591797e-01 3.572723865509033203e-01 7.899227142333984375e-01 8.504183888435363770e-01 7.435628771781921387e-01 1.000000000000000000e+00 0.000000000000000000e+00 0.000000000000000000e+00
9.806537032127380371e-01 6.169751882553100586e-01 8.755868077278137207e-01 5.666317343711853027e-01 9.865633249282836914e-01 1.571504473686218262e-01 7.696396112442016602e-02 7.950013279914855957e-01 2.083635926246643066e-01 1.000000000000000000e+00 0.000000000000000000e+00 0.000000000000000000e+00
7.483456134796142578e-01 3.469175696372985840e-01 8.019819259643554688e-01 4.345426559448242188e-01 1.589042544364929199e-01 6.498725414276123047e-01 6.201124191284179688e-01 8.563653826713562012e-01 3.428342342376708984e-01 1.000000000000000000e+00 0.000000000000000000e+00 0.000000000000000000e+00
7.601826786994934082e-01 7.445805668830871582e-01 5.025273561477661133e-02 7.938512563705444336e-01 4.642912149429321289e-01 8.275778889656066895e-01 7.939276099205017090e-01 3.885217905044555664e-01 8.098812699317932129e-01 0.000000000000000000e+00 0.000000000000000000e+00 0.000000000000000000e+00
5.730556845664978027e-01 4.783720374107360840e-01 3.217232227325439453e-02 1.234695315361022949e-01 5.558859705924987793e-01 8.112393617630004883e-01 3.187408447265625000e-01 6.521509885787963867e-01 1.115447282791137695e-01 1.000000000000000000e+00 0.000000000000000000e+00 0.000000000000000000e+00
7.092698216438293457e-01 4.904962182044982910e-01 4.478008747100830078e-01 7.214236855506896973e-01 4.513205885887145996e-01 3.215119838714599609e-01 1.061410307884216309e-01 6.272116303443908691e-01 4.881404042243957520e-01 1.000000000000000000e+00 0.000000000000000000e+00 0.000000000000000000e+00
7.359658479690551758e-01 8.413406014442443848e-01 5.912431478500366211e-01 3.357779383659362793e-01 9.924605488777160645e-01 3.347927331924438477e-02 5.177259445190429688e-01 3.024570941925048828e-01 5.166685581207275391e-01 1.000000000000000000e+00 0.000000000000000000e+00 0.000000000000000000e+00
3.687879443168640137e-01 2.496032118797302246e-01 3.163840174674987793e-01 1.608029007911682129e-01 9.368621110916137695e-01 8.489845395088195801e-01 6.188317537307739258e-01 2.616775035858154297e-01 3.021071553230285645e-01 0.000000000000000000e+00 0.000000000000000000e+00 0.000000000000000000e+00
8.888003826141357422e-01 4.532872438430786133e-01 7.709859013557434082e-01 8.849624991416931152e-01 2.366120219230651855e-01 5.746752619743347168e-01 8.079802989959716797e-01 9.135756492614746094e-01 4.998207092285156250e-01 1.000000000000000000e+00 0.000000000000000000e+00 0.000000000000000000e+00
9.942826032638549805e-01 2.361466884613037109e-01 7.692776918411254883e-01 9.250109791755676270e-01 1.495649814605712891e-01 3.791993856430053711e-02 5.244572162628173828e-01 2.702793478965759277e-01 6.985361576080322266e-01 0.000000000000000000e+00 0.000000000000000000e+00 0.000000000000000000e+00
9.844095110893249512e-01 2.115833163261413574e-01 4.019434452056884766e-01 7.616438269615173340e-01 5.709189772605895996e-01 2.020719051361083984e-01 9.465112090110778809e-01 8.756126165390014648e-01 5.092579722404479980e-01 0.000000000000000000e+00 0.000000000000000000e+00 0.000000000000000000e+00
7.956715226173400879e-01 5.403584241867065430e-01 6.841566562652587891e-01 6.975525617599487305e-01 4.732894897460937500e-01 3.567016720771789551e-01 2.578960657119750977e-01 2.194637060165405273e-02 1.537529230117797852e-01 1.000000000000000000e+00 0.000000000000000000e+00 0.000000000000000000e+00
9.253744781017303467e-02 6.996952891349792480e-01 1.825295090675354004e-01 1.239866614341735840e-01 2.176868915557861328e-02 5.219994783401489258e-01 4.325395822525024414e-01 6.323841214179992676e-01 6.401409506797790527e-01 0.000000000000000000e+00 1.000000000000000000e+00 0.000000000000000000e+00
7.606462836265563965e-01 8.388955593109130859e-01 4.264394044876098633e-01 7.576280236244201660e-01 7.805368304252624512e-01 9.679769277572631836e-01 8.298211097717285156e-01 5.113754272460937500e-01 8.210471868515014648e-01 0.000000000000000000e+00 0.000000000000000000e+00 0.000000000000000000e+00
8.558944463729858398e-01 2.094378471374511719e-01 5.294038653373718262e-01 8.703960180282592773e-01 2.302587032318115234e-01 6.597941517829895020e-01 8.446119427680969238e-01 3.384560346603393555e-01 4.511290192604064941e-01 0.000000000000000000e+00 1.000000000000000000e+00 0.000000000000000000e+00
8.970081210136413574e-01 3.786877989768981934e-01 9.876476526260375977e-01 3.391432762145996094e-02 6.047117710113525391e-01 2.556913495063781738e-01 7.388039231300354004e-01 7.795146703720092773e-01 1.808117032051086426e-01 0.000000000000000000e+00 0.000000000000000000e+00 0.000000000000000000e+00
5.488736033439636230e-01 3.199899196624755859e-01 5.796391367912292480e-01 5.000328421592712402e-01 4.657588601112365723e-01 4.903191924095153809e-01 6.058272719383239746e-01 7.920496463775634766e-01 4.263472557067871094e-01 0.000000000000000000e+00 0.000000000000000000e+00 0.000000000000000000e+00
7.550989389419555664e-01 4.755873084068298340e-01 2.255386114120483398e-01 3.826770186424255371e-01 9.243432879447937012e-01 1.682367324829101562e-01 8.795924186706542969e-01 1.493442654609680176e-01 5.476351380348205566e-01 0.000000000000000000e+00 1.000000000000000000e+00 0.000000000000000000e+00
9.869096875190734863e-01 3.034752011299133301e-01 6.688011288642883301e-01 7.558203339576721191e-01 6.679977178573608398e-01 5.369615554809570312e-02 1.549560427665710449e-01 9.307542443275451660e-01 8.139877319335937500e-01 0.000000000000000000e+00 0.000000000000000000e+00 0.000000000000000000e+00
7.521069645881652832e-01 3.614841699600219727e-01 6.029822230339050293e-01 5.700657963752746582e-01 8.711779117584228516e-02 2.792948484420776367e-02 5.688717961311340332e-01 1.907358169555664062e-01 5.238556265830993652e-01 0.000000000000000000e+00 0.000000000000000000e+00 0.000000000000000000e+00
9.077931642532348633e-01 7.710520625114440918e-01 9.524578452110290527e-01 9.226532578468322754e-01 6.185684800148010254e-01 5.822035074234008789e-01 7.281076908111572266e-01 3.407933712005615234e-01 6.141824126243591309e-01 0.000000000000000000e+00 0.000000000000000000e+00 0.000000000000000000e+00
3.715259730815887451e-01 6.575927734375000000e-01 6.330076456069946289e-01 5.832450985908508301e-01 1.688145995140075684e-01 1.734564304351806641e-01 5.775152444839477539e-01 6.670783758163452148e-01 1.724787354469299316e-01 1.000000000000000000e+00 1.000000000000000000e+00 1.000000000000000000e+00
6.015436649322509766e-01 6.641393899917602539e-01 3.286592960357666016e-01 5.038144588470458984e-01 6.351466178894042969e-01 3.145557641983032227e-01 1.406592130661010742e-02 9.478174448013305664e-01 6.550021767616271973e-01 0.000000000000000000e+00 0.000000000000000000e+00 0.000000000000000000e+00
9.923918843269348145e-01 7.801765203475952148e-02 8.874337673187255859e-01 7.014783024787902832e-01 7.574224472045898438e-01 4.376974105834960938e-01 9.160146117210388184e-01 8.866296410560607910e-01 4.650241136550903320e-01 0.000000000000000000e+00 0.000000000000000000e+00 0.000000000000000000e+00
7.101843953132629395e-01 9.609919190406799316e-01 1.721584796905517578e-02 5.502428412437438965e-01 6.208729147911071777e-01 5.947893857955932617e-01 5.977089405059814453e-01 3.973910808563232422e-01 8.600198626518249512e-01 1.000000000000000000e+00 0.000000000000000000e+00 0.000000000000000000e+00
7.732139825820922852e-01 5.394762754440307617e-01 4.328769445419311523e-02 5.981858968734741211e-01 6.235116720199584961e-01 8.491506576538085938e-01 7.860533595085144043e-01 9.100222587585449219e-02 6.955698728561401367e-01 0.000000000000000000e+00 0.000000000000000000e+00 0.000000000000000000e+00
8.402539491653442383e-01 2.287164330482482910e-01 2.926079034805297852e-01 7.397680282592773438e-01 2.696031332015991211e-02 8.695834875106811523e-02 3.717962503433227539e-01 1.130056381225585938e-02 3.403833508491516113e-01 1.000000000000000000e+00 1.000000000000000000e+00 1.000000000000000000e+00
7.810595035552978516e-01 6.256279349327087402e-01 6.364182829856872559e-01 3.819391131401062012e-01 5.294046401977539062e-01 3.712242841720581055e-02 1.493805646896362305e-02 1.195905208587646484e-01 8.919325470924377441e-01 0.000000000000000000e+00 0.000000000000000000e+00 0.000000000000000000e+00
9.890683293342590332e-01 2.091361284255981445e-01 7.850508689880371094e-01 7.743076682090759277e-01 6.938694715499877930e-01 3.498467206954956055e-01 8.655889630317687988e-01 2.514055967330932617e-01 3.657514452934265137e-01 0.000000000000000000e+00 0.000000000000000000e+00 0.000000000000000000e+00
1.016691625118255615e-01 5.499358773231506348e-01 5.816173553466796875e-01 1.031135916709899902e-01 9.080791473388671875e-02 2.738963365554809570e-01 2.006870508193969727e-01 6.422953009605407715e-01 9.835463762283325195e-02 1.000000000000000000e+00 1.000000000000000000e+00 1.000000000000000000e+00
1.654291301965713501e-01 3.845087289810180664e-01 1.937587857246398926e-01 9.023982286453247070e-02 2.482991218566894531e-01 9.886281490325927734e-01 5.480342507362365723e-01 5.851599574089050293e-01 8.167694807052612305e-01 0.000000000000000000e+00 1.000000000000000000e+00 0.000000000000000000e+00
4.568392336368560791e-01 6.091433167457580566e-01 7.804225087165832520e-01 2.576365470886230469e-01 2.606487274169921875e-01 5.693171620368957520e-01 5.686653852462768555e-01 4.201092123985290527e-01 7.139549851417541504e-01 1.000000000000000000e+00 0.000000000000000000e+00 0.000000000000000000e+00
5.912331342697143555e-01 1.173492670059204102e-01 5.906872749328613281e-01 1.430764198303222656e-01 8.360695838928222656e-02 6.570589542388916016e-02 8.526225686073303223e-01 6.921366453170776367e-01 5.191127061843872070e-01 1.000000000000000000e+00 0.000000000000000000e+00 0.000000000000000000e+00
8.723602890968322754e-01 8.233422040939331055e-02 7.904122471809387207e-01 1.186412572860717773e-01 8.311667442321777344e-01 9.546353220939636230e-01 8.454430699348449707e-01 4.395628571510314941e-01 7.254457473754882812e-01 0.000000000000000000e+00 1.000000000000000000e+00 0.000000000000000000e+00
8.052912950515747070e-01 5.359079837799072266e-01 5.744124650955200195e-01 7.308911681175231934e-01 5.900045633316040039e-01 9.579686522483825684e-01 1.674069166183471680e-01 5.952119827270507812e-02 4.598140716552734375e-01 1.000000000000000000e+00 0.000000000000000000e+00 0.000000000000000000e+00
6.368796229362487793e-01 5.521302819252014160e-01 6.377650499343872070e-01 7.062588930130004883e-01 4.855060577392578125e-01 9.219399690628051758e-01 9.180147051811218262e-01 1.946383714675903320e-02 7.118362188339233398e-01 0.000000000000000000e+00 0.000000000000000000e+00 0.000000000000000000e+00
8.093963265419006348e-01 2.570847272872924805e-01 2.174182534217834473e-01 5.666767954826354980e-01 5.706881880760192871e-01 3.031915426254272461e-02 1.907813549041748047e-01 2.699910998344421387e-01 1.655009984970092773e-01 0.000000000000000000e+00 1.000000000000000000e+00 0.000000000000000000e+00
9.923887848854064941e-01 4.389145970344543457e-01 5.059170722961425781e-01 8.500919342041015625e-01 9.732980132102966309e-01 4.802644252777099609e-02 9.668649435043334961e-01 5.479631423950195312e-01 4.569151401519775391e-01 0.000000000000000000e+00 0.000000000000000000e+00 0.000000000000000000e+00
5.062621235847473145e-01 1.085513234138488770e-01 1.021465063095092773e-01 3.849834799766540527e-01 4.695959091186523438e-01 9.562295675277709961e-01 5.144388675689697266e-01 6.979840397834777832e-01 8.981638550758361816e-01 0.000000000000000000e+00 0.000000000000000000e+00 0.000000000000000000e+00
7.994681000709533691e-01 6.617613434791564941e-01 1.795193552970886230e-01 7.658508419990539551e-01 4.646573662757873535e-01 9.375625848770141602e-02 2.251476645469665527e-01 2.279805541038513184e-01 3.806604743003845215e-01 1.000000000000000000e+00 0.000000000000000000e+00 0.000000000000000000e+00
9.734007716178894043e-01 3.563666939735412598e-01 6.951451301574707031e-03 8.252100348472595215e-01 9.899441599845886230e-01 7.963237762451171875e-01 8.075900673866271973e-01 9.383792877197265625e-01 9.033064842224121094e-01 0.000000000000000000e+00 0.000000000000000000e+00 0.000000000000000000e+00
6.164153814315795898e-01 3.804340958595275879e-01 1.259514093399047852e-01 3.498165607452392578e-01 8.454097509384155273e-01 5.344747304916381836e-01 8.234718441963195801e-01 6.815874576568603516e-01 9.328504204750061035e-01 1.000000000000000000e+00 0.000000000000000000e+00 0.000000000000000000e+00
9.962718486785888672e-01 1.688401699066162109e-01 9.055485129356384277e-01 4.117231369018554688e-01 8.383678197860717773e-01 2.216079831123352051e-01 4.888230562210083008e-01 6.348687410354614258e-02 9.158860445022583008e-01 0.000000000000000000e+00 1.000000000000000000e+00 0.000000000000000000e+00
7.896875143051147461e-01 1.889564394950866699e-01 7.728989124298095703e-01 9.993642568588256836e-02 2.132806777954101562e-01 2.865097522735595703e-01 6.935399770736694336e-01 7.999128699302673340e-01 6.693996787071228027e-01 1.000000000000000000e+00 0.000000000000000000e+00 0.000000000000000000e+00
7.407166957855224609e-01 4.801978468894958496e-01 9.326358437538146973e-01 1.324911117553710938e-01 2.375506758689880371e-01 6.125036478042602539e-01 6.346107125282287598e-01 5.457222461700439453e-01 8.301109075546264648e-02 0.000000000000000000e+00 0.000000000000000000e+00 0.000000000000000000e+00
3.049335479736328125e-01 4.806253910064697266e-01 6.723335981369018555e-01 7.844024896621704102e-02 4.039084315299987793e-01 3.244037628173828125e-01 4.388391375541687012e-01 2.725183367729187012e-01 3.703628778457641602e-01 1.000000000000000000e+00 1.000000000000000000e+00 1.000000000000000000e+00
2.735537886619567871e-01 4.876177310943603516e-01 1.334819793701171875e-01 1.707134246826171875e-01 3.912766575813293457e-01 7.080965042114257812e-01 3.206435441970825195e-01 7.320176362991333008e-01 2.834502458572387695e-01 0.000000000000000000e+00 0.000000000000000000e+00 0.000000000000000000e+00
5.614327192306518555e-01 4.188278913497924805e-01 5.530074834823608398e-01 3.773505091667175293e-01 6.058548688888549805e-01 8.252004981040954590e-01 7.913323044776916504e-01 7.461638450622558594e-01 2.575566172599792480e-01 1.000000000000000000e+00 0.000000000000000000e+00 0.000000000000000000e+00
8.966959118843078613e-01 9.763704538345336914e-01 5.247339606285095215e-01 8.033226728439331055e-01 9.048595428466796875e-01 4.277066588401794434e-01 9.075614213943481445e-01 7.989156246185302734e-01 1.640983223915100098e-01 0.000000000000000000e+00 0.000000000000000000e+00 0.000000000000000000e+00
9.988954067230224609e-01 1.321057677268981934e-01 4.623419046401977539e-02 9.841023683547973633e-01 7.918548583984375000e-01 1.752108335494995117e-01 4.459927678108215332e-01 9.392315745353698730e-01 5.974074006080627441e-01 0.000000000000000000e+00 0.000000000000000000e+00 0.000000000000000000e+00
9.778832197189331055e-01 9.397059679031372070e-02 9.641304016113281250e-01 7.079607844352722168e-01 7.096285820007324219e-01 6.905211806297302246e-01 6.606477499008178711e-01 2.050719261169433594e-01 1.720599532127380371e-01 1.000000000000000000e+00 0.000000000000000000e+00 0.000000000000000000e+00
1.775501221418380737e-01 9.715023636817932129e-01 6.567919254302978516e-01 1.992279291152954102e-01 1.790484786033630371e-01 4.276678562164306641e-01 9.328526258468627930e-01 2.918744087219238281e-02 1.961244940757751465e-01 1.000000000000000000e+00 0.000000000000000000e+00 0.000000000000000000e+00
8.234303593635559082e-01 3.814530372619628906e-01 8.189508914947509766e-01 8.833105564117431641e-01 3.049513101577758789e-01 8.136745095252990723e-01 4.432531595230102539e-01 8.774948120117187500e-02 5.907291173934936523e-02 1.000000000000000000e+00 0.000000000000000000e+00 0.000000000000000000e+00
6.332636475563049316e-01 9.201065301895141602e-01 2.511974573135375977e-01 9.136898517608642578e-01 3.519517183303833008e-02 8.101420402526855469e-01 9.216693043708801270e-01 9.884141087532043457e-01 3.944093585014343262e-01 1.000000000000000000e+00 0.000000000000000000e+00 0.000000000000000000e+00
5.517254471778869629e-01 7.767555117607116699e-01 9.664637446403503418e-01 1.505702733993530273e-01 3.702436685562133789e-01 7.661593556404113770e-01 2.312948703765869141e-01 8.097833991050720215e-01 7.987710237503051758e-01 0.000000000000000000e+00 0.000000000000000000e+00 0.000000000000000000e+00
8.498820662498474121e-01 3.075379133224487305e-01 8.247027397155761719e-01 9.327135086059570312e-01 3.366613388061523438e-02 8.710828423500061035e-01 7.360881567001342773e-01 2.831273078918457031e-01 6.273962259292602539e-01 0.000000000000000000e+00 0.000000000000000000e+00 0.000000000000000000e+00
9.210978150367736816e-01 1.756074428558349609e-01 4.889510273933410645e-01 7.618945240974426270e-01 5.094031095504760742e-01 8.885484933853149414e-01 6.792533397674560547e-01 4.558169841766357422e-01 3.673851490020751953e-02 0.000000000000000000e+00 0.000000000000000000e+00 0.000000000000000000e+00
4.600635468959808350e-01 8.006010055541992188e-01 2.582069039344787598e-01 9.378152489662170410e-01 3.862756490707397461e-02 4.360407590866088867e-01 3.878372311592102051e-01 2.437158823013305664e-01 3.516800403594970703e-01 0.000000000000000000e+00 0.000000000000000000e+00 0.000000000000000000e+00
6.641903519630432129e-01 5.796600580215454102e-01 3.800662159919738770e-01 7.312027215957641602e-01 1.714431047439575195e-01 2.215129137039184570e-01 3.842733502388000488e-01 2.609173655509948730e-01 4.336911439895629883e-01 0.000000000000000000e+00 0.000000000000000000e+00 0.000000000000000000e+00
9.334855079650878906e-01 9.204524755477905273e-02 7.475781440734863281e-01 6.694796085357666016e-01 4.177700877189636230e-01 1.685271859169006348e-01 1.956365108489990234e-01 3.893824815750122070e-01 1.699626445770263672e-01 0.000000000000000000e+00 1.000000000000000000e+00 0.000000000000000000e+00
9.060657620429992676e-01 4.263899326324462891e-01 9.263218045234680176e-01 1.298761367797851562e-01 7.934889197349548340e-01 3.217903971672058105e-01 7.049069404602050781e-01 5.002721548080444336e-01 4.456918835639953613e-01 0.000000000000000000e+00 1.000000000000000000e+00 0.000000000000000000e+00
5.476084351539611816e-01 7.696267366409301758e-01 5.152146816253662109e-01 7.928037643432617188e-01 2.122690081596374512e-01 7.338584065437316895e-01 3.216564655303955078e-03 6.849181056022644043e-01 6.550480723381042480e-01 0.000000000000000000e+00 0.000000000000000000e+00 0.000000000000000000e+00
2.896122038364410400e-01 6.591513156890869141e-01 9.357261657714843750e-02 3.549059629440307617e-01 8.693623542785644531e-02 6.414453983306884766e-01 8.194782733917236328e-01 6.370519399642944336e-01 6.707167625427246094e-02 0.000000000000000000e+00 1.000000000000000000e+00 0.000000000000000000e+00
7.902615070343017578e-01 6.778786778450012207e-01 3.944724798202514648e-02 4.625231027603149414e-01 8.029366135597229004e-01 2.980186939239501953e-01 6.446314454078674316e-01 9.839738011360168457e-01 2.646281719207763672e-01 0.000000000000000000e+00 0.000000000000000000e+00 0.000000000000000000e+00
4.825374186038970947e-01 5.923727154731750488e-01 2.710233926773071289e-01 4.823133349418640137e-01 5.437539815902709961e-01 8.370990157127380371e-01 7.077704668045043945e-01 3.402130603790283203e-01 8.810972571372985840e-01 0.000000000000000000e+00 0.000000000000000000e+00 0.000000000000000000e+00
5.078780055046081543e-01 7.757015824317932129e-01 2.956220507621765137e-01 4.594708681106567383e-01 7.074354290962219238e-01 5.326846241950988770e-01 5.231930613517761230e-01 2.971621751785278320e-01 3.738765120506286621e-01 0.000000000000000000e+00 0.000000000000000000e+00 0.000000000000000000e+00
9.829607009887695312e-01 3.635399937629699707e-01 1.026769876480102539e-01 7.626822590827941895e-01 9.290732741355895996e-01 1.847060918807983398e-01 5.691224932670593262e-01 7.815813422203063965e-01 3.532062768936157227e-01 0.000000000000000000e+00 0.000000000000000000e+00 0.000000000000000000e+00
9.048587679862976074e-01 5.423598885536193848e-01 7.116006612777709961e-01 8.647001981735229492e-01 9.277001619338989258e-01 7.098451256752014160e-01 6.896378397941589355e-01 8.339992165565490723e-01 1.984630227088928223e-01 0.000000000000000000e+00 0.000000000000000000e+00 0.000000000000000000e+00
7.127748131752014160e-01 2.159601449966430664e-01 6.139799356460571289e-01 6.114539504051208496e-01 3.005379438400268555e-01 5.670677423477172852e-01 1.786512136459350586e-02 8.023911714553833008e-02 8.969116210937500000e-02 0.000000000000000000e+00 0.000000000000000000e+00 0.000000000000000000e+00
8.153550028800964355e-01 6.827985644340515137e-01 3.070570230484008789e-01 9.425446987152099609e-01 4.392479062080383301e-01 4.253453612327575684e-01 1.736989617347717285e-01 3.114700317382812500e-01 6.379113793373107910e-01 0.000000000000000000e+00 0.000000000000000000e+00 0.000000000000000000e+00
3.622268140316009521e-01 7.075521349906921387e-01 6.647389531135559082e-01 3.800235390663146973e-01 4.594849348068237305e-01 4.596384167671203613e-01 2.670883536338806152e-01 1.712515950202941895e-01 2.545337080955505371e-01 1.000000000000000000e+00 0.000000000000000000e+00 0.000000000000000000e+00
7.307073473930358887e-01 1.171112656593322754e-01 5.502370595932006836e-01 5.911791324615478516e-02 8.356629014015197754e-01 8.676339387893676758e-01 2.292415499687194824e-01 4.671943187713623047e-01 1.878652572631835938e-01 0.000000000000000000e+00 0.000000000000000000e+00 0.000000000000000000e+00
9.737241268157958984e-01 7.738869786262512207e-01 8.823397755622863770e-01 9.762448072433471680e-01 3.975988030433654785e-01 1.403996348381042480e-01 4.564133882522583008e-01 6.454621553421020508e-01 5.858365893363952637e-01 1.000000000000000000e+00 0.000000000000000000e+00 0.000000000000000000e+00
7.644158005714416504e-01 8.758695721626281738e-01 2.233299612998962402e-01 6.015753149986267090e-01 7.096685767173767090e-01 2.763742804527282715e-01 6.408584713935852051e-01 1.380760669708251953e-01 7.917427420616149902e-01 0.000000000000000000e+00 0.000000000000000000e+00 0.000000000000000000e+00
4.983790218830108643e-01 7.099330425262451172e-03 5.374861359596252441e-01 1.095067858695983887e-01 1.473477482795715332e-01 8.860875368118286133e-01 8.338399529457092285e-01 4.765166640281677246e-01 8.130991458892822266e-02 1.000000000000000000e+00 0.000000000000000000e+00 0.000000000000000000e+00
3.145745098590850830e-01 4.716902971267700195e-01 5.490882992744445801e-01 3.024857044219970703e-01 3.209415674209594727e-01 3.694040775299072266e-01 2.935461401939392090e-01 2.432857155799865723e-01 6.952461600303649902e-01 0.000000000000000000e+00 0.000000000000000000e+00 0.000000000000000000e+00
7.972808480262756348e-01 4.495654702186584473e-01 5.221848487854003906e-01 6.593757867813110352e-01 6.025494933128356934e-01 7.306457757949829102e-01 8.519464135169982910e-01 1.471413969993591309e-01 5.057427883148193359e-01 0.000000000000000000e+00 0.000000000000000000e+00 0.000000000000000000e+00
6.465641856193542480e-01 5.286585688591003418e-01 9.687620401382446289e-01 5.767350792884826660e-01 4.589055180549621582e-01 6.235505342483520508e-01 9.428339004516601562e-01 7.464699149131774902e-01 9.042861461639404297e-01 0.000000000000000000e+00 0.000000000000000000e+00 0.000000000000000000e+00
8.370525836944580078e-01 4.784893989562988281e-01 6.090356111526489258e-01 4.821447134017944336e-01 8.970898985862731934e-01 3.037751317024230957e-01 6.410440206527709961e-01 6.088019609451293945e-01 9.658262133598327637e-01 1.000000000000000000e+00 0.000000000000000000e+00 0.000000000000000000e+00
6.520051360130310059e-01 4.254477024078369141e-01 5.574741959571838379e-01 3.997390866279602051e-01 1.848807334899902344e-01 1.958652138710021973e-01 2.526140213012695312e-02 2.949339747428894043e-01 5.203768610954284668e-01 0.000000000000000000e+00 0.000000000000000000e+00 0.000000000000000000e+00
9.679589271545410156e-01 2.656877040863037109e-03 3.243215084075927734e-01 7.307845950126647949e-01 4.456740617752075195e-01 5.030028223991394043e-01 7.523305416107177734e-01 1.508383154869079590e-01 1.223954558372497559e-01 1.000000000000000000e+00 1.000000000000000000e+00 1.000000000000000000e+00
3.690842092037200928e-01 4.980361461639404297e-01 6.382096409797668457e-01 4.980147480964660645e-01 3.140475153923034668e-01 4.363627433776855469e-01 8.507352471351623535e-01 1.131930947303771973e-01 3.829606175422668457e-01 0.000000000000000000e+00 1.000000000000000000e+00 0.000000000000000000e+00
9.373258352279663086e-01 2.913029789924621582e-01 2.484245300292968750e-01 9.501287341117858887e-01 4.961662292480468750e-01 9.392744302749633789e-01 8.835869431495666504e-01 1.413882374763488770e-01 4.535989761352539062e-01 0.000000000000000000e+00 0.000000000000000000e+00 0.000000000000000000e+00
8.236637115478515625e-01 9.375893473625183105e-01 8.181993365287780762e-01 5.319083333015441895e-01 7.191003561019897461e-01 4.321541786193847656e-01 8.331264257431030273e-01 2.177808880805969238e-01 4.681903719902038574e-01 1.000000000000000000e+00 0.000000000000000000e+00 0.000000000000000000e+00
9.443362951278686523e-01 2.198776006698608398e-01 9.018321633338928223e-01 9.251233935356140137e-01 3.504753112792968750e-03 5.980444550514221191e-01 6.518816351890563965e-01 7.669299840927124023e-02 5.254514813423156738e-01 0.000000000000000000e+00 1.000000000000000000e+00 0.000000000000000000e+00
9.196663498878479004e-01 9.517323374748229980e-01 6.649193167686462402e-01 8.777795433998107910e-01 8.242655992507934570e-01 7.973917722702026367e-01 3.038116693496704102e-01 5.046446919441223145e-01 4.500972628593444824e-01 0.000000000000000000e+00 0.000000000000000000e+00 0.000000000000000000e+00
7.995475530624389648e-01 5.067179203033447266e-01 7.700105905532836914e-01 6.515734791755676270e-01 4.546272754669189453e-01 4.498552680015563965e-01 2.811790108680725098e-01 5.964740514755249023e-01 6.378149390220642090e-01 1.000000000000000000e+00 0.000000000000000000e+00 0.000000000000000000e+00
7.704476714134216309e-01 4.500653743743896484e-01 5.608913302421569824e-01 9.149571657180786133e-01 2.684271931648254395e-01 8.155710697174072266e-01 4.578317403793334961e-01 1.033846735954284668e-01 4.967920184135437012e-01 1.000000000000000000e+00 0.000000000000000000e+00 0.000000000000000000e+00
9.714196324348449707e-01 2.220725417137145996e-01 1.747859120368957520e-01 9.928675889968872070e-01 3.091990947723388672e-02 4.984497427940368652e-01 1.551597714424133301e-01 2.959704399108886719e-02 9.850087761878967285e-01 0.000000000000000000e+00 0.000000000000000000e+00 0.000000000000000000e+00
8.772093057632446289e-01 1.980662345886230469e-03 7.668930292129516602e-01 1.304286718368530273e-02 5.223459005355834961e-02 4.274249076843261719e-01 4.191149473190307617e-01 3.748303651809692383e-01 1.179513335227966309e-01 0.000000000000000000e+00 0.000000000000000000e+00 0.000000000000000000e+00
7.578205466270446777e-01 4.293494224548339844e-01 7.975494265556335449e-01 9.530256986618041992e-01 8.272892236709594727e-02 7.083136439323425293e-01 6.749197840690612793e-01 3.341706395149230957e-01 3.045820593833923340e-01 1.000000000000000000e+00 0.000000000000000000e+00 0.000000000000000000e+00
7.089687585830688477e-01 8.228924870491027832e-01 8.245420455932617188e-01 4.264053702354431152e-01 9.057433605194091797e-01 5.050011873245239258e-01 4.580399990081787109e-01 6.527776122093200684e-01 9.196195006370544434e-01 0.000000000000000000e+00 0.000000000000000000e+00 0.000000000000000000e+00
9.830821156501770020e-01 3.685801029205322266e-01 8.999950885772705078e-01 9.005824327468872070e-01 1.797977685928344727e-01 1.901351809501647949e-01 5.452257394790649414e-01 8.764727711677551270e-01 4.382132887840270996e-01 0.000000000000000000e+00 0.000000000000000000e+00 0.000000000000000000e+00
9.364684224128723145e-01 3.906634449958801270e-01 1.732969284057617188e-01 6.537731289863586426e-01 6.139824986457824707e-01 4.622415900230407715e-01 2.601125836372375488e-01 4.161291122436523438e-01 9.282696843147277832e-01 0.000000000000000000e+00 0.000000000000000000e+00 0.000000000000000000e+00
4.556871354579925537e-01 6.020348668098449707e-01 4.655182361602783203e-02 1.317576766014099121e-01 6.378411054611206055e-01 3.374688625335693359e-01 4.817152023315429688e-01 1.565200686454772949e-01 4.274505972862243652e-01 0.000000000000000000e+00 0.000000000000000000e+00 0.000000000000000000e+00
9.423098564147949219e-01 4.214125275611877441e-01 2.169139981269836426e-01 8.893260955810546875e-01 8.531343340873718262e-01 6.254997253417968750e-01 4.236614704132080078e-01 4.699073433876037598e-01 4.055413603782653809e-01 0.000000000000000000e+00 0.000000000000000000e+00 0.000000000000000000e+00
5.944343805313110352e-01 8.509094715118408203e-01 5.694476366043090820e-01 8.214573860168457031e-01 4.958479404449462891e-01 5.949300527572631836e-01 6.606119871139526367e-02 6.968755722045898438e-01 5.422295331954956055e-01 1.000000000000000000e+00 0.000000000000000000e+00 0.000000000000000000e+00
4.404768347740173340e-01 2.399255037307739258e-01 4.568203091621398926e-01 4.523969888687133789e-01 1.586712002754211426e-01 1.875131726264953613e-01 3.933197855949401855e-01 9.412467479705810547e-01 1.413980722427368164e-01 1.000000000000000000e+00 0.000000000000000000e+00 0.000000000000000000e+00
2.725575268268585205e-01 1.995663046836853027e-01 5.672940015792846680e-01 9.462517499923706055e-02 2.017768621444702148e-01 8.849878907203674316e-01 4.637774229049682617e-01 1.557269692420959473e-01 5.979279279708862305e-01 0.000000000000000000e+00 1.000000000000000000e+00 0.000000000000000000e+00
6.035900115966796875e-01 6.263721585273742676e-01 7.684642672538757324e-01 2.476076483726501465e-01 1.277302503585815430e-01 2.484607696533203125e-02 9.995830059051513672e-01 6.735146045684814453e-01 9.084572196006774902e-01 0.000000000000000000e+00 0.000000000000000000e+00 0.000000000000000000e+00
7.329102158546447754e-01 8.880299925804138184e-01 1.202398538589477539e-01 7.625164985656738281e-01 4.252125620841979980e-01 5.482535362243652344e-01 4.264348745346069336e-01 6.035814285278320312e-01 9.126445055007934570e-01 0.000000000000000000e+00 0.000000000000000000e+00 0.000000000000000000e+00
7.164061069488525391e-01 5.197957754135131836e-01 1.528983116149902344e-01 7.769446372985839844e-01 1.838424801826477051e-01 7.836505174636840820e-01 6.478971838951110840e-01 2.242782711982727051e-01 4.536080956459045410e-01 0.000000000000000000e+00 0.000000000000000000e+00 0.000000000000000000e+00
7.969970703125000000e-01 6.567780375480651855e-01 9.205473661422729492e-01 7.448863983154296875e-02 7.440605759620666504e-01 2.748535871505737305e-01 7.568727135658264160e-01 8.826279640197753906e-01 8.233106136322021484e-01 1.000000000000000000e+00 0.000000000000000000e+00 0.000000000000000000e+00
6.738568544387817383e-01 5.851765871047973633e-01 4.992944598197937012e-01 6.664595007896423340e-01 2.801020145416259766e-01 9.505388140678405762e-01 1.663360595703125000e-01 3.711421489715576172e-01 8.695275187492370605e-01 1.000000000000000000e+00 0.000000000000000000e+00 0.000000000000000000e+00
6.227397322654724121e-01 3.970805406570434570e-01 5.528303384780883789e-01 7.453083395957946777e-01 1.811249852180480957e-01 6.295230388641357422e-01 9.936761856079101562e-01 4.429401755332946777e-01 4.774078130722045898e-01 0.000000000000000000e+00 0.000000000000000000e+00 0.000000000000000000e+00
5.787451863288879395e-01 7.031336426734924316e-01 9.875928759574890137e-01 2.494912743568420410e-01 2.013421058654785156e-02 7.535934448242187500e-03 9.618739485740661621e-01 2.641785144805908203e-02 1.965737342834472656e-02 1.000000000000000000e+00 1.000000000000000000e+00 1.000000000000000000e+00
8.029783964157104492e-01 6.506842970848083496e-01 1.069584488868713379e-01 7.174083590507507324e-01 6.283990740776062012e-01 5.664713978767395020e-01 6.735702157020568848e-01 2.218582630157470703e-01 3.755114078521728516e-01 0.000000000000000000e+00 0.000000000000000000e+00 0.000000000000000000e+00
8.099504113197326660e-01 8.728779554367065430e-01 3.542401194572448730e-01 8.111950159072875977e-01 7.205517888069152832e-01 2.967512607574462891e-02 6.155148744583129883e-01 2.403287291526794434e-01 6.475670337677001953e-01 0.000000000000000000e+00 0.000000000000000000e+00 0.000000000000000000e+00
8.882421851158142090e-01 5.763785839080810547e-01 3.055900931358337402e-01 9.990550279617309570e-01 6.925646662712097168e-01 6.776588559150695801e-01 4.189682602882385254e-01 2.574317455291748047e-01 7.172414660453796387e-01 1.000000000000000000e+00 0.000000000000000000e+00 0.000000000000000000e+00
5.187605619430541992e-01 6.719657778739929199e-01 2.726929187774658203e-01 2.400313019752502441e-01 9.109721183776855469e-01 8.931196928024291992e-01 2.192969918251037598e-01 9.711973667144775391e-01 4.603887200355529785e-01 0.000000000000000000e+00 0.000000000000000000e+00 0.000000000000000000e+00
9.778881072998046875e-01 4.249444007873535156e-01 6.876673102378845215e-01 9.791034460067749023e-01 2.881703972816467285e-01 3.983954191207885742e-01 2.827647328376770020e-01 2.945770025253295898e-01 3.472151756286621094e-01 1.000000000000000000e+00 0.000000000000000000e+00 0.000000000000000000e+00
4.252727627754211426e-01 6.844520568847656250e-01 7.354778647422790527e-01 6.923463940620422363e-01 1.600813865661621094e-02 8.414276838302612305e-01 8.448516726493835449e-01 2.810814380645751953e-01 5.315147638320922852e-01 1.000000000000000000e+00 0.000000000000000000e+00 0.000000000000000000e+00
4.851860105991363525e-01 1.682563424110412598e-01 3.721455335617065430e-01 4.661825299263000488e-01 3.234385251998901367e-01 8.198545575141906738e-01 4.811181426048278809e-01 3.502652049064636230e-01 5.490764975547790527e-01 1.000000000000000000e+00 0.000000000000000000e+00 0.000000000000000000e+00
1.725801378488540649e-01 9.280950427055358887e-01 4.329048395156860352e-01 8.924514055252075195e-02 1.470425724983215332e-01 8.266739249229431152e-01 3.710660338401794434e-01 5.710641741752624512e-01 6.107195019721984863e-01 0.000000000000000000e+00 1.000000000000000000e+00 0.000000000000000000e+00
2.869173288345336914e-01 8.955328464508056641e-01 9.561702013015747070e-01 8.293271064758300781e-02 6.351474523544311523e-01 5.020888447761535645e-01 7.375006675720214844e-01 8.094630837440490723e-01 3.689694404602050781e-01 0.000000000000000000e+00 0.000000000000000000e+00 0.000000000000000000e+00
2.034910917282104492e-01 3.937430381774902344e-01 3.299082517623901367e-01 1.331113576889038086e-01 9.793238639831542969e-01 8.608822226524353027e-01 8.094908595085144043e-01 3.072471022605895996e-01 7.070261836051940918e-01 0.000000000000000000e+00 1.000000000000000000e+00 0.000000000000000000e+00
3.183327913284301758e-01 7.878581881523132324e-01 9.513449668884277344e-02 1.327835917472839355e-01 7.616989016532897949e-01 6.912868618965148926e-01 1.417999863624572754e-01 9.718075990676879883e-01 3.419905900955200195e-02 1.000000000000000000e+00 0.000000000000000000e+00 0.000000000000000000e+00
4.471977949142456055e-01 2.167981863021850586e-01 5.429590344429016113e-01 1.567745804786682129e-01 1.051619648933410645e-01 1.552150249481201172e-01 5.165600776672363281e-02 9.883529543876647949e-01 8.917790651321411133e-02 0.000000000000000000e+00 1.000000000000000000e+00 0.000000000000000000e+00
3.510742485523223877e-01 5.009951591491699219e-01 8.631529808044433594e-01 1.521930694580078125e-01 6.868231296539306641e-02 6.295889019966125488e-01 9.320126175880432129e-01 2.570012211799621582e-01 8.142416477203369141e-01 0.000000000000000000e+00 0.000000000000000000e+00 0.000000000000000000e+00
7.573529481887817383e-01 9.126467108726501465e-01 7.701649069786071777e-01 6.790424585342407227e-01 3.250408172607421875e-01 9.871795177459716797e-01 7.220352888107299805e-01 5.862902998924255371e-01 9.693602323532104492e-01 0.000000000000000000e+00 0.000000000000000000e+00 0.000000000000000000e+00
5.948210358619689941e-01 4.794529080390930176e-01 4.348716735839843750e-01 6.411679983139038086e-01 4.256708621978759766e-01 2.667341232299804688e-01 3.010939359664916992e-01 2.486373782157897949e-01 4.891224503517150879e-01 0.000000000000000000e+00 0.000000000000000000e+00 0.000000000000000000e+00
9.761713147163391113e-01 2.210486531257629395e-01 1.193242073059082031e-01 7.811450958251953125e-01 9.588164091110229492e-01 5.362740755081176758e-01 3.982912898063659668e-01 7.350601553916931152e-01 2.912938594818115234e-03 0.000000000000000000e+00 1.000000000000000000e+00 0.000000000000000000e+00
1.276646107435226440e-01 4.057398438453674316e-01 6.772840023040771484e-01 8.800274133682250977e-02 1.166011691093444824e-01 6.526955366134643555e-01 2.179968953132629395e-01 4.101690649986267090e-01 7.741374969482421875e-01 0.000000000000000000e+00 1.000000000000000000e+00 0.000000000000000000e+00
1.207647547125816345e-01 3.098577857017517090e-01 1.899321079254150391e-01 2.430831789970397949e-01 1.753904223442077637e-01 8.834389448165893555e-01 7.457554936408996582e-01 1.835886240005493164e-01 5.336282849311828613e-01 0.000000000000000000e+00 1.000000000000000000e+00 0.000000000000000000e+00
7.849708199501037598e-01 2.226679921150207520e-01 3.182092308998107910e-01 4.698549509048461914e-01 8.350545763969421387e-01 9.608992338180541992e-01 5.817161202430725098e-01 8.840837478637695312e-01 7.778176069259643555e-01 0.000000000000000000e+00 0.000000000000000000e+00 0.000000000000000000e+00
8.696087598800659180e-01 1.501859426498413086e-01 4.382136464118957520e-01 6.277031302452087402e-01 3.104984164237976074e-01 6.514557600021362305e-01 2.072643637657165527e-01 6.747247576713562012e-01 8.258018493652343750e-01 0.000000000000000000e+00 0.000000000000000000e+00 0.000000000000000000e+00
9.812991023063659668e-01 3.944026827812194824e-01 8.035097718238830566e-01 9.722836017608642578e-01 2.530376911163330078e-01 2.729961872100830078e-01 5.673700571060180664e-02 2.925629615783691406e-01 6.137379407882690430e-01 0.000000000000000000e+00 1.000000000000000000e+00 0.000000000000000000e+00
9.683820009231567383e-01 1.187128424644470215e-01 9.268135428428649902e-01 1.518447399139404297e-01 2.389518618583679199e-01 1.197892427444458008e-01 5.834299325942993164e-02 4.772496819496154785e-01 8.534579277038574219e-01 0.000000000000000000e+00 1.000000000000000000e+00 0.000000000000000000e+00
7.052354812622070312e-01 5.204929113388061523e-01 4.621561169624328613e-01 6.776868700981140137e-01 3.731624484062194824e-01 3.005747199058532715e-01 6.221486926078796387e-01 3.436887264251708984e-01 4.328655004501342773e-01 1.000000000000000000e+00 0.000000000000000000e+00 0.000000000000000000e+00
7.350271940231323242e-01 6.852952837944030762e-01 1.895792484283447266e-01 3.233665823936462402e-01 7.173163294792175293e-01 1.513285636901855469e-01 1.178489923477172852e-01 2.021193504333496094e-01 3.728086948394775391e-01 0.000000000000000000e+00 0.000000000000000000e+00 0.000000000000000000e+00
9.380348324775695801e-01 3.371946811676025391e-01 2.137124538421630859e-03 5.249773859977722168e-01 9.421266913414001465e-01 5.359373092651367188e-01 6.546912193298339844e-01 8.792397379875183105e-01 9.656403064727783203e-01 0.000000000000000000e+00 0.000000000000000000e+00 0.000000000000000000e+00
9.270145297050476074e-01 2.800709009170532227e-01 9.082002639770507812e-01 5.962771177291870117e-01 3.736076354980468750e-01 5.635917782783508301e-01 2.456539869308471680e-01 6.125898957252502441e-01 1.217315196990966797e-01 0.000000000000000000e+00 1.000000000000000000e+00 0.000000000000000000e+00
5.808249115943908691e-01 5.262886881828308105e-01 2.295332551002502441e-01 7.007037997245788574e-01 5.574067831039428711e-01 8.626945614814758301e-01 1.238972544670104980e-01 7.855252027511596680e-01 2.652148008346557617e-01 0.000000000000000000e+00 0.000000000000000000e+00 0.000000000000000000e+00
5.811957716941833496e-01 8.277261853218078613e-01 9.878510236740112305e-01 8.200757503509521484e-01 5.832189917564392090e-01 3.979793190956115723e-01 7.607620954513549805e-02 2.620419859886169434e-01 8.960904479026794434e-01 1.000000000000000000e+00 0.000000000000000000e+00 0.000000000000000000e+00
1.373870223760604858e-01 7.470890879631042480e-01 4.775075912475585938e-01 2.446257472038269043e-01 5.243527889251708984e-02 1.784964203834533691e-01 3.236376643180847168e-01 8.371550440788269043e-01 7.269638776779174805e-02 1.000000000000000000e+00 0.000000000000000000e+00 0.000000000000000000e+00
2.239745855331420898e-01 9.788064360618591309e-01 5.853332877159118652e-01 3.272300362586975098e-01 3.879207372665405273e-02 5.902707576751708984e-03 5.314487814903259277e-01 6.507947444915771484e-01 9.081298112869262695e-02 1.000000000000000000e+00 1.000000000000000000e+00 1.000000000000000000e+00
8.215205669403076172e-01 5.790452957153320312e-01 9.687143564224243164e-01 7.449803352355957031e-01 7.919573783874511719e-02 2.372362017631530762e-01 4.825803637504577637e-01 4.958142638206481934e-01 1.399076581001281738e-01 1.000000000000000000e+00 0.000000000000000000e+00 0.000000000000000000e+00
7.841559648513793945e-01 3.740290999412536621e-01 9.407391548156738281e-01 4.206615686416625977e-01 1.692705154418945312e-01 4.428215622901916504e-01 5.798279047012329102e-01 3.336172103881835938e-01 6.039106845855712891e-02 0.000000000000000000e+00 0.000000000000000000e+00 0.000000000000000000e+00
9.180933833122253418e-01 3.928690552711486816e-01 6.185830235481262207e-01 7.698623538017272949e-01 9.933335185050964355e-01 3.713539838790893555e-01 1.670499444007873535e-01 6.099104881286621094e-01 4.403370618820190430e-02 1.000000000000000000e+00 1.000000000000000000e+00 1.000000000000000000e+00
7.784004211425781250e-01 5.592863559722900391e-01 6.662510633468627930e-01 4.775529503822326660e-01 9.844733476638793945e-01 6.468430757522583008e-01 4.660702943801879883e-01 6.085568070411682129e-01 5.709584355354309082e-01 0.000000000000000000e+00 0.000000000000000000e+00 0.000000000000000000e+00
9.244015216827392578e-01 1.436075568199157715e-01 7.630560398101806641e-01 8.655699491500854492e-01 2.962087392807006836e-01 9.069472551345825195e-01 6.934925317764282227e-01 3.314244747161865234e-01 5.850527286529541016e-01 0.000000000000000000e+00 0.000000000000000000e+00 0.000000000000000000e+00
7.772494554519653320e-01 2.175872325897216797e-01 2.908667922019958496e-01 6.735036969184875488e-01 2.196194529533386230e-01 3.784338831901550293e-01 1.063089370727539062e-01 9.113630652427673340e-01 1.321157217025756836e-01 0.000000000000000000e+00 0.000000000000000000e+00 0.000000000000000000e+00
7.343553304672241211e-01 6.462060213088989258e-01 9.953819513320922852e-01 2.480044960975646973e-01 6.030273437500000000e-01 7.927538156509399414e-01 8.475084304809570312e-01 2.137448787689208984e-01 3.398877382278442383e-01 1.000000000000000000e+00 1.000000000000000000e+00 1.000000000000000000e+00
9.429622292518615723e-01 6.366418004035949707e-01 7.658050060272216797e-01 4.288322925567626953e-01 9.040380120277404785e-01 3.120620250701904297e-01 4.477521181106567383e-01 4.730207324028015137e-01 1.638231277465820312e-01 0.000000000000000000e+00 1.000000000000000000e+00 0.000000000000000000e+00
9.963147044181823730e-01 1.200874447822570801e-01 1.901177763938903809e-01 8.930750489234924316e-01 8.766670823097229004e-01 1.355712413787841797e-01 8.588113188743591309e-01 7.840023040771484375e-01 5.261819958686828613e-01 0.000000000000000000e+00 0.000000000000000000e+00 0.000000000000000000e+00
4.894810020923614502e-01 6.536275148391723633e-02 6.040349006652832031e-01 2.123140096664428711e-01 6.851071119308471680e-02 5.239272117614746094e-02 8.762972354888916016e-01 6.062439680099487305e-01 1.276144385337829590e-01 0.000000000000000000e+00 0.000000000000000000e+00 0.000000000000000000e+00
8.854104876518249512e-01 2.868500351905822754e-01 9.233422875404357910e-01 3.437286615371704102e-01 7.181823253631591797e-01 9.131746888160705566e-01 5.049543380737304688e-01 1.538985371589660645e-01 4.198827743530273438e-01 0.000000000000000000e+00 0.000000000000000000e+00 0.000000000000000000e+00
2.067654877901077271e-01 9.765550494194030762e-01 5.761210918426513672e-01 4.979744553565979004e-01 1.252400875091552734e-01 5.170241594314575195e-01 4.316869378089904785e-01 3.453009724617004395e-01 4.240080714225769043e-01 1.000000000000000000e+00 0.000000000000000000e+00 0.000000000000000000e+00
7.316526174545288086e-01 4.021663069725036621e-01 8.181859254837036133e-01 3.201294541358947754e-01 1.909679770469665527e-01 3.618565797805786133e-01 3.854622244834899902e-01 8.832160830497741699e-01 7.064567804336547852e-01 0.000000000000000000e+00 0.000000000000000000e+00 0.000000000000000000e+00
3.040012121200561523e-01 4.100646972656250000e-01 3.119951486587524414e-01 2.536555528640747070e-01 4.792802333831787109e-01 5.836895108222961426e-01 4.181315898895263672e-01 9.772530794143676758e-01 2.694900631904602051e-01 0.000000000000000000e+00 1.000000000000000000e+00 0.000000000000000000e+00
5.329435467720031738e-01 8.872216939926147461e-02 3.617221117019653320e-01 1.405290961265563965e-01 8.501888513565063477e-01 5.368173718452453613e-01 2.483099699020385742e-01 2.512858510017395020e-01 1.692644357681274414e-01 1.000000000000000000e+00 0.000000000000000000e+00 0.000000000000000000e+00
9.169192314147949219e-01 2.639991044998168945e-02 7.615298628807067871e-01 2.545350790023803711e-01 7.675688862800598145e-01 8.444967865943908691e-01 9.633514881134033203e-01 5.309825539588928223e-01 4.918453097343444824e-01 0.000000000000000000e+00 0.000000000000000000e+00 0.000000000000000000e+00
6.673617959022521973e-01 9.719982147216796875e-01 6.623071432113647461e-01 3.948393464088439941e-01 7.669437527656555176e-01 1.143814325332641602e-01 4.998037815093994141e-01 4.684289693832397461e-01 1.966183185577392578e-01 0.000000000000000000e+00 0.000000000000000000e+00 0.000000000000000000e+00
2.182231992483139038e-01 1.976223587989807129e-01 2.553572058677673340e-01 2.426597476005554199e-01 5.225528478622436523e-01 5.890101194381713867e-02 7.257867455482482910e-01 8.667229413986206055e-01 7.947527170181274414e-01 1.000000000000000000e+00 0.000000000000000000e+00 0.000000000000000000e+00
1.980782747268676758e-01 4.758198857307434082e-01 2.969012260437011719e-01 7.694536447525024414e-02 6.237798929214477539e-02 8.020550012588500977e-01 7.777012586593627930e-01 8.560575842857360840e-01 1.541962623596191406e-01 0.000000000000000000e+00 0.000000000000000000e+00 0.000000000000000000e+00
9.621593952178955078e-01 6.505802869796752930e-01 3.937632441520690918e-01 8.409100770950317383e-01 9.701624512672424316e-01 4.429457783699035645e-01 8.541589379310607910e-01 7.152698040008544922e-01 2.804593443870544434e-01 0.000000000000000000e+00 0.000000000000000000e+00 0.000000000000000000e+00
4.366274178028106689e-01 8.104479312896728516e-01 6.904401779174804688e-01 2.302611470222473145e-01 5.323867797851562500e-01 6.852287054061889648e-01 1.342764496803283691e-01 1.841969490051269531e-01 3.602362871170043945e-01 0.000000000000000000e+00 0.000000000000000000e+00 0.000000000000000000e+00
4.458462595939636230e-01 1.361777186393737793e-01 6.943687200546264648e-01 1.518612504005432129e-01 8.956396579742431641e-02 6.865001916885375977e-01 3.289326429367065430e-01 2.119766473770141602e-01 5.067325830459594727e-01 0.000000000000000000e+00 1.000000000000000000e+00 0.000000000000000000e+00
5.095185637474060059e-01 8.880064487457275391e-01 4.638826847076416016e-02 5.652821660041809082e-01 6.600540280342102051e-01 4.939143061637878418e-01 4.992337822914123535e-01 2.816259264945983887e-01 3.135389089584350586e-02 0.000000000000000000e+00 1.000000000000000000e+00 0.000000000000000000e+00
8.373796939849853516e-02 3.739970326423645020e-01 6.323248147964477539e-02 1.708355545997619629e-01 1.160460710525512695e-02 4.605688452720642090e-01 2.008852362632751465e-01 4.872156977653503418e-01 4.304739236831665039e-01 0.000000000000000000e+00 1.000000000000000000e+00 0.000000000000000000e+00
9.867795705795288086e-01 3.419773578643798828e-01 4.879685044288635254e-01 9.624210596084594727e-01 5.170601010322570801e-01 3.606742620468139648e-01 3.867137432098388672e-01 5.552651286125183105e-01 4.539094567298889160e-01 0.000000000000000000e+00 0.000000000000000000e+00 0.000000000000000000e+00
3.631167411804199219e-01 5.685739517211914062e-01 2.010332942008972168e-01 4.307897090911865234e-01 1.253883242607116699e-01 2.332074046134948730e-01 4.685708880424499512e-01 4.189610481262207031e-01 9.173855185508728027e-01 0.000000000000000000e+00 0.000000000000000000e+00 0.000000000000000000e+00
7.592290639877319336e-01 6.534519195556640625e-01 2.961322665214538574e-01 7.446345686912536621e-01 5.684443116188049316e-01 5.237041711807250977e-01 4.098466634750366211e-01 1.789084672927856445e-01 3.524645566940307617e-01 1.000000000000000000e+00 0.000000000000000000e+00 0.000000000000000000e+00
8.056569099426269531e-01 5.793938636779785156e-01 4.452691674232482910e-01 8.799575567245483398e-01 3.327060937881469727e-01 4.610162973403930664e-01 3.909774422645568848e-01 4.989420771598815918e-01 4.458132386207580566e-01 1.000000000000000000e+00 1.000000000000000000e+00 1.000000000000000000e+00
6.462624669075012207e-01 8.989792466163635254e-01 4.425305128097534180e-02 2.877936959266662598e-01 8.489780426025390625e-01 9.278362989425659180e-02 5.656040310859680176e-01 7.382984757423400879e-01 2.002414464950561523e-01 1.000000000000000000e+00 0.000000000000000000e+00 0.000000000000000000e+00
9.871970415115356445e-01 1.277089715003967285e-01 9.097147583961486816e-01 7.444067597389221191e-01 5.347999930381774902e-01 2.825205326080322266e-01 8.907884955406188965e-01 6.776519417762756348e-01 2.782973647117614746e-01 0.000000000000000000e+00 0.000000000000000000e+00 0.000000000000000000e+00
5.724419355392456055e-01 7.661658525466918945e-01 2.911633253097534180e-01 7.450099587440490723e-01 1.005718111991882324e-01 2.450700402259826660e-01 6.625096797943115234e-01 5.989485979080200195e-01 9.266360402107238770e-01 1.000000000000000000e+00 0.000000000000000000e+00 0.000000000000000000e+00
5.877354145050048828e-01 8.093540668487548828e-01 6.538234949111938477e-01 7.766941189765930176e-01 1.018918156623840332e-01 7.851476669311523438e-01 9.381198883056640625e-01 2.933657765388488770e-01 2.327150106430053711e-02 1.000000000000000000e+00 0.000000000000000000e+00 0.000000000000000000e+00
1.602663844823837280e-01 9.228422045707702637e-01 6.732306480407714844e-01 4.556658864021301270e-01 1.144320964813232422e-01 4.725813865661621094e-01 3.918971419334411621e-01 2.424522638320922852e-01 8.237155675888061523e-01 0.000000000000000000e+00 0.000000000000000000e+00 0.000000000000000000e+00
5.733099579811096191e-01 9.834316372871398926e-01 3.544400334358215332e-01 3.864474296569824219e-01 8.104913830757141113e-01 9.350391030311584473e-01 7.184844613075256348e-01 1.411868929862976074e-01 8.104187250137329102e-02 0.000000000000000000e+00 1.000000000000000000e+00 0.000000000000000000e+00
4.233917295932769775e-01 4.487475752830505371e-01 2.284723520278930664e-02 5.073082447052001953e-02 6.603631377220153809e-01 2.837373018264770508e-01 3.497974276542663574e-01 2.296933531761169434e-01 3.078356385231018066e-01 0.000000000000000000e+00 0.000000000000000000e+00 0.000000000000000000e+00
8.408252000808715820e-01 3.814048171043395996e-01 8.970038890838623047e-01 2.992493510246276855e-01 8.107796311378479004e-01 8.359563946723937988e-01 8.849445581436157227e-01 9.246795773506164551e-01 4.899573326110839844e-02 0.000000000000000000e+00 0.000000000000000000e+00 0.000000000000000000e+00
