6.118272542953491211e-01 2.477269172668457031e-01 8.548301458358764648e-02 6.866288781166076660e-01 1.510804891586303711e-02 8.570970892906188965e-01 9.341509342193603516e-01 2.539371848106384277e-01 6.085169315338134766e-01 0.000000000000000000e+00 1.000000000000000000e+00 0.000000000000000000e+00
6.250573396682739258e-01 6.684377789497375488e-01 4.066329002380371094e-01 3.755902647972106934e-01 5.160821080207824707e-01 2.055362462997436523e-01 3.419619798660278320e-02 3.992803692817687988e-01 8.450840115547180176e-01 0.000000000000000000e+00 0.000000000000000000e+00 0.000000000000000000e+00
5.491293072700500488e-01 4.632930755615234375e-01 5.477982759475708008e-02 3.125239014625549316e-01 7.101395130157470703e-01 2.111651301383972168e-01 6.103629469871520996e-01 7.630558609962463379e-01 1.075572371482849121e-01 1.000000000000000000e+00 0.000000000000000000e+00 0.000000000000000000e+00
8.104181885719299316e-01 7.732207179069519043e-01 8.822246789932250977e-01 8.082677721977233887e-01 4.484047889709472656e-01 2.858437299728393555e-01 3.691945672035217285e-01 2.143932580947875977e-01 2.717480659484863281e-01 0.000000000000000000e+00 0.000000000000000000e+00 0.000000000000000000e+00
2.355886250734329224e-01 1.644339561462402344e-01 2.358648777008056641e-01 1.073431968688964844e-02 6.242050528526306152e-01 8.888418078422546387e-01 3.947834372520446777e-01 3.386953473091125488e-01 5.054821372032165527e-01 1.000000000000000000e+00 1.000000000000000000e+00 1.000000000000000000e+00
3.193145692348480225e-01 1.406680345535278320e-01 3.293948173522949219e-01 1.218438744544982910e-01 6.082321405410766602e-01 2.951050996780395508e-01 6.344228386878967285e-01 7.085466384887695312e-01 3.226238489151000977e-01 0.000000000000000000e+00 0.000000000000000000e+00 0.000000000000000000e+00
6.975509524345397949e-01 5.157282948493957520e-01 7.110273838043212891e-02 2.873977422714233398e-01 6.918327808380126953e-01 9.329609870910644531e-01 5.393636822700500488e-01 5.490910410881042480e-01 8.049286603927612305e-01 0.000000000000000000e+00 0.000000000000000000e+00 0.000000000000000000e+00
2.391123920679092407e-01 8.806715011596679688e-01 6.331055760383605957e-01 1.652915477752685547e-01 3.845106959342956543e-01 4.040346741676330566e-01 8.431650996208190918e-01 9.680494666099548340e-01 4.564601182937622070e-01 0.000000000000000000e+00 0.000000000000000000e+00 0.000000000000000000e+00
5.361873507499694824e-01 7.503147125244140625e-01 5.746000409126281738e-01 6.556325554847717285e-01 2.114254236221313477e-01 2.878242731094360352e-01 8.901219964027404785e-01 2.365515232086181641e-01 3.186510205268859863e-01 0.000000000000000000e+00 0.000000000000000000e+00 0.000000000000000000e+00
2.238463014364242554e-01 6.321848630905151367e-01 4.369674921035766602e-01 6.715822219848632812e-02 3.136116266250610352e-02 9.694700837135314941e-01 1.944967508316040039e-01 3.264462947845458984e-01 3.709346652030944824e-01 1.000000000000000000e+00 1.000000000000000000e+00 1.000000000000000000e+00
2.686765193939208984e-01 5.031064152717590332e-01 4.242241382598876953e-01 3.635080456733703613e-01 3.372079730033874512e-01 7.468162178993225098e-01 8.339284658432006836e-01 3.174251914024353027e-01 7.662152051925659180e-01 0.000000000000000000e+00 0.000000000000000000e+00 0.000000000000000000e+00
9.005790948867797852e-01 7.547132372856140137e-01 3.043740391731262207e-01 8.421620726585388184e-01 6.698616743087768555e-01 8.628945946693420410e-01 1.278570294380187988e-01 6.358932852745056152e-01 6.075668931007385254e-01 1.000000000000000000e+00 0.000000000000000000e+00 0.000000000000000000e+00
6.873955726623535156e-01 2.521753311157226562e-03 2.471235394477844238e-01 3.920516371726989746e-01 6.997056007385253906e-01 3.961169719696044922e-01 9.829007387161254883e-01 1.870062351226806641e-01 4.282589554786682129e-01 0.000000000000000000e+00 0.000000000000000000e+00 0.000000000000000000e+00
7.445066571235656738e-01 7.284961938858032227e-01 7.557533383369445801e-01 4.438546895980834961e-01 8.093304634094238281e-01 5.673335790634155273e-01 7.838071584701538086e-01 1.463556289672851562e-02 3.851498961448669434e-01 0.000000000000000000e+00 0.000000000000000000e+00 0.000000000000000000e+00
9.118593335151672363e-01 8.385022878646850586e-01 5.578890442848205566e-01 8.456096053123474121e-01 6.458979845046997070e-01 2.554261684417724609e-01 1.541380286216735840e-01 5.209189653396606445e-01 9.706021547317504883e-01 0.000000000000000000e+00 0.000000000000000000e+00 0.000000000000000000e+00
4.926516413688659668e-01 9.374678134918212891e-01 4.889327883720397949e-01 4.752787351608276367e-01 4.801294207572937012e-01 4.275242686271667480e-01 7.497240304946899414e-01 6.184331178665161133e-01 1.404868364334106445e-01 0.000000000000000000e+00 0.000000000000000000e+00 0.000000000000000000e+00
9.620488286018371582e-01 8.767843246459960938e-04 9.494860768318176270e-01 2.744673490524291992e-01 8.557330965995788574e-01 7.283342480659484863e-01 7.745065689086914062e-01 5.478707551956176758e-01 8.978022933006286621e-01 0.000000000000000000e+00 0.000000000000000000e+00 0.000000000000000000e+00
5.795757770538330078e-01 4.057508111000061035e-01 4.847773313522338867e-01 4.683168530464172363e-01 3.388323187828063965e-01 7.280111312866210938e-03 8.859549760818481445e-01 7.788622975349426270e-01 5.022161602973937988e-01 0.000000000000000000e+00 0.000000000000000000e+00 0.000000000000000000e+00
8.623669147491455078e-01 6.282514333724975586e-01 4.712831377983093262e-01 7.377778887748718262e-01 9.728066325187683105e-01 6.570712327957153320e-01 1.953109502792358398e-01 6.070368289947509766e-01 1.151418685913085938e-01 1.000000000000000000e+00 0.000000000000000000e+00 0.000000000000000000e+00
9.492011666297912598e-01 5.609912872314453125e-01 4.808471798896789551e-01 7.084419727325439453e-01 9.913060069084167480e-01 3.488960862159729004e-01 3.297801017761230469e-01 4.525774121284484863e-01 6.069567799568176270e-01 1.000000000000000000e+00 0.000000000000000000e+00 0.000000000000000000e+00
9.869841337203979492e-01 1.122149229049682617e-01 9.734762310981750488e-01 1.096718311309814453e-01 9.593251943588256836e-01 4.832370281219482422e-01 5.911737084388732910e-01 4.748371839523315430e-01 6.931205987930297852e-01 0.000000000000000000e+00 1.000000000000000000e+00 0.000000000000000000e+00
6.116818785667419434e-01 6.223809123039245605e-01 7.416977882385253906e-01 5.840440988540649414e-01 4.152057170867919922e-01 1.882177591323852539e-02 3.822441101074218750e-01 8.315684199333190918e-01 7.357301115989685059e-01 1.000000000000000000e+00 0.000000000000000000e+00 0.000000000000000000e+00
3.663591444492340088e-01 7.528250217437744141e-01 8.612860441207885742e-01 6.034445166587829590e-01 1.413662433624267578e-01 6.865138411521911621e-01 5.792387723922729492e-01 4.668998718261718750e-02 4.196733832359313965e-01 0.000000000000000000e+00 0.000000000000000000e+00 0.000000000000000000e+00
5.874910354614257812e-01 1.743851900100708008e-01 7.716638445854187012e-01 5.830101966857910156e-01 2.101972699165344238e-01 7.167668342590332031e-01 9.679633378982543945e-02 5.421622395515441895e-01 7.055549025535583496e-01 1.000000000000000000e+00 0.000000000000000000e+00 0.000000000000000000e+00
2.771710455417633057e-01 5.489884614944458008e-01 2.729988694190979004e-01 5.149897336959838867e-01 3.188619613647460938e-01 4.507566094398498535e-01 8.531438708305358887e-01 9.019752740859985352e-01 3.256099820137023926e-01 0.000000000000000000e+00 0.000000000000000000e+00 0.000000000000000000e+00
5.059091448783874512e-01 6.288215517997741699e-01 4.768527746200561523e-01 4.073180556297302246e-01 4.868019819259643555e-01 5.192664861679077148e-01 1.818524599075317383e-01 4.008947610855102539e-01 2.763047218322753906e-01 0.000000000000000000e+00 0.000000000000000000e+00 0.000000000000000000e+00
6.579968333244323730e-01 2.434334158897399902e-01 6.797760128974914551e-01 5.802419781684875488e-01 8.388894796371459961e-02 2.172788381576538086e-01 9.116929769515991211e-01 7.938849925994873047e-02 5.968179106712341309e-01 0.000000000000000000e+00 1.000000000000000000e+00 0.000000000000000000e+00
4.415995776653289795e-01 9.779322743415832520e-01 3.163353800773620605e-01 7.527639269828796387e-01 1.489232182502746582e-01 9.116651415824890137e-01 9.213023781776428223e-01 2.945134043693542480e-01 4.190042614936828613e-01 0.000000000000000000e+00 0.000000000000000000e+00 0.000000000000000000e+00
4.051032662391662598e-01 3.663496375083923340e-01 1.028341054916381836e-01 2.013859748840332031e-01 4.778433442115783691e-01 6.622153520584106445e-02 5.680307149887084961e-01 9.298495650291442871e-01 9.499133229255676270e-01 1.000000000000000000e+00 0.000000000000000000e+00 0.000000000000000000e+00
5.742073059082031250e-01 3.862701058387756348e-01 3.873531222343444824e-01 3.119949698448181152e-01 8.585415482521057129e-01 1.449232697486877441e-01 8.375198245048522949e-01 5.061098337173461914e-01 6.566524505615234375e-02 1.000000000000000000e+00 0.000000000000000000e+00 0.000000000000000000e+00
6.333203315734863281e-01 7.811207771301269531e-01 5.648820996284484863e-01 1.112520694732666016e-01 9.336867928504943848e-01 3.818790316581726074e-01 5.937656164169311523e-01 3.379601240158081055e-02 9.677356481552124023e-02 0.000000000000000000e+00 1.000000000000000000e+00 0.000000000000000000e+00
7.897771000862121582e-01 2.753029465675354004e-01 5.435999035835266113e-01 4.729489684104919434e-01 9.737523794174194336e-01 8.021191358566284180e-01 7.032146453857421875e-01 8.464927077293395996e-01 7.006345987319946289e-01 0.000000000000000000e+00 0.000000000000000000e+00 0.000000000000000000e+00
6.748368740081787109e-01 8.907707333564758301e-01 4.811952114105224609e-01 4.957352280616760254e-01 9.306150674819946289e-01 8.495684862136840820e-01 1.088176369667053223e-01 9.974748492240905762e-01 3.952224850654602051e-01 0.000000000000000000e+00 0.000000000000000000e+00 0.000000000000000000e+00
5.629509091377258301e-01 2.679777741432189941e-01 4.157232046127319336e-01 3.410237431526184082e-01 7.953381538391113281e-01 5.895735025405883789e-01 8.229783177375793457e-01 8.551341295242309570e-02 9.017677903175354004e-01 1.000000000000000000e+00 0.000000000000000000e+00 0.000000000000000000e+00
2.273138165473937988e-01 4.213592410087585449e-01 5.236928462982177734e-01 4.969543218612670898e-02 4.995016455650329590e-01 3.391668200492858887e-01 6.203395128250122070e-02 2.839370369911193848e-01 6.249862909317016602e-02 1.000000000000000000e+00 0.000000000000000000e+00 0.000000000000000000e+00
5.162556767463684082e-01 5.733227729797363281e-01 2.590063214302062988e-01 6.959414482116699219e-01 7.984775304794311523e-02 7.304585576057434082e-01 1.861663460731506348e-01 3.286294341087341309e-01 9.430446624755859375e-01 0.000000000000000000e+00 0.000000000000000000e+00 0.000000000000000000e+00
5.756884813308715820e-01 7.391585111618041992e-01 9.587258100509643555e-01 5.299372673034667969e-01 2.477938532829284668e-01 3.378950357437133789e-01 4.943894743919372559e-01 1.227062940597534180e-02 2.035301923751831055e-01 0.000000000000000000e+00 0.000000000000000000e+00 0.000000000000000000e+00
6.828587055206298828e-01 5.072233080863952637e-01 4.740438461303710938e-01 3.073982596397399902e-01 6.804380416870117188e-01 3.885883092880249023e-02 4.157783985137939453e-01 3.657374978065490723e-01 6.390180587768554688e-01 0.000000000000000000e+00 1.000000000000000000e+00 0.000000000000000000e+00
7.270116806030273438e-01 3.192997574806213379e-01 6.437307000160217285e-01 3.301976919174194336e-01 2.575236558914184570e-01 6.002485752105712891e-02 9.570134282112121582e-01 4.333142042160034180e-01 3.399689197540283203e-01 0.000000000000000000e+00 0.000000000000000000e+00 0.000000000000000000e+00
7.389048337936401367e-01 4.295250177383422852e-01 9.185960292816162109e-01 4.362798929214477539e-01 2.142596840858459473e-01 1.332105994224548340e-01 9.422375559806823730e-01 2.764378786087036133e-01 3.579470515251159668e-01 0.000000000000000000e+00 1.000000000000000000e+00 0.000000000000000000e+00
3.242976665496826172e-01 4.836308956146240234e-02 6.152340769767761230e-01 1.881258487701416016e-01 3.822231292724609375e-02 6.796427965164184570e-01 7.948992848396301270e-01 2.461963295936584473e-01 7.717272639274597168e-01 0.000000000000000000e+00 1.000000000000000000e+00 0.000000000000000000e+00
6.965466141700744629e-01 9.726498126983642578e-01 4.289653301239013672e-01 5.074759721755981445e-01 1.796553134918212891e-01 1.304924488067626953e-02 2.248764634132385254e-01 4.344562292098999023e-01 5.593482255935668945e-01 0.000000000000000000e+00 0.000000000000000000e+00 0.000000000000000000e+00
9.805056452751159668e-01 4.016846418380737305e-02 8.508325219154357910e-01 8.267924189567565918e-01 6.417870521545410156e-03 2.665841579437255859e-01 3.120301961898803711e-01 6.416801214218139648e-01 5.898461937904357910e-01 0.000000000000000000e+00 0.000000000000000000e+00 0.000000000000000000e+00
8.971968293190002441e-01 8.215536475181579590e-01 2.795645594596862793e-01 8.795595765113830566e-01 6.961307525634765625e-01 7.006860971450805664e-01 2.691058516502380371e-01 1.315072178840637207e-01 5.718708634376525879e-01 0.000000000000000000e+00 0.000000000000000000e+00 0.000000000000000000e+00
7.896935343742370605e-01 6.817646622657775879e-01 9.757562875747680664e-01 3.047813773155212402e-01 6.860411763191223145e-01 8.196234703063964844e-03 3.782576322555541992e-02 7.347699403762817383e-01 3.829112648963928223e-01 0.000000000000000000e+00 0.000000000000000000e+00 0.000000000000000000e+00
6.241937279701232910e-01 1.646318435668945312e-01 7.939068675041198730e-01 8.028233051300048828e-02 3.287921547889709473e-01 7.952685356140136719e-01 2.421139478683471680e-01 9.240564703941345215e-01 5.260424017906188965e-01 0.000000000000000000e+00 0.000000000000000000e+00 0.000000000000000000e+00
8.600572347640991211e-01 4.063064455986022949e-01 4.464339613914489746e-01 7.162778973579406738e-01 5.987659096717834473e-01 9.293273687362670898e-01 7.081875205039978027e-01 1.325988769531250000e-02 1.293807029724121094e-01 0.000000000000000000e+00 0.000000000000000000e+00 0.000000000000000000e+00
4.120055735111236572e-01 9.483107924461364746e-01 7.080253958702087402e-01 6.248334050178527832e-01 6.361375451087951660e-01 3.400206565856933594e-01 7.874914407730102539e-01 8.955603837966918945e-02 2.147549390792846680e-01 1.000000000000000000e+00 0.000000000000000000e+00 0.000000000000000000e+00
2.352110892534255981e-01 4.038895964622497559e-01 4.148600101470947266e-01 2.120014429092407227e-01 2.504106163978576660e-01 1.760184168815612793e-01 8.760049939155578613e-01 5.559814572334289551e-01 8.900457620620727539e-01 0.000000000000000000e+00 0.000000000000000000e+00 0.000000000000000000e+00
6.932948231697082520e-01 2.355277538299560547e-01 1.374287009239196777e-01 5.713688731193542480e-01 2.500175833702087402e-01 4.530076384544372559e-01 1.107536554336547852e-01 3.112912178039550781e-02 8.277437686920166016e-01 0.000000000000000000e+00 0.000000000000000000e+00 0.000000000000000000e+00
4.834654927253723145e-01 9.234062433242797852e-01 6.529235243797302246e-01 1.758320927619934082e-01 7.363905310630798340e-01 5.620431900024414062e-01 2.199403047561645508e-01 6.472128629684448242e-01 3.526562452316284180e-02 0.000000000000000000e+00 1.000000000000000000e+00 0.000000000000000000e+00
8.006257414817810059e-01 6.901524066925048828e-01 8.425189256668090820e-01 8.493474125862121582e-01 4.842762351036071777e-01 8.133185505867004395e-01 2.096719741821289062e-01 8.970188498497009277e-01 3.922758102416992188e-01 0.000000000000000000e+00 0.000000000000000000e+00 0.000000000000000000e+00
4.031886756420135498e-01 7.747272849082946777e-01 8.492807745933532715e-01 2.455966472625732422e-01 1.854516267776489258e-01 3.078402876853942871e-01 3.492785692214965820e-01 4.795345664024353027e-01 8.674487471580505371e-01 0.000000000000000000e+00 0.000000000000000000e+00 0.000000000000000000e+00
8.122482299804687500e-01 5.378119349479675293e-01 7.023106217384338379e-01 8.651562929153442383e-01 7.276594638824462891e-02 3.697847127914428711e-01 8.697232007980346680e-01 3.212144374847412109e-01 4.218960404396057129e-01 0.000000000000000000e+00 0.000000000000000000e+00 0.000000000000000000e+00
6.966520100831985474e-02 1.494286060333251953e-01 1.708109378814697266e-01 2.137820720672607422e-01 2.811488509178161621e-01 9.544212222099304199e-01 7.920346260070800781e-01 1.096358895301818848e-01 4.795750379562377930e-01 0.000000000000000000e+00 0.000000000000000000e+00 0.000000000000000000e+00
8.999766707420349121e-01 7.087564468383789062e-02 5.718094110488891602e-01 2.601200342178344727e-01 7.073135972023010254e-01 4.132556319236755371e-01 8.066586256027221680e-01 9.712249636650085449e-01 4.000798463821411133e-01 0.000000000000000000e+00 0.000000000000000000e+00 0.000000000000000000e+00
6.184784173965454102e-01 9.629882574081420898e-01 5.403569936752319336e-01 5.754815936088562012e-01 7.934042811393737793e-01 8.263263702392578125e-01 3.328818082809448242e-02 3.266683220863342285e-01 4.872148036956787109e-01 0.000000000000000000e+00 0.000000000000000000e+00 0.000000000000000000e+00
8.228564262390136719e-01 4.160813093185424805e-01 9.511891603469848633e-01 1.094999909400939941e-01 2.919563055038452148e-01 2.110002040863037109e-01 4.276817440986633301e-01 4.549340009689331055e-01 7.959187030792236328e-01 0.000000000000000000e+00 1.000000000000000000e+00 0.000000000000000000e+00
9.462711811065673828e-01 5.759881734848022461e-01 8.593776226043701172e-01 5.644268393516540527e-01 8.252499699592590332e-01 1.747827529907226562e-01 4.766967892646789551e-01 6.924851536750793457e-01 5.982743501663208008e-01 0.000000000000000000e+00 0.000000000000000000e+00 0.000000000000000000e+00
2.549336850643157959e-01 2.803352475166320801e-01 4.133358001708984375e-01 4.822713136672973633e-02 1.177376508712768555e-02 8.875969052314758301e-01 8.745257854461669922e-01 5.087766647338867188e-01 2.708092331886291504e-01 0.000000000000000000e+00 0.000000000000000000e+00 0.000000000000000000e+00
2.484000027179718018e-01 9.920795559883117676e-01 5.754736661911010742e-01 1.636070013046264648e-01 5.986911058425903320e-02 2.899592518806457520e-01 7.836854457855224609e-01 5.584774613380432129e-01 9.668400883674621582e-01 0.000000000000000000e+00 0.000000000000000000e+00 0.000000000000000000e+00
2.341477125883102417e-01 5.870551466941833496e-01 4.675821065902709961e-01 1.396183967590332031e-01 1.510586738586425781e-01 4.635154008865356445e-01 1.202276349067687988e-01 5.256964564323425293e-01 3.281280994415283203e-01 0.000000000000000000e+00 0.000000000000000000e+00 0.000000000000000000e+00
7.831307649612426758e-01 4.261059165000915527e-01 4.978400468826293945e-02 6.500044465065002441e-01 4.307880401611328125e-01 7.154384255409240723e-01 8.971151113510131836e-01 3.986616730690002441e-01 7.668367624282836914e-01 0.000000000000000000e+00 0.000000000000000000e+00 0.000000000000000000e+00
5.134110450744628906e-01 9.048908352851867676e-01 2.947485446929931641e-02 2.713595628738403320e-01 5.421453118324279785e-01 8.461420536041259766e-01 5.977858304977416992e-01 3.846157789230346680e-01 3.183019757270812988e-01 1.000000000000000000e+00 0.000000000000000000e+00 0.000000000000000000e+00
9.215483069419860840e-01 3.060050010681152344e-01 3.699163794517517090e-01 6.626797318458557129e-01 1.378644108772277832e-01 2.582758665084838867e-02 7.465335130691528320e-01 3.714224696159362793e-01 3.277471065521240234e-01 0.000000000000000000e+00 0.000000000000000000e+00 0.000000000000000000e+00
3.490012586116790771e-01 9.120417833328247070e-01 2.464489340782165527e-01 2.592599391937255859e-02 6.940420269966125488e-01 3.606770634651184082e-01 5.908588171005249023e-01 2.904883623123168945e-01 3.097466826438903809e-01 1.000000000000000000e+00 0.000000000000000000e+00 0.000000000000000000e+00
8.034562468528747559e-01 6.757444739341735840e-01 5.447270870208740234e-01 5.765945315361022949e-01 6.408136487007141113e-01 3.366371989250183105e-01 2.735459804534912109e-01 5.645362138748168945e-01 8.032191395759582520e-01 1.000000000000000000e+00 0.000000000000000000e+00 0.000000000000000000e+00
9.469680786132812500e-01 7.798956632614135742e-01 5.781600475311279297e-01 8.983418345451354980e-01 7.150570154190063477e-01 6.212400794029235840e-01 5.623574256896972656e-01 6.773151159286499023e-01 9.526260495185852051e-01 0.000000000000000000e+00 1.000000000000000000e+00 0.000000000000000000e+00
8.770027160644531250e-01 2.155081033706665039e-01 8.365822434425354004e-01 3.435559272766113281e-01 5.364840030670166016e-01 5.681802630424499512e-01 5.531597137451171875e-01 1.169496178627014160e-01 6.377255916595458984e-02 0.000000000000000000e+00 0.000000000000000000e+00 0.000000000000000000e+00
8.015788793563842773e-01 5.733525753021240234e-01 6.316844224929809570e-01 4.733564257621765137e-01 6.339064240455627441e-01 3.922164440155029297e-02 9.633919596672058105e-01 5.165068507194519043e-01 7.108437418937683105e-01 0.000000000000000000e+00 0.000000000000000000e+00 0.000000000000000000e+00
6.252188086509704590e-01 2.647435665130615234e-01 2.592539191246032715e-01 6.972652077674865723e-01 2.008773684501647949e-01 5.756936073303222656e-01 8.846140503883361816e-01 3.812422156333923340e-01 2.458921074867248535e-01 1.000000000000000000e+00 1.000000000000000000e+00 1.000000000000000000e+00
9.461963772773742676e-01 3.801527619361877441e-01 6.116545200347900391e-02 6.511010527610778809e-01 6.620249748229980469e-01 3.547669053077697754e-01 6.206820607185363770e-01 2.512997388839721680e-01 4.556919336318969727e-01 1.000000000000000000e+00 1.000000000000000000e+00 1.000000000000000000e+00
8.557535409927368164e-01 2.079522609710693359e-02 4.616396427154541016e-01 5.444580316543579102e-01 2.378751635551452637e-01 3.357822895050048828e-01 9.615519046783447266e-01 4.882118701934814453e-01 8.833750486373901367e-01 1.000000000000000000e+00 0.000000000000000000e+00 0.000000000000000000e+00
5.914568901062011719e-01 9.059045910835266113e-01 9.670917987823486328e-01 6.040729880332946777e-01 5.786492228507995605e-01 9.853364825248718262e-01 9.878955483436584473e-01 9.337581396102905273e-01 9.634171724319458008e-01 1.000000000000000000e+00 0.000000000000000000e+00 0.000000000000000000e+00
9.875698685646057129e-01 3.778105378150939941e-01 9.648361206054687500e-01 5.112224221229553223e-01 5.930421352386474609e-01 1.757547259330749512e-01 1.494539380073547363e-01 7.821517586708068848e-01 9.485344290733337402e-01 0.000000000000000000e+00 0.000000000000000000e+00 0.000000000000000000e+00
3.598949015140533447e-01 8.754816651344299316e-01 2.105001211166381836e-01 7.895159721374511719e-02 5.897638201713562012e-01 6.048023700714111328e-01 7.242190241813659668e-01 9.073534607887268066e-01 8.687595129013061523e-01 1.000000000000000000e+00 0.000000000000000000e+00 0.000000000000000000e+00
9.376115202903747559e-01 1.399521231651306152e-01 7.953824996948242188e-01 3.970448970794677734e-01 1.036754846572875977e-01 9.674596786499023438e-02 5.105081200599670410e-01 4.026314020156860352e-01 7.946473360061645508e-02 0.000000000000000000e+00 1.000000000000000000e+00 0.000000000000000000e+00
4.193097352981567383e-01 8.763764500617980957e-01 2.435502409934997559e-01 3.747962117195129395e-01 2.494485378265380859e-01 5.533713102340698242e-02 2.287452220916748047e-01 5.291615128517150879e-01 5.308508872985839844e-03 0.000000000000000000e+00 0.000000000000000000e+00 0.000000000000000000e+00
3.343601524829864502e-01 7.998244762420654297e-01 5.773022174835205078e-01 5.963559150695800781e-01 4.135041832923889160e-01 8.694998025894165039e-01 9.929215908050537109e-02 1.727607846260070801e-01 3.504773974418640137e-01 1.000000000000000000e+00 0.000000000000000000e+00 0.000000000000000000e+00
9.940971136093139648e-01 3.062688112258911133e-01 2.651695609092712402e-01 9.432480931282043457e-01 9.930353760719299316e-01 8.030006289482116699e-01 1.801161766052246094e-01 6.412718892097473145e-01 9.575982689857482910e-01 0.000000000000000000e+00 0.000000000000000000e+00 0.000000000000000000e+00
3.394642472267150879e-01 3.650757670402526855e-01 2.317618727684020996e-01 4.628360271453857422e-02 7.026250362396240234e-01 1.962492465972900391e-01 1.218520998954772949e-01 9.508644342422485352e-01 8.438491821289062500e-02 0.000000000000000000e+00 1.000000000000000000e+00 0.000000000000000000e+00
7.954464554786682129e-01 5.721885561943054199e-01 8.521145582199096680e-02 4.260653853416442871e-01 9.407639503479003906e-01 7.745710015296936035e-01 3.930586576461791992e-02 4.720646739006042480e-01 3.424084186553955078e-01 0.000000000000000000e+00 0.000000000000000000e+00 0.000000000000000000e+00
3.852631449699401855e-01 7.128913402557373047e-01 1.701392531394958496e-01 5.317435264587402344e-01 1.550359129905700684e-01 3.075032234191894531e-01 9.160597324371337891e-01 9.719127416610717773e-02 1.666491031646728516e-01 0.000000000000000000e+00 0.000000000000000000e+00 0.000000000000000000e+00
9.659841060638427734e-01 6.731090545654296875e-01 6.812506318092346191e-01 9.627817273139953613e-01 7.063540816307067871e-01 7.082926034927368164e-01 8.977372050285339355e-01 9.398585557937622070e-02 3.985190391540527344e-02 0.000000000000000000e+00 1.000000000000000000e+00 0.000000000000000000e+00
9.929486513137817383e-01 1.142590641975402832e-01 1.616771817207336426e-01 9.003415703773498535e-01 7.937273383140563965e-01 8.568339347839355469e-01 2.365180850028991699e-01 5.960912108421325684e-01 9.746548533439636230e-01 0.000000000000000000e+00 0.000000000000000000e+00 0.000000000000000000e+00
7.105137109756469727e-01 1.482993364334106445e-01 8.661666512489318848e-01 3.838558793067932129e-01 1.895511746406555176e-01 6.997310519218444824e-01 5.010452270507812500e-01 3.011780977249145508e-02 9.063875079154968262e-01 1.000000000000000000e+00 0.000000000000000000e+00 0.000000000000000000e+00
2.276466041803359985e-01 4.712414741516113281e-01 3.942506313323974609e-01 1.704677939414978027e-01 1.736981272697448730e-01 3.450557589530944824e-01 3.927291035652160645e-01 8.420792818069458008e-01 7.733125686645507812e-01 0.000000000000000000e+00 0.000000000000000000e+00 0.000000000000000000e+00
9.354978203773498535e-01 7.062313556671142578e-01 4.170092344284057617e-01 9.392113089561462402e-01 5.370078086853027344e-01 4.213152527809143066e-01 2.602589130401611328e-01 6.029370427131652832e-01 9.670636653900146484e-01 0.000000000000000000e+00 0.000000000000000000e+00 0.000000000000000000e+00
6.331323981285095215e-01 5.866056680679321289e-01 9.031971096992492676e-01 1.139001250267028809e-01 2.288525700569152832e-01 1.832057833671569824e-01 3.186271786689758301e-01 7.446103096008300781e-01 5.269451737403869629e-01 0.000000000000000000e+00 1.000000000000000000e+00 0.000000000000000000e+00
6.260313391685485840e-01 8.613643050193786621e-01 5.566480159759521484e-01 2.989023923873901367e-01 7.753493785858154297e-01 8.154490590095520020e-01 9.870935678482055664e-01 4.616602659225463867e-01 3.896884322166442871e-01 0.000000000000000000e+00 0.000000000000000000e+00 0.000000000000000000e+00
9.920076131820678711e-01 4.102101325988769531e-01 1.512284278869628906e-01 9.793052077293395996e-01 5.981752872467041016e-01 3.252497911453247070e-01 8.645145297050476074e-01 6.459767222404479980e-01 7.349160313606262207e-01 0.000000000000000000e+00 1.000000000000000000e+00 0.000000000000000000e+00
9.865686893463134766e-01 2.198610901832580566e-01 8.910322189331054688e-01 8.033042550086975098e-01 1.532080173492431641e-01 3.680817484855651855e-01 1.712262034416198730e-01 3.997801542282104492e-01 7.391154170036315918e-01 0.000000000000000000e+00 0.000000000000000000e+00 0.000000000000000000e+00
9.874500036239624023e-01 6.275153160095214844e-02 8.845091462135314941e-01 5.600158572196960449e-01 8.829730153083801270e-01 6.606715917587280273e-01 6.118831634521484375e-01 7.902808785438537598e-01 6.809699535369873047e-01 1.000000000000000000e+00 0.000000000000000000e+00 0.000000000000000000e+00
3.507398366928100586e-01 9.627856612205505371e-01 5.537421107292175293e-01 4.857800602912902832e-01 8.484977483749389648e-02 8.376652002334594727e-02 6.736640930175781250e-01 9.659671783447265625e-02 3.893469572067260742e-01 1.000000000000000000e+00 0.000000000000000000e+00 0.000000000000000000e+00
9.388663172721862793e-01 6.827360391616821289e-02 8.555770516395568848e-01 3.183175325393676758e-01 8.375990390777587891e-02 2.224516868591308594e-02 5.145695805549621582e-01 4.301519989967346191e-01 7.848547697067260742e-01 1.000000000000000000e+00 0.000000000000000000e+00 0.000000000000000000e+00
9.044135808944702148e-01 4.713844060897827148e-01 3.981796503067016602e-01 8.240219950675964355e-01 7.502761483192443848e-01 8.150435686111450195e-01 6.823170185089111328e-02 8.240246176719665527e-01 5.195685625076293945e-01 1.000000000000000000e+00 0.000000000000000000e+00 0.000000000000000000e+00
8.044835925102233887e-01 4.376421570777893066e-01 9.775128960609436035e-01 6.840384602546691895e-01 9.273552894592285156e-02 6.350752115249633789e-01 2.620681524276733398e-01 2.045396566390991211e-01 3.154818415641784668e-01 0.000000000000000000e+00 1.000000000000000000e+00 0.000000000000000000e+00
3.309136629104614258e-01 6.095037460327148438e-01 5.012134909629821777e-01 5.406095981597900391e-01 1.686924695968627930e-02 9.265631437301635742e-01 9.662337899208068848e-01 2.868050336837768555e-02 2.783988714218139648e-01 0.000000000000000000e+00 1.000000000000000000e+00 0.000000000000000000e+00
9.160781502723693848e-01 4.126850366592407227e-01 1.105207800865173340e-01 8.659213781356811523e-01 2.084630727767944336e-02 2.769113779067993164e-01 8.601889014244079590e-01 1.535221934318542480e-01 8.214548826217651367e-01 0.000000000000000000e+00 0.000000000000000000e+00 0.000000000000000000e+00
6.084855198860168457e-01 1.925540566444396973e-01 2.019250988960266113e-01 4.221562743186950684e-01 3.283898830413818359e-01 8.727921247482299805e-01 9.548826813697814941e-01 1.787142157554626465e-01 6.359235048294067383e-01 1.000000000000000000e+00 1.000000000000000000e+00 1.000000000000000000e+00
6.728672981262207031e-01 3.856796026229858398e-01 3.815496563911437988e-01 5.242992639541625977e-01 4.838501214981079102e-01 2.016836404800415039e-01 3.438659310340881348e-01 2.175791859626770020e-01 4.091376066207885742e-02 0.000000000000000000e+00 1.000000000000000000e+00 0.000000000000000000e+00
9.937015771865844727e-01 2.597765922546386719e-01 9.351505041122436523e-01 1.879539489746093750e-01 8.471979498863220215e-01 1.390328407287597656e-01 1.756293773651123047e-01 6.189965605735778809e-01 3.359230756759643555e-01 0.000000000000000000e+00 0.000000000000000000e+00 0.000000000000000000e+00
4.950816631317138672e-01 5.093140602111816406e-01 8.841088414192199707e-01 4.520885348320007324e-01 4.278317689895629883e-01 5.146420001983642578e-01 5.645089149475097656e-01 4.497267007827758789e-01 1.474084854125976562e-01 0.000000000000000000e+00 0.000000000000000000e+00 0.000000000000000000e+00
6.045466065406799316e-01 8.514499664306640625e-01 3.441562652587890625e-01 1.773163676261901855e-01 7.620787620544433594e-01 3.989135026931762695e-01 1.048004627227783203e-01 3.479229211807250977e-01 9.701790213584899902e-01 1.000000000000000000e+00 0.000000000000000000e+00 0.000000000000000000e+00
4.584787487983703613e-01 8.026134967803955078e-01 3.866187334060668945e-01 2.516838312149047852e-01 3.905628919601440430e-01 6.587734222412109375e-01 5.544467568397521973e-01 9.404717087745666504e-01 6.247462034225463867e-01 1.000000000000000000e+00 0.000000000000000000e+00 0.000000000000000000e+00
4.386416673660278320e-01 9.238670468330383301e-01 7.700860500335693359e-03 6.682982444763183594e-01 3.640533089637756348e-01 6.919445991516113281e-01 1.276149153709411621e-01 3.751625418663024902e-01 3.069360256195068359e-01 1.000000000000000000e+00 0.000000000000000000e+00 0.000000000000000000e+00
4.221185445785522461e-01 9.105924367904663086e-01 8.552241325378417969e-02 1.873760819435119629e-01 8.881342411041259766e-01 6.034775376319885254e-01 1.044236421585083008e-01 9.837990999221801758e-01 4.655512571334838867e-01 1.000000000000000000e+00 0.000000000000000000e+00 0.000000000000000000e+00
9.714871644973754883e-01 5.638897418975830078e-03 7.584049701690673828e-01 6.796444058418273926e-01 7.448980212211608887e-01 9.006704688072204590e-01 1.970267295837402344e-01 4.934599995613098145e-01 8.699100613594055176e-01 1.000000000000000000e+00 0.000000000000000000e+00 0.000000000000000000e+00
3.391220867633819580e-01 8.644590377807617188e-01 7.952671051025390625e-01 3.859587907791137695e-01 3.919440507888793945e-02 4.546284675598144531e-01 7.971370220184326172e-01 3.400361537933349609e-02 8.853867650032043457e-01 1.000000000000000000e+00 0.000000000000000000e+00 0.000000000000000000e+00
8.540552258491516113e-01 7.091884613037109375e-01 7.483860850334167480e-01 9.269278645515441895e-01 6.570024490356445312e-01 4.770168066024780273e-01 5.904977917671203613e-01 3.963957428932189941e-01 5.579077005386352539e-01 1.000000000000000000e+00 0.000000000000000000e+00 0.000000000000000000e+00
1.977323591709136963e-01 6.549451351165771484e-01 5.851746797561645508e-01 1.340250968933105469e-01 1.791388988494873047e-01 4.130148291587829590e-01 1.525478363037109375e-01 9.299578666687011719e-01 6.029680371284484863e-01 0.000000000000000000e+00 1.000000000000000000e+00 0.000000000000000000e+00
9.032550454139709473e-01 5.281109809875488281e-01 3.658903241157531738e-01 8.397668600082397461e-01 8.175969123840332031e-02 1.469957232475280762e-01 8.201167583465576172e-01 9.094266891479492188e-01 1.869714260101318359e-02 0.000000000000000000e+00 1.000000000000000000e+00 0.000000000000000000e+00
9.298617243766784668e-01 1.368337273597717285e-01 8.055180311203002930e-01 4.710514545440673828e-01 2.437256574630737305e-01 2.873688936233520508e-02 5.542921423912048340e-01 2.811211347579956055e-01 2.304631471633911133e-02 0.000000000000000000e+00 0.000000000000000000e+00 0.000000000000000000e+00
1.782067418098449707e-01 3.941766619682312012e-01 2.039785385131835938e-01 6.496530771255493164e-02 2.255302667617797852e-01 6.101455092430114746e-01 4.734584689140319824e-01 1.618229150772094727e-01 5.218470096588134766e-02 0.000000000000000000e+00 0.000000000000000000e+00 0.000000000000000000e+00
5.956864953041076660e-01 2.124063372611999512e-01 6.649927496910095215e-01 1.755555272102355957e-01 5.473254919052124023e-01 4.226768016815185547e-01 3.271983861923217773e-01 2.468225955963134766e-01 4.950431585311889648e-01 1.000000000000000000e+00 0.000000000000000000e+00 0.000000000000000000e+00
5.149241089820861816e-01 9.528999924659729004e-01 7.510711550712585449e-01 9.751694202423095703e-01 4.710012674331665039e-02 5.218769907951354980e-01 2.665759921073913574e-01 7.999339699745178223e-01 7.398732900619506836e-01 0.000000000000000000e+00 0.000000000000000000e+00 0.000000000000000000e+00
6.097493171691894531e-01 8.480832576751708984e-01 2.296464443206787109e-01 5.892627239227294922e-01 4.562360644340515137e-01 9.636083245277404785e-01 8.832699060440063477e-01 8.941980004310607910e-01 5.827087163925170898e-02 1.000000000000000000e+00 1.000000000000000000e+00 1.000000000000000000e+00
9.208504557609558105e-01 2.854931354522705078e-02 6.133002042770385742e-01 1.840692758560180664e-01 8.565524220466613770e-01 4.543465971946716309e-01 3.869855403900146484e-01 4.561957120895385742e-01 5.619826316833496094e-01 1.000000000000000000e+00 1.000000000000000000e+00 1.000000000000000000e+00
2.245277017354965210e-01 7.188470363616943359e-01 5.721885561943054199e-01 3.934737443923950195e-01 6.888377666473388672e-02 9.514862298965454102e-01 4.454945325851440430e-01 9.907879829406738281e-01 5.874574184417724609e-01 0.000000000000000000e+00 0.000000000000000000e+00 0.000000000000000000e+00
9.106782674789428711e-01 2.118618488311767578e-01 5.814692378044128418e-01 7.539938092231750488e-01 8.062307238578796387e-01 7.266399264335632324e-01 4.795260429382324219e-01 4.098087549209594727e-01 2.613379955291748047e-01 0.000000000000000000e+00 0.000000000000000000e+00 0.000000000000000000e+00
9.250246286392211914e-01 6.795102953910827637e-01 7.659372687339782715e-01 9.484950304031372070e-01 1.807001233100891113e-01 3.688978552818298340e-01 3.296357393264770508e-01 4.878106713294982910e-01 6.678361296653747559e-01 0.000000000000000000e+00 0.000000000000000000e+00 0.000000000000000000e+00
9.154031276702880859e-01 3.480712175369262695e-01 1.654415130615234375e-01 7.811518311500549316e-01 4.178115725517272949e-01 7.419779896736145020e-01 3.201244473457336426e-01 7.258595824241638184e-01 5.844914913177490234e-01 0.000000000000000000e+00 0.000000000000000000e+00 0.000000000000000000e+00
6.046679615974426270e-01 3.671837449073791504e-01 6.566714644432067871e-01 1.291718482971191406e-01 4.602534174919128418e-01 7.273894548416137695e-01 5.843644738197326660e-01 8.077374696731567383e-01 4.323600530624389648e-01 0.000000000000000000e+00 0.000000000000000000e+00 0.000000000000000000e+00
2.144701778888702393e-01 2.652308344841003418e-01 1.272669434547424316e-01 6.456363201141357422e-02 1.447232961654663086e-01 7.070624828338623047e-01 2.174091339111328125e-02 6.557637453079223633e-02 9.667543172836303711e-01 0.000000000000000000e+00 0.000000000000000000e+00 0.000000000000000000e+00
6.310870498418807983e-02 4.781710505485534668e-01 5.882889032363891602e-02 5.034446716308593750e-03 2.372896671295166016e-02 9.776353836059570312e-04 9.794543981552124023e-01 7.385655641555786133e-01 3.167811632156372070e-01 1.000000000000000000e+00 0.000000000000000000e+00 0.000000000000000000e+00
4.729699492454528809e-01 7.400006055831909180e-01 4.411355257034301758e-01 1.169011592864990234e-01 6.776180267333984375e-01 9.768999814987182617e-01 8.134208321571350098e-01 1.171133518218994141e-01 6.245761513710021973e-01 0.000000000000000000e+00 0.000000000000000000e+00 0.000000000000000000e+00
6.603116989135742188e-01 2.939482927322387695e-01 9.828943014144897461e-01 2.270449995994567871e-01 4.524230957031250000e-02 6.456474065780639648e-01 4.085388779640197754e-01 3.701210021972656250e-03 5.217159390449523926e-01 0.000000000000000000e+00 0.000000000000000000e+00 0.000000000000000000e+00
9.628207087516784668e-01 3.875004649162292480e-01 3.372547626495361328e-01 9.211749434471130371e-01 1.943264603614807129e-01 1.273831129074096680e-01 1.512848138809204102e-01 3.440302610397338867e-01 3.750571012496948242e-01 0.000000000000000000e+00 0.000000000000000000e+00 0.000000000000000000e+00
8.347829580307006836e-01 8.648508191108703613e-01 6.942474842071533203e-02 6.476384997367858887e-01 6.108983755111694336e-01 9.871678352355957031e-01 2.117612957954406738e-01 7.466346621513366699e-01 5.777984261512756348e-01 0.000000000000000000e+00 0.000000000000000000e+00 0.000000000000000000e+00
3.914373815059661865e-01 7.163907885551452637e-01 1.470654010772705078e-01 3.385384678840637207e-01 2.929677963256835938e-01 7.833977341651916504e-01 3.102968335151672363e-01 3.544436693191528320e-01 5.223585963249206543e-01 0.000000000000000000e+00 0.000000000000000000e+00 0.000000000000000000e+00
5.558682680130004883e-01 7.883394360542297363e-01 1.342386007308959961e-01 6.661062240600585938e-01 6.653499603271484375e-02 2.431319952011108398e-01 3.639482855796813965e-01 9.047995805740356445e-01 2.431907653808593750e-01 0.000000000000000000e+00 0.000000000000000000e+00 0.000000000000000000e+00
6.215379238128662109e-01 3.637125492095947266e-01 3.838763833045959473e-01 6.946362853050231934e-01 8.878439664840698242e-02 8.878290653228759766e-01 2.484982609748840332e-01 3.984865546226501465e-01 4.865088462829589844e-01 0.000000000000000000e+00 0.000000000000000000e+00 0.000000000000000000e+00
8.740863800048828125e-01 2.815432548522949219e-01 9.528933167457580566e-01 7.661350369453430176e-01 7.868081331253051758e-02 5.057324171066284180e-01 5.986711978912353516e-01 9.804411530494689941e-01 7.492552399635314941e-01 1.000000000000000000e+00 0.000000000000000000e+00 0.000000000000000000e+00
7.309206128120422363e-01 4.154053330421447754e-01 9.616184830665588379e-01 3.621405363082885742e-02 4.380308985710144043e-01 7.597289085388183594e-01 7.129830121994018555e-01 4.114658236503601074e-01 7.825146913528442383e-01 1.000000000000000000e+00 0.000000000000000000e+00 0.000000000000000000e+00
5.363566279411315918e-01 4.952492713928222656e-01 2.876425981521606445e-01 6.149157285690307617e-01 5.663568377494812012e-01 5.144903659820556641e-01 5.697058439254760742e-01 1.246954798698425293e-01 3.994989991188049316e-01 1.000000000000000000e+00 0.000000000000000000e+00 0.000000000000000000e+00
8.214969635009765625e-01 3.035678863525390625e-01 7.189580798149108887e-01 2.657076120376586914e-01 8.096065521240234375e-01 7.359548807144165039e-01 5.811013579368591309e-01 5.162870287895202637e-01 6.503195166587829590e-01 1.000000000000000000e+00 1.000000000000000000e+00 1.000000000000000000e+00
7.844749093055725098e-01 4.738331437110900879e-01 8.453453183174133301e-01 7.744199633598327637e-01 2.422523498535156250e-01 3.519818186759948730e-01 1.243720054626464844e-01 6.831863522529602051e-01 5.195015668869018555e-02 1.000000000000000000e+00 1.000000000000000000e+00 1.000000000000000000e+00
3.669520020484924316e-01 5.059912204742431641e-01 2.763907313346862793e-01 3.126424551010131836e-01 9.010214805603027344e-01 8.273460865020751953e-01 9.806894659996032715e-01 6.519358754158020020e-01 2.249521613121032715e-01 1.000000000000000000e+00 1.000000000000000000e+00 1.000000000000000000e+00
7.730677723884582520e-01 5.704948306083679199e-01 2.156369090080261230e-01 5.897342562675476074e-01 9.449325799942016602e-01 3.072845935821533203e-01 6.432790160179138184e-01 5.079053640365600586e-01 3.713339567184448242e-01 0.000000000000000000e+00 0.000000000000000000e+00 0.000000000000000000e+00
9.844279885292053223e-01 3.046965599060058594e-02 9.673801064491271973e-01 9.630464911460876465e-01 2.381070256233215332e-01 6.054344773292541504e-01 6.028494238853454590e-01 6.265712976455688477e-01 3.354521989822387695e-01 0.000000000000000000e+00 0.000000000000000000e+00 0.000000000000000000e+00
9.754528999328613281e-01 4.463685154914855957e-01 2.595954537391662598e-01 9.510781168937683105e-01 3.940728306770324707e-01 2.983964681625366211e-01 6.707088351249694824e-01 2.464007735252380371e-01 5.660985112190246582e-01 0.000000000000000000e+00 0.000000000000000000e+00 0.000000000000000000e+00
3.764082789421081543e-01 9.145780801773071289e-01 5.102378726005554199e-01 3.595778942108154297e-01 5.104222893714904785e-01 6.245260238647460938e-01 6.509711146354675293e-01 8.497030138969421387e-01 7.409053444862365723e-01 0.000000000000000000e+00 0.000000000000000000e+00 0.000000000000000000e+00
8.652448058128356934e-01 3.190704584121704102e-01 7.367680072784423828e-01 5.145855545997619629e-01 8.130157589912414551e-01 8.021139502525329590e-01 2.022097110748291016e-01 1.470063328742980957e-01 4.996153116226196289e-01 0.000000000000000000e+00 0.000000000000000000e+00 0.000000000000000000e+00
9.576814770698547363e-01 2.643874883651733398e-01 2.130380868911743164e-01 8.349162340164184570e-01 7.136220335960388184e-01 9.179003238677978516e-01 8.774788975715637207e-01 9.797578454017639160e-01 4.772782921791076660e-01 0.000000000000000000e+00 0.000000000000000000e+00 0.000000000000000000e+00
9.453204274177551270e-01 1.415341496467590332e-01 2.859145402908325195e-01 6.519685387611389160e-01 8.654357790946960449e-01 5.533925294876098633e-01 8.404960632324218750e-01 3.511200547218322754e-01 8.577814102172851562e-01 0.000000000000000000e+00 0.000000000000000000e+00 0.000000000000000000e+00
2.467504739761352539e-01 3.540864586830139160e-01 4.819595813751220703e-01 1.076381802558898926e-01 2.217660546302795410e-01 7.007771730422973633e-02 3.388652205467224121e-01 2.826119661331176758e-01 3.217539787292480469e-01 1.000000000000000000e+00 0.000000000000000000e+00 0.000000000000000000e+00
4.324268102645874023e-01 6.009467840194702148e-01 5.674421787261962891e-03 9.701669216156005859e-03 9.228849411010742188e-01 8.097708225250244141e-01 3.350433111190795898e-01 7.960399985313415527e-01 2.529876828193664551e-01 0.000000000000000000e+00 1.000000000000000000e+00 0.000000000000000000e+00
9.200428128242492676e-01 4.876870512962341309e-01 9.103633761405944824e-01 9.543338418006896973e-01 1.091547012329101562e-01 4.382487535476684570e-01 3.696317076683044434e-01 3.752763271331787109e-01 3.823941946029663086e-01 0.000000000000000000e+00 1.000000000000000000e+00 0.000000000000000000e+00
3.678438961505889893e-01 3.617450594902038574e-01 1.322365403175354004e-01 6.348848342895507812e-03 8.340475559234619141e-01 1.179312467575073242e-01 1.506008505821228027e-01 1.889570355415344238e-01 9.673293232917785645e-01 0.000000000000000000e+00 0.000000000000000000e+00 0.000000000000000000e+00
4.015094935894012451e-01 5.309075713157653809e-01 5.295562744140625000e-02 1.272356510162353516e-01 5.849040150642395020e-01 8.940451145172119141e-01 4.618531465530395508e-02 5.324509739875793457e-01 7.157887220382690430e-01 0.000000000000000000e+00 1.000000000000000000e+00 0.000000000000000000e+00
8.104079365730285645e-01 9.303441047668457031e-01 3.101027011871337891e-02 6.420987844467163086e-01 9.190166592597961426e-01 9.485508203506469727e-01 5.439499616622924805e-01 7.131959199905395508e-01 4.389405250549316406e-01 0.000000000000000000e+00 0.000000000000000000e+00 0.000000000000000000e+00
4.658997952938079834e-01 2.028033733367919922e-01 6.888289451599121094e-01 5.017924308776855469e-02 6.368977427482604980e-01 9.736489653587341309e-01 1.326413750648498535e-01 8.294561505317687988e-01 8.406268358230590820e-01 1.000000000000000000e+00 0.000000000000000000e+00 0.000000000000000000e+00
9.594582915306091309e-01 1.868909597396850586e-02 4.654700160026550293e-01 4.708328247070312500e-01 7.949504852294921875e-01 2.474955916404724121e-01 8.373250961303710938e-01 6.572747230529785156e-01 6.820940971374511719e-02 0.000000000000000000e+00 0.000000000000000000e+00 0.000000000000000000e+00
9.143427014350891113e-01 3.843327164649963379e-01 5.732654333114624023e-01 7.510244250297546387e-01 5.372633337974548340e-01 5.789762735366821289e-02 1.785618066787719727e-02 9.580293893814086914e-01 4.040307998657226562e-01 0.000000000000000000e+00 0.000000000000000000e+00 0.000000000000000000e+00
2.306018769741058350e-01 9.491704702377319336e-01 5.214474797248840332e-01 1.840812563896179199e-01 6.038936972618103027e-01 7.326709032058715820e-01 3.721609115600585938e-01 2.199978828430175781e-01 4.153324365615844727e-01 0.000000000000000000e+00 0.000000000000000000e+00 0.000000000000000000e+00
7.923046350479125977e-01 3.648721575736999512e-01 9.164542555809020996e-01 2.747799158096313477e-01 4.680622816085815430e-01 4.134379625320434570e-01 2.414873838424682617e-01 9.215530157089233398e-01 8.572580218315124512e-01 1.000000000000000000e+00 0.000000000000000000e+00 0.000000000000000000e+00
2.572066187858581543e-01 8.252996802330017090e-01 7.886325716972351074e-01 1.152098178863525391e-03 3.680334091186523438e-01 9.837147593498229980e-01 6.613767743110656738e-01 2.908879518508911133e-02 9.509088397026062012e-01 1.000000000000000000e+00 1.000000000000000000e+00 1.000000000000000000e+00
9.941284656524658203e-01 7.199221849441528320e-02 9.708428978919982910e-01 8.316705822944641113e-01 2.741258144378662109e-01 1.481877565383911133e-01 6.719921231269836426e-01 3.499206304550170898e-01 6.954469084739685059e-01 0.000000000000000000e+00 1.000000000000000000e+00 0.000000000000000000e+00
9.840025305747985840e-01 6.185472011566162109e-03 4.919546842575073242e-01 7.457520961761474609e-01 8.400290608406066895e-01 5.969618558883666992e-01 9.672115445137023926e-01 4.438064098358154297e-01 5.998149514198303223e-01 0.000000000000000000e+00 0.000000000000000000e+00 0.000000000000000000e+00
7.974342703819274902e-01 5.749493837356567383e-02 3.508939743041992188e-01 4.367086887359619141e-01 6.842544078826904297e-01 1.514598131179809570e-01 9.692833423614501953e-01 4.140892624855041504e-01 5.130684375762939453e-02 0.000000000000000000e+00 0.000000000000000000e+00 0.000000000000000000e+00
5.556254982948303223e-01 9.492955207824707031e-01 1.073018908500671387e-01 3.317044377326965332e-01 8.884282708168029785e-01 1.730024814605712891e-01 5.180823802947998047e-01 3.619796633720397949e-01 3.434373736381530762e-01 0.000000000000000000e+00 0.000000000000000000e+00 0.000000000000000000e+00
6.162261962890625000e-01 7.167448401451110840e-01 8.709008693695068359e-01 4.867738485336303711e-02 6.747166514396667480e-01 1.476846337318420410e-01 1.810467243194580078e-01 1.254687905311584473e-01 8.448866605758666992e-01 1.000000000000000000e+00 0.000000000000000000e+00 0.000000000000000000e+00
3.607984781265258789e-01 8.987538814544677734e-01 4.875212311744689941e-01 2.634575366973876953e-01 4.683049321174621582e-01 6.662800908088684082e-01 9.984455108642578125e-01 7.968813180923461914e-01 1.222202181816101074e-01 0.000000000000000000e+00 0.000000000000000000e+00 0.000000000000000000e+00
8.932244777679443359e-01 5.673688054084777832e-01 7.054851651191711426e-01 9.806987643241882324e-01 5.183826684951782227e-01 7.466548085212707520e-01 7.873696088790893555e-02 3.567676544189453125e-01 6.043107509613037109e-01 0.000000000000000000e+00 0.000000000000000000e+00 0.000000000000000000e+00
2.586918771266937256e-01 3.250385522842407227e-01 5.677828192710876465e-01 4.828813672065734863e-01 3.635686635971069336e-02 7.940663695335388184e-01 9.396020770072937012e-01 8.080385923385620117e-01 8.632230758666992188e-01 0.000000000000000000e+00 0.000000000000000000e+00 0.000000000000000000e+00
9.782732725143432617e-01 4.557858109474182129e-01 2.893018126487731934e-01 8.684395551681518555e-01 7.330355048179626465e-01 3.953477144241333008e-01 5.083941221237182617e-01 9.260684251785278320e-02 1.955262422561645508e-01 0.000000000000000000e+00 0.000000000000000000e+00 0.000000000000000000e+00
1.734806448221206665e-01 8.211825489997863770e-01 6.239552497863769531e-01 7.709443569183349609e-02 4.174447059631347656e-02 3.501873016357421875e-01 2.954161167144775391e-02 9.365481734275817871e-01 4.865695834159851074e-01 1.000000000000000000e+00 1.000000000000000000e+00 1.000000000000000000e+00
3.470091819763183594e-01 8.116704821586608887e-01 3.454577922821044922e-02 4.574562907218933105e-01 1.738581061363220215e-01 1.790171861648559570e-01 4.948854446411132812e-03 8.366321325302124023e-01 6.827968358993530273e-01 0.000000000000000000e+00 0.000000000000000000e+00 0.000000000000000000e+00
5.837238430976867676e-01 9.887436628341674805e-01 9.818418622016906738e-01 7.842816114425659180e-01 4.882760643959045410e-01 8.061242103576660156e-02 6.277273297309875488e-01 6.407073140144348145e-01 2.455714344978332520e-01 1.000000000000000000e+00 0.000000000000000000e+00 0.000000000000000000e+00
8.967946171760559082e-01 6.806884407997131348e-01 4.654814600944519043e-01 7.461864352226257324e-01 4.892416000366210938e-01 3.724913597106933594e-01 5.951499342918395996e-01 8.181983232498168945e-01 3.109203577041625977e-01 0.000000000000000000e+00 0.000000000000000000e+00 0.000000000000000000e+00
2.098746001720428467e-01 9.049065113067626953e-01 8.921473622322082520e-01 3.308246135711669922e-01 8.685642480850219727e-02 8.300437331199645996e-01 4.339842796325683594e-01 9.250434637069702148e-01 5.458221435546875000e-01 0.000000000000000000e+00 0.000000000000000000e+00 0.000000000000000000e+00
5.885490179061889648e-01 7.915748953819274902e-01 4.558379054069519043e-01 1.844142675399780273e-01 8.829309940338134766e-01 2.920818328857421875e-01 3.241379857063293457e-01 3.015346527099609375e-01 9.866822957992553711e-01 0.000000000000000000e+00 0.000000000000000000e+00 0.000000000000000000e+00
8.912286162376403809e-01 2.023404836654663086e-02 8.211227655410766602e-01 3.865900635719299316e-01 4.894263744354248047e-01 9.815164208412170410e-01 9.602530002593994141e-01 9.039245843887329102e-01 5.269137620925903320e-01 0.000000000000000000e+00 0.000000000000000000e+00 0.000000000000000000e+00
4.728927612304687500e-01 7.907742857933044434e-01 7.721226215362548828e-01 8.747356534004211426e-01 1.428333520889282227e-01 9.492993950843811035e-01 7.715539336204528809e-01 8.557531237602233887e-01 7.892650365829467773e-02 0.000000000000000000e+00 0.000000000000000000e+00 0.000000000000000000e+00
6.011548638343811035e-01 5.433812141418457031e-01 8.448922038078308105e-01 8.239716291427612305e-02 6.409347057342529297e-01 2.028951644897460938e-01 6.361126899719238281e-01 2.183591127395629883e-01 5.433921217918395996e-01 1.000000000000000000e+00 0.000000000000000000e+00 0.000000000000000000e+00
7.218818664550781250e-01 8.421339392662048340e-01 6.242827773094177246e-01 8.707417845726013184e-01 3.205595612525939941e-01 3.119032382965087891e-01 8.671292066574096680e-01 5.778961181640625000e-01 3.422880768775939941e-01 1.000000000000000000e+00 0.000000000000000000e+00 0.000000000000000000e+00
8.094953894615173340e-01 8.667930364608764648e-01 5.766928195953369141e-02 5.089179873466491699e-01 6.535053849220275879e-01 1.839481592178344727e-01 4.067377448081970215e-01 8.207640647888183594e-01 9.819005131721496582e-01 0.000000000000000000e+00 0.000000000000000000e+00 0.000000000000000000e+00
9.885691404342651367e-01 1.645939946174621582e-01 9.393153786659240723e-01 8.867424130439758301e-01 6.060876250267028809e-01 3.550204634666442871e-01 7.146358489990234375e-03 6.845450997352600098e-01 5.706677436828613281e-01 1.000000000000000000e+00 0.000000000000000000e+00 0.000000000000000000e+00
3.275117278099060059e-01 5.837821960449218750e-01 9.508091211318969727e-02 1.089463233947753906e-01 7.656694054603576660e-01 7.526428103446960449e-01 1.045888066291809082e-01 2.347646951675415039e-01 6.111216545104980469e-01 1.000000000000000000e+00 1.000000000000000000e+00 1.000000000000000000e+00
4.969590902328491211e-01 8.353527188301086426e-01 8.962810635566711426e-01 5.837744474411010742e-01 1.782948970794677734e-01 6.144533753395080566e-01 5.043584108352661133e-02 5.435935258865356445e-01 4.111415743827819824e-01 0.000000000000000000e+00 0.000000000000000000e+00 0.000000000000000000e+00
3.884258866310119629e-01 1.473601460456848145e-01 1.156821250915527344e-01 1.752581596374511719e-01 7.078138589859008789e-01 7.964730262756347656e-02 8.847903609275817871e-01 9.041796326637268066e-01 1.758462786674499512e-01 1.000000000000000000e+00 0.000000000000000000e+00 0.000000000000000000e+00
7.586302161216735840e-01 8.122556209564208984e-01 2.123400568962097168e-01 1.040482521057128906e-01 9.527695775032043457e-01 3.199943900108337402e-01 1.386556029319763184e-01 2.968791127204895020e-01 5.124737024307250977e-01 1.000000000000000000e+00 0.000000000000000000e+00 0.000000000000000000e+00
8.012604713439941406e-01 5.362001061439514160e-01 2.961659431457519531e-02 1.932462453842163086e-01 8.511680364608764648e-01 2.966326475143432617e-02 2.063103914260864258e-01 8.663315176963806152e-01 1.407329440116882324e-01 1.000000000000000000e+00 0.000000000000000000e+00 0.000000000000000000e+00
6.072228550910949707e-01 1.232292056083679199e-01 2.953938245773315430e-01 5.121057629585266113e-01 3.062790632247924805e-02 1.140144467353820801e-01 5.532854795455932617e-02 5.004525780677795410e-01 5.256254673004150391e-01 0.000000000000000000e+00 0.000000000000000000e+00 0.000000000000000000e+00
5.265275835990905762e-01 1.331502199172973633e-02 4.865598678588867188e-02 3.664507269859313965e-01 8.524037003517150879e-01 6.981094479560852051e-01 4.238442182540893555e-01 2.389463782310485840e-01 6.378757953643798828e-02 0.000000000000000000e+00 0.000000000000000000e+00 0.000000000000000000e+00
7.423182725906372070e-01 3.174603581428527832e-01 8.555340766906738281e-01 3.468927145004272461e-01 6.824986338615417480e-01 9.057905673980712891e-01 5.869039297103881836e-01 8.344717621803283691e-01 7.774003148078918457e-01 0.000000000000000000e+00 0.000000000000000000e+00 0.000000000000000000e+00
3.015837669372558594e-01 8.055953979492187500e-01 5.601300597190856934e-01 5.697295069694519043e-01 1.870793700218200684e-01 7.488150000572204590e-01 2.374854683876037598e-01 6.268076896667480469e-01 9.278900027275085449e-01 1.000000000000000000e+00 0.000000000000000000e+00 0.000000000000000000e+00
8.523660898208618164e-01 1.107996702194213867e-01 7.699663639068603516e-01 1.749399900436401367e-01 8.936051130294799805e-01 7.458200454711914062e-01 5.366527438163757324e-01 8.679094314575195312e-01 8.838680982589721680e-01 0.000000000000000000e+00 0.000000000000000000e+00 0.000000000000000000e+00
6.059867739677429199e-01 3.453691005706787109e-01 6.070192456245422363e-01 2.321986556053161621e-01 6.203405857086181641e-01 6.970408558845520020e-01 8.933932781219482422e-01 1.168757677078247070e-02 7.473701834678649902e-01 1.000000000000000000e+00 0.000000000000000000e+00 0.000000000000000000e+00
1.415890604257583618e-01 9.732331633567810059e-01 5.485157966613769531e-01 1.943544149398803711e-01 5.210101604461669922e-02 7.873380780220031738e-01 6.929677128791809082e-01 1.881113648414611816e-01 9.632454514503479004e-01 0.000000000000000000e+00 1.000000000000000000e+00 0.000000000000000000e+00
9.971375465393066406e-01 1.378918290138244629e-01 8.082044720649719238e-01 8.471142053604125977e-01 8.381577730178833008e-01 3.168246150016784668e-01 3.247520923614501953e-01 8.715325593948364258e-01 9.717417359352111816e-01 0.000000000000000000e+00 0.000000000000000000e+00 0.000000000000000000e+00
7.286248803138732910e-01 5.932838916778564453e-01 3.834043741226196289e-01 5.087259411811828613e-01 9.321614503860473633e-01 8.131402730941772461e-01 9.120270013809204102e-01 2.511283159255981445e-01 5.630839467048645020e-01 0.000000000000000000e+00 0.000000000000000000e+00 0.000000000000000000e+00
6.638043522834777832e-01 6.325515508651733398e-01 9.349000453948974609e-01 2.688199281692504883e-01 2.916523218154907227e-01 8.232299089431762695e-01 3.098873496055603027e-01 6.710574626922607422e-01 5.517542362213134766e-01 0.000000000000000000e+00 0.000000000000000000e+00 0.000000000000000000e+00
5.446631908416748047e-01 1.615031957626342773e-01 2.884446978569030762e-01 3.203067779541015625e-01 5.910091996192932129e-01 1.477115154266357422e-01 7.976889610290527344e-02 3.561395406723022461e-01 2.812622189521789551e-01 0.000000000000000000e+00 0.000000000000000000e+00 0.000000000000000000e+00
8.239458203315734863e-01 3.975806236267089844e-01 6.175082325935363770e-01 8.197755813598632812e-01 4.937934875488281250e-02 4.516199231147766113e-01 3.735517859458923340e-01 8.545424938201904297e-01 2.383619546890258789e-01 1.000000000000000000e+00 0.000000000000000000e+00 0.000000000000000000e+00
5.490816235542297363e-01 8.537771701812744141e-01 2.379100918769836426e-01 4.115937948226928711e-01 3.445799946784973145e-01 1.528561115264892578e-03 9.009243845939636230e-01 1.991052031517028809e-01 3.655760288238525391e-01 0.000000000000000000e+00 0.000000000000000000e+00 0.000000000000000000e+00
8.018646836280822754e-01 7.994546890258789062e-01 4.504510760307312012e-01 6.262096166610717773e-01 5.400236845016479492e-01 2.906746864318847656e-01 7.566487789154052734e-02 1.042902469635009766e-01 7.794384360313415527e-01 0.000000000000000000e+00 0.000000000000000000e+00 0.000000000000000000e+00
9.890775680541992188e-01 1.709522604942321777e-01 2.471290230751037598e-01 7.900387644767761230e-01 6.588937640190124512e-01 2.849541306495666504e-01 2.957752943038940430e-01 2.075632214546203613e-01 3.540028333663940430e-01 0.000000000000000000e+00 0.000000000000000000e+00 0.000000000000000000e+00
4.181259274482727051e-01 9.455001354217529297e-02 1.245379447937011719e-01 3.799768090248107910e-01 2.218347787857055664e-02 8.874982595443725586e-01 9.048207402229309082e-01 7.020795345306396484e-01 6.837925910949707031e-01 0.000000000000000000e+00 0.000000000000000000e+00 0.000000000000000000e+00
4.912360310554504395e-01 7.970147728919982910e-01 4.577082395553588867e-01 7.108926773071289062e-02 6.494220495223999023e-01 8.623415231704711914e-02 4.948591589927673340e-01 9.530615806579589844e-02 9.292364120483398438e-01 1.000000000000000000e+00 1.000000000000000000e+00 1.000000000000000000e+00
9.698199629783630371e-01 3.630595803260803223e-01 8.840406537055969238e-01 4.900259971618652344e-01 7.264688014984130859e-01 5.076359510421752930e-01 4.902927875518798828e-01 8.005709648132324219e-01 7.834923267364501953e-02 0.000000000000000000e+00 1.000000000000000000e+00 0.000000000000000000e+00
8.315784931182861328e-01 5.098853111267089844e-01 5.985781550407409668e-01 9.751477241516113281e-01 1.089084148406982422e-02 8.713399767875671387e-01 3.129097223281860352e-01 9.435973763465881348e-01 9.269011020660400391e-02 0.000000000000000000e+00 1.000000000000000000e+00 0.000000000000000000e+00
5.988287925720214844e-01 4.101060032844543457e-01 7.223876118659973145e-01 4.509550929069519043e-01 2.309255599975585938e-01 9.559035301208496094e-01 2.072019577026367188e-01 2.562820911407470703e-02 6.949275135993957520e-01 0.000000000000000000e+00 0.000000000000000000e+00 0.000000000000000000e+00
9.273862242698669434e-01 8.992242813110351562e-02 4.687872529029846191e-01 2.989124059677124023e-01 9.985675215721130371e-01 1.362389326095581055e-01 1.676899790763854980e-01 5.356783270835876465e-01 9.284847974777221680e-02 0.000000000000000000e+00 0.000000000000000000e+00 0.000000000000000000e+00
6.036468744277954102e-01 1.421910524368286133e-02 8.084177970886230469e-03 3.849343657493591309e-01 4.561707973480224609e-01 8.870164752006530762e-01 2.668840885162353516e-01 5.680871009826660156e-02 1.777347922325134277e-01 0.000000000000000000e+00 1.000000000000000000e+00 0.000000000000000000e+00
9.932329654693603516e-01 1.201335191726684570e-01 6.635033488273620605e-01 8.548652529716491699e-01 8.948740959167480469e-01 3.691259622573852539e-01 3.892935514450073242e-01 1.625974774360656738e-01 6.289536356925964355e-01 0.000000000000000000e+00 0.000000000000000000e+00 0.000000000000000000e+00
9.197223186492919922e-01 4.673787355422973633e-01 1.257612705230712891e-01 7.279402613639831543e-01 8.288363218307495117e-01 5.080645084381103516e-01 9.312027692794799805e-01 3.840696811676025391e-02 4.239809513092041016e-02 0.000000000000000000e+00 1.000000000000000000e+00 0.000000000000000000e+00
8.789226412773132324e-01 3.225796818733215332e-01 9.952112436294555664e-01 8.028030395507812500e-02 6.706706285476684570e-01 5.617811083793640137e-01 1.713662147521972656e-01 9.958471059799194336e-01 7.977735996246337891e-02 0.000000000000000000e+00 1.000000000000000000e+00 0.000000000000000000e+00
6.548162102699279785e-01 8.921772837638854980e-01 3.613499999046325684e-01 7.820249795913696289e-01 4.267656207084655762e-01 6.747949719429016113e-01 3.404304981231689453e-01 5.532992482185363770e-01 6.996459364891052246e-01 0.000000000000000000e+00 0.000000000000000000e+00 0.000000000000000000e+00
1.951075941324234009e-01 3.979571461677551270e-01 2.314952015876770020e-01 3.566560745239257812e-01 4.029870033264160156e-04 9.373411536216735840e-01 2.894440293312072754e-01 2.400884628295898438e-01 3.302443623542785645e-01 1.000000000000000000e+00 1.000000000000000000e+00 1.000000000000000000e+00
1.607023775577545166e-01 8.854646086692810059e-01 5.353109240531921387e-01 3.045624494552612305e-02 3.667802214622497559e-01 7.313174605369567871e-01 2.760788798332214355e-01 4.091752171516418457e-01 4.012297987937927246e-01 0.000000000000000000e+00 1.000000000000000000e+00 0.000000000000000000e+00
5.906131863594055176e-01 6.989306211471557617e-01 6.165537238121032715e-01 4.235680699348449707e-01 3.703820705413818359e-01 1.512833833694458008e-01 1.891327500343322754e-01 5.610093474388122559e-01 2.334071993827819824e-01 0.000000000000000000e+00 0.000000000000000000e+00 0.000000000000000000e+00
4.679825007915496826e-01 7.780101299285888672e-01 1.212000846862792969e-02 5.551401376724243164e-01 1.377125978469848633e-01 4.840815663337707520e-01 5.732185244560241699e-01 9.474724531173706055e-01 3.160066604614257812e-01 0.000000000000000000e+00 0.000000000000000000e+00 0.000000000000000000e+00
4.707342684268951416e-01 6.181082725524902344e-01 4.901958107948303223e-01 1.249932646751403809e-01 7.892622947692871094e-01 3.407630324363708496e-01 5.965576767921447754e-01 6.705051064491271973e-01 4.260394573211669922e-01 1.000000000000000000e+00 0.000000000000000000e+00 0.000000000000000000e+00
8.867923617362976074e-01 2.341147065162658691e-01 3.527368307113647461e-01 5.284942984580993652e-01 8.700073361396789551e-01 2.792227268218994141e-01 2.824794650077819824e-01 3.817039132118225098e-01 9.152943491935729980e-01 0.000000000000000000e+00 0.000000000000000000e+00 0.000000000000000000e+00
8.326912522315979004e-01 4.384975433349609375e-01 1.833805441856384277e-01 6.972910165786743164e-01 1.664955615997314453e-01 8.301478624343872070e-02 7.698819637298583984e-01 2.098140120506286621e-01 3.410537242889404297e-01 0.000000000000000000e+00 1.000000000000000000e+00 0.000000000000000000e+00
1.680016219615936279e-01 8.027102351188659668e-01 8.996728062629699707e-01 6.211727857589721680e-01 2.462235093116760254e-01 5.397699475288391113e-01 1.289064884185791016e-01 4.958286285400390625e-01 1.165242195129394531e-01 1.000000000000000000e+00 1.000000000000000000e+00 1.000000000000000000e+00
7.753607630729675293e-01 1.023750901222229004e-01 1.561518907546997070e-01 5.478612780570983887e-01 3.339219093322753906e-01 6.385796070098876953e-01 9.242968559265136719e-01 4.082777500152587891e-01 2.593944072723388672e-01 0.000000000000000000e+00 0.000000000000000000e+00 0.000000000000000000e+00
8.318838477134704590e-01 6.332781314849853516e-01 5.778564810752868652e-01 7.130110263824462891e-01 7.976215481758117676e-01 3.430213332176208496e-01 3.788660764694213867e-01 4.617325067520141602e-01 7.441591620445251465e-01 1.000000000000000000e+00 0.000000000000000000e+00 0.000000000000000000e+00
9.993656277656555176e-01 2.936124801635742188e-03 9.375696778297424316e-01 8.085349798202514648e-01 7.752298116683959961e-01 1.809462904930114746e-01 2.243170142173767090e-01 1.472962498664855957e-01 9.506723284721374512e-01 1.000000000000000000e+00 0.000000000000000000e+00 0.000000000000000000e+00
9.025052785873413086e-01 7.113934159278869629e-01 7.980983257293701172e-01 9.154345989227294922e-01 3.608803749084472656e-01 4.394341111183166504e-01 1.405860781669616699e-01 1.356531381607055664e-01 3.203435540199279785e-01 0.000000000000000000e+00 0.000000000000000000e+00 0.000000000000000000e+00
8.225776553153991699e-01 7.801916599273681641e-01 7.024172544479370117e-01 8.103590011596679688e-01 4.076107740402221680e-01 4.525733590126037598e-01 8.040339946746826172e-01 8.242450952529907227e-01 1.580541729927062988e-01 0.000000000000000000e+00 0.000000000000000000e+00 0.000000000000000000e+00
5.053370594978332520e-01 6.692583560943603516e-01 2.002008557319641113e-01 4.201794862747192383e-01 2.758293747901916504e-01 2.181246876716613770e-01 9.219013452529907227e-01 2.401017546653747559e-01 2.723826169967651367e-01 1.000000000000000000e+00 1.000000000000000000e+00 1.000000000000000000e+00
5.296943783760070801e-01 1.630764007568359375e-01 4.364589452743530273e-01 1.860871911048889160e-01 4.357264637947082520e-01 6.435502171516418457e-01 9.451376795768737793e-01 6.310400962829589844e-01 7.009226679801940918e-01 1.000000000000000000e+00 0.000000000000000000e+00 0.000000000000000000e+00
9.637326002120971680e-01 2.063642144203186035e-01 7.094228267669677734e-01 4.882534742355346680e-01 3.453764915466308594e-01 7.033169269561767578e-03 8.430743813514709473e-01 7.757900953292846680e-01 3.116860985755920410e-01 0.000000000000000000e+00 0.000000000000000000e+00 0.000000000000000000e+00
9.621916413307189941e-01 7.078289985656738281e-02 7.743340730667114258e-02 6.793392896652221680e-01 9.272351861000061035e-01 6.598722934722900391e-01 6.979411244392395020e-01 1.345379352569580078e-01 9.390120506286621094e-01 1.000000000000000000e+00 0.000000000000000000e+00 0.000000000000000000e+00
2.763784527778625488e-01 2.513496875762939453e-01 5.345967411994934082e-01 2.493863105773925781e-01 8.310019969940185547e-03 2.911773920059204102e-01 2.712577581405639648e-01 4.247931241989135742e-01 5.514343976974487305e-01 1.000000000000000000e+00 1.000000000000000000e+00 1.000000000000000000e+00
9.844294786453247070e-01 4.336541891098022461e-02 3.766924738883972168e-01 9.473212957382202148e-01 4.891358613967895508e-01 8.372766375541687012e-01 8.921037912368774414e-01 6.659627556800842285e-01 6.659894585609436035e-01 0.000000000000000000e+00 1.000000000000000000e+00 0.000000000000000000e+00
1.804651767015457153e-01 4.491622447967529297e-01 3.858574032783508301e-01 2.919424176216125488e-01 2.784503698348999023e-01 1.455549001693725586e-01 9.554797410964965820e-02 9.151299595832824707e-01 7.249460816383361816e-01 0.000000000000000000e+00 0.000000000000000000e+00 0.000000000000000000e+00
6.177155375480651855e-01 5.883902907371520996e-01 9.387797117233276367e-01 1.698830127716064453e-01 4.394530057907104492e-01 9.597243070602416992e-01 3.153883814811706543e-01 7.693668603897094727e-01 4.955629706382751465e-01 0.000000000000000000e+00 0.000000000000000000e+00 0.000000000000000000e+00
9.926548004150390625e-01 3.979479074478149414e-01 7.750637531280517578e-01 8.908603191375732422e-01 8.812960386276245117e-01 3.096789121627807617e-02 2.433575987815856934e-01 7.243678569793701172e-01 5.196689963340759277e-01 1.000000000000000000e+00 0.000000000000000000e+00 0.000000000000000000e+00
7.029651403427124023e-01 8.792048096656799316e-01 4.655577540397644043e-01 8.615351915359497070e-01 4.865741133689880371e-01 2.128114104270935059e-01 5.930511355400085449e-01 9.460419416427612305e-01 1.858367323875427246e-01 1.000000000000000000e+00 0.000000000000000000e+00 0.000000000000000000e+00
9.742732644081115723e-01 1.434266567230224609e-03 9.315775036811828613e-01 8.566042184829711914e-01 1.894043087959289551e-01 9.697250723838806152e-01 1.913064718246459961e-02 5.553455352783203125e-01 6.053707599639892578e-01 1.000000000000000000e+00 0.000000000000000000e+00 0.000000000000000000e+00
4.799222052097320557e-01 6.996715068817138672e-01 2.133868932723999023e-01 2.114410996437072754e-01 6.211375594139099121e-01 6.454135179519653320e-01 8.654955625534057617e-01 9.335124492645263672e-01 6.467266678810119629e-01 1.000000000000000000e+00 0.000000000000000000e+00 0.000000000000000000e+00
8.182348012924194336e-01 3.975713253021240234e-01 5.261564254760742188e-01 4.539619088172912598e-01 9.957609772682189941e-01 8.578347563743591309e-01 9.998897910118103027e-01 5.801832675933837891e-02 2.569556832313537598e-01 0.000000000000000000e+00 1.000000000000000000e+00 0.000000000000000000e+00
5.949161052703857422e-01 6.023215651512145996e-01 7.862354516983032227e-01 2.938390970230102539e-01 1.795592308044433594e-01 1.589301228523254395e-01 4.882401823997497559e-01 2.743291854858398438e-02 8.898427486419677734e-01 0.000000000000000000e+00 0.000000000000000000e+00 0.000000000000000000e+00
1.106768548488616943e-01 2.353609204292297363e-01 1.620934009552001953e-01 4.054802656173706055e-02 4.785465598106384277e-01 4.438172578811645508e-01 1.177576780319213867e-01 3.038507699966430664e-02 7.377087473869323730e-01 0.000000000000000000e+00 0.000000000000000000e+00 0.000000000000000000e+00
6.235471367835998535e-01 4.822057485580444336e-01 3.603079319000244141e-01 5.780817270278930664e-01 7.322388887405395508e-02 1.400514245033264160e-01 4.697022438049316406e-01 1.751751303672790527e-01 3.691222071647644043e-01 1.000000000000000000e+00 0.000000000000000000e+00 0.000000000000000000e+00
1.116698905825614929e-01 9.456532597541809082e-01 6.693163514137268066e-01 2.619765996932983398e-01 1.039470434188842773e-01 9.173637628555297852e-02 8.144383430480957031e-01 9.388070106506347656e-01 3.564389348030090332e-01 0.000000000000000000e+00 1.000000000000000000e+00 0.000000000000000000e+00
9.040969014167785645e-01 2.118950486183166504e-01 9.817834496498107910e-01 5.780047178268432617e-02 5.903190374374389648e-02 1.969414949417114258e-02 4.072543978691101074e-01 7.305759191513061523e-01 4.517225027084350586e-01 0.000000000000000000e+00 0.000000000000000000e+00 0.000000000000000000e+00
5.504579097032546997e-02 2.881546616554260254e-01 2.572405338287353516e-01 8.818376064300537109e-02 3.780913352966308594e-02 1.973072886466979980e-01 8.654561042785644531e-01 1.794086098670959473e-01 7.578907608985900879e-01 1.000000000000000000e+00 0.000000000000000000e+00 0.000000000000000000e+00
9.776647686958312988e-01 3.722798228263854980e-01 2.771747708320617676e-01 8.749508857727050781e-01 6.283597350120544434e-01 2.375310063362121582e-01 5.702469348907470703e-01 8.940893411636352539e-01 9.467248916625976562e-01 0.000000000000000000e+00 0.000000000000000000e+00 0.000000000000000000e+00
5.604702234268188477e-01 5.353861451148986816e-01 4.951221346855163574e-01 3.672537803649902344e-01 7.812178730964660645e-01 7.980859875679016113e-01 4.444209933280944824e-01 9.429352879524230957e-01 9.330217242240905762e-01 1.000000000000000000e+00 0.000000000000000000e+00 0.000000000000000000e+00
5.339044928550720215e-01 6.977940797805786133e-01 4.293694496154785156e-01 1.995642781257629395e-01 4.735437035560607910e-01 2.366645336151123047e-01 9.556984305381774902e-01 7.148164510726928711e-01 4.526708722114562988e-01 1.000000000000000000e+00 0.000000000000000000e+00 0.000000000000000000e+00
5.385168194770812988e-01 8.932495713233947754e-01 7.577028274536132812e-01 2.001757621765136719e-01 5.843126177787780762e-01 7.816259264945983887e-01 6.404349803924560547e-01 1.983012557029724121e-01 3.998277187347412109e-01 0.000000000000000000e+00 0.000000000000000000e+00 0.000000000000000000e+00
3.705696165561676025e-01 9.149545431137084961e-02 4.352994561195373535e-01 1.784399747848510742e-01 3.331795930862426758e-01 6.992624402046203613e-01 7.612470984458923340e-01 9.073125123977661133e-01 9.710490703582763672e-03 1.000000000000000000e+00 1.000000000000000000e+00 1.000000000000000000e+00
3.852846324443817139e-01 4.111620783805847168e-01 3.473640084266662598e-01 5.390172600746154785e-01 2.547174692153930664e-01 8.948448300361633301e-01 8.856998682022094727e-01 2.752366662025451660e-01 4.599909782409667969e-01 0.000000000000000000e+00 0.000000000000000000e+00 0.000000000000000000e+00
9.735202789306640625e-01 5.758477449417114258e-01 6.764056086540222168e-01 9.605578184127807617e-01 8.259037137031555176e-01 5.275529623031616211e-01 5.686914920806884766e-01 9.297068119049072266e-01 9.650984406471252441e-01 0.000000000000000000e+00 0.000000000000000000e+00 0.000000000000000000e+00
7.503631114959716797e-01 6.917909383773803711e-01 6.790622472763061523e-01 5.078895092010498047e-01 9.149757027626037598e-01 2.046894431114196777e-01 6.350847482681274414e-01 3.997438549995422363e-01 2.737784385681152344e-02 1.000000000000000000e+00 0.000000000000000000e+00 0.000000000000000000e+00
9.104170203208923340e-01 5.505508780479431152e-01 7.531751394271850586e-01 4.148796796798706055e-01 7.629677653312683105e-01 3.069072961807250977e-02 3.464756011962890625e-01 8.613703250885009766e-01 1.156046390533447266e-01 1.000000000000000000e+00 1.000000000000000000e+00 1.000000000000000000e+00
9.945096373558044434e-01 1.167252063751220703e-01 8.661998510360717773e-01 8.499436378479003906e-01 7.574431300163269043e-01 6.409663558006286621e-01 8.370889425277709961e-01 6.034737229347229004e-01 9.162349700927734375e-01 0.000000000000000000e+00 0.000000000000000000e+00 0.000000000000000000e+00
1.020218878984451294e-01 3.087135553359985352e-01 2.894704937934875488e-01 1.124542951583862305e-01 1.861740946769714355e-01 7.121056318283081055e-02 2.409054636955261230e-01 9.636002182960510254e-01 1.396018266677856445e-02 1.000000000000000000e+00 1.000000000000000000e+00 1.000000000000000000e+00
8.136848807334899902e-01 3.378123641014099121e-01 9.954888820648193359e-01 1.730991005897521973e-01 7.097343206405639648e-01 8.506533503532409668e-01 1.780641078948974609e-02 5.821722745895385742e-01 3.997045755386352539e-01 0.000000000000000000e+00 1.000000000000000000e+00 0.000000000000000000e+00
7.376024127006530762e-01 5.255222320556640625e-01 9.058772325515747070e-01 8.628529310226440430e-02 8.283571004867553711e-01 5.968537330627441406e-01 7.844384908676147461e-01 6.666270494461059570e-01 8.237861394882202148e-01 0.000000000000000000e+00 0.000000000000000000e+00 0.000000000000000000e+00
9.511058330535888672e-01 1.387536525726318359e-02 7.547728419303894043e-01 5.696441531181335449e-01 5.847877264022827148e-01 7.405726313591003418e-01 7.514304518699645996e-01 5.778165459632873535e-01 8.672741055488586426e-01 0.000000000000000000e+00 0.000000000000000000e+00 0.000000000000000000e+00
9.939759373664855957e-01 1.792128682136535645e-01 3.158111572265625000e-01 9.447892308235168457e-01 4.048410654067993164e-01 1.576146483421325684e-01 7.491785287857055664e-02 5.765674114227294922e-01 5.485187768936157227e-01 0.000000000000000000e+00 0.000000000000000000e+00 0.000000000000000000e+00
9.774456620216369629e-01 4.758735299110412598e-01 2.472560405731201172e-01 9.139633178710937500e-01 1.014897823333740234e-01 3.120815753936767578e-02 3.433241248130798340e-01 8.117505908012390137e-01 9.110737442970275879e-01 0.000000000000000000e+00 0.000000000000000000e+00 0.000000000000000000e+00
3.901106119155883789e-01 3.117448091506958008e-01 3.801130056381225586e-01 1.525132656097412109e-01 4.913432598114013672e-01 7.966017723083496094e-02 1.028453111648559570e-01 2.814066410064697266e-01 1.784664392471313477e-01 0.000000000000000000e+00 1.000000000000000000e+00 0.000000000000000000e+00
8.435204029083251953e-01 9.494161605834960938e-01 3.760799169540405273e-01 4.335298538208007812e-01 9.556073546409606934e-01 9.885817170143127441e-01 5.140786170959472656e-01 9.635248780250549316e-01 1.889613270759582520e-01 1.000000000000000000e+00 0.000000000000000000e+00 0.000000000000000000e+00
5.780101418495178223e-01 8.065460920333862305e-01 2.252671122550964355e-01 5.873512029647827148e-01 3.534185886383056641e-01 2.278656363487243652e-01 3.467162251472473145e-01 6.013663411140441895e-01 9.625836610794067383e-01 0.000000000000000000e+00 0.000000000000000000e+00 0.000000000000000000e+00
9.147126078605651855e-01 1.434991359710693359e-01 2.394923567771911621e-01 7.886435389518737793e-01 2.618692517280578613e-01 6.069594025611877441e-01 6.612893939018249512e-01 6.422071456909179688e-01 8.035182952880859375e-01 0.000000000000000000e+00 0.000000000000000000e+00 0.000000000000000000e+00
9.628706574440002441e-01 5.956301093101501465e-01 3.376096487045288086e-02 9.923217892646789551e-01 7.167732715606689453e-02 1.876308917999267578e-01 2.022898197174072266e-02 3.757032752037048340e-01 7.963771224021911621e-01 0.000000000000000000e+00 0.000000000000000000e+00 0.000000000000000000e+00
8.470834493637084961e-01 3.521999120712280273e-01 9.664715528488159180e-01 3.782490491867065430e-01 4.408462643623352051e-01 6.233632564544677734e-01 3.684259653091430664e-01 6.920058727264404297e-01 9.550738334655761719e-01 0.000000000000000000e+00 0.000000000000000000e+00 0.000000000000000000e+00
9.216426610946655273e-01 2.843335270881652832e-01 7.223682999610900879e-01 2.947803735733032227e-01 8.589954376220703125e-01 4.577921628952026367e-01 4.390197396278381348e-01 1.516841650009155273e-01 6.900275945663452148e-01 0.000000000000000000e+00 0.000000000000000000e+00 0.000000000000000000e+00
7.358399629592895508e-01 2.295060753822326660e-01 4.698028564453125000e-01 8.077061176300048828e-02 8.587650656700134277e-01 9.642777442932128906e-01 6.738263964653015137e-01 7.663972973823547363e-01 5.314009785652160645e-01 0.000000000000000000e+00 0.000000000000000000e+00 0.000000000000000000e+00
5.282244086265563965e-01 6.210907697677612305e-01 8.102842569351196289e-01 9.140989780426025391e-01 1.859744787216186523e-01 9.402261972427368164e-01 3.691958785057067871e-01 5.430009365081787109e-01 1.532844901084899902e-01 0.000000000000000000e+00 0.000000000000000000e+00 0.000000000000000000e+00
2.310986667871475220e-01 8.488641381263732910e-01 5.376057028770446777e-01 4.605996608734130859e-02 3.073121905326843262e-01 7.707924842834472656e-01 6.207013130187988281e-02 8.389237523078918457e-01 8.300915956497192383e-01 0.000000000000000000e+00 1.000000000000000000e+00 0.000000000000000000e+00
6.919771432876586914e-01 9.617953300476074219e-01 1.704263687133789062e-02 8.773253560066223145e-01 9.260987043380737305e-01 8.070340156555175781e-01 2.722442150115966797e-02 8.362210392951965332e-01 2.647693157196044922e-01 1.000000000000000000e+00 0.000000000000000000e+00 0.000000000000000000e+00
7.126826643943786621e-01 6.987815499305725098e-01 9.633743762969970703e-01 4.646742343902587891e-02 9.284129738807678223e-01 2.790940403938293457e-01 4.363820552825927734e-01 6.035403013229370117e-01 9.860074520111083984e-02 1.000000000000000000e+00 0.000000000000000000e+00 0.000000000000000000e+00
9.522359967231750488e-01 7.745903730392456055e-02 9.779171943664550781e-01 4.237508177757263184e-01 3.396127223968505859e-01 8.938618898391723633e-01 8.076908588409423828e-01 7.730783224105834961e-01 9.524976611137390137e-01 0.000000000000000000e+00 0.000000000000000000e+00 0.000000000000000000e+00
8.967050909996032715e-01 9.650003910064697266e-01 7.898378372192382812e-02 4.636719226837158203e-01 8.014172911643981934e-01 3.391364812850952148e-01 3.965804576873779297e-01 4.101664423942565918e-01 3.592286705970764160e-01 0.000000000000000000e+00 0.000000000000000000e+00 0.000000000000000000e+00
5.183959007263183594e-01 4.808737039566040039e-01 5.779544711112976074e-01 1.833419203758239746e-01 5.414243936538696289e-01 8.259774446487426758e-01 7.687388658523559570e-01 5.395725965499877930e-01 1.223284006118774414e-01 0.000000000000000000e+00 0.000000000000000000e+00 0.000000000000000000e+00
9.783600568771362305e-01 1.167522072792053223e-01 7.229469418525695801e-01 5.495924353599548340e-01 7.450641393661499023e-01 5.999560356140136719e-01 4.535738825798034668e-01 9.118800759315490723e-01 7.368017435073852539e-01 0.000000000000000000e+00 0.000000000000000000e+00 0.000000000000000000e+00
5.263755917549133301e-01 1.474148035049438477e-01 7.411062121391296387e-01 4.641075730323791504e-01 1.197109818458557129e-01 9.469680786132812500e-01 7.824666500091552734e-01 7.690310478210449219e-02 4.476050138473510742e-01 0.000000000000000000e+00 1.000000000000000000e+00 0.000000000000000000e+00
9.969258904457092285e-01 9.572267532348632812e-02 6.699762940406799316e-01 8.671385645866394043e-01 8.210693001747131348e-01 1.497890353202819824e-01 5.809516906738281250e-01 9.485195875167846680e-01 3.067762851715087891e-01 0.000000000000000000e+00 0.000000000000000000e+00 0.000000000000000000e+00
6.655942797660827637e-01 7.370806932449340820e-01 7.904319763183593750e-01 6.046696901321411133e-01 5.413129329681396484e-01 8.080970644950866699e-01 6.364812254905700684e-01 3.790870904922485352e-01 6.905874609947204590e-01 1.000000000000000000e+00 0.000000000000000000e+00 0.000000000000000000e+00
3.506075739860534668e-01 5.307629704475402832e-01 4.463498592376708984e-01 8.732295036315917969e-02 5.977790355682373047e-01 1.771792173385620117e-01 4.034352302551269531e-02 2.649570107460021973e-01 1.188385486602783203e-01 0.000000000000000000e+00 0.000000000000000000e+00 0.000000000000000000e+00
8.649618625640869141e-01 7.602195143699645996e-01 1.532828807830810547e-01 5.180354714393615723e-01 8.592985272407531738e-01 3.803446888923645020e-01 4.459096193313598633e-01 4.496806859970092773e-02 1.974558234214782715e-01 0.000000000000000000e+00 0.000000000000000000e+00 0.000000000000000000e+00
3.292561173439025879e-01 1.277548074722290039e-02 1.852567195892333984e-01 4.809197783470153809e-01 1.779836416244506836e-02 2.109320163726806641e-01 7.071222066879272461e-01 5.220830440521240234e-02 3.705088496208190918e-01 1.000000000000000000e+00 0.000000000000000000e+00 0.000000000000000000e+00
4.227685332298278809e-01 7.159953713417053223e-01 2.433636784553527832e-01 6.455139517784118652e-01 6.349027156829833984e-02 9.297814369201660156e-01 2.690048217773437500e-01 9.396279454231262207e-01 4.758092761039733887e-01 1.000000000000000000e+00 0.000000000000000000e+00 0.000000000000000000e+00
3.838655352592468262e-01 4.913513660430908203e-01 4.203827977180480957e-01 3.992690443992614746e-01 5.690703988075256348e-01 8.135001063346862793e-01 1.002492904663085938e-01 5.053260922431945801e-01 1.996783018112182617e-01 1.000000000000000000e+00 0.000000000000000000e+00 0.000000000000000000e+00
6.246746778488159180e-01 3.099647760391235352e-01 3.401098847389221191e-01 6.639203429222106934e-01 1.802255511283874512e-01 5.262356996536254883e-01 1.713294982910156250e-01 2.808241248130798340e-01 4.636912941932678223e-01 0.000000000000000000e+00 0.000000000000000000e+00 0.000000000000000000e+00
4.996956586837768555e-01 4.532300233840942383e-01 7.898807525634765625e-04 6.377823352813720703e-01 1.222366690635681152e-01 3.632593750953674316e-01 3.678395748138427734e-01 7.876513004302978516e-01 1.872485876083374023e-01 1.000000000000000000e+00 0.000000000000000000e+00 0.000000000000000000e+00
4.847721382975578308e-02 8.257478475570678711e-02 1.077633500099182129e-01 1.791273355484008789e-01 2.400704622268676758e-01 1.864320039749145508e-02 5.993229150772094727e-01 1.527872681617736816e-01 5.227453112602233887e-01 0.000000000000000000e+00 0.000000000000000000e+00 0.000000000000000000e+00
8.524619340896606445e-01 6.196618080139160156e-02 7.965428829193115234e-01 4.789017438888549805e-01 6.471015214920043945e-01 9.973165988922119141e-01 2.895839214324951172e-01 3.661292791366577148e-01 1.267799139022827148e-01 0.000000000000000000e+00 0.000000000000000000e+00 0.000000000000000000e+00
7.382561564445495605e-01 6.863783597946166992e-01 2.610114812850952148e-01 2.974486351013183594e-01 8.522002100944519043e-01 6.881245970726013184e-01 8.145887255668640137e-01 5.560103654861450195e-01 3.285645842552185059e-01 0.000000000000000000e+00 0.000000000000000000e+00 0.000000000000000000e+00
8.861483335494995117e-01 3.442199230194091797e-01 9.894347190856933594e-01 3.670454025268554688e-04 8.903008699417114258e-02 1.323890686035156250e-02 9.923234581947326660e-01 5.561947822570800781e-01 6.639319062232971191e-01 0.000000000000000000e+00 0.000000000000000000e+00 0.000000000000000000e+00
9.676368236541748047e-01 2.647483348846435547e-02 7.945701479911804199e-01 1.769011616706848145e-01 8.769415616989135742e-01 7.456310987472534180e-01 2.922943234443664551e-01 6.668114066123962402e-01 6.760041713714599609e-01 0.000000000000000000e+00 0.000000000000000000e+00 0.000000000000000000e+00
3.178458809852600098e-01 4.845598340034484863e-01 2.469704747200012207e-01 2.557016611099243164e-01 5.862891674041748047e-03 8.120855093002319336e-01 3.261398673057556152e-01 6.876530647277832031e-01 3.484711050987243652e-01 0.000000000000000000e+00 0.000000000000000000e+00 0.000000000000000000e+00
4.945375919342041016e-01 5.659375190734863281e-01 4.303025603294372559e-01 4.239202737808227539e-01 4.901098608970642090e-01 1.278541088104248047e-01 3.992292881011962891e-01 2.912771701812744141e-01 7.577710151672363281e-01 0.000000000000000000e+00 0.000000000000000000e+00 0.000000000000000000e+00
2.173780649900436401e-01 6.071962118148803711e-01 6.857340335845947266e-01 5.040860176086425781e-02 2.040690779685974121e-01 4.071334004402160645e-01 1.092712283134460449e-01 1.441422700881958008e-01 7.655913233757019043e-01 0.000000000000000000e+00 0.000000000000000000e+00 0.000000000000000000e+00
9.950060248374938965e-01 1.314317584037780762e-01 1.119475960731506348e-01 8.167830109596252441e-01 8.147488236427307129e-01 2.416670322418212891e-03 2.865629792213439941e-01 9.018056988716125488e-01 5.629229545593261719e-01 1.000000000000000000e+00 0.000000000000000000e+00 0.000000000000000000e+00
9.175404310226440430e-01 7.696980834007263184e-01 9.171800613403320312e-01 9.530862569808959961e-01 6.361836791038513184e-01 9.624993801116943359e-02 6.607824563980102539e-02 1.035562157630920410e-01 4.057776331901550293e-01 0.000000000000000000e+00 0.000000000000000000e+00 0.000000000000000000e+00
9.607586860656738281e-01 3.821164369583129883e-01 6.742027997970581055e-01 5.328243374824523926e-01 6.667950749397277832e-01 8.486670255661010742e-02 9.677752852439880371e-01 5.683459639549255371e-01 3.694171309471130371e-01 0.000000000000000000e+00 0.000000000000000000e+00 0.000000000000000000e+00
8.578437566757202148e-01 9.955114126205444336e-02 8.714468479156494141e-01 5.432464480400085449e-01 5.327486991882324219e-01 9.870347380638122559e-01 1.700252890586853027e-01 7.969914078712463379e-01 6.668716669082641602e-02 0.000000000000000000e+00 0.000000000000000000e+00 0.000000000000000000e+00
9.238990545272827148e-01 8.689067959785461426e-01 5.819990634918212891e-01 9.926316142082214355e-01 7.278718352317810059e-01 8.792757987976074219e-03 6.064628362655639648e-01 1.915216445922851562e-03 5.313143134117126465e-01 0.000000000000000000e+00 0.000000000000000000e+00 0.000000000000000000e+00
6.471117138862609863e-01 1.744166016578674316e-01 4.225090742111206055e-01 5.176863074302673340e-01 2.755070328712463379e-01 8.156520128250122070e-02 1.181575655937194824e-01 4.362324476242065430e-01 6.361801624298095703e-01 0.000000000000000000e+00 0.000000000000000000e+00 0.000000000000000000e+00
5.138782262802124023e-01 9.717645645141601562e-01 6.812777519226074219e-01 3.225748538970947266e-01 7.918900847434997559e-01 4.732546806335449219e-01 3.702020049095153809e-01 2.130792140960693359e-01 6.805458068847656250e-01 1.000000000000000000e+00 0.000000000000000000e+00 0.000000000000000000e+00
9.837160110473632812e-01 5.454680323600769043e-01 6.389070153236389160e-01 8.013418316841125488e-01 9.173115491867065430e-01 4.470831155776977539e-02 4.104760289192199707e-01 7.600761651992797852e-01 4.618049263954162598e-01 1.000000000000000000e+00 0.000000000000000000e+00 0.000000000000000000e+00
8.944092392921447754e-01 4.580974578857421875e-01 7.911927700042724609e-01 9.861052632331848145e-01 5.320823788642883301e-01 9.549573659896850586e-01 8.887073993682861328e-01 4.954627752304077148e-01 5.783789753913879395e-01 0.000000000000000000e+00 0.000000000000000000e+00 0.000000000000000000e+00
9.979105591773986816e-01 1.963501572608947754e-01 2.079993486404418945e-01 9.358257651329040527e-01 9.208294153213500977e-01 1.222313642501831055e-01 1.997015476226806641e-01 2.083903551101684570e-02 6.335445046424865723e-01 0.000000000000000000e+00 0.000000000000000000e+00 0.000000000000000000e+00
4.564634263515472412e-01 6.404620409011840820e-01 4.502807259559631348e-01 3.127138018608093262e-01 8.188614249229431152e-01 8.700371384620666504e-01 5.982493758201599121e-01 2.664123177528381348e-01 4.422043561935424805e-01 0.000000000000000000e+00 0.000000000000000000e+00 0.000000000000000000e+00
4.449714124202728271e-01 1.520463228225708008e-01 5.448588132858276367e-01 1.224611401557922363e-01 1.137897968292236328e-01 1.729282736778259277e-01 1.226263642311096191e-01 6.788150668144226074e-01 1.441144943237304688e-01 1.000000000000000000e+00 0.000000000000000000e+00 0.000000000000000000e+00
8.597709536552429199e-01 4.627299308776855469e-01 8.242613673210144043e-01 4.442564249038696289e-01 6.188135147094726562e-01 5.772104263305664062e-01 4.686530232429504395e-01 2.813349366188049316e-01 9.478022456169128418e-01 1.000000000000000000e+00 0.000000000000000000e+00 0.000000000000000000e+00
9.987074136734008789e-01 3.149619102478027344e-01 7.580769658088684082e-01 9.671863913536071777e-01 6.343729496002197266e-01 8.332270383834838867e-02 6.193719506263732910e-01 6.872380375862121582e-01 2.155864238739013672e-02 0.000000000000000000e+00 1.000000000000000000e+00 0.000000000000000000e+00
1.987869143486022949e-01 6.366727352142333984e-01 9.495503306388854980e-01 3.902286291122436523e-01 8.175277709960937500e-02 8.482688665390014648e-01 1.417874693870544434e-01 2.854574322700500488e-01 8.930934667587280273e-01 1.000000000000000000e+00 1.000000000000000000e+00 1.000000000000000000e+00
9.703345298767089844e-01 4.442088603973388672e-01 5.575245618820190430e-01 8.594835996627807617e-01 9.886451959609985352e-01 2.540503144264221191e-01 9.828834533691406250e-01 4.928247928619384766e-01 1.213818788528442383e-02 0.000000000000000000e+00 1.000000000000000000e+00 0.000000000000000000e+00
7.434656023979187012e-01 7.232526540756225586e-01 4.165899753570556641e-02 7.316272854804992676e-01 6.530112624168395996e-01 4.907286167144775391e-01 7.178874611854553223e-01 1.820413470268249512e-01 6.778858900070190430e-01 1.000000000000000000e+00 0.000000000000000000e+00 0.000000000000000000e+00
6.450641155242919922e-01 1.870137453079223633e-02 5.705655217170715332e-01 8.930277824401855469e-02 5.965346693992614746e-01 6.207379102706909180e-01 9.419298171997070312e-01 8.561601042747497559e-01 3.599630594253540039e-01 1.000000000000000000e+00 0.000000000000000000e+00 0.000000000000000000e+00
6.263965964317321777e-01 4.385852813720703125e-01 8.937995433807373047e-01 3.631869554519653320e-01 1.282548308372497559e-01 9.858860373497009277e-01 5.896272659301757812e-01 8.473089933395385742e-01 9.441211223602294922e-01 0.000000000000000000e+00 0.000000000000000000e+00 0.000000000000000000e+00
9.297340363264083862e-02 3.690149188041687012e-01 3.007639050483703613e-01 8.255738019943237305e-02 2.940955758094787598e-01 1.743842959403991699e-01 4.978123307228088379e-01 3.257610201835632324e-01 7.204300761222839355e-01 0.000000000000000000e+00 1.000000000000000000e+00 0.000000000000000000e+00
9.875275492668151855e-01 1.128808856010437012e-01 1.685100793838500977e-02 7.662088871002197266e-01 6.333557367324829102e-01 1.552487611770629883e-01 8.855159878730773926e-01 9.847197532653808594e-01 4.555330872535705566e-01 0.000000000000000000e+00 0.000000000000000000e+00 0.000000000000000000e+00
2.394682914018630981e-01 9.212203025817871094e-01 1.612498760223388672e-01 5.071321725845336914e-01 2.219320535659790039e-01 8.264096975326538086e-01 7.567144632339477539e-01 3.414000272750854492e-01 9.607928991317749023e-01 1.000000000000000000e+00 0.000000000000000000e+00 0.000000000000000000e+00
4.055315852165222168e-01 5.965167880058288574e-01 9.148937463760375977e-01 4.994397759437561035e-01 3.440575599670410156e-01 9.680927395820617676e-01 1.088464260101318359e-01 4.166967272758483887e-01 4.689648151397705078e-01 0.000000000000000000e+00 0.000000000000000000e+00 0.000000000000000000e+00
5.740069746971130371e-01 6.396073698997497559e-01 5.507685542106628418e-01 5.351187586784362793e-01 9.078232049942016602e-01 5.642659068107604980e-01 9.897303581237792969e-01 9.063410758972167969e-01 1.867194175720214844e-01 1.000000000000000000e+00 0.000000000000000000e+00 0.000000000000000000e+00
1.324319392442703247e-01 4.444414973258972168e-01 2.135257720947265625e-01 1.783740520477294922e-02 5.132430791854858398e-02 2.348990440368652344e-01 1.180793046951293945e-01 7.448930144309997559e-01 1.889990568161010742e-01 0.000000000000000000e+00 0.000000000000000000e+00 0.000000000000000000e+00
9.802625775337219238e-01 3.532578945159912109e-01 5.377807021141052246e-01 7.830533981323242188e-01 6.687312722206115723e-01 1.683021783828735352e-01 5.951417684555053711e-01 3.986746668815612793e-01 6.569517254829406738e-01 0.000000000000000000e+00 0.000000000000000000e+00 0.000000000000000000e+00
7.772344946861267090e-01 5.817759037017822266e-01 7.241212129592895508e-01 4.684994220733642578e-01 9.453308582305908203e-01 4.819334745407104492e-01 5.406934022903442383e-01 8.573457598686218262e-01 7.742965221405029297e-01 1.000000000000000000e+00 0.000000000000000000e+00 0.000000000000000000e+00
4.959995448589324951e-01 6.122785210609436035e-01 9.676176309585571289e-01 2.950088977813720703e-01 7.343971729278564453e-02 4.086321592330932617e-01 6.770153045654296875e-01 3.799222707748413086e-01 6.232643127441406250e-01 0.000000000000000000e+00 0.000000000000000000e+00 0.000000000000000000e+00
7.182090282440185547e-01 9.626560211181640625e-01 7.793902754783630371e-01 8.155177831649780273e-01 6.425457000732421875e-01 7.891361713409423828e-01 5.324621200561523438e-01 9.080049395561218262e-01 1.152122616767883301e-01 1.000000000000000000e+00 0.000000000000000000e+00 0.000000000000000000e+00
9.455047249794006348e-01 5.115062594413757324e-01 7.249599099159240723e-01 9.048956036567687988e-01 9.084319472312927246e-01 6.221317648887634277e-01 6.642499566078186035e-01 1.967589855194091797e-01 3.552109003067016602e-01 0.000000000000000000e+00 0.000000000000000000e+00 0.000000000000000000e+00
9.731382131576538086e-02 6.366487145423889160e-01 5.520775914192199707e-01 7.398307323455810547e-03 1.494248509407043457e-01 7.471740245819091797e-01 4.817003607749938965e-01 7.315053343772888184e-01 8.698602318763732910e-01 0.000000000000000000e+00 0.000000000000000000e+00 0.000000000000000000e+00
2.790499925613403320e-01 9.001337885856628418e-01 7.787513732910156250e-01 1.992285251617431641e-03 5.175999402999877930e-01 5.165341496467590332e-01 7.011489868164062500e-01 6.572401523590087891e-02 9.427000880241394043e-01 1.000000000000000000e+00 0.000000000000000000e+00 0.000000000000000000e+00
4.649584889411926270e-01 5.192426443099975586e-01 5.526084303855895996e-01 4.842779636383056641e-01 2.129879593849182129e-01 7.416916489601135254e-01 4.687783122062683105e-01 3.142570257186889648e-01 3.448947668075561523e-01 1.000000000000000000e+00 0.000000000000000000e+00 0.000000000000000000e+00
7.560109496116638184e-01 4.992313385009765625e-01 4.310128688812255859e-01 6.182148456573486328e-01 9.290601611137390137e-01 8.280817270278930664e-01 9.375097751617431641e-01 4.326785802841186523e-01 6.164443492889404297e-02 0.000000000000000000e+00 1.000000000000000000e+00 0.000000000000000000e+00
1.348705142736434937e-01 6.453573107719421387e-01 4.654341936111450195e-01 1.167684793472290039e-01 6.411176919937133789e-02 6.315857768058776855e-01 9.729757308959960938e-01 4.852322340011596680e-01 3.212726116180419922e-02 1.000000000000000000e+00 0.000000000000000000e+00 0.000000000000000000e+00
9.155802130699157715e-01 1.360102295875549316e-01 4.083974361419677734e-01 9.488259553909301758e-01 3.055551648139953613e-01 9.450026154518127441e-01 4.341602325439453125e-01 9.383636713027954102e-01 7.103736400604248047e-01 0.000000000000000000e+00 0.000000000000000000e+00 0.000000000000000000e+00
5.520193576812744141e-01 7.427486181259155273e-01 8.865177035331726074e-01 8.178343176841735840e-01 1.633945703506469727e-01 4.002994894981384277e-01 1.331620216369628906e-01 6.631529331207275391e-02 7.096312642097473145e-01 0.000000000000000000e+00 0.000000000000000000e+00 0.000000000000000000e+00
9.983929991722106934e-01 1.419280767440795898e-01 4.250150918960571289e-01 9.081627130508422852e-01 9.652339220046997070e-01 3.956248760223388672e-01 2.796323895454406738e-01 4.293588995933532715e-01 5.604787468910217285e-01 0.000000000000000000e+00 0.000000000000000000e+00 0.000000000000000000e+00
6.148454546928405762e-01 4.439957737922668457e-01 2.605974674224853516e-01 4.474930167198181152e-01 7.555437088012695312e-01 9.845193028450012207e-01 7.883591055870056152e-01 4.394887685775756836e-01 2.774792313575744629e-01 1.000000000000000000e+00 0.000000000000000000e+00 0.000000000000000000e+00
3.785765171051025391e-01 9.497024416923522949e-01 7.396680712699890137e-01 3.321872949600219727e-01 4.114791154861450195e-01 5.803486108779907227e-01 7.175949215888977051e-01 7.526528239250183105e-01 3.267564773559570312e-01 1.000000000000000000e+00 0.000000000000000000e+00 0.000000000000000000e+00
3.027843534946441650e-01 8.285344243049621582e-01 8.126783967018127441e-01 2.440498471260070801e-01 3.582952618598937988e-01 7.568818926811218262e-01 3.261368274688720703e-01 2.530729770660400391e-01 9.241414070129394531e-01 1.000000000000000000e+00 0.000000000000000000e+00 0.000000000000000000e+00
7.173531055450439453e-01 5.226830840110778809e-01 4.586402177810668945e-01 5.016912817955017090e-01 9.099170565605163574e-01 1.941877007484436035e-01 7.707661390304565430e-02 3.048992156982421875e-01 4.979857802391052246e-01 0.000000000000000000e+00 0.000000000000000000e+00 0.000000000000000000e+00
2.803930938243865967e-01 3.645045757293701172e-01 4.463620185852050781e-01 3.842770457267761230e-01 3.165010809898376465e-01 9.695401191711425781e-01 7.174033522605895996e-01 4.943217039108276367e-01 8.533731102943420410e-01 1.000000000000000000e+00 0.000000000000000000e+00 0.000000000000000000e+00
5.694755911827087402e-01 7.850363850593566895e-01 1.276316642761230469e-01 7.477527856826782227e-02 8.501611948013305664e-01 9.055643677711486816e-01 5.541695952415466309e-01 5.647787451744079590e-01 3.199327588081359863e-01 0.000000000000000000e+00 0.000000000000000000e+00 0.000000000000000000e+00
3.802352249622344971e-01 4.460385441780090332e-01 1.877492070198059082e-01 5.453616380691528320e-02 7.845734953880310059e-01 2.967211604118347168e-01 1.613576412200927734e-01 3.728411793708801270e-01 9.797953963279724121e-01 0.000000000000000000e+00 0.000000000000000000e+00 0.000000000000000000e+00
9.478030800819396973e-01 5.979872941970825195e-01 5.607916116714477539e-01 7.282451391220092773e-01 8.893674015998840332e-01 1.658609509468078613e-01 9.845055341720581055e-01 8.710828423500061035e-01 4.685589671134948730e-01 0.000000000000000000e+00 0.000000000000000000e+00 0.000000000000000000e+00
7.511211633682250977e-01 9.642190933227539062e-01 6.443753242492675781e-01 8.647023439407348633e-01 7.677549719810485840e-01 6.451041698455810547e-01 7.889235019683837891e-01 5.673327445983886719e-01 4.695807695388793945e-01 0.000000000000000000e+00 0.000000000000000000e+00 0.000000000000000000e+00
8.348782062530517578e-01 5.005252957344055176e-01 5.211445689201354980e-01 8.562014698982238770e-01 4.508970975875854492e-01 7.336314320564270020e-01 4.092845916748046875e-01 5.828239321708679199e-01 1.020377874374389648e-01 0.000000000000000000e+00 0.000000000000000000e+00 0.000000000000000000e+00
7.513919472694396973e-01 7.467905282974243164e-01 8.858708739280700684e-01 8.121752738952636719e-02 8.550090193748474121e-01 1.037715077400207520e-01 7.107235193252563477e-01 3.471608757972717285e-01 4.894870519638061523e-01 0.000000000000000000e+00 0.000000000000000000e+00 0.000000000000000000e+00
6.626962423324584961e-01 2.173144817352294922e-01 9.297165274620056152e-01 2.576519846916198730e-01 3.095108270645141602e-01 9.225668311119079590e-01 3.610309362411499023e-01 3.913212418556213379e-01 8.752546906471252441e-01 1.000000000000000000e+00 0.000000000000000000e+00 0.000000000000000000e+00
8.599267601966857910e-01 1.616176366806030273e-01 7.351886630058288574e-01 2.202424407005310059e-01 5.770421028137207031e-01 3.408868312835693359e-01 1.477358341217041016e-01 8.461848497390747070e-01 3.578732609748840332e-01 0.000000000000000000e+00 0.000000000000000000e+00 0.000000000000000000e+00
9.229874014854431152e-01 8.270255923271179199e-01 3.435483574867248535e-01 8.243256211280822754e-01 6.598290801048278809e-01 3.802472352981567383e-02 4.987499713897705078e-01 8.518051505088806152e-01 7.492772340774536133e-01 0.000000000000000000e+00 0.000000000000000000e+00 0.000000000000000000e+00
2.617344260215759277e-01 6.069045066833496094e-01 6.335022449493408203e-01 1.143997907638549805e-02 4.824119806289672852e-01 7.678186893463134766e-01 9.133394956588745117e-01 9.349161386489868164e-02 4.004064798355102539e-01 0.000000000000000000e+00 0.000000000000000000e+00 0.000000000000000000e+00
1.916372478008270264e-01 5.635495185852050781e-01 5.357553958892822266e-01 4.651060700416564941e-01 6.064832210540771484e-02 7.314592003822326660e-01 8.428526520729064941e-01 7.052122354507446289e-01 1.306313276290893555e-01 1.000000000000000000e+00 0.000000000000000000e+00 0.000000000000000000e+00
9.966648221015930176e-01 2.129969596862792969e-01 8.476575016975402832e-01 9.171022772789001465e-01 5.935235023498535156e-01 5.551832914352416992e-02 1.574485898017883301e-01 5.340405702590942383e-01 8.403270840644836426e-01 0.000000000000000000e+00 0.000000000000000000e+00 0.000000000000000000e+00
9.095746874809265137e-01 2.658776640892028809e-01 3.435699939727783203e-01 9.041017293930053711e-01 1.523262858390808105e-01 6.586964726448059082e-01 9.124472141265869141e-01 6.945434808731079102e-01 4.124826192855834961e-02 0.000000000000000000e+00 0.000000000000000000e+00 0.000000000000000000e+00
1.774847954511642456e-01 6.771070957183837891e-01 1.689956784248352051e-01 9.756052494049072266e-02 8.700555562973022461e-02 3.769675493240356445e-01 6.368989944458007812e-01 8.448944091796875000e-01 9.372341632843017578e-01 0.000000000000000000e+00 0.000000000000000000e+00 0.000000000000000000e+00
8.228304386138916016e-01 7.330162525177001953e-01 9.255548119544982910e-01 8.521549105644226074e-01 3.166388273239135742e-01 2.620998620986938477e-01 3.876419663429260254e-01 2.200772762298583984e-01 9.267337322235107422e-01 1.000000000000000000e+00 0.000000000000000000e+00 0.000000000000000000e+00
8.896518945693969727e-01 3.428609967231750488e-01 2.458757162094116211e-02 7.823050618171691895e-01 5.212379097938537598e-01 7.914348840713500977e-01 9.451358318328857422e-01 7.353587746620178223e-01 7.420572042465209961e-01 0.000000000000000000e+00 0.000000000000000000e+00 0.000000000000000000e+00
9.942882061004638672e-01 1.289039850234985352e-02 9.755378365516662598e-01 3.036540746688842773e-02 8.686578869819641113e-01 1.660329103469848633e-02 3.725008964538574219e-01 3.488800525665283203e-01 4.212999939918518066e-01 0.000000000000000000e+00 1.000000000000000000e+00 0.000000000000000000e+00
7.037421464920043945e-01 4.018577933311462402e-01 6.703854799270629883e-01 5.676644444465637207e-01 3.277565836906433105e-01 7.195482850074768066e-01 5.300147533416748047e-01 5.645059943199157715e-01 1.337642669677734375e-01 0.000000000000000000e+00 1.000000000000000000e+00 0.000000000000000000e+00
6.112326979637145996e-01 8.461744785308837891e-01 5.643506050109863281e-01 6.879835724830627441e-01 3.345156908035278320e-01 4.038071036338806152e-01 3.354049324989318848e-01 2.598062753677368164e-01 8.011209368705749512e-01 1.000000000000000000e+00 0.000000000000000000e+00 0.000000000000000000e+00
5.692742466926574707e-01 3.253675699234008789e-01 2.828091382980346680e-02 6.384800076484680176e-01 6.482005119323730469e-02 6.205155253410339355e-01 8.902341723442077637e-01 9.931601881980895996e-01 9.979618191719055176e-01 0.000000000000000000e+00 0.000000000000000000e+00 0.000000000000000000e+00
6.781945824623107910e-01 7.646298408508300781e-01 7.033882141113281250e-01 4.587328433990478516e-01 1.904962062835693359e-01 7.154858112335205078e-02 1.603783965110778809e-01 1.980447173118591309e-01 7.726516127586364746e-01 1.000000000000000000e+00 0.000000000000000000e+00 0.000000000000000000e+00
6.823822259902954102e-01 9.258351922035217285e-01 4.075135588645935059e-01 3.049922585487365723e-01 5.953541994094848633e-01 3.359168767929077148e-01 1.907546520233154297e-01 1.649830937385559082e-01 7.049065232276916504e-01 1.000000000000000000e+00 0.000000000000000000e+00 0.000000000000000000e+00
2.603054940700531006e-01 7.772907018661499023e-01 7.679028511047363281e-01 4.425603151321411133e-01 1.297268271446228027e-01 4.664929509162902832e-01 2.106336951255798340e-01 2.359861135482788086e-01 1.541883945465087891e-01 0.000000000000000000e+00 0.000000000000000000e+00 0.000000000000000000e+00
8.794215917587280273e-01 9.861635565757751465e-01 4.588008522987365723e-01 7.572903633117675781e-01 9.676229357719421387e-01 4.949038624763488770e-01 9.575676321983337402e-01 8.507609367370605469e-03 7.698903679847717285e-01 0.000000000000000000e+00 0.000000000000000000e+00 0.000000000000000000e+00
2.252503037452697754e-01 9.522300362586975098e-01 9.006958603858947754e-01 5.519641637802124023e-01 1.418886184692382812e-01 4.042991399765014648e-01 7.652758359909057617e-01 5.682285428047180176e-01 5.895828604698181152e-01 1.000000000000000000e+00 0.000000000000000000e+00 0.000000000000000000e+00
2.555710375308990479e-01 8.132119774818420410e-01 8.994863629341125488e-01 4.260601997375488281e-01 3.604400157928466797e-02 7.367732524871826172e-01 4.251939654350280762e-01 7.715125083923339844e-01 9.282905459403991699e-01 0.000000000000000000e+00 0.000000000000000000e+00 0.000000000000000000e+00
9.337643980979919434e-01 5.355141162872314453e-01 1.561322212219238281e-01 8.269127011299133301e-01 9.347685575485229492e-01 8.764134645462036133e-01 2.318717241287231445e-01 4.313898086547851562e-02 1.643957495689392090e-01 0.000000000000000000e+00 1.000000000000000000e+00 0.000000000000000000e+00
5.378811955451965332e-01 4.987182617187500000e-01 7.375613451004028320e-01 7.133238911628723145e-01 1.874322295188903809e-01 4.140155911445617676e-01 8.390417098999023438e-01 9.862632751464843750e-01 8.074607849121093750e-01 0.000000000000000000e+00 0.000000000000000000e+00 0.000000000000000000e+00
4.645856022834777832e-01 1.087755560874938965e-01 4.008784294128417969e-01 3.767704963684082031e-01 5.416148304939270020e-01 5.652338266372680664e-02 6.173468232154846191e-01 2.293558120727539062e-01 3.415828943252563477e-02 0.000000000000000000e+00 1.000000000000000000e+00 0.000000000000000000e+00
9.959731698036193848e-01 6.881028413772583008e-02 9.925309419631958008e-01 8.959377408027648926e-01 9.041983485221862793e-01 8.713108897209167480e-01 5.355268120765686035e-01 1.368975639343261719e-01 9.916476011276245117e-01 0.000000000000000000e+00 0.000000000000000000e+00 0.000000000000000000e+00
8.795995116233825684e-01 3.686646223068237305e-01 6.092872023582458496e-01 4.849528074264526367e-01 9.564080238342285156e-01 5.683472156524658203e-01 3.421888351440429688e-01 5.498023629188537598e-01 3.372493982315063477e-01 1.000000000000000000e+00 0.000000000000000000e+00 0.000000000000000000e+00
5.034084320068359375e-01 4.622634649276733398e-01 2.807261943817138672e-01 1.771814227104187012e-01 9.544946551322937012e-01 8.620308637619018555e-01 4.117876291275024414e-02 4.180955886840820312e-01 9.261701107025146484e-01 0.000000000000000000e+00 0.000000000000000000e+00 0.000000000000000000e+00
2.826424241065979004e-01 6.148480176925659180e-01 3.393139243125915527e-01 4.651609659194946289e-01 3.948354721069335938e-02 2.047689557075500488e-01 3.692452907562255859e-01 4.100577235221862793e-01 7.435078620910644531e-01 1.000000000000000000e+00 0.000000000000000000e+00 0.000000000000000000e+00
5.772581100463867188e-01 8.935992717742919922e-01 1.699937582015991211e-01 8.238109946250915527e-01 3.943353295326232910e-01 3.780229091644287109e-01 8.935508131980895996e-01 2.356364130973815918e-01 1.567549109458923340e-01 0.000000000000000000e+00 0.000000000000000000e+00 0.000000000000000000e+00
6.760052442550659180e-01 5.558965206146240234e-01 8.581885695457458496e-01 5.224241018295288086e-01 3.186175227165222168e-01 8.642925620079040527e-01 6.424593925476074219e-02 9.789889454841613770e-01 5.671073198318481445e-01 0.000000000000000000e+00 0.000000000000000000e+00 0.000000000000000000e+00
9.099065065383911133e-01 1.090713739395141602e-01 6.882761120796203613e-01 4.577445983886718750e-02 2.992535233497619629e-01 2.129138708114624023e-01 3.411886692047119141e-01 4.651460051536560059e-01 8.654969334602355957e-01 0.000000000000000000e+00 1.000000000000000000e+00 0.000000000000000000e+00
7.118639349937438965e-01 6.921423673629760742e-01 6.069797277450561523e-02 9.385417699813842773e-01 2.446281909942626953e-02 8.535550236701965332e-01 3.063603639602661133e-01 5.805388689041137695e-01 8.724919557571411133e-01 1.000000000000000000e+00 0.000000000000000000e+00 0.000000000000000000e+00
9.843124747276306152e-01 3.339713215827941895e-01 8.942026495933532715e-01 6.642004847526550293e-01 7.626085281372070312e-01 3.635700941085815430e-01 9.963113069534301758e-01 7.914173603057861328e-01 2.520846724510192871e-01 0.000000000000000000e+00 0.000000000000000000e+00 0.000000000000000000e+00
7.830498814582824707e-01 6.538773775100708008e-01 1.176577806472778320e-01 7.584128379821777344e-01 4.565052986145019531e-01 5.084028244018554688e-01 5.399240851402282715e-01 3.757541179656982422e-01 1.469295024871826172e-01 0.000000000000000000e+00 0.000000000000000000e+00 0.000000000000000000e+00
9.365777969360351562e-01 5.046182870864868164e-02 9.120192527770996094e-01 1.146733760833740234e-01 1.988405585289001465e-01 2.594496011734008789e-01 6.070792675018310547e-03 6.488120555877685547e-01 4.632474184036254883e-01 0.000000000000000000e+00 0.000000000000000000e+00 0.000000000000000000e+00
2.742234468460083008e-01 8.657544255256652832e-01 3.801499605178833008e-01 3.006939888000488281e-01 4.210472106933593750e-03 9.972822666168212891e-01 1.441858410835266113e-01 6.358429193496704102e-01 3.480297923088073730e-01 0.000000000000000000e+00 0.000000000000000000e+00 0.000000000000000000e+00
8.754403591156005859e-01 4.025831818580627441e-01 2.055506706237792969e-01 5.307014584541320801e-01 7.049432992935180664e-01 6.472653746604919434e-01 3.741784691810607910e-01 2.692113518714904785e-01 7.438874840736389160e-01 1.000000000000000000e+00 1.000000000000000000e+00 1.000000000000000000e+00
7.768551707267761230e-01 3.318732976913452148e-01 7.773685455322265625e-01 5.622794032096862793e-01 4.712142944335937500e-01 5.383062362670898438e-01 8.700277209281921387e-01 9.204515218734741211e-01 2.151380181312561035e-01 0.000000000000000000e+00 0.000000000000000000e+00 0.000000000000000000e+00
8.665071725845336914e-01 9.551345705986022949e-01 2.893053889274597168e-01 8.330211639404296875e-01 5.637415051460266113e-01 7.514578104019165039e-02 4.582753181457519531e-01 3.016157746315002441e-01 2.426420450210571289e-01 0.000000000000000000e+00 0.000000000000000000e+00 0.000000000000000000e+00
4.581829011440277100e-01 8.811848759651184082e-01 7.961593270301818848e-01 9.300321340560913086e-02 7.372604608535766602e-01 9.662383198738098145e-01 7.403640151023864746e-01 7.326382994651794434e-01 3.420217037200927734e-01 0.000000000000000000e+00 0.000000000000000000e+00 0.000000000000000000e+00
4.165488779544830322e-01 9.625042080879211426e-01 9.042565226554870605e-01 2.038116455078125000e-01 2.527959346771240234e-01 5.803280472755432129e-01 3.342240452766418457e-01 1.420497894287109375e-01 1.992130279541015625e-01 0.000000000000000000e+00 0.000000000000000000e+00 0.000000000000000000e+00
5.273181796073913574e-01 3.293412923812866211e-01 1.395897269248962402e-01 8.716481924057006836e-02 6.830720901489257812e-01 1.536270976066589355e-01 9.764665365219116211e-01 9.322415590286254883e-01 8.966685533523559570e-01 1.000000000000000000e+00 0.000000000000000000e+00 0.000000000000000000e+00
1.018113717436790466e-01 5.665016174316406250e-01 4.252241253852844238e-01 4.244020581245422363e-01 1.060230731964111328e-01 8.302238583564758301e-01 2.740278840065002441e-01 9.745090007781982422e-01 1.100624799728393555e-01 0.000000000000000000e+00 0.000000000000000000e+00 0.000000000000000000e+00
9.953734278678894043e-01 7.173568010330200195e-02 3.451390266418457031e-01 7.709799408912658691e-01 8.143834471702575684e-01 5.415618419647216797e-03 3.539794683456420898e-01 8.600836992263793945e-02 5.730359554290771484e-01 0.000000000000000000e+00 0.000000000000000000e+00 0.000000000000000000e+00
2.363493889570236206e-01 7.492823600769042969e-01 3.916020393371582031e-01 4.092514514923095703e-02 1.518428325653076172e-03 2.587608098983764648e-01 2.750741243362426758e-01 4.811567664146423340e-01 8.127636313438415527e-01 0.000000000000000000e+00 1.000000000000000000e+00 0.000000000000000000e+00
6.832110881805419922e-01 3.661835789680480957e-01 9.251738786697387695e-01 5.770881772041320801e-01 1.613546013832092285e-01 5.747787952423095703e-01 6.169056296348571777e-01 5.340733528137207031e-01 1.818750500679016113e-01 0.000000000000000000e+00 0.000000000000000000e+00 0.000000000000000000e+00
8.490108847618103027e-01 2.256883978843688965e-01 8.145158290863037109e-01 1.501476168632507324e-01 3.046884536743164062e-01 2.343730926513671875e-01 8.775703310966491699e-01 6.542611718177795410e-01 5.348836183547973633e-01 1.000000000000000000e+00 1.000000000000000000e+00 1.000000000000000000e+00
5.717122554779052734e-01 2.335553169250488281e-01 4.358840584754943848e-01 3.763300180435180664e-01 5.759145617485046387e-01 2.069741487503051758e-01 8.937437534332275391e-01 4.445204138755798340e-01 4.520241022109985352e-01 1.000000000000000000e+00 0.000000000000000000e+00 0.000000000000000000e+00
3.037573099136352539e-01 2.892708778381347656e-01 1.512919664382934570e-01 3.001964092254638672e-01 3.618960976600646973e-01 8.152194619178771973e-01 8.827181458473205566e-01 7.667511701583862305e-01 4.061456918716430664e-01 1.000000000000000000e+00 1.000000000000000000e+00 1.000000000000000000e+00
5.291707515716552734e-01 5.613923072814941406e-01 3.927240967750549316e-01 4.402424693107604980e-01 4.624460339546203613e-01 7.312934994697570801e-01 6.817759871482849121e-01 6.467043757438659668e-01 8.499784469604492188e-01 1.000000000000000000e+00 0.000000000000000000e+00 0.000000000000000000e+00
9.907128214836120605e-01 4.628618955612182617e-01 6.920550465583801270e-01 9.577750563621520996e-01 8.633834123611450195e-01 4.948921799659729004e-01 1.273976564407348633e-01 2.953283786773681641e-01 8.466368913650512695e-01 0.000000000000000000e+00 0.000000000000000000e+00 0.000000000000000000e+00
6.750391721725463867e-01 8.859027624130249023e-01 3.926591873168945312e-01 5.601651668548583984e-01 1.859835982322692871e-01 1.131374239921569824e-01 3.548166751861572266e-01 7.504461407661437988e-01 8.714150190353393555e-01 1.000000000000000000e+00 0.000000000000000000e+00 0.000000000000000000e+00
7.561095952987670898e-01 8.547825813293457031e-01 9.449207782745361328e-02 3.092452287673950195e-01 7.219210863113403320e-01 2.330243587493896484e-02 2.898889183998107910e-01 1.215308904647827148e-02 8.844846487045288086e-02 0.000000000000000000e+00 0.000000000000000000e+00 0.000000000000000000e+00
6.989452242851257324e-01 9.623647928237915039e-01 9.625087976455688477e-01 3.388969302177429199e-01 4.912640452384948730e-01 6.489509344100952148e-02 3.185383677482604980e-01 9.126284718513488770e-01 5.050505995750427246e-01 0.000000000000000000e+00 0.000000000000000000e+00 0.000000000000000000e+00
5.101143121719360352e-01 9.078533649444580078e-01 3.796541094779968262e-01 3.201541304588317871e-01 7.322249412536621094e-01 4.892023205757141113e-01 6.489948034286499023e-01 8.956736922264099121e-01 9.522071480751037598e-01 1.000000000000000000e+00 0.000000000000000000e+00 0.000000000000000000e+00
6.268635392189025879e-01 8.336462378501892090e-01 5.560984611511230469e-01 4.227727055549621582e-01 9.536007642745971680e-01 4.829843044281005859e-01 8.315083384513854980e-01 5.675523281097412109e-01 7.407537698745727539e-01 1.000000000000000000e+00 0.000000000000000000e+00 0.000000000000000000e+00
7.877276539802551270e-01 2.233938574790954590e-01 8.301788568496704102e-01 2.589286565780639648e-01 1.618264317512512207e-01 9.395948648452758789e-01 8.347153067588806152e-01 5.579320192337036133e-01 5.493978261947631836e-01 1.000000000000000000e+00 0.000000000000000000e+00 0.000000000000000000e+00
9.906141757965087891e-01 1.581111550331115723e-01 8.905053734779357910e-01 8.874355554580688477e-01 9.434953927993774414e-01 8.338970541954040527e-01 1.159224510192871094e-01 6.613267064094543457e-01 1.672248840332031250e-01 0.000000000000000000e+00 0.000000000000000000e+00 0.000000000000000000e+00
8.757491111755371094e-01 6.959080696105957031e-01 1.686375141143798828e-01 7.524327635765075684e-01 1.898797154426574707e-01 1.984962224960327148e-01 8.893687129020690918e-01 6.242275238037109375e-03 9.296814203262329102e-01 0.000000000000000000e+00 0.000000000000000000e+00 0.000000000000000000e+00
1.722338646650314331e-01 6.989531517028808594e-01 3.491120338439941406e-01 1.964802145957946777e-01 4.252392053604125977e-02 7.773301005363464355e-01 1.922332644462585449e-01 4.362757802009582520e-01 7.946676015853881836e-02 1.000000000000000000e+00 0.000000000000000000e+00 0.000000000000000000e+00
3.293579816818237305e-01 3.745063543319702148e-01 6.409800648689270020e-01 1.822813749313354492e-01 1.620129942893981934e-01 6.780808568000793457e-01 4.342765808105468750e-01 1.224335432052612305e-01 8.191655278205871582e-01 1.000000000000000000e+00 0.000000000000000000e+00 0.000000000000000000e+00
4.927604496479034424e-01 8.233276009559631348e-01 9.710903763771057129e-01 2.035940885543823242e-01 6.287947893142700195e-01 7.141143679618835449e-01 5.363966226577758789e-01 3.740975856781005859e-01 6.435258984565734863e-01 0.000000000000000000e+00 0.000000000000000000e+00 0.000000000000000000e+00
9.208847284317016602e-01 6.639646887779235840e-01 6.025680303573608398e-01 5.473718047142028809e-01 9.959994554519653320e-01 7.874323725700378418e-01 3.035132884979248047e-01 1.140995621681213379e-01 9.760344624519348145e-01 0.000000000000000000e+00 0.000000000000000000e+00 0.000000000000000000e+00
9.924747347831726074e-01 1.396909952163696289e-01 3.462855219841003418e-01 9.185656309127807617e-01 5.827729105949401855e-01 2.857751250267028809e-01 5.268653631210327148e-01 2.038756608963012695e-01 7.031388282775878906e-01 0.000000000000000000e+00 1.000000000000000000e+00 0.000000000000000000e+00
9.293545484542846680e-01 2.550123929977416992e-01 4.454944729804992676e-01 7.847592830657958984e-01 5.458444952964782715e-01 4.231831431388854980e-01 5.021860003471374512e-01 7.472299933433532715e-01 6.170652508735656738e-01 0.000000000000000000e+00 0.000000000000000000e+00 0.000000000000000000e+00
3.650670349597930908e-01 8.483926653861999512e-01 8.490109443664550781e-01 6.742940545082092285e-01 2.601330876350402832e-01 4.379987716674804688e-01 3.253773450851440430e-01 1.499056816101074219e-04 8.208265304565429688e-01 1.000000000000000000e+00 0.000000000000000000e+00 0.000000000000000000e+00
8.239191770553588867e-01 9.651988744735717773e-01 8.596054315567016602e-01 9.634611606597900391e-01 1.419423222541809082e-01 3.296526670455932617e-01 5.494254827499389648e-02 9.980446100234985352e-02 9.929066896438598633e-02 0.000000000000000000e+00 0.000000000000000000e+00 0.000000000000000000e+00
6.663863062858581543e-01 9.689399003982543945e-01 8.564725518226623535e-01 5.423765778541564941e-01 6.505635380744934082e-01 3.805878162384033203e-01 1.107922792434692383e-01 3.739137649536132812e-01 5.222259759902954102e-01 0.000000000000000000e+00 0.000000000000000000e+00 0.000000000000000000e+00
7.184643745422363281e-01 7.790219187736511230e-01 8.909806609153747559e-01 3.286081552505493164e-01 8.001824021339416504e-01 8.686823844909667969e-01 3.596034646034240723e-01 8.804664015769958496e-01 1.142528653144836426e-01 0.000000000000000000e+00 0.000000000000000000e+00 0.000000000000000000e+00
8.955484032630920410e-01 9.848527312278747559e-01 1.388103961944580078e-01 8.323413133621215820e-01 9.495040774345397949e-01 6.315708160400390625e-03 8.613551259040832520e-01 1.787775754928588867e-01 3.398385643959045410e-01 1.000000000000000000e+00 0.000000000000000000e+00 0.000000000000000000e+00
3.611669242382049561e-01 6.636202931404113770e-01 3.978514671325683594e-01 3.059719800949096680e-01 2.130453586578369141e-01 2.659099102020263672e-01 4.280423521995544434e-01 3.701508045196533203e-02 9.564429521560668945e-01 1.000000000000000000e+00 0.000000000000000000e+00 0.000000000000000000e+00
4.047126173973083496e-01 9.541989564895629883e-01 6.459925770759582520e-01 1.397271752357482910e-01 5.784980058670043945e-01 6.283849477767944336e-02 7.787066698074340820e-01 9.251408576965332031e-01 2.815937399864196777e-01 0.000000000000000000e+00 1.000000000000000000e+00 0.000000000000000000e+00
9.220912456512451172e-01 1.957990527153015137e-01 7.518621683120727539e-01 3.285815715789794922e-01 3.839444518089294434e-01 2.316702008247375488e-01 7.419955730438232422e-02 1.618344783782958984e-01 5.857071280479431152e-01 0.000000000000000000e+00 0.000000000000000000e+00 0.000000000000000000e+00
3.010300993919372559e-01 8.946922421455383301e-01 6.076341867446899414e-02 6.893880367279052734e-01 3.045895695686340332e-01 7.016375064849853516e-01 6.464018225669860840e-01 5.874674320220947266e-01 2.735954523086547852e-02 1.000000000000000000e+00 0.000000000000000000e+00 0.000000000000000000e+00
9.533742070198059082e-01 5.209929943084716797e-01 3.345131874084472656e-02 9.766474962234497070e-01 2.521163821220397949e-01 3.137279748916625977e-01 8.451664447784423828e-01 9.831304550170898438e-01 4.909917712211608887e-01 0.000000000000000000e+00 0.000000000000000000e+00 0.000000000000000000e+00
3.842410445213317871e-01 3.830027580261230469e-02 2.221902608871459961e-01 3.021529912948608398e-01 7.144104838371276855e-01 1.920104026794433594e-02 6.839882731437683105e-01 6.862633228302001953e-01 3.092160820960998535e-01 1.000000000000000000e+00 0.000000000000000000e+00 0.000000000000000000e+00
2.439929395914077759e-01 5.238170623779296875e-01 1.772838830947875977e-01 1.474040746688842773e-01 3.046308755874633789e-01 2.047454118728637695e-01 5.941758751869201660e-01 2.998503446578979492e-01 7.495580911636352539e-01 0.000000000000000000e+00 0.000000000000000000e+00 0.000000000000000000e+00
9.767630100250244141e-01 3.143982887268066406e-01 5.387467741966247559e-01 7.735674977302551270e-01 5.783988237380981445e-01 9.385377168655395508e-02 5.964480042457580566e-01 7.884263992309570312e-02 1.515322327613830566e-01 0.000000000000000000e+00 1.000000000000000000e+00 0.000000000000000000e+00
5.155981183052062988e-01 5.156462192535400391e-01 4.769392013549804688e-01 7.028105854988098145e-01 7.186025381088256836e-02 2.528444528579711914e-01 5.031059980392456055e-01 5.627017021179199219e-01 5.433311462402343750e-01 0.000000000000000000e+00 0.000000000000000000e+00 0.000000000000000000e+00
2.370768040418624878e-01 8.699428439140319824e-01 7.244865894317626953e-01 4.407703876495361328e-01 2.388426661491394043e-01 7.977744936943054199e-01 6.015983223915100098e-01 9.507439136505126953e-01 7.268759608268737793e-01 0.000000000000000000e+00 0.000000000000000000e+00 0.000000000000000000e+00
9.661812782287597656e-01 6.418609619140625000e-02 5.791327357292175293e-01 9.760278463363647461e-02 9.334765672683715820e-01 1.028323173522949219e-01 2.285710573196411133e-01 5.653793811798095703e-01 1.501011848449707031e-01 0.000000000000000000e+00 1.000000000000000000e+00 0.000000000000000000e+00
5.760934352874755859e-01 3.703987598419189453e-02 2.331143021583557129e-01 3.534412384033203125e-01 9.116901755332946777e-01 9.823998212814331055e-01 7.536861896514892578e-01 9.454293251037597656e-01 2.795392870903015137e-01 0.000000000000000000e+00 0.000000000000000000e+00 0.000000000000000000e+00
3.009963333606719971e-01 9.569102525711059570e-01 8.799797296524047852e-02 2.759446501731872559e-01 7.534314990043640137e-01 7.346836924552917480e-01 4.520189762115478516e-01 2.900002598762512207e-01 7.026934623718261719e-02 1.000000000000000000e+00 0.000000000000000000e+00 0.000000000000000000e+00
8.367807269096374512e-01 4.432368278503417969e-01 9.474929571151733398e-01 6.363626122474670410e-01 4.457727670669555664e-01 5.591263175010681152e-01 3.173369765281677246e-01 8.130033612251281738e-01 3.937055468559265137e-01 0.000000000000000000e+00 0.000000000000000000e+00 0.000000000000000000e+00
6.168100237846374512e-01 4.449805021286010742e-01 9.672468900680541992e-02 5.899242162704467773e-01 1.148529648780822754e-01 1.764578819274902344e-01 9.654042124748229980e-01 4.316211938858032227e-01 6.323054432868957520e-01 1.000000000000000000e+00 0.000000000000000000e+00 0.000000000000000000e+00
5.621841549873352051e-01 7.366099357604980469e-01 5.782667398452758789e-01 8.938478827476501465e-01 3.901404142379760742e-02 3.186137080192565918e-01 9.959530234336853027e-01 6.862247586250305176e-01 3.278315663337707520e-01 0.000000000000000000e+00 0.000000000000000000e+00 0.000000000000000000e+00
9.978487491607666016e-01 8.494001626968383789e-02 2.349027991294860840e-01 9.949444532394409180e-01 5.729759931564331055e-01 2.866880893707275391e-01 1.293471455574035645e-01 8.608172535896301270e-01 3.926671147346496582e-01 0.000000000000000000e+00 0.000000000000000000e+00 0.000000000000000000e+00
7.780619263648986816e-01 7.006467580795288086e-01 6.355422735214233398e-01 7.787679433822631836e-01 4.055888056755065918e-01 8.499897718429565430e-01 3.305269479751586914e-01 9.540851116180419922e-01 1.284720897674560547e-01 0.000000000000000000e+00 0.000000000000000000e+00 0.000000000000000000e+00
2.179653197526931763e-01 7.646815776824951172e-01 9.020451307296752930e-01 2.728042602539062500e-01 8.638876676559448242e-02 6.311131715774536133e-01 4.541486501693725586e-02 3.827149271965026855e-01 6.639694571495056152e-01 0.000000000000000000e+00 1.000000000000000000e+00 0.000000000000000000e+00
9.823216199874877930e-01 1.114323139190673828e-01 7.653542757034301758e-01 5.978642106056213379e-01 8.488680720329284668e-01 4.951875209808349609e-01 6.016451120376586914e-02 8.863186240196228027e-01 9.106160402297973633e-01 1.000000000000000000e+00 0.000000000000000000e+00 0.000000000000000000e+00
5.596255064010620117e-01 6.226947307586669922e-01 4.145728349685668945e-01 1.509684920310974121e-01 4.940384626388549805e-01 3.040473461151123047e-01 3.644999861717224121e-01 4.797760844230651855e-01 7.036922574043273926e-01 0.000000000000000000e+00 0.000000000000000000e+00 0.000000000000000000e+00
9.859210848808288574e-01 1.496288776397705078e-01 4.525617361068725586e-01 7.052366733551025391e-01 6.179634928703308105e-01 9.636455774307250977e-02 8.616945743560791016e-01 1.118946075439453125e-01 4.739831089973449707e-01 0.000000000000000000e+00 0.000000000000000000e+00 0.000000000000000000e+00
7.088882923126220703e-01 8.359643220901489258e-01 5.341460704803466797e-01 7.337521910667419434e-01 4.585684537887573242e-01 2.421354651451110840e-01 1.332623362541198730e-01 6.460447311401367188e-01 9.727380275726318359e-01 0.000000000000000000e+00 0.000000000000000000e+00 0.000000000000000000e+00
3.444974124431610107e-01 3.193880915641784668e-01 4.765042662620544434e-01 1.413304209709167480e-01 1.016851663589477539e-01 1.085019111633300781e-01 7.500684261322021484e-02 9.586393237113952637e-01 6.717763543128967285e-01 0.000000000000000000e+00 0.000000000000000000e+00 0.000000000000000000e+00
9.110666513442993164e-01 9.528232216835021973e-01 8.893321752548217773e-01 7.861653566360473633e-01 9.216533303260803223e-01 3.610151410102844238e-01 8.695780038833618164e-01 2.880001068115234375e-01 9.522747993469238281e-02 0.000000000000000000e+00 0.000000000000000000e+00 0.000000000000000000e+00
7.305346131324768066e-01 6.350231766700744629e-01 9.944933652877807617e-01 6.131888628005981445e-01 4.026166796684265137e-01 4.568841457366943359e-01 1.364926099777221680e-01 4.580038785934448242e-01 9.799790978431701660e-01 1.000000000000000000e+00 0.000000000000000000e+00 0.000000000000000000e+00
8.440007567405700684e-01 5.534756779670715332e-01 8.070081472396850586e-02 9.570904970169067383e-01 4.053004980087280273e-01 8.604802489280700684e-01 3.088117837905883789e-01 1.390740871429443359e-01 1.292641758918762207e-01 0.000000000000000000e+00 0.000000000000000000e+00 0.000000000000000000e+00
7.611892819404602051e-01 1.058170795440673828e-01 4.147664308547973633e-01 6.193642616271972656e-01 3.501433134078979492e-01 8.393734693527221680e-01 9.745955467224121094e-01 3.327136635780334473e-01 8.400726914405822754e-01 1.000000000000000000e+00 0.000000000000000000e+00 0.000000000000000000e+00
3.363077640533447266e-01 3.476361632347106934e-01 1.926193833351135254e-01 3.946518301963806152e-01 1.241755485534667969e-01 5.010280609130859375e-01 2.535368800163269043e-01 4.130727648735046387e-01 2.214491367340087891e-03 0.000000000000000000e+00 1.000000000000000000e+00 0.000000000000000000e+00
8.091799020767211914e-01 2.148278355598449707e-01 4.929391145706176758e-01 6.200128793716430664e-01 4.852204322814941406e-01 5.149597525596618652e-01 2.598444819450378418e-01 9.070695042610168457e-01 5.044895410537719727e-01 0.000000000000000000e+00 0.000000000000000000e+00 0.000000000000000000e+00
1.665635406970977783e-01 6.395617127418518066e-01 7.192154526710510254e-01 6.359088420867919922e-02 2.457439899444580078e-01 1.772201657295227051e-01 6.630972027778625488e-01 7.411807775497436523e-01 6.178447604179382324e-01 0.000000000000000000e+00 1.000000000000000000e+00 0.000000000000000000e+00
2.101522386074066162e-01 9.749631881713867188e-01 2.420513033866882324e-01 1.342304348945617676e-01 4.006671309471130371e-01 2.288956046104431152e-01 5.578969717025756836e-01 8.809419870376586914e-01 5.079998373985290527e-01 0.000000000000000000e+00 1.000000000000000000e+00 0.000000000000000000e+00
3.166432380676269531e-01 6.227920055389404297e-01 6.651538610458374023e-01 2.007300853729248047e-01 5.011085271835327148e-01 6.126503944396972656e-01 5.708439946174621582e-01 4.161151051521301270e-01 2.047593593597412109e-01 0.000000000000000000e+00 0.000000000000000000e+00 0.000000000000000000e+00
7.948613762855529785e-01 6.031870841979980469e-01 9.740135073661804199e-01 5.944533944129943848e-01 5.451756715774536133e-01 4.854135513305664062e-01 2.577807903289794922e-01 7.131361365318298340e-01 4.640135765075683594e-01 0.000000000000000000e+00 0.000000000000000000e+00 0.000000000000000000e+00
4.309453368186950684e-01 5.667523145675659180e-01 9.001973867416381836e-01 9.306162595748901367e-02 3.052009344100952148e-01 6.366789340972900391e-01 8.452361822128295898e-01 9.296867251396179199e-01 8.655506372451782227e-02 0.000000000000000000e+00 0.000000000000000000e+00 0.000000000000000000e+00
2.170353233814239502e-01 3.721699118614196777e-01 3.143202066421508789e-01 1.175043582916259766e-01 6.527428627014160156e-01 8.938243985176086426e-01 9.487717747688293457e-01 2.322295308113098145e-01 6.327710747718811035e-01 1.000000000000000000e+00 0.000000000000000000e+00 0.000000000000000000e+00
3.727593719959259033e-01 7.238073945045471191e-01 2.446038126945495605e-01 4.002016186714172363e-01 8.370947837829589844e-02 6.040681004524230957e-01 5.634752511978149414e-01 2.319081425666809082e-01 6.420215368270874023e-01 1.000000000000000000e+00 0.000000000000000000e+00 0.000000000000000000e+00
8.904691934585571289e-01 4.288771748542785645e-01 1.372333765029907227e-01 9.794864654541015625e-01 1.258215904235839844e-01 7.392481565475463867e-01 4.885087609291076660e-01 8.297773599624633789e-01 2.683508992195129395e-01 0.000000000000000000e+00 0.000000000000000000e+00 0.000000000000000000e+00
8.964418768882751465e-01 2.589412927627563477e-01 1.849762201309204102e-01 9.004719257354736328e-01 3.121027350425720215e-01 7.902628183364868164e-01 8.969218134880065918e-01 2.006385922431945801e-01 6.153337955474853516e-01 0.000000000000000000e+00 0.000000000000000000e+00 0.000000000000000000e+00
7.798241972923278809e-01 9.352162480354309082e-01 4.463964700698852539e-02 9.608057737350463867e-01 2.100989222526550293e-01 2.406626343727111816e-01 9.229170680046081543e-01 2.196657061576843262e-01 5.424445271492004395e-01 1.000000000000000000e+00 0.000000000000000000e+00 0.000000000000000000e+00
7.559311389923095703e-01 9.107379913330078125e-01 2.327638864517211914e-02 9.034823775291442871e-01 4.071522355079650879e-01 9.863412976264953613e-01 2.488414049148559570e-01 3.198954463005065918e-01 7.018346190452575684e-01 0.000000000000000000e+00 0.000000000000000000e+00 0.000000000000000000e+00
6.068872809410095215e-01 6.817462444305419922e-01 6.661005616188049316e-01 2.973895668983459473e-01 7.151174545288085938e-01 1.981496810913085938e-01 8.946770429611206055e-01 3.741297721862792969e-01 4.478338360786437988e-01 1.000000000000000000e+00 0.000000000000000000e+00 0.000000000000000000e+00
7.998973727226257324e-01 9.505294561386108398e-01 7.022528648376464844e-01 5.495750308036804199e-01 8.074513673782348633e-01 2.508410215377807617e-01 4.343550801277160645e-01 5.444582104682922363e-01 5.428492426872253418e-01 0.000000000000000000e+00 0.000000000000000000e+00 0.000000000000000000e+00
7.180470824241638184e-01 6.329885125160217285e-01 1.644152998924255371e-01 2.811089754104614258e-01 9.794259071350097656e-01 6.619226932525634766e-02 6.636527180671691895e-01 2.422422170639038086e-02 2.698123455047607422e-01 0.000000000000000000e+00 0.000000000000000000e+00 0.000000000000000000e+00
9.111926555633544922e-01 5.317912101745605469e-01 3.870898485183715820e-02 8.244979977607727051e-01 1.781713962554931641e-01 1.604796648025512695e-01 3.904021978378295898e-01 3.505874872207641602e-01 4.919911026954650879e-01 0.000000000000000000e+00 1.000000000000000000e+00 0.000000000000000000e+00
4.656167030334472656e-01 4.370514154434204102e-01 2.858232259750366211e-01 1.603297591209411621e-01 7.994252443313598633e-01 3.111028075218200684e-01 5.489318966865539551e-01 5.241619348526000977e-01 7.734380364418029785e-01 1.000000000000000000e+00 0.000000000000000000e+00 0.000000000000000000e+00
2.736608684062957764e-01 4.865636229515075684e-01 3.599148988723754883e-01 1.941413879394531250e-01 2.631938457489013672e-01 3.409032821655273438e-01 2.468559145927429199e-01 9.565075039863586426e-01 2.496585845947265625e-01 0.000000000000000000e+00 1.000000000000000000e+00 0.000000000000000000e+00
2.564435899257659912e-01 2.645718455314636230e-01 4.013929963111877441e-01 5.851012468338012695e-02 3.673591017723083496e-01 3.107352256774902344e-01 8.921709060668945312e-01 6.664268374443054199e-01 9.854632616043090820e-02 0.000000000000000000e+00 0.000000000000000000e+00 0.000000000000000000e+00
9.011223912239074707e-01 2.235326170921325684e-01 9.949028491973876953e-01 3.452783823013305664e-01 6.780171394348144531e-01 7.232483625411987305e-01 4.800764918327331543e-01 9.625812768936157227e-01 9.228823184967041016e-01 0.000000000000000000e+00 0.000000000000000000e+00 0.000000000000000000e+00
9.950631260871887207e-01 6.838321685791015625e-02 2.295035123825073242e-01 8.590039014816284180e-01 6.105347871780395508e-01 2.331642508506774902e-01 7.878927588462829590e-01 2.765834331512451172e-03 2.260081768035888672e-01 0.000000000000000000e+00 0.000000000000000000e+00 0.000000000000000000e+00
8.749026060104370117e-01 7.748034596443176270e-01 9.678141474723815918e-01 5.124514698982238770e-01 9.597344398498535156e-01 3.644279837608337402e-01 3.499801158905029297e-01 5.010762214660644531e-01 8.728195428848266602e-01 0.000000000000000000e+00 0.000000000000000000e+00 0.000000000000000000e+00
5.890367031097412109e-01 9.398095011711120605e-01 6.197089552879333496e-01 7.214987874031066895e-01 2.426314353942871094e-02 3.201848268508911133e-02 6.771897077560424805e-01 1.315773725509643555e-01 2.701198458671569824e-01 0.000000000000000000e+00 0.000000000000000000e+00 0.000000000000000000e+00
9.668431878089904785e-01 1.690851449966430664e-01 4.750446081161499023e-01 7.787580490112304688e-01 6.498854160308837891e-01 9.033588171005249023e-01 1.759892106056213379e-01 3.664388060569763184e-01 3.236528038978576660e-01 0.000000000000000000e+00 1.000000000000000000e+00 0.000000000000000000e+00
2.598742246627807617e-01 7.383790016174316406e-01 2.164725065231323242e-01 2.551186084747314453e-01 3.841286897659301758e-01 4.280433058738708496e-01 1.909404397010803223e-01 7.768250703811645508e-01 2.514539361000061035e-01 0.000000000000000000e+00 0.000000000000000000e+00 0.000000000000000000e+00
8.608281612396240234e-01 2.452141046524047852e-01 8.787050247192382812e-01 2.067736983299255371e-01 7.781053781509399414e-01 9.814078211784362793e-01 2.176760435104370117e-01 7.577162384986877441e-01 7.125207781791687012e-01 0.000000000000000000e+00 0.000000000000000000e+00 0.000000000000000000e+00
8.229907155036926270e-01 4.581707715988159180e-02 3.541684150695800781e-01 4.950047135353088379e-01 5.396515727043151855e-01 1.286076307296752930e-01 2.746788859367370605e-01 7.713782787322998047e-02 1.330221295356750488e-01 0.000000000000000000e+00 0.000000000000000000e+00 0.000000000000000000e+00
9.392395615577697754e-01 3.469207286834716797e-01 9.727550148963928223e-01 5.427253246307373047e-01 7.293443083763122559e-01 7.524464726448059082e-01 6.852403879165649414e-01 8.269275426864624023e-01 2.417728900909423828e-01 1.000000000000000000e+00 0.000000000000000000e+00 0.000000000000000000e+00
9.538100957870483398e-01 1.487364172935485840e-01 8.827214241027832031e-01 1.512037515640258789e-01 4.443091750144958496e-01 7.858997583389282227e-02 3.145772814750671387e-01 1.712405681610107422e-02 2.360060214996337891e-01 0.000000000000000000e+00 0.000000000000000000e+00 0.000000000000000000e+00
7.796752452850341797e-01 1.454462409019470215e-01 4.312421083450317383e-01 2.548945546150207520e-01 8.722804188728332520e-01 1.558499932289123535e-01 4.118748903274536133e-01 2.491382956504821777e-01 3.266680240631103516e-02 0.000000000000000000e+00 1.000000000000000000e+00 0.000000000000000000e+00
3.476902842521667480e-01 5.124843716621398926e-01 9.719747304916381836e-02 9.757024049758911133e-02 6.199920773506164551e-01 4.863389730453491211e-01 4.688331484794616699e-01 2.473940253257751465e-01 3.467325568199157715e-01 0.000000000000000000e+00 1.000000000000000000e+00 0.000000000000000000e+00
7.084660530090332031e-01 4.016109704971313477e-01 9.328199625015258789e-01 6.983458995819091797e-03 7.429993152618408203e-01 9.433809518814086914e-01 3.638132214546203613e-01 4.177921414375305176e-01 2.761403918266296387e-01 0.000000000000000000e+00 1.000000000000000000e+00 0.000000000000000000e+00
7.352016568183898926e-01 3.468394279479980469e-02 4.242846965789794922e-01 5.450990796089172363e-01 3.098970651626586914e-01 3.626094460487365723e-01 7.441318035125732422e-01 5.254652500152587891e-01 5.645154714584350586e-01 1.000000000000000000e+00 0.000000000000000000e+00 0.000000000000000000e+00
9.953200221061706543e-01 3.585504889488220215e-01 1.146762371063232422e-01 9.944441318511962891e-01 8.923211097717285156e-01 4.731648564338684082e-01 8.304862976074218750e-01 9.470306634902954102e-01 6.049695014953613281e-01 0.000000000000000000e+00 0.000000000000000000e+00 0.000000000000000000e+00
9.237919449806213379e-01 5.794000625610351562e-01 9.784335494041442871e-01 3.734506964683532715e-01 7.220677733421325684e-01 3.171730041503906250e-01 9.262891411781311035e-01 6.771922111511230469e-03 7.334359884262084961e-01 0.000000000000000000e+00 0.000000000000000000e+00 0.000000000000000000e+00
6.729950904846191406e-01 9.326941967010498047e-01 6.940230727195739746e-01 5.036911368370056152e-01 9.491999149322509766e-01 3.202190399169921875e-01 1.164142489433288574e-01 2.654271125793457031e-01 4.622784852981567383e-01 0.000000000000000000e+00 0.000000000000000000e+00 0.000000000000000000e+00
8.998633623123168945e-01 3.357263207435607910e-01 7.092722058296203613e-01 2.486519813537597656e-01 8.848037123680114746e-01 2.339138388633728027e-01 2.409458160400390625e-03 4.494684338569641113e-01 6.519615650177001953e-03 0.000000000000000000e+00 0.000000000000000000e+00 0.000000000000000000e+00
4.716259539127349854e-01 9.099712967872619629e-01 4.449605345726013184e-01 1.103117465972900391e-01 7.732682228088378906e-01 6.315569877624511719e-01 2.504948973655700684e-01 2.165874838829040527e-01 6.736043691635131836e-01 0.000000000000000000e+00 0.000000000000000000e+00 0.000000000000000000e+00
9.471638798713684082e-01 1.563690304756164551e-01 1.477588415145874023e-01 8.601925373077392578e-01 6.257331371307373047e-02 4.739861488342285156e-01 7.132995128631591797e-02 7.706687450408935547e-01 8.830417990684509277e-01 0.000000000000000000e+00 0.000000000000000000e+00 0.000000000000000000e+00
9.804047942161560059e-01 1.079391241073608398e-01 9.265663027763366699e-01 3.775467872619628906e-01 7.862154245376586914e-01 5.847697257995605469e-01 6.057289242744445801e-01 9.612661004066467285e-01 8.002896308898925781e-01 1.000000000000000000e+00 0.000000000000000000e+00 0.000000000000000000e+00
9.871693849563598633e-01 2.440224289894104004e-01 9.732236862182617188e-01 6.163578629493713379e-01 3.289387822151184082e-01 9.635996818542480469e-02 7.315419912338256836e-01 3.716338872909545898e-01 3.743970394134521484e-01 0.000000000000000000e+00 0.000000000000000000e+00 0.000000000000000000e+00
5.339415073394775391e-01 6.646935939788818359e-01 7.567179203033447266e-02 2.681974172592163086e-01 6.379820704460144043e-01 4.522604942321777344e-01 6.437168121337890625e-01 5.710124969482421875e-03 9.763945341110229492e-01 0.000000000000000000e+00 0.000000000000000000e+00 0.000000000000000000e+00
3.083728253841400146e-01 6.783782839775085449e-01 5.584964752197265625e-01 5.635787248611450195e-01 2.495521306991577148e-01 9.915606379508972168e-01 9.496972560882568359e-01 4.294202923774719238e-01 8.419334888458251953e-01 0.000000000000000000e+00 0.000000000000000000e+00 0.000000000000000000e+00
3.113763928413391113e-01 8.334099650382995605e-01 5.772044062614440918e-01 4.655450582504272461e-02 5.661001801490783691e-01 3.069638013839721680e-01 5.150638222694396973e-01 5.087741613388061523e-01 9.124196171760559082e-01 0.000000000000000000e+00 0.000000000000000000e+00 0.000000000000000000e+00
7.250267267227172852e-01 1.480975151062011719e-01 8.707717657089233398e-01 1.349962949752807617e-01 3.767173290252685547e-01 9.025074839591979980e-01 7.725399732589721680e-02 4.736132621765136719e-01 4.798167943954467773e-02 0.000000000000000000e+00 1.000000000000000000e+00 0.000000000000000000e+00
2.673444747924804688e-01 6.845954060554504395e-01 3.948459029197692871e-01 2.660143375396728516e-02 6.926504373550415039e-01 4.401641488075256348e-01 9.490563869476318359e-01 9.647265076637268066e-01 2.299929857254028320e-01 1.000000000000000000e+00 0.000000000000000000e+00 0.000000000000000000e+00
8.172973990440368652e-01 1.387877464294433594e-01 6.290646791458129883e-01 3.541029691696166992e-01 9.204822778701782227e-01 9.509150981903076172e-01 9.260740876197814941e-01 6.671119928359985352e-01 4.093985557556152344e-01 1.000000000000000000e+00 0.000000000000000000e+00 0.000000000000000000e+00
9.170586466789245605e-01 9.353050589561462402e-01 7.860764861106872559e-01 9.657770991325378418e-01 7.594009637832641602e-01 9.835883378982543945e-01 5.958591699600219727e-01 4.477094411849975586e-01 5.713117718696594238e-01 0.000000000000000000e+00 0.000000000000000000e+00 0.000000000000000000e+00
9.051613211631774902e-01 3.902575373649597168e-01 8.196931481361389160e-01 5.247695446014404297e-01 8.558942675590515137e-01 6.670037508010864258e-01 8.153712749481201172e-01 8.931962847709655762e-01 7.806056737899780273e-02 1.000000000000000000e+00 1.000000000000000000e+00 1.000000000000000000e+00
3.517099618911743164e-01 9.880857467651367188e-01 9.559241533279418945e-01 5.699813365936279297e-03 8.770926594734191895e-01 3.165660500526428223e-01 5.723670721054077148e-01 1.706862449645996094e-01 3.884282112121582031e-01 1.000000000000000000e+00 0.000000000000000000e+00 0.000000000000000000e+00
2.528795897960662842e-01 7.013903260231018066e-01 3.226709365844726562e-01 3.214941620826721191e-01 6.070161461830139160e-01 2.422798871994018555e-01 3.840975761413574219e-01 1.433849334716796875e-02 5.397801995277404785e-01 1.000000000000000000e+00 1.000000000000000000e+00 1.000000000000000000e+00
6.380563378334045410e-01 9.805989265441894531e-01 6.055769324302673340e-01 8.691813349723815918e-01 2.624967098236083984e-01 9.494177103042602539e-01 6.650892496109008789e-01 4.689236283302307129e-01 2.289010882377624512e-01 0.000000000000000000e+00 0.000000000000000000e+00 0.000000000000000000e+00
8.398588299751281738e-01 4.570046663284301758e-01 3.129839897155761719e-02 7.976991534233093262e-01 4.831933379173278809e-01 7.227631807327270508e-01 8.611466288566589355e-01 3.038121461868286133e-01 5.616605281829833984e-01 0.000000000000000000e+00 0.000000000000000000e+00 0.000000000000000000e+00
8.609034419059753418e-01 9.488826990127563477e-02 5.518060922622680664e-01 5.068258047103881836e-01 4.539327621459960938e-01 1.872377991676330566e-01 9.686273336410522461e-01 6.253222823143005371e-01 7.687216997146606445e-01 0.000000000000000000e+00 0.000000000000000000e+00 0.000000000000000000e+00
9.754145741462707520e-01 5.702672004699707031e-01 3.799507617950439453e-01 8.057123422622680664e-01 7.268726825714111328e-01 1.042330265045166016e-01 8.773944377899169922e-01 1.254600286483764648e-01 7.864026427268981934e-01 0.000000000000000000e+00 0.000000000000000000e+00 0.000000000000000000e+00
7.559195756912231445e-01 5.802090167999267578e-01 6.866270899772644043e-01 6.883519887924194336e-02 8.378688693046569824e-01 2.636511325836181641e-01 7.255035042762756348e-01 8.404880762100219727e-02 7.426588535308837891e-01 1.000000000000000000e+00 1.000000000000000000e+00 1.000000000000000000e+00
9.578844308853149414e-01 1.410585641860961914e-02 9.517168998718261719e-01 1.802420616149902344e-01 2.997416257858276367e-01 4.067972302436828613e-01 5.131094455718994141e-01 4.904162287712097168e-01 4.756093025207519531e-01 0.000000000000000000e+00 1.000000000000000000e+00 0.000000000000000000e+00
1.637080460786819458e-01 6.302410364151000977e-02 1.952729821205139160e-01 1.578651666641235352e-01 2.209699153900146484e-01 6.339072585105895996e-01 8.410346508026123047e-01 9.276677370071411133e-01 3.781330585479736328e-02 0.000000000000000000e+00 0.000000000000000000e+00 0.000000000000000000e+00
9.608240723609924316e-01 7.379388809204101562e-02 8.567484617233276367e-01 5.123577713966369629e-01 6.472579836845397949e-01 7.170634269714355469e-01 2.909885644912719727e-01 4.133549332618713379e-01 6.702661514282226562e-03 1.000000000000000000e+00 1.000000000000000000e+00 1.000000000000000000e+00
4.710966944694519043e-01 7.564002871513366699e-01 1.056146621704101562e-02 6.419044733047485352e-02 3.673333525657653809e-01 8.706719279289245605e-01 8.596383929252624512e-01 9.430059194564819336e-01 1.395818591117858887e-01 1.000000000000000000e+00 0.000000000000000000e+00 0.000000000000000000e+00
9.104679226875305176e-01 7.480382919311523438e-03 9.241992235183715820e-02 7.072312235832214355e-01 1.704041957855224609e-01 4.583861827850341797e-01 8.632457256317138672e-01 5.549026131629943848e-01 9.730794429779052734e-01 0.000000000000000000e+00 0.000000000000000000e+00 0.000000000000000000e+00
2.876702845096588135e-01 7.813668251037597656e-02 1.329805254936218262e-01 4.360051751136779785e-01 2.231586575508117676e-01 9.426720142364501953e-01 8.813953995704650879e-01 5.771911144256591797e-01 8.059309124946594238e-01 0.000000000000000000e+00 0.000000000000000000e+00 0.000000000000000000e+00
