7.541754841804504395e-01 1.632879972457885742e-01 9.743195176124572754e-01 1.226993799209594727e-01 4.009011387825012207e-01 9.711508750915527344e-01 6.852775216102600098e-01 9.994436502456665039e-01 1.779776215553283691e-01 1.000000000000000000e+00 0.000000000000000000e+00 0.000000000000000000e+00
9.996218681335449219e-01 1.194396018981933594e-01 4.212843775749206543e-01 9.994825720787048340e-01 8.858245611190795898e-01 1.376245617866516113e-01 2.703034281730651855e-01 3.693168759346008301e-01 3.465898036956787109e-01 0.000000000000000000e+00 0.000000000000000000e+00 0.000000000000000000e+00
6.346449851989746094e-01 9.530614018440246582e-01 8.997976779937744141e-03 5.875064730644226074e-01 9.040991663932800293e-01 9.837449193000793457e-01 9.065331220626831055e-01 9.803670644760131836e-01 1.565721631050109863e-01 1.000000000000000000e+00 0.000000000000000000e+00 0.000000000000000000e+00
9.593797326087951660e-01 2.782903313636779785e-01 2.491092681884765625e-01 7.298068404197692871e-01 6.718502640724182129e-01 3.822041749954223633e-01 2.078755497932434082e-01 8.738653659820556641e-01 7.313642501831054688e-01 0.000000000000000000e+00 0.000000000000000000e+00 0.000000000000000000e+00
2.159742563962936401e-01 1.376408338546752930e-01 2.875877022743225098e-01 1.716286540031433105e-01 7.150556445121765137e-01 5.249171853065490723e-01 5.106784701347351074e-01 4.474080801010131836e-01 4.904341697692871094e-02 0.000000000000000000e+00 1.000000000000000000e+00 0.000000000000000000e+00
1.678856164216995239e-01 4.296861886978149414e-01 4.548437595367431641e-01 2.474982142448425293e-01 1.657178997993469238e-01 5.332167148590087891e-01 1.915736198425292969e-01 3.484767675399780273e-02 8.973129987716674805e-01 1.000000000000000000e+00 1.000000000000000000e+00 1.000000000000000000e+00
7.773399949073791504e-01 5.448984503746032715e-01 5.542060732841491699e-01 7.167164683341979980e-01 8.509883880615234375e-01 4.143714308738708496e-01 4.264140725135803223e-01 4.323496818542480469e-01 5.837881565093994141e-01 0.000000000000000000e+00 0.000000000000000000e+00 0.000000000000000000e+00
1.235524415969848633e-01 8.159680366516113281e-01 8.166775107383728027e-01 8.051890134811401367e-02 9.581965208053588867e-02 7.781544327735900879e-01 3.268824219703674316e-01 9.008065462112426758e-01 4.958750605583190918e-01 0.000000000000000000e+00 0.000000000000000000e+00 0.000000000000000000e+00
7.813958525657653809e-01 7.129765748977661133e-01 7.900051474571228027e-01 8.958259224891662598e-01 4.449881315231323242e-01 8.019213676452636719e-01 9.941405653953552246e-01 6.774212718009948730e-01 1.167339086532592773e-01 1.000000000000000000e+00 0.000000000000000000e+00 0.000000000000000000e+00
9.662422537803649902e-01 4.320922493934631348e-01 9.645249843597412109e-01 7.183668613433837891e-01 5.943120718002319336e-01 1.282936930656433105e-01 9.831559658050537109e-01 9.265626072883605957e-01 3.242604136466979980e-01 1.000000000000000000e+00 0.000000000000000000e+00 0.000000000000000000e+00
6.799907088279724121e-01 6.751686334609985352e-01 7.803028821945190430e-02 7.869912385940551758e-01 4.067467451095581055e-01 9.883094429969787598e-01 4.279617667198181152e-01 2.056962251663208008e-01 7.520956397056579590e-01 0.000000000000000000e+00 0.000000000000000000e+00 0.000000000000000000e+00
4.235138297080993652e-01 7.664986252784729004e-01 5.768401622772216797e-01 5.070763826370239258e-01 4.349942207336425781e-01 9.380642175674438477e-01 6.928996443748474121e-01 3.841950297355651855e-01 2.491354942321777344e-02 0.000000000000000000e+00 0.000000000000000000e+00 0.000000000000000000e+00
6.103768944740295410e-01 6.061197519302368164e-01 8.986475467681884766e-01 2.809661626815795898e-01 2.904818654060363770e-01 3.392548561096191406e-01 3.230731487274169922e-01 2.307517528533935547e-01 7.402070164680480957e-01 1.000000000000000000e+00 0.000000000000000000e+00 0.000000000000000000e+00
1.708880513906478882e-01 8.457781076431274414e-01 1.239727735519409180e-01 5.273336172103881836e-01 1.616052985191345215e-01 8.351212143898010254e-01 2.476978302001953125e-01 1.286134719848632812e-01 5.629585981369018555e-01 1.000000000000000000e+00 0.000000000000000000e+00 0.000000000000000000e+00
1.591801345348358154e-01 1.171320676803588867e-02 2.999055385589599609e-02 1.339852809906005859e-03 6.551686525344848633e-01 7.359074950218200684e-01 9.045974016189575195e-01 8.732119202613830566e-01 9.851834774017333984e-01 1.000000000000000000e+00 1.000000000000000000e+00 1.000000000000000000e+00
7.818531990051269531e-01 8.453539013862609863e-01 5.407143831253051758e-01 8.385468125343322754e-01 1.080572605133056641e-03 1.325302124023437500e-01 2.535907030105590820e-01 1.155574917793273926e-01 6.812590956687927246e-01 1.000000000000000000e+00 0.000000000000000000e+00 0.000000000000000000e+00
5.325222611427307129e-01 9.193492531776428223e-01 9.691703319549560547e-02 5.216410756111145020e-01 4.503916501998901367e-01 9.213761091232299805e-01 9.755285382270812988e-01 9.321925640106201172e-01 1.985162496566772461e-01 1.000000000000000000e+00 0.000000000000000000e+00 0.000000000000000000e+00
2.949862480163574219e-01 9.586767554283142090e-01 9.445521235466003418e-01 4.284258484840393066e-01 3.777419924736022949e-01 4.173119664192199707e-01 7.774018049240112305e-01 5.459038615226745605e-01 6.023401618003845215e-01 0.000000000000000000e+00 0.000000000000000000e+00 0.000000000000000000e+00
2.905798852443695068e-01 6.447857022285461426e-01 5.356243848800659180e-01 2.717870473861694336e-02 5.853717327117919922e-01 2.339949607849121094e-01 9.374439716339111328e-01 5.774363875389099121e-01 3.767134547233581543e-01 0.000000000000000000e+00 0.000000000000000000e+00 0.000000000000000000e+00
7.046467065811157227e-01 6.960234045982360840e-01 3.033664822578430176e-01 5.817164778709411621e-01 6.607382297515869141e-01 1.980029940605163574e-01 7.944037914276123047e-01 8.257212042808532715e-01 7.290565371513366699e-01 0.000000000000000000e+00 0.000000000000000000e+00 0.000000000000000000e+00
1.648745834827423096e-01 1.191585659980773926e-01 1.232036948204040527e-01 1.680083274841308594e-01 5.242335796356201172e-01 1.909435987472534180e-01 9.417412281036376953e-01 8.001109957695007324e-01 7.302464842796325684e-01 0.000000000000000000e+00 0.000000000000000000e+00 0.000000000000000000e+00
9.707509279251098633e-01 6.324940919876098633e-02 8.743112683296203613e-01 9.397568106651306152e-01 3.916610479354858398e-01 8.535903096199035645e-01 7.230011820793151855e-01 5.685949325561523438e-01 6.445329785346984863e-01 0.000000000000000000e+00 1.000000000000000000e+00 0.000000000000000000e+00
5.310931205749511719e-01 7.784882783889770508e-01 9.919236898422241211e-01 4.774082899093627930e-01 3.538771271705627441e-01 8.380120396614074707e-01 6.679435372352600098e-01 9.764133095741271973e-01 4.058887362480163574e-01 1.000000000000000000e+00 0.000000000000000000e+00 0.000000000000000000e+00
6.737750768661499023e-01 8.864237070083618164e-01 8.927350044250488281e-01 6.301146745681762695e-01 7.044107913970947266e-01 8.876386880874633789e-01 4.279051423072814941e-01 3.900158405303955078e-01 7.361125349998474121e-01 0.000000000000000000e+00 0.000000000000000000e+00 0.000000000000000000e+00
8.862024545669555664e-01 1.757211685180664062e-01 6.669012904167175293e-01 7.600961923599243164e-01 2.210493683815002441e-01 9.451969861984252930e-01 4.541060924530029297e-01 4.029179811477661133e-01 9.130912423133850098e-01 0.000000000000000000e+00 0.000000000000000000e+00 0.000000000000000000e+00
9.952398538589477539e-01 4.260838031768798828e-02 4.890597462654113770e-01 7.913818955421447754e-01 7.079907059669494629e-01 2.427180409431457520e-01 5.697511434555053711e-01 4.034752249717712402e-01 4.658756852149963379e-01 0.000000000000000000e+00 0.000000000000000000e+00 0.000000000000000000e+00
4.453020989894866943e-01 7.938646078109741211e-01 7.044824957847595215e-01 2.391222715377807617e-01 9.999849200248718262e-01 8.547734022140502930e-01 2.423015832901000977e-01 5.800238847732543945e-01 5.318477153778076172e-01 1.000000000000000000e+00 0.000000000000000000e+00 0.000000000000000000e+00
5.311623215675354004e-01 3.306338191032409668e-01 9.202550649642944336e-01 3.541715145111083984e-01 2.658647298812866211e-02 9.255003333091735840e-01 8.380317091941833496e-01 4.102712869644165039e-01 4.927168488502502441e-01 1.000000000000000000e+00 0.000000000000000000e+00 0.000000000000000000e+00
9.921328425407409668e-01 1.898524165153503418e-01 1.560162305831909180e-01 8.873990178108215332e-01 5.429611802101135254e-01 1.380652189254760742e-01 1.104509234428405762e-01 3.094025254249572754e-01 1.567963361740112305e-01 0.000000000000000000e+00 1.000000000000000000e+00 0.000000000000000000e+00
2.514204084873199463e-01 5.700619816780090332e-01 2.316824197769165039e-01 4.393123388290405273e-01 2.139570116996765137e-01 7.859644889831542969e-01 4.733906388282775879e-01 2.178176641464233398e-01 9.894735217094421387e-01 0.000000000000000000e+00 0.000000000000000000e+00 0.000000000000000000e+00
8.365001082420349121e-01 9.964996576309204102e-01 3.256359696388244629e-01 9.310290813446044922e-01 4.688143134117126465e-01 4.737797379493713379e-01 7.545566558837890625e-02 9.362542629241943359e-01 6.908372044563293457e-01 0.000000000000000000e+00 0.000000000000000000e+00 0.000000000000000000e+00
9.822972416877746582e-01 4.365081787109375000e-01 4.465691447257995605e-01 8.453264236450195312e-01 7.513325214385986328e-01 1.585801839828491211e-01 6.438086628913879395e-01 3.358460664749145508e-01 9.641645550727844238e-01 0.000000000000000000e+00 0.000000000000000000e+00 0.000000000000000000e+00
8.008465170860290527e-01 5.641627311706542969e-01 2.008681297302246094e-01 7.910984754562377930e-01 5.889217257499694824e-01 9.213041663169860840e-01 4.971265792846679688e-03 6.437003016471862793e-01 3.120226860046386719e-01 0.000000000000000000e+00 0.000000000000000000e+00 0.000000000000000000e+00
2.524385452270507812e-01 7.116780877113342285e-01 4.978590607643127441e-01 4.355268478393554688e-01 1.287478208541870117e-01 6.442326903343200684e-01 6.132073402404785156e-01 7.938964366912841797e-01 6.690355539321899414e-01 0.000000000000000000e+00 0.000000000000000000e+00 0.000000000000000000e+00
8.973401784896850586e-01 5.072293281555175781e-01 9.558371901512145996e-01 6.281362771987915039e-01 8.008856773376464844e-01 7.993559837341308594e-01 8.042888045310974121e-01 5.757115483283996582e-01 7.202398777008056641e-01 0.000000000000000000e+00 0.000000000000000000e+00 0.000000000000000000e+00
9.435418844223022461e-01 6.374352574348449707e-01 4.314222335815429688e-01 5.682557821273803711e-01 9.394025802612304688e-01 6.801706552505493164e-02 6.082999706268310547e-02 6.916176676750183105e-01 1.882319450378417969e-01 0.000000000000000000e+00 1.000000000000000000e+00 0.000000000000000000e+00
4.045200049877166748e-01 1.842790842056274414e-02 4.083231091499328613e-01 2.011895179748535156e-02 2.325190305709838867e-01 1.972635984420776367e-01 8.907722234725952148e-01 5.598729252815246582e-01 5.080134868621826172e-01 0.000000000000000000e+00 1.000000000000000000e+00 0.000000000000000000e+00
4.583415985107421875e-01 3.672882318496704102e-01 3.671137094497680664e-01 1.747080683708190918e-01 9.071593880653381348e-01 6.233373880386352539e-01 9.304340481758117676e-01 5.672300457954406738e-01 1.514525413513183594e-01 1.000000000000000000e+00 0.000000000000000000e+00 0.000000000000000000e+00
8.284766674041748047e-01 7.923150062561035156e-01 2.205055952072143555e-01 3.549189567565917969e-01 8.834403753280639648e-01 2.566112279891967773e-01 3.301144242286682129e-01 5.825209617614746094e-01 9.374576807022094727e-02 0.000000000000000000e+00 0.000000000000000000e+00 0.000000000000000000e+00
8.899844288825988770e-01 6.065908670425415039e-01 5.277287960052490234e-01 8.148490786552429199e-01 2.217136025428771973e-01 1.372800469398498535e-01 2.371215820312500000e-01 2.520059943199157715e-01 9.127233028411865234e-01 0.000000000000000000e+00 0.000000000000000000e+00 0.000000000000000000e+00
8.746873140335083008e-01 2.972580790519714355e-01 3.213323950767517090e-01 6.926735043525695801e-01 2.622743248939514160e-01 2.168102264404296875e-01 4.940565824508666992e-01 9.185901880264282227e-01 4.325603842735290527e-01 0.000000000000000000e+00 0.000000000000000000e+00 0.000000000000000000e+00
3.525754213333129883e-01 8.562588095664978027e-01 1.108363270759582520e-01 2.095664739608764648e-01 1.906666755676269531e-01 1.145489811897277832e-01 3.639189600944519043e-01 8.481704592704772949e-01 8.931730985641479492e-01 0.000000000000000000e+00 0.000000000000000000e+00 0.000000000000000000e+00
2.892159819602966309e-01 8.931402564048767090e-01 7.078702449798583984e-01 2.657370567321777344e-01 3.457230329513549805e-01 7.395585775375366211e-01 9.400557875633239746e-01 3.587703704833984375e-01 1.129471659660339355e-01 0.000000000000000000e+00 1.000000000000000000e+00 0.000000000000000000e+00
9.590360522270202637e-01 1.104537248611450195e-01 1.045217514038085938e-01 6.275922060012817383e-01 8.425440192222595215e-01 4.879707098007202148e-01 6.926397085189819336e-01 4.820213317871093750e-01 2.053678035736083984e-03 0.000000000000000000e+00 1.000000000000000000e+00 0.000000000000000000e+00
9.767596125602722168e-01 7.507753372192382812e-02 5.062396526336669922e-01 7.850576043128967285e-01 6.291932463645935059e-01 2.876226305961608887e-01 6.597699522972106934e-01 9.141799211502075195e-01 2.710721492767333984e-01 0.000000000000000000e+00 0.000000000000000000e+00 0.000000000000000000e+00
4.432086348533630371e-01 6.184021234512329102e-01 1.465702056884765625e-02 3.801875710487365723e-01 2.718548774719238281e-01 1.854221820831298828e-01 2.216976881027221680e-01 9.782118201255798340e-01 6.422618627548217773e-01 0.000000000000000000e+00 0.000000000000000000e+00 0.000000000000000000e+00
7.420952320098876953e-01 6.603010296821594238e-01 1.943330764770507812e-01 1.893486380577087402e-01 8.646972775459289551e-01 9.801286458969116211e-02 3.194093704223632812e-01 3.716632127761840820e-01 8.666858673095703125e-01 1.000000000000000000e+00 0.000000000000000000e+00 0.000000000000000000e+00
9.787083268165588379e-01 9.962767362594604492e-02 6.733111739158630371e-01 9.064828753471374512e-01 7.673668861389160156e-02 5.912256836891174316e-01 8.361902832984924316e-01 8.488535284996032715e-01 6.261404156684875488e-01 0.000000000000000000e+00 0.000000000000000000e+00 0.000000000000000000e+00
3.835100531578063965e-01 3.453916311264038086e-01 7.811482548713684082e-01 4.595504999160766602e-01 1.739758253097534180e-01 8.297066092491149902e-01 9.484016895294189453e-01 6.051433086395263672e-01 8.402122259140014648e-01 0.000000000000000000e+00 0.000000000000000000e+00 0.000000000000000000e+00
8.991664648056030273e-01 4.498133063316345215e-01 4.728220105171203613e-01 7.328639030456542969e-01 7.603452801704406738e-01 7.466380596160888672e-01 8.686833977699279785e-01 6.833820343017578125e-01 4.472660422325134277e-01 0.000000000000000000e+00 0.000000000000000000e+00 0.000000000000000000e+00
2.862001955509185791e-01 6.420965194702148438e-01 8.941524028778076172e-01 1.224014163017272949e-01 7.859206199645996094e-02 5.072861909866333008e-01 1.854923367500305176e-01 7.329408526420593262e-01 4.606232643127441406e-01 0.000000000000000000e+00 0.000000000000000000e+00 0.000000000000000000e+00
4.979933202266693115e-01 3.966079354286193848e-01 3.503363132476806641e-01 7.357479333877563477e-01 5.056977272033691406e-03 7.992134690284729004e-01 9.206333160400390625e-01 4.237389564514160156e-02 6.092411875724792480e-01 1.000000000000000000e+00 1.000000000000000000e+00 1.000000000000000000e+00
4.505350291728973389e-01 6.970757246017456055e-01 6.705993413925170898e-02 3.645581603050231934e-01 2.899175882339477539e-01 9.956413507461547852e-02 4.939805865287780762e-01 4.000365138053894043e-01 3.230373263359069824e-01 0.000000000000000000e+00 0.000000000000000000e+00 0.000000000000000000e+00
4.439702332019805908e-01 9.003959894180297852e-01 6.817720532417297363e-01 8.679655194282531738e-01 3.202724456787109375e-02 4.173958897590637207e-01 7.055900096893310547e-01 8.456294536590576172e-01 7.607726454734802246e-01 1.000000000000000000e+00 0.000000000000000000e+00 0.000000000000000000e+00
7.388983964920043945e-01 1.146925091743469238e-01 5.725104212760925293e-01 3.673808574676513672e-01 7.453474998474121094e-01 5.129045248031616211e-01 3.363811969757080078e-01 4.186013340950012207e-01 1.328527927398681641e-02 1.000000000000000000e+00 0.000000000000000000e+00 0.000000000000000000e+00
9.644311666488647461e-01 8.102219104766845703e-01 9.326224327087402344e-01 9.542015790939331055e-01 7.878623604774475098e-01 1.819655299186706543e-01 5.483670234680175781e-01 5.572724342346191406e-02 2.876038551330566406e-01 0.000000000000000000e+00 0.000000000000000000e+00 0.000000000000000000e+00
9.493515491485595703e-01 8.618486523628234863e-01 4.283655881881713867e-01 9.888175129890441895e-01 3.285989761352539062e-01 3.409547209739685059e-01 3.874126076698303223e-01 6.759978532791137695e-01 8.507164716720581055e-01 0.000000000000000000e+00 0.000000000000000000e+00 0.000000000000000000e+00
4.504912197589874268e-01 8.296923041343688965e-01 8.778803944587707520e-01 6.065101623535156250e-01 5.399968624114990234e-01 7.204899787902832031e-01 6.508765816688537598e-01 9.655457735061645508e-02 1.490098834037780762e-01 0.000000000000000000e+00 0.000000000000000000e+00 0.000000000000000000e+00
8.700760006904602051e-01 5.841794013977050781e-01 7.274589538574218750e-01 6.825578808784484863e-01 8.243775367736816406e-01 4.925132393836975098e-01 4.752182364463806152e-01 4.861345291137695312e-01 4.856300354003906250e-01 1.000000000000000000e+00 0.000000000000000000e+00 0.000000000000000000e+00
1.953115910291671753e-01 8.143804669380187988e-01 2.552322745323181152e-01 4.504155516624450684e-01 5.716007947921752930e-02 8.199846148490905762e-01 2.341374158859252930e-01 7.999850511550903320e-01 9.284897446632385254e-01 1.000000000000000000e+00 1.000000000000000000e+00 1.000000000000000000e+00
9.971665740013122559e-01 4.268288612365722656e-02 2.329205870628356934e-01 9.257283210754394531e-01 7.067457437515258789e-01 3.669559359550476074e-01 3.420094847679138184e-01 7.962940931320190430e-01 1.539140343666076660e-01 0.000000000000000000e+00 0.000000000000000000e+00 0.000000000000000000e+00
4.065650999546051025e-01 5.860178470611572266e-01 9.647312164306640625e-01 6.909727454185485840e-01 1.249747276306152344e-01 6.429985165596008301e-01 6.940139532089233398e-01 2.994903922080993652e-01 5.357769727706909180e-01 1.000000000000000000e+00 1.000000000000000000e+00 1.000000000000000000e+00
1.598012745380401611e-01 8.188038468360900879e-01 8.625580072402954102e-01 2.450680732727050781e-02 6.836444139480590820e-01 8.579847216606140137e-01 6.163020730018615723e-01 7.102439999580383301e-01 3.741037845611572266e-01 0.000000000000000000e+00 1.000000000000000000e+00 0.000000000000000000e+00
6.115369796752929688e-01 4.473046660423278809e-01 2.935343980789184570e-01 3.571468591690063477e-01 8.481538891792297363e-01 3.275909423828125000e-01 3.966802954673767090e-01 9.466097950935363770e-01 7.574472427368164062e-01 1.000000000000000000e+00 0.000000000000000000e+00 0.000000000000000000e+00
7.258805036544799805e-01 3.141146302223205566e-01 9.664908647537231445e-01 2.662050127983093262e-01 3.332201242446899414e-01 8.729435801506042480e-01 2.533100843429565430e-01 2.282125353813171387e-01 9.812676906585693359e-01 1.000000000000000000e+00 0.000000000000000000e+00 0.000000000000000000e+00
7.703958153724670410e-01 9.099152088165283203e-01 1.273443102836608887e-01 2.905411720275878906e-01 6.212034821510314941e-01 3.559887409210205078e-02 1.082105636596679688e-01 9.553921818733215332e-01 8.682166337966918945e-01 0.000000000000000000e+00 0.000000000000000000e+00 0.000000000000000000e+00
7.531613707542419434e-01 8.453629016876220703e-01 9.884626865386962891e-01 2.499769926071166992e-01 5.799100399017333984e-01 2.224808931350708008e-02 6.325387358665466309e-01 2.897142767906188965e-01 9.670411348342895508e-01 0.000000000000000000e+00 0.000000000000000000e+00 0.000000000000000000e+00
9.651095867156982422e-01 3.378415703773498535e-01 5.642402172088623047e-01 8.563002943992614746e-01 1.167793273925781250e-01 9.582501649856567383e-02 8.540226817131042480e-01 6.764154434204101562e-01 9.056069850921630859e-01 0.000000000000000000e+00 0.000000000000000000e+00 0.000000000000000000e+00
8.867111206054687500e-01 2.657276988029479980e-01 5.508148074150085449e-01 7.087577581405639648e-01 8.379106521606445312e-01 9.854804873466491699e-01 5.291181206703186035e-01 1.823750138282775879e-01 5.451256036758422852e-01 0.000000000000000000e+00 0.000000000000000000e+00 0.000000000000000000e+00
9.389337897300720215e-01 5.374498367309570312e-01 7.530115842819213867e-01 7.845196723937988281e-01 9.775989651679992676e-01 9.247832298278808594e-01 1.274201273918151855e-01 8.291350007057189941e-01 4.347023963928222656e-01 0.000000000000000000e+00 1.000000000000000000e+00 0.000000000000000000e+00
9.959075450897216797e-01 6.063222885131835938e-02 1.236219406127929688e-01 7.231345176696777344e-01 9.817605614662170410e-01 8.012056350708007812e-03 4.955134987831115723e-01 5.918325185775756836e-01 8.733251690864562988e-01 0.000000000000000000e+00 0.000000000000000000e+00 0.000000000000000000e+00
7.859492301940917969e-01 1.459354162216186523e-02 3.439861536026000977e-02 7.673818469047546387e-01 1.649677753448486328e-03 8.217380046844482422e-01 1.206791996955871582e-01 3.290680646896362305e-01 4.666385650634765625e-01 0.000000000000000000e+00 0.000000000000000000e+00 0.000000000000000000e+00
1.002870798110961914e-01 9.659070968627929688e-01 2.029293775558471680e-02 3.183410763740539551e-01 2.121385335922241211e-01 7.838327884674072266e-01 2.451467514038085938e-01 3.373754620552062988e-01 6.061162948608398438e-01 0.000000000000000000e+00 1.000000000000000000e+00 0.000000000000000000e+00
4.138655960559844971e-01 5.185686349868774414e-01 5.285164117813110352e-01 2.064529657363891602e-01 8.351684808731079102e-01 7.835828065872192383e-01 9.909795522689819336e-01 7.448779344558715820e-01 8.558908700942993164e-01 1.000000000000000000e+00 0.000000000000000000e+00 0.000000000000000000e+00
4.023482501506805420e-01 4.940940141677856445e-01 9.857540130615234375e-01 3.298759460449218750e-03 2.383325099945068359e-01 7.521058320999145508e-01 2.004327178001403809e-01 9.156797528266906738e-01 7.131734490394592285e-01 0.000000000000000000e+00 0.000000000000000000e+00 0.000000000000000000e+00
3.038033246994018555e-01 6.030690073966979980e-01 4.549695849418640137e-01 5.361036658287048340e-01 1.274209022521972656e-01 5.206725597381591797e-01 3.159728050231933594e-01 5.823099613189697266e-01 3.099712133407592773e-01 0.000000000000000000e+00 1.000000000000000000e+00 0.000000000000000000e+00
3.500002324581146240e-01 5.823041796684265137e-01 8.561530709266662598e-01 2.265403270721435547e-01 8.502447605133056641e-02 5.565387010574340820e-02 2.581025362014770508e-01 1.552277207374572754e-01 5.137455463409423828e-02 1.000000000000000000e+00 1.000000000000000000e+00 1.000000000000000000e+00
5.031518936157226562e-01 6.001657843589782715e-01 7.521709203720092773e-01 2.492938637733459473e-01 6.681289672851562500e-01 4.346106052398681641e-01 6.075946688652038574e-01 7.244899272918701172e-01 5.363550782203674316e-01 1.000000000000000000e+00 0.000000000000000000e+00 0.000000000000000000e+00
8.594796061515808105e-01 3.111214637756347656e-01 8.461832404136657715e-01 6.110405325889587402e-01 5.722615122795104980e-01 6.616469025611877441e-01 8.311601281166076660e-01 2.141672372817993164e-01 2.885117530822753906e-01 0.000000000000000000e+00 0.000000000000000000e+00 0.000000000000000000e+00
2.552033066749572754e-01 9.150778651237487793e-01 2.080071568489074707e-01 1.626204848289489746e-01 1.294028162956237793e-01 6.636381149291992188e-03 4.283803701400756836e-01 1.391655206680297852e-01 2.965986728668212891e-03 0.000000000000000000e+00 0.000000000000000000e+00 0.000000000000000000e+00
9.483138322830200195e-01 4.852321743965148926e-01 8.876727819442749023e-01 8.900005817413330078e-01 2.738104462623596191e-01 8.391481637954711914e-02 3.472911119461059570e-01 1.915462613105773926e-01 3.644095659255981445e-01 0.000000000000000000e+00 0.000000000000000000e+00 0.000000000000000000e+00
5.697572827339172363e-01 6.846612691879272461e-02 2.406401038169860840e-01 3.832106590270996094e-01 6.305263638496398926e-01 7.111321091651916504e-01 6.317912936210632324e-01 3.404446840286254883e-01 8.700489401817321777e-01 0.000000000000000000e+00 0.000000000000000000e+00 0.000000000000000000e+00
9.506509900093078613e-01 1.556678414344787598e-01 4.490282535552978516e-01 8.645974993705749512e-01 6.669726967811584473e-01 8.841447830200195312e-01 3.638772964477539062e-01 5.235887765884399414e-01 1.123178601264953613e-01 1.000000000000000000e+00 0.000000000000000000e+00 0.000000000000000000e+00
7.424817085266113281e-01 5.107625126838684082e-01 8.762249350547790527e-01 7.342759370803833008e-01 2.233198285102844238e-01 6.643875837326049805e-01 1.980171203613281250e-01 1.076235771179199219e-01 9.077423810958862305e-02 0.000000000000000000e+00 1.000000000000000000e+00 0.000000000000000000e+00
6.710675358772277832e-01 7.731970548629760742e-01 1.662927865982055664e-01 6.192640662193298340e-01 5.898366570472717285e-01 7.369059920310974121e-01 1.697403788566589355e-01 9.308829307556152344e-01 1.365904808044433594e-01 1.000000000000000000e+00 0.000000000000000000e+00 0.000000000000000000e+00
5.692859292030334473e-01 8.407164812088012695e-01 2.502809166908264160e-01 8.493644595146179199e-01 2.768210172653198242e-01 4.897221326828002930e-01 9.764429926872253418e-01 5.805329084396362305e-01 2.364259362220764160e-01 0.000000000000000000e+00 0.000000000000000000e+00 0.000000000000000000e+00
9.279136061668395996e-01 9.001638293266296387e-01 9.205282926559448242e-01 7.004103660583496094e-01 8.468438982963562012e-01 2.509670853614807129e-01 7.925734519958496094e-01 4.416559338569641113e-01 6.264287233352661133e-02 0.000000000000000000e+00 0.000000000000000000e+00 0.000000000000000000e+00
1.951907426118850708e-01 6.621166467666625977e-01 3.235045075416564941e-01 4.753833413124084473e-01 7.583069801330566406e-02 6.678407788276672363e-01 3.977850675582885742e-01 6.364402174949645996e-01 9.402003884315490723e-01 0.000000000000000000e+00 0.000000000000000000e+00 0.000000000000000000e+00
8.365564942359924316e-01 3.322123289108276367e-01 2.494310140609741211e-01 7.943966388702392578e-01 2.483804225921630859e-01 7.534831166267395020e-01 8.510879874229431152e-01 8.103646636009216309e-01 7.436019778251647949e-01 0.000000000000000000e+00 0.000000000000000000e+00 0.000000000000000000e+00
7.347553968429565430e-01 8.412106633186340332e-01 7.362601161003112793e-01 4.093807339668273926e-01 8.179884552955627441e-01 4.470722675323486328e-01 4.763588309288024902e-01 1.377680897712707520e-01 2.790552973747253418e-01 0.000000000000000000e+00 0.000000000000000000e+00 0.000000000000000000e+00
2.396560609340667725e-01 9.437551498413085938e-01 7.823950648307800293e-01 2.140040993690490723e-01 1.940625309944152832e-01 5.085206031799316406e-02 5.707289576530456543e-01 5.722184181213378906e-01 5.914944410324096680e-01 1.000000000000000000e+00 0.000000000000000000e+00 0.000000000000000000e+00
9.080433249473571777e-01 3.849800229072570801e-01 7.671249508857727051e-01 4.158567786216735840e-01 9.458177685737609863e-01 9.216424226760864258e-01 7.179653644561767578e-02 7.442815899848937988e-01 3.929817080497741699e-01 1.000000000000000000e+00 0.000000000000000000e+00 0.000000000000000000e+00
7.575482726097106934e-01 6.620481014251708984e-01 9.236316680908203125e-01 5.349429249763488770e-01 6.109737157821655273e-01 2.714676260948181152e-01 1.999765634536743164e-02 4.376097917556762695e-01 5.227355360984802246e-01 0.000000000000000000e+00 0.000000000000000000e+00 0.000000000000000000e+00
7.165448665618896484e-01 9.945337772369384766e-01 7.107183337211608887e-01 7.093756794929504395e-01 7.208652496337890625e-01 5.426788926124572754e-01 4.473543167114257812e-02 3.034300208091735840e-01 4.241605401039123535e-01 1.000000000000000000e+00 0.000000000000000000e+00 0.000000000000000000e+00
6.954735517501831055e-01 1.370254755020141602e-01 6.564914584159851074e-01 4.928176999092102051e-01 3.887024521827697754e-01 7.399048209190368652e-01 4.379484057426452637e-01 8.183721303939819336e-01 8.048997521400451660e-01 0.000000000000000000e+00 0.000000000000000000e+00 0.000000000000000000e+00
2.231429368257522583e-01 4.288243651390075684e-01 2.440640926361083984e-01 4.224110245704650879e-01 7.091842293739318848e-01 6.503179073333740234e-01 2.161431312561035156e-01 7.005528211593627930e-01 7.936810851097106934e-01 0.000000000000000000e+00 0.000000000000000000e+00 0.000000000000000000e+00
4.337489604949951172e-01 3.349435329437255859e-01 4.734838008880615234e-02 4.730450510978698730e-01 1.978995203971862793e-01 8.599299788475036621e-01 5.224067568778991699e-01 1.782646775245666504e-01 9.169563055038452148e-01 1.000000000000000000e+00 1.000000000000000000e+00 1.000000000000000000e+00
9.739988446235656738e-01 1.957465410232543945e-01 6.011283993721008301e-01 8.424632549285888672e-01 9.840297102928161621e-01 9.296560883522033691e-01 3.293253779411315918e-01 7.084663510322570801e-01 1.763850450515747070e-02 0.000000000000000000e+00 0.000000000000000000e+00 0.000000000000000000e+00
8.127771019935607910e-01 1.492163538932800293e-01 7.199903726577758789e-01 5.216867923736572266e-01 1.122278571128845215e-01 6.840135455131530762e-01 5.513179898262023926e-01 7.888830304145812988e-01 4.660321474075317383e-01 1.000000000000000000e+00 0.000000000000000000e+00 0.000000000000000000e+00
9.604988694190979004e-01 2.478402256965637207e-01 8.235123753547668457e-01 4.239667654037475586e-01 9.783885478973388672e-01 6.270326375961303711e-01 6.729499101638793945e-01 4.250777959823608398e-01 4.352337121963500977e-01 0.000000000000000000e+00 0.000000000000000000e+00 0.000000000000000000e+00
7.637346386909484863e-01 1.883212924003601074e-01 8.218219280242919922e-01 1.675224304199218750e-01 4.233561754226684570e-01 7.716498970985412598e-01 5.446230769157409668e-01 8.598655462265014648e-02 7.427284717559814453e-01 0.000000000000000000e+00 1.000000000000000000e+00 0.000000000000000000e+00
7.200767993927001953e-01 2.741090655326843262e-01 8.090243935585021973e-01 7.150275707244873047e-01 4.529237747192382812e-02 6.928329467773437500e-01 5.399047136306762695e-01 9.937179684638977051e-01 9.514344930648803711e-01 1.000000000000000000e+00 0.000000000000000000e+00 0.000000000000000000e+00
9.466699361801147461e-01 9.969789385795593262e-01 6.332497000694274902e-01 9.846656322479248047e-01 6.439092755317687988e-01 3.032066226005554199e-01 2.989063858985900879e-01 6.216917634010314941e-01 6.632685065269470215e-01 0.000000000000000000e+00 0.000000000000000000e+00 0.000000000000000000e+00
8.904939293861389160e-01 9.528713226318359375e-01 4.704864621162414551e-01 9.526057243347167969e-01 7.571870684623718262e-01 1.754664778709411621e-01 8.452731370925903320e-02 1.727109551429748535e-01 2.767078876495361328e-01 0.000000000000000000e+00 0.000000000000000000e+00 0.000000000000000000e+00
8.488101363182067871e-01 5.367798805236816406e-01 9.459923505783081055e-01 9.190186858177185059e-01 2.241328358650207520e-01 9.504501819610595703e-01 1.654425859451293945e-01 1.081819534301757812e-01 3.557134270668029785e-01 0.000000000000000000e+00 0.000000000000000000e+00 0.000000000000000000e+00
8.192141056060791016e-01 4.651466608047485352e-01 4.258260130882263184e-01 6.219614148139953613e-01 6.450099349021911621e-01 9.286343455314636230e-01 7.823960781097412109e-01 7.677879333496093750e-01 2.910674214363098145e-01 0.000000000000000000e+00 1.000000000000000000e+00 0.000000000000000000e+00
9.851247072219848633e-01 2.559014558792114258e-01 9.574237465858459473e-01 8.016760349273681641e-01 9.274649024009704590e-01 5.716211795806884766e-01 2.742319703102111816e-01 5.767745375633239746e-01 3.281521201133728027e-01 0.000000000000000000e+00 0.000000000000000000e+00 0.000000000000000000e+00
8.932945728302001953e-01 7.411229610443115234e-02 9.949046969413757324e-01 3.460385203361511230e-01 3.748112916946411133e-01 6.965525746345520020e-01 3.271553516387939453e-01 6.231101155281066895e-01 5.498564243316650391e-02 0.000000000000000000e+00 0.000000000000000000e+00 0.000000000000000000e+00
3.352535963058471680e-01 6.852598190307617188e-01 8.359160423278808594e-01 2.086150050163269043e-01 3.396213054656982422e-03 9.261135458946228027e-01 6.540815830230712891e-01 9.946650266647338867e-02 6.883483529090881348e-01 0.000000000000000000e+00 0.000000000000000000e+00 0.000000000000000000e+00
5.633971095085144043e-01 4.107029438018798828e-01 6.394040584564208984e-01 1.018317937850952148e-01 1.464647054672241211e-01 9.602970480918884277e-01 1.157261133193969727e-01 7.375939488410949707e-01 9.083708524703979492e-01 1.000000000000000000e+00 0.000000000000000000e+00 0.000000000000000000e+00
3.700791299343109131e-01 6.391477584838867188e-01 8.460536003112792969e-01 6.459176540374755859e-02 1.721842885017395020e-01 4.785749316215515137e-01 1.515649557113647461e-01 3.255842328071594238e-01 5.975649952888488770e-01 0.000000000000000000e+00 0.000000000000000000e+00 0.000000000000000000e+00
6.128538250923156738e-01 9.226956367492675781e-01 2.213764786720275879e-01 5.953665971755981445e-01 3.518263101577758789e-01 2.421612739562988281e-01 8.010939955711364746e-01 7.551177740097045898e-01 6.694982647895812988e-01 0.000000000000000000e+00 0.000000000000000000e+00 0.000000000000000000e+00
7.550642490386962891e-01 2.940961718559265137e-01 8.928772807121276855e-01 6.385381221771240234e-01 7.075583934783935547e-02 7.782193422317504883e-01 8.130851387977600098e-01 2.287991046905517578e-01 2.157914042472839355e-01 0.000000000000000000e+00 0.000000000000000000e+00 0.000000000000000000e+00
4.217349365353584290e-02 2.407412528991699219e-01 1.917682290077209473e-01 1.669422388076782227e-01 9.743630886077880859e-02 3.167134523391723633e-01 8.146208524703979492e-01 4.496912360191345215e-01 5.513972043991088867e-02 1.000000000000000000e+00 0.000000000000000000e+00 0.000000000000000000e+00
8.005825281143188477e-01 3.847083449363708496e-01 8.583035469055175781e-01 3.031423091888427734e-01 6.057032942771911621e-01 5.780843496322631836e-01 8.494278192520141602e-01 9.564314484596252441e-01 8.033141493797302246e-01 0.000000000000000000e+00 0.000000000000000000e+00 0.000000000000000000e+00
7.683703303337097168e-01 3.424525260925292969e-02 7.697585821151733398e-01 1.206821203231811523e-02 8.088374137878417969e-02 5.254447460174560547e-03 2.825090289115905762e-01 7.130020260810852051e-01 3.727050423622131348e-01 1.000000000000000000e+00 0.000000000000000000e+00 0.000000000000000000e+00
3.025886118412017822e-01 8.630913496017456055e-01 9.758300781250000000e-01 3.200498223304748535e-01 1.783317327499389648e-02 5.883557200431823730e-01 3.287410736083984375e-01 9.932914376258850098e-01 9.693272113800048828e-01 1.000000000000000000e+00 0.000000000000000000e+00 0.000000000000000000e+00
2.526086866855621338e-01 9.183095693588256836e-01 2.577731609344482422e-01 2.092595100402832031e-01 4.962072372436523438e-01 6.239473223686218262e-01 5.650817155838012695e-01 8.464772105216979980e-01 9.662911891937255859e-01 1.000000000000000000e+00 1.000000000000000000e+00 1.000000000000000000e+00
8.278264403343200684e-01 4.351277947425842285e-01 6.291925311088562012e-01 5.440963506698608398e-01 8.778911828994750977e-01 3.611773848533630371e-01 1.993470788002014160e-01 5.959739685058593750e-01 2.129927277565002441e-01 1.000000000000000000e+00 1.000000000000000000e+00 1.000000000000000000e+00
8.317032456398010254e-01 6.623381376266479492e-01 5.096976757049560547e-01 9.018871188163757324e-01 3.685812950134277344e-01 9.998537898063659668e-01 8.332350254058837891e-01 8.900647163391113281e-01 3.301959037780761719e-01 0.000000000000000000e+00 0.000000000000000000e+00 0.000000000000000000e+00
6.154333949089050293e-01 4.617817401885986328e-01 9.727382659912109375e-01 8.243924379348754883e-02 3.114374279975891113e-01 4.155809879302978516e-01 2.736687660217285156e-01 8.191180229187011719e-01 9.069363474845886230e-01 0.000000000000000000e+00 0.000000000000000000e+00 0.000000000000000000e+00
9.624837636947631836e-01 2.177361249923706055e-01 7.898544073104858398e-01 9.065403938293457031e-01 9.784513711929321289e-02 4.604020714759826660e-01 3.122821450233459473e-01 6.213199496269226074e-01 8.451409339904785156e-01 0.000000000000000000e+00 0.000000000000000000e+00 0.000000000000000000e+00
8.179106116294860840e-01 9.188017845153808594e-01 3.833979964256286621e-01 4.491064548492431641e-01 9.148786664009094238e-01 1.331730484962463379e-01 2.142930626869201660e-01 2.184000611305236816e-01 1.320171356201171875e-01 0.000000000000000000e+00 0.000000000000000000e+00 0.000000000000000000e+00
2.615827620029449463e-01 8.562726974487304688e-01 8.236939907073974609e-01 4.153996706008911133e-02 2.936726212501525879e-01 1.262453794479370117e-01 6.041878461837768555e-02 9.090113639831542969e-02 6.678608059883117676e-01 0.000000000000000000e+00 0.000000000000000000e+00 0.000000000000000000e+00
7.756404876708984375e-01 3.646858930587768555e-01 8.580434918403625488e-01 9.218436479568481445e-02 5.783102512359619141e-01 4.033708572387695312e-01 4.317902922630310059e-01 4.042580723762512207e-01 3.384603857994079590e-01 1.000000000000000000e+00 0.000000000000000000e+00 0.000000000000000000e+00
9.908089637756347656e-01 4.092337489128112793e-01 9.342432022094726562e-01 8.132501840591430664e-01 7.659060359001159668e-01 1.282223463058471680e-01 8.285236358642578125e-02 3.858018517494201660e-01 5.160661339759826660e-01 0.000000000000000000e+00 1.000000000000000000e+00 0.000000000000000000e+00
3.857877850532531738e-01 8.703706860542297363e-01 5.355749726295471191e-01 6.394922733306884766e-01 2.622535824775695801e-01 1.736193895339965820e-02 2.043613791465759277e-01 2.047418355941772461e-01 7.707855105400085449e-01 1.000000000000000000e+00 0.000000000000000000e+00 0.000000000000000000e+00
4.092435538768768311e-01 9.378066658973693848e-01 2.129942774772644043e-01 1.762841939926147461e-01 4.666847586631774902e-01 9.891635179519653320e-02 4.577729105949401855e-01 3.136910796165466309e-01 6.130319833755493164e-02 0.000000000000000000e+00 1.000000000000000000e+00 0.000000000000000000e+00
9.672415256500244141e-01 5.858010053634643555e-01 6.660068035125732422e-01 8.974086642265319824e-01 8.033800721168518066e-01 2.897837162017822266e-01 9.546872973442077637e-01 5.357980132102966309e-01 1.869888305664062500e-01 0.000000000000000000e+00 0.000000000000000000e+00 0.000000000000000000e+00
8.068805932998657227e-02 7.446376681327819824e-01 5.225132703781127930e-01 1.122915744781494141e-01 1.318033933639526367e-01 3.454484343528747559e-01 2.098307609558105469e-01 5.595291852951049805e-01 2.214814424514770508e-01 0.000000000000000000e+00 1.000000000000000000e+00 0.000000000000000000e+00
4.608866572380065918e-01 5.566577911376953125e-01 1.961459517478942871e-01 5.993565917015075684e-01 2.214998602867126465e-01 1.053445935249328613e-01 3.843539357185363770e-01 6.786094903945922852e-01 7.374268174171447754e-01 0.000000000000000000e+00 0.000000000000000000e+00 0.000000000000000000e+00
7.741839289665222168e-01 7.130314707756042480e-01 7.627058029174804688e-01 6.274683475494384766e-01 2.059979438781738281e-01 1.777163743972778320e-01 9.660692214965820312e-01 3.130435347557067871e-01 5.421278476715087891e-01 0.000000000000000000e+00 0.000000000000000000e+00 0.000000000000000000e+00
9.845596551895141602e-01 2.429367899894714355e-01 9.168883562088012695e-01 7.170982956886291504e-01 2.083095908164978027e-01 6.174188852310180664e-02 8.057191371917724609e-01 3.018996119499206543e-01 2.561815977096557617e-01 0.000000000000000000e+00 0.000000000000000000e+00 0.000000000000000000e+00
6.909907460212707520e-01 6.326540112495422363e-01 6.599841117858886719e-01 7.213249206542968750e-01 6.823416352272033691e-01 4.184061884880065918e-01 7.036630511283874512e-01 2.257539629936218262e-01 2.755528688430786133e-02 0.000000000000000000e+00 0.000000000000000000e+00 0.000000000000000000e+00
6.949666738510131836e-01 6.835328340530395508e-01 3.706670999526977539e-01 7.573837637901306152e-01 2.793051600456237793e-01 4.944226741790771484e-01 1.328634023666381836e-01 5.318564176559448242e-01 3.860251307487487793e-01 1.000000000000000000e+00 0.000000000000000000e+00 0.000000000000000000e+00
6.936283707618713379e-01 2.265476584434509277e-01 7.817932367324829102e-01 1.915231347084045410e-01 5.539206266403198242e-01 7.508027553558349609e-01 6.856435537338256836e-01 4.787231087684631348e-01 3.606448173522949219e-01 0.000000000000000000e+00 1.000000000000000000e+00 0.000000000000000000e+00
6.771150231361389160e-02 2.499616742134094238e-01 3.244340419769287109e-02 6.008744239807128906e-03 4.918271303176879883e-01 3.936518430709838867e-01 5.738649964332580566e-01 7.414827942848205566e-01 9.944926500320434570e-01 0.000000000000000000e+00 1.000000000000000000e+00 0.000000000000000000e+00
8.033075332641601562e-01 3.617597222328186035e-01 1.498281955718994141e-02 8.392742872238159180e-01 6.330454349517822266e-02 9.473382830619812012e-01 7.865444421768188477e-01 8.219087123870849609e-02 9.936310052871704102e-01 0.000000000000000000e+00 0.000000000000000000e+00 0.000000000000000000e+00
3.261738121509552002e-01 8.357673883438110352e-01 3.959173560142517090e-01 4.730057716369628906e-01 2.782713174819946289e-01 4.493125677108764648e-01 7.921475768089294434e-01 9.251851439476013184e-01 6.852291822433471680e-01 1.000000000000000000e+00 0.000000000000000000e+00 0.000000000000000000e+00
9.776695370674133301e-01 9.608975052833557129e-01 5.842785835266113281e-01 9.282542467117309570e-01 9.930859208106994629e-01 1.797533035278320312e-01 7.607268095016479492e-01 5.122929811477661133e-01 9.178737401962280273e-01 0.000000000000000000e+00 0.000000000000000000e+00 0.000000000000000000e+00
1.666013896465301514e-01 9.413129687309265137e-01 1.996839046478271484e-01 2.123542428016662598e-01 1.464748978614807129e-01 3.898481726646423340e-01 6.356036067008972168e-01 7.179113030433654785e-01 4.304742217063903809e-01 0.000000000000000000e+00 1.000000000000000000e+00 0.000000000000000000e+00
9.409051537513732910e-01 6.456983089447021484e-01 9.330711364746093750e-01 4.723673462867736816e-01 6.119784712791442871e-01 1.436398029327392578e-01 7.995859980583190918e-01 2.701030969619750977e-01 4.050568342208862305e-01 0.000000000000000000e+00 0.000000000000000000e+00 0.000000000000000000e+00
4.319600462913513184e-01 8.921037912368774414e-01 8.094319701194763184e-01 3.276782631874084473e-01 4.717900156974792480e-01 4.943476915359497070e-01 3.421161174774169922e-01 2.635550498962402344e-02 4.405186176300048828e-01 0.000000000000000000e+00 0.000000000000000000e+00 0.000000000000000000e+00
7.770603299140930176e-01 4.868226647377014160e-01 8.247181773185729980e-01 2.410189509391784668e-01 1.207117438316345215e-01 1.618062257766723633e-01 1.995617151260375977e-01 2.196695208549499512e-01 9.377419948577880859e-01 0.000000000000000000e+00 0.000000000000000000e+00 0.000000000000000000e+00
4.132346808910369873e-01 7.604240179061889648e-01 8.119516968727111816e-01 5.995557904243469238e-01 4.096496105194091797e-02 8.413285017013549805e-01 9.855160117149353027e-01 2.461564540863037109e-01 8.153287172317504883e-01 1.000000000000000000e+00 0.000000000000000000e+00 0.000000000000000000e+00
8.263303041458129883e-01 4.883792400360107422e-01 7.994424700736999512e-01 7.307626605033874512e-01 5.267544984817504883e-01 5.200890898704528809e-01 2.386409640312194824e-01 8.012126684188842773e-01 4.374206662178039551e-01 0.000000000000000000e+00 0.000000000000000000e+00 0.000000000000000000e+00
1.959072798490524292e-01 5.588392615318298340e-01 5.803546905517578125e-01 2.007735967636108398e-01 3.515176177024841309e-01 2.092571854591369629e-01 6.627488136291503906e-01 3.601777553558349609e-01 3.332015275955200195e-01 0.000000000000000000e+00 1.000000000000000000e+00 0.000000000000000000e+00
6.809883713722229004e-01 6.512614488601684570e-01 8.560794591903686523e-02 5.154592990875244141e-01 9.475337266921997070e-01 7.463830709457397461e-01 8.896902203559875488e-01 3.391609191894531250e-01 4.465290307998657227e-01 0.000000000000000000e+00 0.000000000000000000e+00 0.000000000000000000e+00
8.172267675399780273e-01 8.009898066520690918e-01 6.604635715484619141e-01 2.817606329917907715e-01 8.952698111534118652e-01 5.587956905364990234e-01 1.519578099250793457e-01 2.508221864700317383e-01 7.110749483108520508e-01 0.000000000000000000e+00 0.000000000000000000e+00 0.000000000000000000e+00
1.722542345523834229e-01 7.246825098991394043e-01 4.179308414459228516e-01 5.402457714080810547e-02 2.372943162918090820e-01 2.886278033256530762e-01 9.896866083145141602e-01 5.437153577804565430e-01 2.943200469017028809e-01 0.000000000000000000e+00 1.000000000000000000e+00 0.000000000000000000e+00
9.990779161453247070e-01 1.769097447395324707e-01 2.780736088752746582e-01 8.791503906250000000e-01 8.021609187126159668e-01 4.524350166320800781e-03 6.288808584213256836e-01 7.975757122039794922e-02 1.777453422546386719e-01 1.000000000000000000e+00 0.000000000000000000e+00 0.000000000000000000e+00
8.757064938545227051e-01 7.752491831779479980e-01 6.990332603454589844e-01 9.271886944770812988e-01 7.903407216072082520e-01 7.424433231353759766e-01 5.076363682746887207e-01 3.689979314804077148e-01 4.675490260124206543e-01 1.000000000000000000e+00 1.000000000000000000e+00 1.000000000000000000e+00
8.964524865150451660e-01 9.203899502754211426e-01 7.689667344093322754e-01 5.894538760185241699e-01 8.977552652359008789e-01 3.081247806549072266e-01 6.186227202415466309e-01 6.270734071731567383e-01 4.147479534149169922e-01 0.000000000000000000e+00 0.000000000000000000e+00 0.000000000000000000e+00
9.771165251731872559e-01 3.040392994880676270e-01 5.142688751220703125e-02 8.121953010559082031e-01 4.829323291778564453e-01 5.169956088066101074e-01 2.083079814910888672e-01 5.779919624328613281e-01 9.976454973220825195e-01 0.000000000000000000e+00 0.000000000000000000e+00 0.000000000000000000e+00
7.329626083374023438e-01 6.017541289329528809e-01 1.311163902282714844e-01 6.984161734580993652e-01 6.252052783966064453e-01 7.727006077766418457e-01 8.946241736412048340e-01 9.839556217193603516e-01 5.425071716308593750e-02 0.000000000000000000e+00 0.000000000000000000e+00 0.000000000000000000e+00
7.976197004318237305e-01 2.177901864051818848e-01 5.796737670898437500e-01 6.181113123893737793e-01 1.436842083930969238e-01 8.133707642555236816e-01 5.085424184799194336e-01 2.258207201957702637e-01 7.266479730606079102e-01 0.000000000000000000e+00 0.000000000000000000e+00 0.000000000000000000e+00
7.309868931770324707e-01 6.300296187400817871e-01 1.191102862358093262e-01 4.794878959655761719e-01 6.271132230758666992e-01 4.886293411254882812e-02 6.250665187835693359e-01 4.648619890213012695e-02 4.769126772880554199e-01 0.000000000000000000e+00 0.000000000000000000e+00 0.000000000000000000e+00
8.603483438491821289e-01 2.988730669021606445e-01 9.272130131721496582e-01 2.850797772407531738e-01 3.915917873382568359e-02 1.649317741394042969e-01 3.090841770172119141e-01 7.377023696899414062e-01 1.614918708801269531e-01 0.000000000000000000e+00 0.000000000000000000e+00 0.000000000000000000e+00
4.424794316291809082e-01 1.098302006721496582e-01 4.861893653869628906e-01 3.419231772422790527e-01 7.561039924621582031e-02 2.929213643074035645e-01 7.428731918334960938e-01 1.999379396438598633e-01 8.679500222206115723e-01 0.000000000000000000e+00 0.000000000000000000e+00 0.000000000000000000e+00
4.465981721878051758e-01 8.931988477706909180e-01 2.990366220474243164e-01 5.716531872749328613e-01 3.944821953773498535e-01 4.069971442222595215e-01 1.243860125541687012e-01 8.584401011466979980e-01 7.323166131973266602e-01 0.000000000000000000e+00 0.000000000000000000e+00 0.000000000000000000e+00
5.109478831291198730e-01 4.488450288772583008e-01 9.809704422950744629e-01 2.701878547668457031e-03 2.000120282173156738e-01 8.894299864768981934e-01 5.499137043952941895e-01 6.947201490402221680e-01 8.458036184310913086e-01 0.000000000000000000e+00 0.000000000000000000e+00 0.000000000000000000e+00
6.768344044685363770e-01 5.684472322463989258e-01 4.826185107231140137e-01 6.249318122863769531e-01 5.934188365936279297e-01 4.334356784820556641e-01 4.959309101104736328e-02 4.609794020652770996e-01 3.915885090827941895e-01 1.000000000000000000e+00 0.000000000000000000e+00 0.000000000000000000e+00
8.436856865882873535e-01 5.044367313385009766e-01 1.358599066734313965e-01 5.479056239128112793e-01 6.250473856925964355e-01 4.163849949836730957e-01 1.138163805007934570e-01 3.452754020690917969e-02 8.691740036010742188e-01 0.000000000000000000e+00 0.000000000000000000e+00 0.000000000000000000e+00
9.736450314521789551e-01 3.410290479660034180e-01 2.365398406982421875e-02 7.653951048851013184e-01 8.404357433319091797e-01 1.587554812431335449e-01 7.469010949134826660e-01 2.143185734748840332e-01 2.484017014503479004e-01 0.000000000000000000e+00 1.000000000000000000e+00 0.000000000000000000e+00
8.443500995635986328e-01 1.898124217987060547e-01 5.459534525871276855e-01 5.938507318496704102e-01 7.143788933753967285e-01 3.832991123199462891e-01 3.066167831420898438e-01 4.619867205619812012e-01 8.204805254936218262e-01 1.000000000000000000e+00 0.000000000000000000e+00 0.000000000000000000e+00
2.507263422012329102e-01 8.372930288314819336e-01 1.369622349739074707e-01 1.389065980911254883e-01 3.788864612579345703e-02 7.912440896034240723e-01 2.585464715957641602e-02 7.033446431159973145e-01 5.060716271400451660e-01 0.000000000000000000e+00 0.000000000000000000e+00 0.000000000000000000e+00
6.763968467712402344e-01 7.865383625030517578e-01 3.928411006927490234e-01 4.845715165138244629e-01 6.701906919479370117e-01 2.472891211509704590e-01 8.892334699630737305e-01 7.338583469390869141e-01 4.461531043052673340e-01 0.000000000000000000e+00 0.000000000000000000e+00 0.000000000000000000e+00
3.336670398712158203e-01 4.573116898536682129e-01 4.772278666496276855e-01 1.209315657615661621e-01 2.715480327606201172e-02 1.400268077850341797e-02 5.819702744483947754e-01 5.036044120788574219e-01 8.897233009338378906e-01 0.000000000000000000e+00 1.000000000000000000e+00 0.000000000000000000e+00
6.619961261749267578e-01 3.798499107360839844e-01 5.240617990493774414e-01 5.637612342834472656e-01 2.435247898101806641e-01 8.646076917648315430e-02 4.283004403114318848e-01 9.427134990692138672e-01 8.366410732269287109e-01 1.000000000000000000e+00 0.000000000000000000e+00 0.000000000000000000e+00
4.067190885543823242e-01 8.098447322845458984e-01 6.583448648452758789e-01 4.138866662979125977e-01 3.324502110481262207e-01 7.300866842269897461e-01 6.732640266418457031e-01 7.041977047920227051e-01 7.660899162292480469e-01 1.000000000000000000e+00 0.000000000000000000e+00 0.000000000000000000e+00
5.430288910865783691e-01 7.681763768196105957e-01 6.036770343780517578e-02 5.729895234107971191e-01 4.197344779968261719e-01 7.538502812385559082e-01 5.757024288177490234e-01 5.629409551620483398e-01 2.386238574981689453e-01 0.000000000000000000e+00 0.000000000000000000e+00 0.000000000000000000e+00
7.962003946304321289e-01 2.951264381408691406e-02 4.913328289985656738e-01 4.294813275337219238e-01 7.805037498474121094e-01 7.453814148902893066e-01 1.388609409332275391e-01 9.747512340545654297e-01 5.644109845161437988e-01 1.000000000000000000e+00 0.000000000000000000e+00 0.000000000000000000e+00
9.176739454269409180e-01 5.423179864883422852e-01 3.696205615997314453e-01 8.285317420959472656e-01 5.398959517478942871e-01 2.680591940879821777e-01 3.219705224037170410e-01 9.957270026206970215e-01 2.512230277061462402e-01 1.000000000000000000e+00 0.000000000000000000e+00 0.000000000000000000e+00
8.042174577713012695e-01 9.393640756607055664e-01 4.143799543380737305e-01 5.030515789985656738e-01 8.194673657417297363e-01 4.152762889862060547e-01 3.982862830162048340e-01 5.068390965461730957e-01 6.483654379844665527e-01 1.000000000000000000e+00 0.000000000000000000e+00 0.000000000000000000e+00
2.584574818611145020e-01 7.299671173095703125e-01 6.447949409484863281e-01 9.239447116851806641e-02 8.308011293411254883e-02 7.459706068038940430e-02 4.643205404281616211e-01 6.357256174087524414e-01 4.065759181976318359e-01 1.000000000000000000e+00 0.000000000000000000e+00 0.000000000000000000e+00
9.271874427795410156e-01 3.985091447830200195e-01 4.943634867668151855e-01 7.986006140708923340e-01 8.243399262428283691e-01 4.533341526985168457e-01 6.816130280494689941e-01 9.904145598411560059e-01 6.534284353256225586e-01 0.000000000000000000e+00 0.000000000000000000e+00 0.000000000000000000e+00
6.845518946647644043e-01 5.780561566352844238e-01 7.836271524429321289e-01 1.597927212715148926e-01 7.553173899650573730e-01 6.567203998565673828e-01 7.208849191665649414e-01 1.083465218544006348e-01 5.862398743629455566e-01 1.000000000000000000e+00 0.000000000000000000e+00 0.000000000000000000e+00
8.980094790458679199e-01 2.060780525207519531e-01 2.899248003959655762e-01 6.257683038711547852e-01 8.203225731849670410e-01 9.756103754043579102e-01 1.121931672096252441e-01 6.922857165336608887e-01 5.903097987174987793e-01 0.000000000000000000e+00 0.000000000000000000e+00 0.000000000000000000e+00
4.089135229587554932e-01 4.364170432090759277e-01 7.861542701721191406e-02 4.295600056648254395e-01 5.650538206100463867e-01 3.559482097625732422e-02 1.321440339088439941e-01 6.973552703857421875e-01 2.862077355384826660e-01 0.000000000000000000e+00 0.000000000000000000e+00 0.000000000000000000e+00
8.380340933799743652e-01 9.019471406936645508e-01 7.716551423072814941e-01 4.557904601097106934e-01 8.311476111412048340e-01 1.303908228874206543e-01 2.574815154075622559e-01 3.126078844070434570e-01 1.870706081390380859e-01 0.000000000000000000e+00 0.000000000000000000e+00 0.000000000000000000e+00
8.240494132041931152e-01 2.405995726585388184e-01 6.507903933525085449e-01 3.852003216743469238e-01 4.065622687339782715e-01 1.138195991516113281e-01 1.291900873184204102e-02 3.692127466201782227e-01 8.620136976242065430e-01 0.000000000000000000e+00 0.000000000000000000e+00 0.000000000000000000e+00
4.905980825424194336e-01 5.384019613265991211e-01 7.231765389442443848e-01 4.887967109680175781e-01 7.354199886322021484e-02 3.302326798439025879e-01 4.012375473976135254e-01 6.754223108291625977e-01 6.846547722816467285e-01 1.000000000000000000e+00 0.000000000000000000e+00 0.000000000000000000e+00
3.458450734615325928e-01 3.817344903945922852e-01 5.485680699348449707e-01 1.417295932769775391e-01 5.879354476928710938e-02 3.488636612892150879e-01 3.665313124656677246e-01 2.179196476936340332e-01 2.457814812660217285e-01 0.000000000000000000e+00 1.000000000000000000e+00 0.000000000000000000e+00
4.327385723590850830e-01 3.150954842567443848e-01 1.303941011428833008e-01 2.538981437683105469e-01 8.616698384284973145e-01 1.048130393028259277e-01 8.642663955688476562e-01 6.099240183830261230e-01 3.013426661491394043e-01 1.000000000000000000e+00 0.000000000000000000e+00 0.000000000000000000e+00
9.879347085952758789e-01 2.297329902648925781e-02 5.130536556243896484e-01 9.121400117874145508e-01 3.043609261512756348e-01 5.844250917434692383e-01 3.661265969276428223e-01 8.022916316986083984e-01 7.367264628410339355e-01 0.000000000000000000e+00 0.000000000000000000e+00 0.000000000000000000e+00
9.952855706214904785e-01 4.654496908187866211e-02 6.238365769386291504e-01 9.657201170921325684e-01 6.107664108276367188e-02 4.568791389465332031e-01 3.965926170349121094e-02 7.756472826004028320e-01 9.432871937751770020e-01 1.000000000000000000e+00 0.000000000000000000e+00 0.000000000000000000e+00
9.919297695159912109e-01 5.195134878158569336e-02 3.407008051872253418e-01 7.487892508506774902e-01 8.512324690818786621e-01 3.099123239517211914e-01 3.964357376098632812e-01 4.832679629325866699e-01 2.600462436676025391e-01 0.000000000000000000e+00 0.000000000000000000e+00 0.000000000000000000e+00
7.947246432304382324e-01 3.845009207725524902e-01 5.852218270301818848e-01 6.712140440940856934e-01 1.030406951904296875e-01 5.493137836456298828e-01 5.498051643371582031e-03 1.182907819747924805e-01 9.995583891868591309e-01 0.000000000000000000e+00 0.000000000000000000e+00 0.000000000000000000e+00
7.460743188858032227e-01 1.058842539787292480e-01 6.861076951026916504e-01 2.305936813354492188e-01 2.288787961006164551e-01 6.128132343292236328e-01 2.140180468559265137e-01 4.156255125999450684e-01 9.760024547576904297e-01 1.000000000000000000e+00 0.000000000000000000e+00 0.000000000000000000e+00
6.005887389183044434e-01 6.600721478462219238e-01 3.521398901939392090e-01 3.684949874877929688e-01 6.809533834457397461e-01 9.449273943901062012e-01 2.802406549453735352e-01 8.394870162010192871e-01 7.210372090339660645e-01 1.000000000000000000e+00 0.000000000000000000e+00 0.000000000000000000e+00
5.443452000617980957e-01 1.291176080703735352e-01 3.279096484184265137e-01 1.789329648017883301e-01 7.106894850730895996e-01 5.607321262359619141e-01 3.845522999763488770e-01 3.466101288795471191e-01 8.022264242172241211e-01 1.000000000000000000e+00 1.000000000000000000e+00 1.000000000000000000e+00
6.679556369781494141e-01 8.997361063957214355e-01 6.232211589813232422e-01 8.042874336242675781e-01 6.329843997955322266e-01 4.393107891082763672e-01 6.991758346557617188e-01 2.576333284378051758e-02 8.655173182487487793e-01 0.000000000000000000e+00 0.000000000000000000e+00 0.000000000000000000e+00
5.130737423896789551e-01 9.863288998603820801e-01 7.977513670921325684e-01 9.897283315658569336e-01 4.687374830245971680e-01 7.851349115371704102e-01 7.290292978286743164e-01 4.360617995262145996e-01 3.969334363937377930e-01 0.000000000000000000e+00 0.000000000000000000e+00 0.000000000000000000e+00
9.926163554191589355e-01 2.423310279846191406e-02 9.123951792716979980e-01 6.997309923171997070e-01 1.233698725700378418e-01 1.568412780761718750e-01 6.912826299667358398e-01 1.583933830261230469e-01 6.446332931518554688e-01 0.000000000000000000e+00 1.000000000000000000e+00 0.000000000000000000e+00
8.269935846328735352e-01 5.757570266723632812e-02 9.317210912704467773e-01 2.671078443527221680e-01 3.733460903167724609e-01 7.691407203674316406e-01 2.501147985458374023e-01 1.734212040901184082e-01 6.568091511726379395e-01 1.000000000000000000e+00 1.000000000000000000e+00 1.000000000000000000e+00
2.657888233661651611e-01 4.759761095046997070e-01 1.888471245765686035e-01 8.679676055908203125e-02 6.765518188476562500e-01 3.725271821022033691e-01 3.017613291740417480e-01 8.549576997756958008e-01 8.556524515151977539e-01 1.000000000000000000e+00 0.000000000000000000e+00 0.000000000000000000e+00
9.448351263999938965e-01 3.519590497016906738e-01 1.726776361465454102e-02 7.958161830902099609e-01 1.262272596359252930e-01 1.544514298439025879e-01 1.890316605567932129e-01 7.048526406288146973e-01 4.012901782989501953e-01 0.000000000000000000e+00 0.000000000000000000e+00 0.000000000000000000e+00
3.288487493991851807e-01 8.160547018051147461e-01 8.526280522346496582e-01 6.839615106582641602e-01 1.187866926193237305e-02 8.222675919532775879e-01 7.718918919563293457e-01 5.697458982467651367e-02 7.889138460159301758e-01 1.000000000000000000e+00 0.000000000000000000e+00 0.000000000000000000e+00
8.257580995559692383e-01 5.663608312606811523e-01 8.395069837570190430e-02 8.463374972343444824e-01 3.788025975227355957e-01 4.078899025917053223e-01 9.260500073432922363e-01 6.374025344848632812e-02 7.693964242935180664e-02 1.000000000000000000e+00 0.000000000000000000e+00 0.000000000000000000e+00
4.741249978542327881e-01 6.272022724151611328e-01 9.380927085876464844e-01 5.177530050277709961e-01 4.192793369293212891e-02 2.427227497100830078e-01 2.014187574386596680e-01 3.808039426803588867e-02 2.607917189598083496e-01 0.000000000000000000e+00 1.000000000000000000e+00 0.000000000000000000e+00
4.799605906009674072e-01 9.934009909629821777e-01 2.379193902015686035e-01 5.186153054237365723e-01 4.382675290107727051e-01 5.759993195533752441e-01 2.674877643585205078e-03 9.805998802185058594e-01 9.582628011703491211e-01 0.000000000000000000e+00 0.000000000000000000e+00 0.000000000000000000e+00
7.643699049949645996e-01 4.964701533317565918e-01 8.796958923339843750e-01 2.757582068443298340e-01 6.349897980690002441e-01 4.327987432479858398e-01 6.541227698326110840e-01 1.520522832870483398e-01 4.556702971458435059e-01 1.000000000000000000e+00 0.000000000000000000e+00 0.000000000000000000e+00
2.411772310733795166e-01 7.367244958877563477e-01 6.494460105895996094e-01 2.984750270843505859e-01 1.157459616661071777e-01 7.643869519233703613e-01 4.241661429405212402e-01 5.303325057029724121e-01 3.040485382080078125e-01 1.000000000000000000e+00 0.000000000000000000e+00 0.000000000000000000e+00
4.004798829555511475e-01 5.647623538970947266e-02 1.472437381744384766e-01 2.810232639312744141e-01 4.357876777648925781e-01 3.250833749771118164e-01 7.447189688682556152e-01 2.036774158477783203e-01 6.375418305397033691e-01 0.000000000000000000e+00 0.000000000000000000e+00 0.000000000000000000e+00
5.533286929130554199e-01 7.588885426521301270e-01 6.259950995445251465e-01 2.306471467018127441e-01 5.599628686904907227e-01 2.702974677085876465e-01 3.482446074485778809e-01 9.693695902824401855e-01 9.229952096939086914e-02 1.000000000000000000e+00 0.000000000000000000e+00 0.000000000000000000e+00
3.605817854404449463e-01 1.121071577072143555e-01 4.635367989540100098e-01 3.403651714324951172e-02 4.375286698341369629e-01 8.211355209350585938e-01 2.929003238677978516e-01 5.807361006736755371e-01 3.931493759155273438e-01 0.000000000000000000e+00 0.000000000000000000e+00 0.000000000000000000e+00
2.845832705497741699e-01 1.025012731552124023e-01 2.680245637893676758e-01 2.835750579833984375e-01 3.354050517082214355e-01 6.406131386756896973e-01 5.277430415153503418e-01 4.691021442413330078e-01 3.472884297370910645e-01 0.000000000000000000e+00 1.000000000000000000e+00 0.000000000000000000e+00
9.222205877304077148e-01 2.560806870460510254e-01 8.233214020729064941e-01 5.689477920532226562e-01 7.380791306495666504e-01 4.908765554428100586e-01 6.408345699310302734e-01 5.986702442169189453e-01 1.375952363014221191e-01 0.000000000000000000e+00 0.000000000000000000e+00 0.000000000000000000e+00
4.072579443454742432e-01 9.684622883796691895e-01 8.877022862434387207e-01 4.479579329490661621e-01 5.632671117782592773e-01 3.613849282264709473e-01 1.218525767326354980e-01 8.199201226234436035e-01 8.096269369125366211e-01 1.000000000000000000e+00 0.000000000000000000e+00 0.000000000000000000e+00
8.749567270278930664e-01 5.527524352073669434e-01 8.398883342742919922e-01 4.151161313056945801e-01 7.018653154373168945e-01 1.642873883247375488e-01 5.096666812896728516e-01 6.214439868927001953e-01 4.217400550842285156e-01 0.000000000000000000e+00 0.000000000000000000e+00 0.000000000000000000e+00
7.982938289642333984e-01 8.154675960540771484e-01 5.702561736106872559e-01 6.241453289985656738e-01 6.651632189750671387e-01 2.167385816574096680e-02 1.041107773780822754e-01 6.748723983764648438e-01 1.804027557373046875e-01 1.000000000000000000e+00 0.000000000000000000e+00 0.000000000000000000e+00
4.442433118820190430e-01 8.742213249206542969e-01 1.263650059700012207e-01 6.807905435562133789e-02 9.397438764572143555e-01 8.081254363059997559e-01 2.028403878211975098e-01 2.596768736839294434e-01 7.183337211608886719e-01 0.000000000000000000e+00 0.000000000000000000e+00 0.000000000000000000e+00
9.905909895896911621e-01 3.158854246139526367e-01 8.438183069229125977e-01 9.841278791427612305e-01 7.492023706436157227e-01 5.588000416755676270e-01 6.849771142005920410e-01 4.954131245613098145e-01 3.558471798896789551e-01 0.000000000000000000e+00 0.000000000000000000e+00 0.000000000000000000e+00
8.832399249076843262e-01 2.605884075164794922e-01 8.121712207794189453e-01 7.036842107772827148e-01 4.616773128509521484e-01 7.325530052185058594e-01 3.035240173339843750e-01 3.816411495208740234e-01 1.394886970520019531e-01 0.000000000000000000e+00 0.000000000000000000e+00 0.000000000000000000e+00
8.935824632644653320e-01 1.264077425003051758e-01 1.857501864433288574e-01 5.168855786323547363e-01 9.914333820343017578e-01 6.062039136886596680e-01 2.494263052940368652e-01 2.757140994071960449e-01 6.446897983551025391e-02 0.000000000000000000e+00 1.000000000000000000e+00 0.000000000000000000e+00
6.930319070816040039e-01 7.083904147148132324e-01 5.182275176048278809e-01 4.904965162277221680e-01 5.868976712226867676e-01 2.902486324310302734e-01 8.397373557090759277e-01 5.450977683067321777e-01 8.623787164688110352e-01 0.000000000000000000e+00 0.000000000000000000e+00 0.000000000000000000e+00
3.201703429222106934e-01 2.937126159667968750e-01 1.606488227844238281e-02 1.879041790962219238e-01 2.130228877067565918e-01 9.435786604881286621e-01 6.751769781112670898e-02 7.960518002510070801e-01 5.006456971168518066e-01 0.000000000000000000e+00 0.000000000000000000e+00 0.000000000000000000e+00
9.138160347938537598e-01 7.880597114562988281e-01 2.437944412231445312e-01 7.729281783103942871e-01 7.165033817291259766e-01 1.905410885810852051e-01 6.418098211288452148e-01 5.128868818283081055e-01 7.812511920928955078e-01 0.000000000000000000e+00 0.000000000000000000e+00 0.000000000000000000e+00
1.535525172948837280e-01 3.882557749748229980e-01 3.196939826011657715e-01 3.387045860290527344e-02 1.599440574645996094e-01 7.910668849945068359e-02 1.325258016586303711e-01 7.780570387840270996e-01 2.951180338859558105e-01 0.000000000000000000e+00 0.000000000000000000e+00 0.000000000000000000e+00
6.699576377868652344e-01 7.561155557632446289e-01 2.418078780174255371e-01 8.383097052574157715e-01 2.031987309455871582e-01 2.349733114242553711e-01 8.543347120285034180e-01 7.581055164337158203e-02 8.110141754150390625e-01 0.000000000000000000e+00 0.000000000000000000e+00 0.000000000000000000e+00
2.836872339248657227e-01 9.084625244140625000e-01 7.332623600959777832e-01 7.691574096679687500e-02 5.192947387695312500e-01 3.897863030433654785e-01 5.850730538368225098e-01 3.612974286079406738e-01 4.217293262481689453e-01 1.000000000000000000e+00 0.000000000000000000e+00 0.000000000000000000e+00
9.951241612434387207e-01 2.753186225891113281e-01 8.866469860076904297e-01 8.189268708229064941e-01 9.492477774620056152e-01 4.208178520202636719e-01 4.296233057975769043e-01 1.545047163963317871e-01 1.334094405174255371e-01 0.000000000000000000e+00 1.000000000000000000e+00 0.000000000000000000e+00
9.716777801513671875e-01 4.488682746887207031e-01 4.706752896308898926e-01 8.434104919433593750e-01 6.307853460311889648e-01 1.860216259956359863e-01 4.569422602653503418e-01 3.187203407287597656e-01 1.575309634208679199e-01 0.000000000000000000e+00 0.000000000000000000e+00 0.000000000000000000e+00
5.987321138381958008e-01 4.233127832412719727e-01 5.344633460044860840e-01 6.277640461921691895e-01 3.766824007034301758e-01 5.350766777992248535e-01 9.140200614929199219e-01 6.177341938018798828e-01 6.389739513397216797e-01 0.000000000000000000e+00 0.000000000000000000e+00 0.000000000000000000e+00
6.047526001930236816e-01 2.244641780853271484e-01 7.660140395164489746e-01 1.742926239967346191e-01 4.143774509429931641e-01 7.886233329772949219e-01 1.895907521247863770e-01 1.619577407836914062e-03 8.226047158241271973e-01 0.000000000000000000e+00 1.000000000000000000e+00 0.000000000000000000e+00
9.460578560829162598e-01 4.466353058815002441e-01 3.179723024368286133e-01 8.216287493705749512e-01 5.624548792839050293e-01 5.991851091384887695e-01 3.097107410430908203e-01 2.189461588859558105e-01 8.957301378250122070e-01 0.000000000000000000e+00 0.000000000000000000e+00 0.000000000000000000e+00
9.415106773376464844e-01 9.339064955711364746e-01 2.228417396545410156e-01 9.937995672225952148e-01 9.248028397560119629e-01 3.657252788543701172e-01 9.643796086311340332e-01 9.866657257080078125e-01 9.527146816253662109e-02 0.000000000000000000e+00 1.000000000000000000e+00 0.000000000000000000e+00
8.532439470291137695e-01 7.111728787422180176e-01 2.344299554824829102e-01 8.358523249626159668e-01 9.126865267753601074e-01 3.499254584312438965e-01 1.133680343627929688e-04 6.130725741386413574e-01 2.205340862274169922e-01 0.000000000000000000e+00 0.000000000000000000e+00 0.000000000000000000e+00
8.640673756599426270e-01 8.913303613662719727e-01 7.840183377265930176e-01 9.149922728538513184e-01 8.622106313705444336e-01 8.801105618476867676e-01 4.971150159835815430e-01 9.929314255714416504e-01 1.501321792602539062e-01 0.000000000000000000e+00 1.000000000000000000e+00 0.000000000000000000e+00
8.897978067398071289e-01 6.064152121543884277e-01 1.000264286994934082e-01 7.854090929031372070e-01 4.644525647163391113e-01 3.011457324028015137e-01 8.514037132263183594e-01 1.122496128082275391e-01 3.144556283950805664e-02 1.000000000000000000e+00 0.000000000000000000e+00 0.000000000000000000e+00
7.833951711654663086e-01 8.139423131942749023e-01 1.423984169960021973e-01 2.114380002021789551e-01 5.974004864692687988e-01 3.580389618873596191e-01 4.966121912002563477e-02 8.076182603836059570e-01 3.787887096405029297e-01 0.000000000000000000e+00 0.000000000000000000e+00 0.000000000000000000e+00
2.501866519451141357e-01 7.697660923004150391e-01 8.081267476081848145e-01 2.122414112091064453e-02 1.423999071121215820e-01 1.741523146629333496e-01 9.725809097290039062e-03 4.574190378189086914e-01 9.163036942481994629e-01 1.000000000000000000e+00 0.000000000000000000e+00 0.000000000000000000e+00
6.600364446640014648e-01 3.773913979530334473e-01 4.409705400466918945e-01 4.975494742393493652e-01 7.748329639434814453e-01 4.591183662414550781e-01 6.877368092536926270e-01 6.239695549011230469e-01 6.327629685401916504e-01 0.000000000000000000e+00 0.000000000000000000e+00 0.000000000000000000e+00
9.395724534988403320e-01 3.890781998634338379e-01 4.721048474311828613e-01 7.763371467590332031e-01 3.378069400787353516e-01 1.333658099174499512e-01 6.865608692169189453e-01 2.901173233985900879e-01 9.128821492195129395e-01 0.000000000000000000e+00 1.000000000000000000e+00 0.000000000000000000e+00
8.663967251777648926e-01 5.524041056632995605e-01 6.421452164649963379e-01 9.039074182510375977e-01 7.962697744369506836e-02 2.209864854812622070e-01 2.593876719474792480e-01 6.220149397850036621e-01 7.775853276252746582e-01 0.000000000000000000e+00 0.000000000000000000e+00 0.000000000000000000e+00
5.681571364402770996e-01 3.508660793304443359e-01 4.924507737159729004e-01 1.922333240509033203e-02 9.244253635406494141e-01 5.320649743080139160e-01 9.127506017684936523e-01 6.296714544296264648e-01 9.166353940963745117e-01 0.000000000000000000e+00 0.000000000000000000e+00 0.000000000000000000e+00
9.567928910255432129e-01 2.288625836372375488e-01 2.718245983123779297e-02 8.014087677001953125e-01 2.748486995697021484e-01 4.033821821212768555e-01 6.775081753730773926e-01 9.407043457031250000e-01 1.439256072044372559e-01 0.000000000000000000e+00 1.000000000000000000e+00 0.000000000000000000e+00
9.867655038833618164e-01 1.629391908645629883e-01 5.549573898315429688e-01 9.992097020149230957e-01 4.677705764770507812e-01 6.186757087707519531e-01 3.660022020339965820e-01 8.762642145156860352e-01 9.858591556549072266e-01 0.000000000000000000e+00 0.000000000000000000e+00 0.000000000000000000e+00
5.469076633453369141e-01 9.463050365447998047e-01 1.707018017768859863e-01 9.253324270248413086e-01 3.096073269844055176e-01 6.291292309761047363e-01 1.455163359642028809e-01 9.010426402091979980e-01 3.781847357749938965e-01 1.000000000000000000e+00 0.000000000000000000e+00 0.000000000000000000e+00
7.680705189704895020e-01 7.857101559638977051e-01 6.972974538803100586e-01 7.569903731346130371e-01 2.914377450942993164e-01 5.972466468811035156e-01 6.436839699745178223e-01 2.672615051269531250e-01 7.477533817291259766e-01 0.000000000000000000e+00 0.000000000000000000e+00 0.000000000000000000e+00
1.796383857727050781e-01 9.482026100158691406e-01 8.936518430709838867e-02 5.387246608734130859e-02 2.960289716720581055e-01 7.136960029602050781e-01 8.585880994796752930e-01 9.789217710494995117e-01 9.118871688842773438e-01 0.000000000000000000e+00 1.000000000000000000e+00 0.000000000000000000e+00
5.603179335594177246e-01 7.025267481803894043e-01 3.985608220100402832e-01 7.235469222068786621e-01 3.498914241790771484e-01 7.574260234832763672e-01 2.353667616844177246e-01 5.639733076095581055e-01 4.463892579078674316e-01 0.000000000000000000e+00 0.000000000000000000e+00 0.000000000000000000e+00
4.239488542079925537e-01 4.082739949226379395e-01 6.415292024612426758e-01 2.030673623085021973e-01 2.027384638786315918e-01 4.518967270851135254e-01 2.515183091163635254e-01 2.350797057151794434e-01 6.551422476768493652e-01 0.000000000000000000e+00 1.000000000000000000e+00 0.000000000000000000e+00
2.801439166069030762e-01 9.279384613037109375e-01 3.388392329216003418e-01 3.789028525352478027e-01 7.975727319717407227e-02 6.369839906692504883e-01 9.797375798225402832e-01 1.836610436439514160e-01 3.590666651725769043e-01 1.000000000000000000e+00 0.000000000000000000e+00 0.000000000000000000e+00
3.564887344837188721e-01 2.057434320449829102e-01 5.503479242324829102e-01 1.307972669601440430e-01 5.702008008956909180e-01 8.986641168594360352e-01 6.330513358116149902e-01 5.350283384323120117e-01 7.781116962432861328e-01 1.000000000000000000e+00 0.000000000000000000e+00 0.000000000000000000e+00
8.985387682914733887e-01 2.404153347015380859e-01 7.549908161163330078e-01 3.444848060607910156e-01 7.082175016403198242e-01 6.779589056968688965e-01 5.044718384742736816e-01 4.808548092842102051e-01 8.911016583442687988e-01 0.000000000000000000e+00 0.000000000000000000e+00 0.000000000000000000e+00
7.317043542861938477e-01 4.138098955154418945e-01 8.479257225990295410e-01 7.976194620132446289e-01 1.321007013320922852e-01 6.305105090141296387e-01 7.077852487564086914e-01 6.054195165634155273e-01 5.912554264068603516e-01 0.000000000000000000e+00 0.000000000000000000e+00 0.000000000000000000e+00
9.796286225318908691e-01 3.216685056686401367e-01 3.089969158172607422e-01 7.872995138168334961e-01 6.214544177055358887e-01 1.585697531700134277e-01 3.550587296485900879e-01 8.144937157630920410e-01 5.011451244354248047e-02 0.000000000000000000e+00 1.000000000000000000e+00 0.000000000000000000e+00
6.951809525489807129e-01 1.067926287651062012e-01 1.869009137153625488e-01 4.969877004623413086e-01 4.790674448013305664e-01 3.747158646583557129e-01 6.248486042022705078e-01 4.857395887374877930e-01 5.040350556373596191e-01 0.000000000000000000e+00 0.000000000000000000e+00 0.000000000000000000e+00
5.845133066177368164e-01 6.569448113441467285e-01 1.030746102333068848e-01 3.249408602714538574e-01 6.601200699806213379e-01 5.754214525222778320e-01 8.962076306343078613e-01 2.832013368606567383e-01 3.646054267883300781e-01 1.000000000000000000e+00 0.000000000000000000e+00 0.000000000000000000e+00
9.545570015907287598e-01 1.971501111984252930e-02 6.653392910957336426e-01 4.288823008537292480e-01 2.945222854614257812e-01 4.725849628448486328e-02 2.415063977241516113e-01 2.363567948341369629e-01 7.349222302436828613e-01 0.000000000000000000e+00 0.000000000000000000e+00 0.000000000000000000e+00
8.665743470191955566e-01 5.277189016342163086e-01 7.519558668136596680e-01 2.287203073501586914e-01 9.735968708992004395e-01 3.135974407196044922e-01 9.722427725791931152e-01 3.411026597023010254e-01 5.042091012001037598e-01 0.000000000000000000e+00 0.000000000000000000e+00 0.000000000000000000e+00
9.951028823852539062e-01 2.847462892532348633e-02 2.896785736083984375e-04 8.630940914154052734e-01 6.160867810249328613e-01 2.911841869354248047e-01 6.823074221611022949e-01 5.827865004539489746e-01 3.310112953186035156e-01 0.000000000000000000e+00 0.000000000000000000e+00 0.000000000000000000e+00
4.552623629570007324e-01 3.012301921844482422e-01 7.601003050804138184e-01 2.226505279541015625e-01 2.061122655868530273e-02 9.529404044151306152e-01 8.800560832023620605e-01 2.092241644859313965e-01 9.809491038322448730e-01 0.000000000000000000e+00 1.000000000000000000e+00 0.000000000000000000e+00
3.094637989997863770e-01 3.272391557693481445e-01 1.371581554412841797e-01 4.169313907623291016e-01 2.572515010833740234e-01 4.911726713180541992e-01 4.934638738632202148e-02 5.669136643409729004e-01 4.271428585052490234e-01 0.000000000000000000e+00 0.000000000000000000e+00 0.000000000000000000e+00
5.657894611358642578e-01 7.511435747146606445e-01 4.126085638999938965e-01 4.335854053497314453e-01 5.462613105773925781e-01 8.819404840469360352e-01 1.445852518081665039e-01 3.791884779930114746e-01 6.134234666824340820e-01 0.000000000000000000e+00 0.000000000000000000e+00 0.000000000000000000e+00
7.233538627624511719e-01 5.593793392181396484e-01 7.992199063301086426e-01 8.221188783645629883e-01 1.528263092041015625e-02 3.782033920288085938e-01 2.865800261497497559e-01 9.324558377265930176e-01 5.937303900718688965e-01 1.000000000000000000e+00 0.000000000000000000e+00 0.000000000000000000e+00
7.139152884483337402e-01 2.910274863243103027e-01 1.169465184211730957e-01 5.320354700088500977e-01 2.448872923851013184e-01 1.540853977203369141e-01 6.929419636726379395e-01 6.972873210906982422e-02 9.951708912849426270e-01 0.000000000000000000e+00 0.000000000000000000e+00 0.000000000000000000e+00
3.531897366046905518e-01 1.944140195846557617e-01 1.209485530853271484e-02 3.164449334144592285e-01 1.675260066986083984e-02 9.506188035011291504e-01 3.625333309173583984e-01 4.239321947097778320e-01 3.039854168891906738e-01 1.000000000000000000e+00 0.000000000000000000e+00 0.000000000000000000e+00
7.185726165771484375e-01 6.940871477127075195e-01 4.113505482673645020e-01 3.073709011077880859e-01 8.820107579231262207e-01 6.174110770225524902e-01 2.757291197776794434e-01 9.306745529174804688e-01 9.656144380569458008e-01 0.000000000000000000e+00 0.000000000000000000e+00 0.000000000000000000e+00
7.525991797447204590e-01 6.503019928932189941e-01 9.485412836074829102e-01 4.526448249816894531e-01 4.123070836067199707e-01 4.109162092208862305e-01 6.958287954330444336e-02 8.092141151428222656e-01 1.599112749099731445e-01 0.000000000000000000e+00 0.000000000000000000e+00 0.000000000000000000e+00
9.545521140098571777e-01 3.511822223663330078e-01 1.731655597686767578e-01 8.247777819633483887e-01 4.936487674713134766e-01 4.999772906303405762e-01 9.868189692497253418e-01 6.450619101524353027e-01 2.378045916557312012e-01 0.000000000000000000e+00 0.000000000000000000e+00 0.000000000000000000e+00
2.661092579364776611e-01 6.841843724250793457e-01 4.764671921730041504e-01 7.013257741928100586e-01 9.665131568908691406e-03 7.719368338584899902e-01 6.302041411399841309e-01 5.638915896415710449e-01 2.281907200813293457e-01 0.000000000000000000e+00 1.000000000000000000e+00 0.000000000000000000e+00
6.778574585914611816e-01 2.069564461708068848e-01 2.909380197525024414e-01 1.079269051551818848e-01 9.965240955352783203e-01 2.646808028221130371e-01 7.880247235298156738e-01 5.487962961196899414e-01 2.234275937080383301e-01 0.000000000000000000e+00 0.000000000000000000e+00 0.000000000000000000e+00
8.835366368293762207e-01 5.804329514503479004e-01 8.888469934463500977e-01 1.191368103027343750e-01 8.932011127471923828e-01 2.298371791839599609e-01 7.631468772888183594e-01 4.717293977737426758e-01 3.403003215789794922e-01 0.000000000000000000e+00 0.000000000000000000e+00 0.000000000000000000e+00
7.099882960319519043e-01 2.288736104965209961e-01 7.506811618804931641e-02 6.186437606811523438e-01 6.333877444267272949e-01 9.159256815910339355e-01 9.692196249961853027e-01 3.152642250061035156e-01 1.262409090995788574e-01 1.000000000000000000e+00 1.000000000000000000e+00 1.000000000000000000e+00
9.940454959869384766e-01 4.437071084976196289e-01 1.350930333137512207e-01 9.923188686370849609e-01 5.689495205879211426e-01 9.049773216247558594e-02 3.060497045516967773e-01 2.026364803314208984e-01 5.752536058425903320e-01 0.000000000000000000e+00 0.000000000000000000e+00 0.000000000000000000e+00
3.959684371948242188e-01 4.922879338264465332e-01 2.834294438362121582e-01 3.308602571487426758e-01 1.892210245132446289e-01 7.696211338043212891e-03 7.336460351943969727e-01 7.575073242187500000e-01 6.951613426208496094e-01 1.000000000000000000e+00 0.000000000000000000e+00 0.000000000000000000e+00
8.806945681571960449e-01 1.440264582633972168e-01 6.803770065307617188e-01 3.209605216979980469e-01 8.272191286087036133e-01 9.301963448524475098e-01 2.355126738548278809e-01 5.806894302368164062e-01 8.960971832275390625e-01 0.000000000000000000e+00 0.000000000000000000e+00 0.000000000000000000e+00
9.880347847938537598e-01 2.690726518630981445e-02 6.152983307838439941e-01 9.235170483589172363e-01 5.264710783958435059e-01 6.230365037918090820e-01 9.964143037796020508e-01 4.288098216056823730e-01 3.225553035736083984e-01 0.000000000000000000e+00 1.000000000000000000e+00 0.000000000000000000e+00
9.399946331977844238e-01 8.398939967155456543e-01 9.836997389793395996e-01 6.586950421333312988e-01 9.646768569946289062e-01 5.051468014717102051e-01 4.260089993476867676e-01 3.964560031890869141e-01 7.186159491539001465e-01 0.000000000000000000e+00 0.000000000000000000e+00 0.000000000000000000e+00
2.737098336219787598e-01 6.670866608619689941e-01 4.759026169776916504e-01 6.461098194122314453e-01 8.300608396530151367e-02 7.196077108383178711e-01 5.464649200439453125e-01 8.159798383712768555e-02 7.691817879676818848e-01 0.000000000000000000e+00 0.000000000000000000e+00 0.000000000000000000e+00
7.511952519416809082e-01 8.278060555458068848e-01 8.421845436096191406e-01 5.660349726676940918e-01 7.209454178810119629e-01 3.641437292098999023e-01 6.568782925605773926e-01 6.865519881248474121e-01 7.982522845268249512e-01 0.000000000000000000e+00 0.000000000000000000e+00 0.000000000000000000e+00
3.648498058319091797e-01 7.097126841545104980e-01 8.675992488861083984e-02 1.606552004814147949e-01 9.112095236778259277e-01 7.907593250274658203e-01 9.845522046089172363e-01 4.088218808174133301e-01 8.143930435180664062e-01 0.000000000000000000e+00 0.000000000000000000e+00 0.000000000000000000e+00
8.491756319999694824e-01 5.548718571662902832e-01 1.073011755943298340e-01 9.906365871429443359e-01 2.012158036231994629e-01 4.101735353469848633e-01 2.569792866706848145e-01 6.358660459518432617e-01 4.309393167495727539e-01 0.000000000000000000e+00 0.000000000000000000e+00 0.000000000000000000e+00
5.328605771064758301e-01 8.099317550659179688e-01 8.631908893585205078e-02 1.976140141487121582e-01 4.490222334861755371e-01 5.191780924797058105e-01 4.483208656311035156e-01 9.097344875335693359e-01 4.083017110824584961e-01 1.000000000000000000e+00 0.000000000000000000e+00 0.000000000000000000e+00
6.067216992378234863e-01 3.675470352172851562e-01 6.903593540191650391e-01 2.504532337188720703e-01 6.206356287002563477e-01 6.521213650703430176e-01 7.427320480346679688e-01 8.252770304679870605e-01 1.575636863708496094e-02 0.000000000000000000e+00 0.000000000000000000e+00 0.000000000000000000e+00
9.224584102630615234e-01 2.875088453292846680e-01 8.406612277030944824e-01 2.452388405799865723e-01 2.073792219161987305e-01 1.372960209846496582e-01 2.612817883491516113e-01 7.048623561859130859e-01 6.375647187232971191e-01 0.000000000000000000e+00 0.000000000000000000e+00 0.000000000000000000e+00
7.842593789100646973e-01 3.171417117118835449e-01 9.719436168670654297e-01 3.397988080978393555e-01 1.103451848030090332e-01 5.290251374244689941e-01 6.533759832382202148e-01 8.701925873756408691e-01 8.296221494674682617e-02 1.000000000000000000e+00 1.000000000000000000e+00 1.000000000000000000e+00
5.599259734153747559e-01 3.104037642478942871e-01 4.551261663436889648e-01 4.337236881256103516e-01 8.824531435966491699e-01 8.265587687492370605e-01 4.969387054443359375e-01 7.506667971611022949e-01 4.635238647460937500e-02 1.000000000000000000e+00 1.000000000000000000e+00 1.000000000000000000e+00
1.235823854804039001e-01 8.020638823509216309e-01 1.408867835998535156e-01 4.060038924217224121e-01 1.509792804718017578e-01 8.142355680465698242e-01 9.902703762054443359e-01 9.537227153778076172e-01 5.713202953338623047e-01 0.000000000000000000e+00 1.000000000000000000e+00 0.000000000000000000e+00
1.785518229007720947e-01 2.929239869117736816e-01 2.143937349319458008e-01 2.934163808822631836e-02 5.112161040306091309e-01 6.468794941902160645e-01 5.673574209213256836e-01 1.867735385894775391e-02 4.763274788856506348e-01 0.000000000000000000e+00 1.000000000000000000e+00 0.000000000000000000e+00
5.639412999153137207e-01 2.038362622261047363e-01 6.556490063667297363e-01 3.206997513771057129e-01 4.896938204765319824e-01 6.851757168769836426e-01 6.378077268600463867e-01 8.081601858139038086e-01 1.200094223022460938e-01 1.000000000000000000e+00 0.000000000000000000e+00 0.000000000000000000e+00
1.593926101922988892e-01 8.244969248771667480e-01 4.922134876251220703e-01 9.112739562988281250e-02 3.371464014053344727e-01 4.083571434020996094e-01 1.745035052299499512e-01 9.058205485343933105e-01 4.842216968536376953e-01 1.000000000000000000e+00 1.000000000000000000e+00 1.000000000000000000e+00
7.313416004180908203e-01 5.804612636566162109e-01 2.363396883010864258e-01 9.248522520065307617e-01 4.700034856796264648e-02 9.911361336708068848e-01 3.551268577575683594e-01 1.225244402885437012e-01 9.872728586196899414e-01 0.000000000000000000e+00 0.000000000000000000e+00 0.000000000000000000e+00
5.299100875854492188e-01 8.027665019035339355e-01 7.820619940757751465e-01 4.111809134483337402e-01 4.723536372184753418e-01 1.386995911598205566e-01 7.146098613739013672e-01 2.266103625297546387e-01 1.451825499534606934e-01 0.000000000000000000e+00 0.000000000000000000e+00 0.000000000000000000e+00
7.260258197784423828e-01 1.850957870483398438e-01 9.994022846221923828e-01 5.972814559936523438e-02 3.735893964767456055e-01 9.632343649864196777e-01 7.583072781562805176e-01 8.069436550140380859e-01 3.477904796600341797e-01 0.000000000000000000e+00 1.000000000000000000e+00 0.000000000000000000e+00
8.313952684402465820e-01 7.433909773826599121e-01 6.474692225456237793e-01 5.975055694580078125e-01 6.911046504974365234e-01 1.888883113861083984e-02 1.747967600822448730e-01 4.488705992698669434e-01 5.407724976539611816e-01 0.000000000000000000e+00 0.000000000000000000e+00 0.000000000000000000e+00
5.647584795951843262e-01 2.397044301033020020e-01 1.310546398162841797e-01 6.331062912940979004e-01 1.598038077354431152e-01 7.000160813331604004e-01 8.846141695976257324e-01 5.798336863517761230e-01 8.241522312164306641e-02 0.000000000000000000e+00 1.000000000000000000e+00 0.000000000000000000e+00
9.594787955284118652e-01 3.653480410575866699e-01 6.370206475257873535e-01 9.056077599525451660e-01 2.771941423416137695e-01 1.566630601882934570e-01 5.214046239852905273e-01 6.463201045989990234e-01 8.117037415504455566e-01 0.000000000000000000e+00 0.000000000000000000e+00 0.000000000000000000e+00
4.155151247978210449e-01 6.446436047554016113e-01 4.608106613159179688e-01 5.808436870574951172e-01 3.152152895927429199e-01 8.932607173919677734e-01 7.374877333641052246e-01 4.098462462425231934e-01 8.620371222496032715e-01 1.000000000000000000e+00 0.000000000000000000e+00 0.000000000000000000e+00
9.525133371353149414e-01 2.169932723045349121e-01 3.615351319313049316e-01 5.669116377830505371e-01 6.041195988655090332e-01 5.363190174102783203e-02 1.403825283050537109e-01 2.229456305503845215e-01 9.670079946517944336e-01 0.000000000000000000e+00 0.000000000000000000e+00 0.000000000000000000e+00
8.459051847457885742e-01 9.494102001190185547e-02 6.797861456871032715e-01 9.922993183135986328e-02 9.016777873039245605e-01 6.535139679908752441e-01 1.538600325584411621e-01 8.535338044166564941e-01 2.462601065635681152e-01 0.000000000000000000e+00 0.000000000000000000e+00 0.000000000000000000e+00
9.080063104629516602e-01 1.952938437461853027e-01 5.999187231063842773e-01 5.286827683448791504e-01 9.088885188102722168e-01 8.378369808197021484e-01 4.300487041473388672e-01 7.723746895790100098e-01 1.951403617858886719e-01 0.000000000000000000e+00 0.000000000000000000e+00 0.000000000000000000e+00
3.643125891685485840e-01 4.236645698547363281e-01 3.906579613685607910e-01 4.733774065971374512e-01 6.707775592803955078e-01 3.397005796432495117e-01 1.592369079589843750e-01 8.353051543235778809e-01 3.102080225944519043e-01 0.000000000000000000e+00 0.000000000000000000e+00 0.000000000000000000e+00
5.370603203773498535e-01 8.097872734069824219e-01 9.825909733772277832e-01 1.608321070671081543e-01 4.265360832214355469e-01 5.042278766632080078e-02 5.457037687301635742e-01 2.744427323341369629e-01 7.775710225105285645e-01 0.000000000000000000e+00 0.000000000000000000e+00 0.000000000000000000e+00
9.979279041290283203e-01 3.947675228118896484e-03 3.140717744827270508e-02 9.779999256134033203e-01 6.869418621063232422e-01 5.511040091514587402e-01 3.520482182502746582e-01 1.474227309226989746e-01 7.228411436080932617e-01 1.000000000000000000e+00 1.000000000000000000e+00 1.000000000000000000e+00
4.105018675327301025e-01 4.363457560539245605e-01 8.364330530166625977e-01 2.027231454849243164e-01 1.913765072822570801e-01 9.226977825164794922e-01 3.031541705131530762e-01 9.691745042800903320e-01 3.959929943084716797e-01 1.000000000000000000e+00 0.000000000000000000e+00 0.000000000000000000e+00
8.791366815567016602e-01 2.134169936180114746e-01 1.595165133476257324e-01 7.187036275863647461e-01 3.751665949821472168e-01 8.118430376052856445e-01 2.310137748718261719e-01 5.046916007995605469e-02 3.908364176750183105e-01 1.000000000000000000e+00 0.000000000000000000e+00 0.000000000000000000e+00
8.918169140815734863e-01 9.827378392219543457e-01 5.096493363380432129e-01 6.120461821556091309e-01 9.551545977592468262e-01 7.806288599967956543e-01 5.343495011329650879e-01 8.727147579193115234e-01 4.106982946395874023e-01 0.000000000000000000e+00 0.000000000000000000e+00 0.000000000000000000e+00
8.274604678153991699e-01 6.621009111404418945e-01 3.723287582397460938e-01 1.353621482849121094e-02 9.715348482131958008e-01 9.854412078857421875e-02 5.394515395164489746e-01 4.607109427452087402e-01 1.524207592010498047e-01 1.000000000000000000e+00 0.000000000000000000e+00 0.000000000000000000e+00
7.474889755249023438e-01 2.461612224578857422e-01 3.741141557693481445e-01 5.030208826065063477e-01 4.913887977600097656e-01 3.462063074111938477e-01 5.237600207328796387e-01 2.553308010101318359e-01 2.261035442352294922e-01 1.000000000000000000e+00 0.000000000000000000e+00 0.000000000000000000e+00
7.750950455665588379e-01 4.685680270195007324e-01 7.902758121490478516e-01 7.017272710800170898e-01 1.745542883872985840e-01 5.756174921989440918e-01 1.893243789672851562e-01 7.136304378509521484e-01 1.026923656463623047e-01 0.000000000000000000e+00 0.000000000000000000e+00 0.000000000000000000e+00
9.888743162155151367e-01 4.457432031631469727e-02 2.576296329498291016e-01 9.360266327857971191e-01 1.605330705642700195e-01 6.428613662719726562e-01 7.337564826011657715e-01 8.771961927413940430e-02 8.105123043060302734e-01 0.000000000000000000e+00 0.000000000000000000e+00 0.000000000000000000e+00
1.999344974756240845e-01 9.198371171951293945e-01 3.366881012916564941e-01 3.157889842987060547e-01 1.832544803619384766e-02 6.421466469764709473e-01 6.762313246726989746e-01 7.645004987716674805e-02 4.716097116470336914e-01 0.000000000000000000e+00 0.000000000000000000e+00 0.000000000000000000e+00
1.201694160699844360e-01 4.219915866851806641e-01 1.630901694297790527e-01 6.980669498443603516e-02 8.243192434310913086e-01 8.054781556129455566e-01 8.675163984298706055e-01 3.670160174369812012e-01 7.107713222503662109e-01 0.000000000000000000e+00 1.000000000000000000e+00 0.000000000000000000e+00
1.144906356930732727e-01 6.815299987792968750e-01 3.686165809631347656e-01 9.964722394943237305e-02 1.172571778297424316e-01 7.039555311203002930e-01 9.402408599853515625e-01 3.254846930503845215e-01 2.402709126472473145e-01 0.000000000000000000e+00 0.000000000000000000e+00 0.000000000000000000e+00
9.993379712104797363e-01 1.088440418243408203e-02 3.728683590888977051e-01 9.695726037025451660e-01 7.240166664123535156e-01 3.350178599357604980e-01 8.443549275398254395e-01 4.523496031761169434e-01 3.688393235206604004e-01 0.000000000000000000e+00 0.000000000000000000e+00 0.000000000000000000e+00
8.570788502693176270e-01 3.515541553497314453e-03 7.979329228401184082e-01 2.238968610763549805e-01 3.979356884956359863e-01 8.327994346618652344e-01 1.482192873954772949e-01 6.978436708450317383e-01 1.042216420173645020e-01 0.000000000000000000e+00 0.000000000000000000e+00 0.000000000000000000e+00
9.808190464973449707e-01 1.650879383087158203e-01 1.444435119628906250e-01 6.189087629318237305e-01 9.706590771675109863e-01 2.361475825309753418e-01 6.540334224700927734e-02 3.055449724197387695e-01 7.562729716300964355e-01 1.000000000000000000e+00 0.000000000000000000e+00 0.000000000000000000e+00
7.147493958473205566e-01 8.808895945549011230e-01 1.792601346969604492e-01 1.955842971801757812e-01 8.749476671218872070e-01 4.493152499198913574e-01 1.183983683586120605e-01 9.217920303344726562e-01 3.719112873077392578e-01 0.000000000000000000e+00 0.000000000000000000e+00 0.000000000000000000e+00
2.986724972724914551e-01 6.775230169296264648e-01 7.618703246116638184e-01 3.884010910987854004e-01 2.271022796630859375e-01 9.319098591804504395e-01 3.806995153427124023e-01 7.344347238540649414e-01 2.695319056510925293e-01 1.000000000000000000e+00 1.000000000000000000e+00 1.000000000000000000e+00
6.748850941658020020e-01 7.701979875564575195e-01 7.149875164031982422e-01 2.570656538009643555e-01 7.377608418464660645e-01 9.401559829711914062e-03 7.581441998481750488e-01 3.814464807510375977e-01 6.825075745582580566e-01 0.000000000000000000e+00 0.000000000000000000e+00 0.000000000000000000e+00
7.850511074066162109e-01 7.538681626319885254e-01 8.838992118835449219e-01 3.827533125877380371e-01 9.476814866065979004e-01 1.736770272254943848e-01 1.495296955108642578e-01 5.042092800140380859e-01 9.638547897338867188e-01 1.000000000000000000e+00 0.000000000000000000e+00 0.000000000000000000e+00
9.241395592689514160e-01 7.609760761260986328e-02 9.350264072418212891e-01 1.356557607650756836e-01 2.241314053535461426e-01 4.640949368476867676e-01 1.176550388336181641e-01 4.962381720542907715e-01 2.147417664527893066e-01 1.000000000000000000e+00 1.000000000000000000e+00 1.000000000000000000e+00
9.991173148155212402e-01 2.321527004241943359e-01 4.669698476791381836e-01 8.110421299934387207e-01 9.411299228668212891e-01 1.321589946746826172e-02 1.183742284774780273e-01 4.147297739982604980e-01 6.859329938888549805e-01 0.000000000000000000e+00 0.000000000000000000e+00 0.000000000000000000e+00
5.146029591560363770e-01 7.195789813995361328e-01 2.426283955574035645e-01 6.135767698287963867e-01 4.083264470100402832e-01 3.389936089515686035e-01 8.637245893478393555e-01 9.463663101196289062e-01 9.034569859504699707e-01 0.000000000000000000e+00 0.000000000000000000e+00 0.000000000000000000e+00
9.810847043991088867e-01 1.594361066818237305e-01 3.108096718788146973e-01 5.560660362243652344e-01 9.749661087989807129e-01 6.987112760543823242e-02 5.510359406471252441e-01 2.838505506515502930e-01 8.726493716239929199e-01 1.000000000000000000e+00 0.000000000000000000e+00 0.000000000000000000e+00
9.131152629852294922e-01 6.524427533149719238e-01 8.316163420677185059e-01 8.715760111808776855e-01 7.308813333511352539e-01 9.741498827934265137e-01 9.140791893005371094e-01 7.911664247512817383e-02 5.686768293380737305e-01 0.000000000000000000e+00 0.000000000000000000e+00 0.000000000000000000e+00
9.944566488265991211e-01 1.469453573226928711e-01 8.055428266525268555e-01 9.425240755081176758e-01 3.948718905448913574e-01 3.108785152435302734e-01 2.031600475311279297e-01 6.210642457008361816e-01 3.739179968833923340e-01 1.000000000000000000e+00 0.000000000000000000e+00 0.000000000000000000e+00
9.367216229438781738e-01 3.332078456878662109e-01 1.540715694427490234e-01 9.493190050125122070e-01 7.108215093612670898e-01 9.837976098060607910e-01 5.918952822685241699e-01 2.598341703414916992e-01 8.249134421348571777e-01 1.000000000000000000e+00 0.000000000000000000e+00 0.000000000000000000e+00
9.840332865715026855e-01 1.598770618438720703e-01 1.010982394218444824e-01 6.879505515098571777e-01 9.610170125961303711e-01 2.601110935211181641e-01 4.574367403984069824e-01 7.851058840751647949e-01 7.897791266441345215e-01 0.000000000000000000e+00 0.000000000000000000e+00 0.000000000000000000e+00
8.273107409477233887e-01 1.470960974693298340e-01 7.417768239974975586e-01 6.080000400543212891e-01 1.948581337928771973e-01 4.648470282554626465e-01 2.065297961235046387e-01 2.330581545829772949e-01 6.158982515335083008e-01 1.000000000000000000e+00 0.000000000000000000e+00 0.000000000000000000e+00
9.816110134124755859e-01 3.337326645851135254e-01 8.366147279739379883e-01 9.016703367233276367e-01 9.435681700706481934e-01 8.150086402893066406e-01 9.337452054023742676e-01 7.338353991508483887e-01 9.583318829536437988e-01 0.000000000000000000e+00 0.000000000000000000e+00 0.000000000000000000e+00
6.883684992790222168e-01 5.544281005859375000e-01 9.887451529502868652e-01 6.057856678962707520e-01 9.812641143798828125e-02 4.530861377716064453e-01 1.192263960838317871e-01 7.861924171447753906e-02 4.559442400932312012e-01 0.000000000000000000e+00 1.000000000000000000e+00 0.000000000000000000e+00
7.503759860992431641e-01 4.883246421813964844e-01 2.450475692749023438e-01 6.822624206542968750e-01 4.716753363609313965e-01 2.029795050621032715e-01 5.340772867202758789e-02 7.645550370216369629e-01 1.434196829795837402e-01 0.000000000000000000e+00 1.000000000000000000e+00 0.000000000000000000e+00
4.500788748264312744e-01 6.086772680282592773e-01 1.708450317382812500e-01 3.213301301002502441e-01 4.404787421226501465e-01 5.782502889633178711e-02 9.442754387855529785e-01 2.683088183403015137e-01 3.291408419609069824e-01 1.000000000000000000e+00 0.000000000000000000e+00 0.000000000000000000e+00
9.350715279579162598e-01 5.306266546249389648e-01 4.472406506538391113e-01 8.251746892929077148e-01 6.691884994506835938e-01 6.125677824020385742e-01 2.730432748794555664e-01 7.639570832252502441e-01 5.941509008407592773e-01 0.000000000000000000e+00 0.000000000000000000e+00 0.000000000000000000e+00
9.476398825645446777e-01 4.876532554626464844e-01 6.829804182052612305e-01 4.948630332946777344e-01 8.815799951553344727e-01 2.907141447067260742e-01 3.632497787475585938e-02 5.629521012306213379e-01 7.656590342521667480e-01 1.000000000000000000e+00 0.000000000000000000e+00 0.000000000000000000e+00
9.922973513603210449e-01 3.152853846549987793e-01 1.684817075729370117e-01 8.394761085510253906e-01 8.962343335151672363e-01 3.951547145843505859e-01 1.116708517074584961e-01 4.624131917953491211e-01 7.543994784355163574e-01 0.000000000000000000e+00 0.000000000000000000e+00 0.000000000000000000e+00
8.714020848274230957e-01 6.118100285530090332e-01 9.149681329727172852e-01 6.824734210968017578e-01 1.612712144851684570e-01 1.660997271537780762e-01 2.845181822776794434e-01 2.038127183914184570e-02 6.652736663818359375e-02 1.000000000000000000e+00 0.000000000000000000e+00 0.000000000000000000e+00
9.760023951530456543e-01 4.801889061927795410e-01 3.781215548515319824e-01 9.588162899017333984e-01 7.936348319053649902e-01 7.664806842803955078e-01 4.098209142684936523e-01 5.503220558166503906e-01 2.897144556045532227e-01 1.000000000000000000e+00 0.000000000000000000e+00 0.000000000000000000e+00
7.480292916297912598e-01 7.273775935173034668e-01 1.545058488845825195e-01 7.745417952537536621e-01 7.745357751846313477e-01 7.741048932075500488e-01 8.419822454452514648e-01 8.019520044326782227e-01 3.108316063880920410e-01 1.000000000000000000e+00 0.000000000000000000e+00 0.000000000000000000e+00
6.714792251586914062e-01 3.618923425674438477e-01 1.802203655242919922e-01 7.034431099891662598e-01 5.062943696975708008e-02 5.000784993171691895e-01 6.596096754074096680e-01 4.695186614990234375e-01 6.296247243881225586e-02 1.000000000000000000e+00 0.000000000000000000e+00 0.000000000000000000e+00
4.869273900985717773e-01 6.806254386901855469e-01 5.974644422531127930e-02 4.070371985435485840e-01 3.632504343986511230e-01 3.826876878738403320e-01 4.978744387626647949e-01 8.296365141868591309e-01 7.480806708335876465e-01 1.000000000000000000e+00 0.000000000000000000e+00 0.000000000000000000e+00
6.652793884277343750e-01 7.407296299934387207e-01 9.746299386024475098e-01 5.661546587944030762e-01 5.144598484039306641e-01 9.188472032546997070e-01 2.438929677009582520e-01 5.992062091827392578e-01 6.585675477981567383e-01 1.000000000000000000e+00 0.000000000000000000e+00 0.000000000000000000e+00
9.532155990600585938e-01 5.487772822380065918e-01 4.147093892097473145e-01 9.945783019065856934e-01 6.086777448654174805e-01 1.970480084419250488e-01 6.601175069808959961e-01 9.121577143669128418e-01 9.433478116989135742e-02 0.000000000000000000e+00 1.000000000000000000e+00 0.000000000000000000e+00
9.851308465003967285e-01 3.055089116096496582e-01 9.488791823387145996e-01 8.625129461288452148e-01 5.794997215270996094e-01 3.097620010375976562e-01 6.124878525733947754e-01 4.405277967453002930e-01 7.570281624794006348e-01 0.000000000000000000e+00 0.000000000000000000e+00 0.000000000000000000e+00
9.296525120735168457e-01 8.820602893829345703e-01 2.960019707679748535e-01 9.369875192642211914e-01 9.763462543487548828e-01 5.995599031448364258e-01 7.662429809570312500e-01 4.432578682899475098e-01 1.244667768478393555e-01 0.000000000000000000e+00 1.000000000000000000e+00 0.000000000000000000e+00
4.685440659523010254e-01 1.222837567329406738e-01 4.106487631797790527e-01 2.563427686691284180e-01 6.709112524986267090e-01 3.071680665016174316e-01 6.078596115112304688e-01 6.199950575828552246e-01 1.183644533157348633e-01 1.000000000000000000e+00 0.000000000000000000e+00 0.000000000000000000e+00
8.734808564186096191e-01 5.919679403305053711e-01 8.903647661209106445e-01 6.508051156997680664e-01 3.636800646781921387e-01 4.095752835273742676e-01 7.516309022903442383e-01 6.916234493255615234e-01 6.915289163589477539e-02 0.000000000000000000e+00 0.000000000000000000e+00 0.000000000000000000e+00
5.819117426872253418e-01 4.046986699104309082e-01 5.343341827392578125e-01 8.126660585403442383e-01 7.029277086257934570e-02 5.377748608589172363e-01 8.258414268493652344e-01 1.036220788955688477e-01 1.225853562355041504e-01 1.000000000000000000e+00 0.000000000000000000e+00 0.000000000000000000e+00
6.762194633483886719e-01 2.592803835868835449e-01 5.113750100135803223e-01 5.722718834877014160e-01 5.921516418457031250e-01 7.344816327095031738e-01 8.594870567321777344e-01 2.441549301147460938e-01 6.305969953536987305e-01 0.000000000000000000e+00 0.000000000000000000e+00 0.000000000000000000e+00
7.027406692504882812e-01 8.998305797576904297e-01 4.407043457031250000e-01 7.206081151962280273e-01 6.441841125488281250e-01 4.677581787109375000e-01 6.984156370162963867e-01 9.284085035324096680e-01 9.645995497703552246e-01 1.000000000000000000e+00 0.000000000000000000e+00 0.000000000000000000e+00
9.786974787712097168e-01 3.053080439567565918e-01 9.091386198997497559e-01 5.636674761772155762e-01 8.073099255561828613e-01 5.173818469047546387e-01 6.561442017555236816e-01 2.934825420379638672e-02 9.761925935745239258e-01 0.000000000000000000e+00 0.000000000000000000e+00 0.000000000000000000e+00
7.760480642318725586e-01 7.019881010055541992e-01 9.799496531486511230e-01 5.153349041938781738e-01 5.318506360054016113e-01 1.395394802093505859e-01 8.017594218254089355e-01 3.335359096527099609e-01 4.869320392608642578e-01 1.000000000000000000e+00 0.000000000000000000e+00 0.000000000000000000e+00
9.360066652297973633e-01 2.108484506607055664e-02 1.488113403320312500e-01 8.400422334671020508e-01 1.653268933296203613e-01 9.898529052734375000e-01 6.559412479400634766e-01 3.815463781356811523e-01 3.014246225357055664e-01 0.000000000000000000e+00 1.000000000000000000e+00 0.000000000000000000e+00
8.844052553176879883e-01 7.955691814422607422e-01 9.960529208183288574e-01 7.516604661941528320e-01 7.043099403381347656e-01 5.432538390159606934e-01 3.461660742759704590e-01 5.525988340377807617e-02 5.310543179512023926e-01 0.000000000000000000e+00 0.000000000000000000e+00 0.000000000000000000e+00
8.111163973808288574e-01 2.855967283248901367e-01 8.042970299720764160e-01 9.339630603790283203e-02 2.129113078117370605e-01 2.493116259574890137e-01 2.402091026306152344e-01 4.205414056777954102e-01 8.658310174942016602e-01 1.000000000000000000e+00 1.000000000000000000e+00 1.000000000000000000e+00
5.593210458755493164e-01 5.756585001945495605e-01 3.972936868667602539e-01 2.526081204414367676e-01 6.812412738800048828e-01 6.012150049209594727e-01 2.700275182723999023e-02 8.816013932228088379e-01 7.240802049636840820e-01 1.000000000000000000e+00 0.000000000000000000e+00 0.000000000000000000e+00
7.070963382720947266e-01 3.779757618904113770e-01 8.104768395423889160e-01 5.670642256736755371e-01 5.832794308662414551e-01 7.346444129943847656e-01 2.707922458648681641e-02 1.954394578933715820e-02 2.788209915161132812e-02 1.000000000000000000e+00 0.000000000000000000e+00 0.000000000000000000e+00
2.506658732891082764e-01 5.109262466430664062e-02 1.573439836502075195e-01 2.923506498336791992e-01 3.009537458419799805e-01 4.138279557228088379e-01 6.999711394309997559e-01 8.393012285232543945e-01 1.867758035659790039e-01 0.000000000000000000e+00 1.000000000000000000e+00 0.000000000000000000e+00
7.647914886474609375e-01 5.362004041671752930e-01 7.507182955741882324e-01 9.096990823745727539e-01 3.219176530838012695e-01 4.432786107063293457e-01 3.486599326133728027e-01 6.060290336608886719e-02 3.101692795753479004e-01 0.000000000000000000e+00 1.000000000000000000e+00 0.000000000000000000e+00
1.678180545568466187e-01 4.078810214996337891e-01 4.773111343383789062e-01 4.358077049255371094e-02 3.076146841049194336e-01 5.269255638122558594e-01 7.744196653366088867e-01 5.213643312454223633e-01 4.985564947128295898e-02 0.000000000000000000e+00 1.000000000000000000e+00 0.000000000000000000e+00
9.897056818008422852e-01 1.475989818572998047e-01 5.692530870437622070e-01 9.409993290901184082e-01 5.615011453628540039e-01 6.290938258171081543e-01 2.441030740737915039e-02 8.006718754768371582e-01 2.564296722412109375e-01 0.000000000000000000e+00 0.000000000000000000e+00 0.000000000000000000e+00
8.110256195068359375e-01 5.165483355522155762e-01 5.849104523658752441e-01 7.193135023117065430e-01 5.635566711425781250e-01 4.213258624076843262e-01 1.749520301818847656e-01 8.186600208282470703e-01 4.340302944183349609e-02 0.000000000000000000e+00 0.000000000000000000e+00 0.000000000000000000e+00
3.176686763763427734e-01 5.798572301864624023e-01 9.673613309860229492e-01 6.611364483833312988e-01 1.593467593193054199e-01 8.533062934875488281e-01 1.391196250915527344e-02 6.265810132026672363e-01 7.698911428451538086e-01 0.000000000000000000e+00 1.000000000000000000e+00 0.000000000000000000e+00
7.684397101402282715e-01 9.550161957740783691e-01 8.939810991287231445e-01 4.472134709358215332e-01 9.315461516380310059e-01 3.691617250442504883e-01 2.423244714736938477e-01 3.319153785705566406e-01 3.413273692131042480e-01 0.000000000000000000e+00 0.000000000000000000e+00 0.000000000000000000e+00
3.666735887527465820e-01 3.106700778007507324e-01 5.120838284492492676e-01 9.875774383544921875e-02 2.572755217552185059e-01 4.873054027557373047e-01 5.027614831924438477e-01 4.271025657653808594e-01 2.848194837570190430e-01 1.000000000000000000e+00 1.000000000000000000e+00 1.000000000000000000e+00
8.473313450813293457e-01 6.917474269866943359e-01 4.522628784179687500e-01 8.846054077148437500e-01 3.776358962059020996e-01 6.320726871490478516e-01 2.401429414749145508e-02 8.821517229080200195e-01 5.715497732162475586e-01 0.000000000000000000e+00 0.000000000000000000e+00 0.000000000000000000e+00
4.619187116622924805e-01 5.679344534873962402e-01 7.996000051498413086e-01 5.817496776580810547e-01 2.118856906890869141e-01 7.701757550239562988e-01 8.677601814270019531e-02 1.421930789947509766e-01 7.488870620727539062e-02 0.000000000000000000e+00 0.000000000000000000e+00 0.000000000000000000e+00
9.881218671798706055e-01 1.557221412658691406e-01 2.948677539825439453e-01 8.755344152450561523e-01 8.731466531753540039e-02 3.613639473915100098e-01 9.421037435531616211e-01 4.298031330108642578e-03 4.649428129196166992e-01 0.000000000000000000e+00 1.000000000000000000e+00 0.000000000000000000e+00
6.536397933959960938e-01 2.847716212272644043e-01 7.506110072135925293e-01 1.592534780502319336e-02 4.968295693397521973e-01 6.829321384429931641e-02 4.703973531723022461e-01 3.459022045135498047e-01 5.177795886993408203e-03 1.000000000000000000e+00 1.000000000000000000e+00 1.000000000000000000e+00
5.996317863464355469e-01 4.362670779228210449e-01 1.547133922576904297e-02 3.598356842994689941e-01 6.484027504920959473e-01 1.406990289688110352e-01 7.858988046646118164e-01 3.198335766792297363e-01 2.078258991241455078e-01 1.000000000000000000e+00 0.000000000000000000e+00 0.000000000000000000e+00
4.849133491516113281e-01 8.804678916931152344e-01 7.961658239364624023e-01 4.316765666007995605e-01 5.245117545127868652e-01 3.968663811683654785e-01 3.936703801155090332e-01 8.200631141662597656e-01 5.565124750137329102e-02 0.000000000000000000e+00 0.000000000000000000e+00 0.000000000000000000e+00
6.821791529655456543e-01 8.317953944206237793e-01 1.432469487190246582e-01 9.620346426963806152e-01 6.887930631637573242e-02 9.952335953712463379e-01 3.097711205482482910e-01 5.900305509567260742e-02 8.864037394523620605e-01 0.000000000000000000e+00 0.000000000000000000e+00 0.000000000000000000e+00
5.410648584365844727e-01 7.675526738166809082e-01 7.493094205856323242e-01 5.610117316246032715e-01 4.167619347572326660e-01 7.761981487274169922e-01 1.851224899291992188e-02 4.192121028900146484e-01 6.544120907783508301e-01 0.000000000000000000e+00 0.000000000000000000e+00 0.000000000000000000e+00
6.882286816835403442e-02 3.539493083953857422e-01 2.308331131935119629e-01 3.313259482383728027e-01 6.578075885772705078e-02 4.171499609947204590e-01 6.943315267562866211e-01 8.278517723083496094e-01 4.880696535110473633e-01 1.000000000000000000e+00 1.000000000000000000e+00 1.000000000000000000e+00
4.780823588371276855e-01 9.235582947731018066e-01 4.757879376411437988e-01 6.276566982269287109e-01 2.859349250793457031e-01 9.499276876449584961e-01 2.576347589492797852e-01 9.838346838951110840e-01 3.317408561706542969e-01 1.000000000000000000e+00 0.000000000000000000e+00 0.000000000000000000e+00
9.654207229614257812e-01 9.648709893226623535e-01 5.291821360588073730e-01 6.054179072380065918e-01 9.650256037712097168e-01 2.253347635269165039e-02 7.901256084442138672e-01 1.801462173461914062e-01 9.156392216682434082e-01 0.000000000000000000e+00 0.000000000000000000e+00 0.000000000000000000e+00
8.046581745147705078e-01 7.904537320137023926e-01 2.739508748054504395e-01 9.116702675819396973e-01 7.009667158126831055e-01 4.369601011276245117e-01 8.043911457061767578e-01 2.354364395141601562e-01 3.497201204299926758e-02 0.000000000000000000e+00 1.000000000000000000e+00 0.000000000000000000e+00
9.587058424949645996e-01 7.145857810974121094e-02 8.930558562278747559e-01 2.050333023071289062e-01 3.170936107635498047e-01 3.092823624610900879e-01 6.712357997894287109e-01 8.250066637992858887e-01 2.805572748184204102e-01 0.000000000000000000e+00 0.000000000000000000e+00 0.000000000000000000e+00
5.859308838844299316e-01 6.204571723937988281e-01 3.545855879783630371e-01 3.722165226936340332e-01 7.038508057594299316e-01 2.796319723129272461e-01 4.646732211112976074e-01 8.594059944152832031e-01 4.151918292045593262e-01 0.000000000000000000e+00 0.000000000000000000e+00 0.000000000000000000e+00
8.575764894485473633e-01 1.937087774276733398e-01 6.683938503265380859e-01 6.772717237472534180e-01 3.399848937988281250e-01 6.879650950431823730e-01 5.881356000900268555e-01 6.021659970283508301e-01 2.325254082679748535e-01 0.000000000000000000e+00 0.000000000000000000e+00 0.000000000000000000e+00
2.415250092744827271e-01 8.840274810791015625e-01 7.352049946784973145e-01 6.375753879547119141e-02 2.883762717247009277e-01 4.319515824317932129e-01 3.621688485145568848e-01 9.957317709922790527e-01 9.737945199012756348e-01 0.000000000000000000e+00 0.000000000000000000e+00 0.000000000000000000e+00
9.236114621162414551e-01 1.437184214591979980e-01 7.820376753807067871e-01 2.076334953308105469e-01 9.352588653564453125e-01 8.124942183494567871e-01 2.626556754112243652e-01 5.732564330101013184e-01 8.175499439239501953e-01 0.000000000000000000e+00 0.000000000000000000e+00 0.000000000000000000e+00
7.073352932929992676e-01 4.536303877830505371e-01 7.662165760993957520e-01 1.049667596817016602e-02 8.681394457817077637e-01 8.149188160896301270e-01 9.870277643203735352e-01 8.491675853729248047e-01 3.271285891532897949e-01 1.000000000000000000e+00 0.000000000000000000e+00 0.000000000000000000e+00
9.610306620597839355e-01 1.625639200210571289e-01 9.619551897048950195e-01 1.828283071517944336e-02 6.052222251892089844e-01 1.496069431304931641e-01 4.359954595565795898e-02 2.059068679809570312e-01 7.358586788177490234e-01 1.000000000000000000e+00 1.000000000000000000e+00 1.000000000000000000e+00
7.782188653945922852e-01 6.489795446395874023e-01 5.978605747222900391e-01 7.437314391136169434e-01 2.720154523849487305e-01 4.183328151702880859e-02 7.909935712814331055e-01 9.177205562591552734e-01 7.674098014831542969e-01 0.000000000000000000e+00 0.000000000000000000e+00 0.000000000000000000e+00
5.878438949584960938e-01 5.887472629547119141e-02 3.470661044120788574e-01 1.465714573860168457e-01 7.663393020629882812e-01 9.044709205627441406e-01 3.467471003532409668e-01 2.676725387573242188e-02 1.151202321052551270e-01 0.000000000000000000e+00 0.000000000000000000e+00 0.000000000000000000e+00
3.602162301540374756e-01 5.356814265251159668e-01 4.125971794128417969e-01 3.188049197196960449e-01 4.222938418388366699e-01 4.104267358779907227e-01 7.408868670463562012e-01 9.957061409950256348e-01 4.771745204925537109e-02 0.000000000000000000e+00 0.000000000000000000e+00 0.000000000000000000e+00
9.577566981315612793e-01 3.655259013175964355e-01 8.726763129234313965e-01 1.013829708099365234e-01 8.309710025787353516e-01 8.927541971206665039e-02 2.775425910949707031e-01 1.273722052574157715e-01 9.863293766975402832e-01 0.000000000000000000e+00 0.000000000000000000e+00 0.000000000000000000e+00
9.279218912124633789e-01 3.416556119918823242e-02 3.520874977111816406e-01 6.206443309783935547e-01 4.495714902877807617e-01 6.931311488151550293e-01 2.435674071311950684e-01 7.999239563941955566e-01 8.049651384353637695e-01 0.000000000000000000e+00 0.000000000000000000e+00 0.000000000000000000e+00
1.364834606647491455e-01 4.235301017761230469e-01 1.055675745010375977e-02 3.727799654006958008e-02 2.154089212417602539e-01 2.070838212966918945e-02 7.635730504989624023e-01 1.198142766952514648e-02 1.222710013389587402e-01 0.000000000000000000e+00 1.000000000000000000e+00 0.000000000000000000e+00
2.449000328779220581e-01 4.955509305000305176e-01 2.934600114822387695e-01 6.143724918365478516e-02 1.415950059890747070e-02 1.622522473335266113e-01 6.346427202224731445e-01 6.059136390686035156e-01 4.253111481666564941e-01 0.000000000000000000e+00 0.000000000000000000e+00 0.000000000000000000e+00
9.346442818641662598e-01 2.322124838829040527e-01 6.394891142845153809e-01 7.574146986007690430e-01 2.200151681900024414e-01 4.276268482208251953e-01 9.444449543952941895e-01 5.025339722633361816e-01 7.867393493652343750e-01 1.000000000000000000e+00 0.000000000000000000e+00 0.000000000000000000e+00
4.606883525848388672e-01 8.608019351959228516e-01 8.454400897026062012e-01 7.880568504333496094e-02 7.250871658325195312e-01 7.042196393013000488e-01 9.253203272819519043e-01 3.970474004745483398e-01 3.467196226119995117e-02 1.000000000000000000e+00 0.000000000000000000e+00 0.000000000000000000e+00
2.258926331996917725e-01 3.178532123565673828e-01 2.721710801124572754e-01 5.706417560577392578e-02 5.164563655853271484e-01 1.077831983566284180e-01 1.454626917839050293e-01 4.083932638168334961e-01 8.532435894012451172e-01 1.000000000000000000e+00 0.000000000000000000e+00 0.000000000000000000e+00
5.384652018547058105e-01 9.525997042655944824e-01 6.107403635978698730e-01 7.529600858688354492e-01 5.628199577331542969e-01 1.725055575370788574e-01 3.145554661750793457e-01 3.005779981613159180e-01 8.208951950073242188e-01 0.000000000000000000e+00 0.000000000000000000e+00 0.000000000000000000e+00
5.917223691940307617e-01 7.176212668418884277e-01 8.806467056274414062e-03 6.839138865470886230e-01 2.744182348251342773e-01 6.319910287857055664e-02 6.945133209228515625e-01 1.381710171699523926e-01 7.084895372390747070e-01 1.000000000000000000e+00 0.000000000000000000e+00 0.000000000000000000e+00
8.835323452949523926e-01 8.884384036064147949e-01 4.297772645950317383e-01 4.981473088264465332e-01 7.748045325279235840e-01 3.377026319503784180e-02 2.689972519874572754e-01 7.345579266548156738e-01 1.210232973098754883e-01 0.000000000000000000e+00 1.000000000000000000e+00 0.000000000000000000e+00
1.537260264158248901e-01 6.870494484901428223e-01 6.169599294662475586e-01 1.630884408950805664e-02 1.690018177032470703e-01 7.609082460403442383e-01 6.521177291870117188e-02 1.981790661811828613e-01 3.621495366096496582e-01 0.000000000000000000e+00 1.000000000000000000e+00 0.000000000000000000e+00
9.708880782127380371e-01 1.018765568733215332e-01 5.208837389945983887e-01 6.759594678878784180e-01 7.746247649192810059e-01 8.252663612365722656e-01 9.742245674133300781e-01 2.212322950363159180e-01 8.401926159858703613e-01 0.000000000000000000e+00 0.000000000000000000e+00 0.000000000000000000e+00
6.859456896781921387e-01 4.070000052452087402e-01 8.297641873359680176e-01 3.659615516662597656e-01 4.176743030548095703e-01 6.412497162818908691e-01 8.331975936889648438e-01 3.463888168334960938e-01 4.867593646049499512e-01 0.000000000000000000e+00 0.000000000000000000e+00 0.000000000000000000e+00
9.726173877716064453e-01 4.525859951972961426e-01 7.623336911201477051e-01 7.219439148902893066e-01 6.152207255363464355e-01 2.727272510528564453e-01 1.152966022491455078e-01 4.408545494079589844e-01 4.191773533821105957e-01 0.000000000000000000e+00 0.000000000000000000e+00 0.000000000000000000e+00
7.833217978477478027e-01 4.646691083908081055e-01 8.139991760253906250e-02 7.146108150482177734e-01 3.982265591621398926e-01 3.873834013938903809e-01 1.481454968452453613e-01 5.934089422225952148e-01 6.571192145347595215e-01 0.000000000000000000e+00 0.000000000000000000e+00 0.000000000000000000e+00
8.150697946548461914e-01 6.340874433517456055e-01 7.475083470344543457e-01 9.783042669296264648e-01 8.814108371734619141e-02 4.891584515571594238e-01 8.782573938369750977e-01 4.027611613273620605e-01 1.556378602981567383e-02 0.000000000000000000e+00 0.000000000000000000e+00 0.000000000000000000e+00
9.291684627532958984e-01 6.699690222740173340e-01 2.649671435356140137e-01 8.178934454917907715e-01 8.913605809211730957e-01 1.769656538963317871e-01 7.622684240341186523e-01 7.886488437652587891e-01 2.230695486068725586e-01 0.000000000000000000e+00 0.000000000000000000e+00 0.000000000000000000e+00
2.204241305589675903e-01 5.723935961723327637e-01 2.259042263031005859e-01 4.275584220886230469e-02 6.720604896545410156e-01 5.745998620986938477e-01 1.237878799438476562e-01 9.675305485725402832e-01 1.043033599853515625e-01 0.000000000000000000e+00 0.000000000000000000e+00 0.000000000000000000e+00
5.437311530113220215e-01 5.295537710189819336e-01 9.105574488639831543e-01 2.633013129234313965e-01 5.714323520660400391e-01 6.651782393455505371e-01 7.367723584175109863e-01 4.756844043731689453e-01 1.996513605117797852e-01 0.000000000000000000e+00 0.000000000000000000e+00 0.000000000000000000e+00
5.774278044700622559e-01 2.569215297698974609e-01 6.441063284873962402e-01 1.305448412895202637e-01 1.358917355537414551e-01 1.660247445106506348e-01 5.049116611480712891e-01 1.662142872810363770e-01 5.872043371200561523e-01 0.000000000000000000e+00 1.000000000000000000e+00 0.000000000000000000e+00
3.552125394344329834e-01 5.298353433609008789e-01 6.419439315795898438e-01 1.814453601837158203e-01 2.390443682670593262e-01 1.628599762916564941e-01 6.736830472946166992e-01 1.350498199462890625e-02 1.418057680130004883e-01 0.000000000000000000e+00 0.000000000000000000e+00 0.000000000000000000e+00
9.877775311470031738e-01 6.034404039382934570e-02 9.800891876220703125e-01 8.028349280357360840e-01 5.671406388282775879e-01 7.968412041664123535e-01 2.218742370605468750e-01 9.098858833312988281e-01 9.838602542877197266e-01 0.000000000000000000e+00 0.000000000000000000e+00 0.000000000000000000e+00
6.413511633872985840e-01 5.148835778236389160e-01 2.498978376388549805e-01 2.424079179763793945e-01 9.450253844261169434e-01 2.841453552246093750e-01 6.838942766189575195e-01 4.746556282043457031e-01 6.494610905647277832e-01 0.000000000000000000e+00 0.000000000000000000e+00 0.000000000000000000e+00
7.953404188156127930e-01 7.394135594367980957e-01 2.631950974464416504e-01 2.977722883224487305e-01 9.741470813751220703e-01 9.665358066558837891e-02 7.123944759368896484e-01 7.283781766891479492e-01 4.004787802696228027e-01 0.000000000000000000e+00 0.000000000000000000e+00 0.000000000000000000e+00
3.311353325843811035e-01 9.606420993804931641e-01 3.804692029953002930e-01 4.038182497024536133e-01 1.854382157325744629e-01 2.011859416961669922e-02 6.480503678321838379e-01 3.431844711303710938e-01 6.461741924285888672e-01 0.000000000000000000e+00 0.000000000000000000e+00 0.000000000000000000e+00
2.889491915702819824e-01 5.230275988578796387e-01 3.551423549652099609e-02 9.262895584106445312e-02 6.896764039993286133e-02 1.599978208541870117e-01 5.264030694961547852e-01 5.483407974243164062e-01 6.002253293991088867e-02 1.000000000000000000e+00 0.000000000000000000e+00 0.000000000000000000e+00
8.913999199867248535e-01 2.725929617881774902e-01 9.689124822616577148e-01 2.326410412788391113e-01 2.840982675552368164e-01 2.330180406570434570e-01 7.565865516662597656e-01 1.220220327377319336e-01 7.091407775878906250e-01 1.000000000000000000e+00 1.000000000000000000e+00 1.000000000000000000e+00
5.778254270553588867e-01 5.570622682571411133e-01 5.465303659439086914e-01 5.408302545547485352e-01 5.838915109634399414e-01 8.154180645942687988e-01 3.780745267868041992e-01 6.882812380790710449e-01 1.038252711296081543e-01 1.000000000000000000e+00 0.000000000000000000e+00 0.000000000000000000e+00
6.748693585395812988e-01 4.514211416244506836e-01 6.942635178565979004e-01 1.437646746635437012e-01 7.339219450950622559e-01 5.121129751205444336e-01 6.371867060661315918e-01 8.296470046043395996e-01 6.949940323829650879e-01 1.000000000000000000e+00 0.000000000000000000e+00 0.000000000000000000e+00
6.474491953849792480e-01 4.438579082489013672e-01 3.509763479232788086e-01 3.036158084869384766e-01 9.762905836105346680e-01 6.597051620483398438e-01 1.083657741546630859e-01 7.257773876190185547e-01 8.518209457397460938e-01 0.000000000000000000e+00 0.000000000000000000e+00 0.000000000000000000e+00
2.208109498023986816e-01 7.847005128860473633e-01 5.490130186080932617e-02 2.203184962272644043e-01 2.678231000900268555e-01 7.520326972007751465e-01 6.052563190460205078e-01 7.121497392654418945e-02 1.022864580154418945e-01 0.000000000000000000e+00 0.000000000000000000e+00 0.000000000000000000e+00
7.610895037651062012e-01 3.978750109672546387e-01 6.168407797813415527e-01 9.031079411506652832e-01 2.356714010238647461e-01 8.839115500450134277e-01 2.799028158187866211e-02 9.055887460708618164e-01 1.298875808715820312e-01 1.000000000000000000e+00 1.000000000000000000e+00 1.000000000000000000e+00
7.466714978218078613e-01 8.902716040611267090e-01 2.527948617935180664e-01 7.107331752777099609e-01 5.620250701904296875e-01 9.210386276245117188e-01 2.681704759597778320e-01 6.745513677597045898e-01 5.284982323646545410e-01 1.000000000000000000e+00 0.000000000000000000e+00 0.000000000000000000e+00
9.636214375495910645e-01 4.031466245651245117e-01 6.205791234970092773e-02 8.118731975555419922e-01 9.479305148124694824e-01 3.675001859664916992e-01 2.703773975372314453e-02 5.635257959365844727e-01 2.337185740470886230e-01 1.000000000000000000e+00 0.000000000000000000e+00 0.000000000000000000e+00
1.233872249722480774e-01 3.997631669044494629e-01 1.335178017616271973e-01 7.790035009384155273e-02 6.739324331283569336e-02 4.878162741661071777e-01 8.148608207702636719e-01 3.148351907730102539e-01 5.526192188262939453e-01 0.000000000000000000e+00 1.000000000000000000e+00 0.000000000000000000e+00
9.877365827560424805e-01 3.482363820075988770e-01 7.139749526977539062e-01 7.975012063980102539e-01 8.838135004043579102e-01 7.927904725074768066e-01 8.329032659530639648e-01 4.741859436035156250e-02 9.858377575874328613e-01 0.000000000000000000e+00 1.000000000000000000e+00 0.000000000000000000e+00
7.120839357376098633e-01 5.257475972175598145e-01 4.751110076904296875e-02 4.605660438537597656e-01 9.677387475967407227e-01 9.197350144386291504e-01 5.518914461135864258e-01 9.806962609291076660e-01 1.373388171195983887e-01 1.000000000000000000e+00 0.000000000000000000e+00 0.000000000000000000e+00
8.076121807098388672e-01 5.650293827056884766e-01 3.956377506256103516e-01 6.573983430862426758e-01 5.822551250457763672e-01 3.867477178573608398e-02 8.169552683830261230e-01 3.587283492088317871e-01 6.117104291915893555e-01 0.000000000000000000e+00 0.000000000000000000e+00 0.000000000000000000e+00
9.396989345550537109e-01 2.648798823356628418e-01 8.492663502693176270e-01 7.894394993782043457e-01 6.687494516372680664e-01 5.959362983703613281e-01 2.883213758468627930e-02 8.800315856933593750e-02 6.596107482910156250e-01 0.000000000000000000e+00 1.000000000000000000e+00 0.000000000000000000e+00
3.542972505092620850e-01 7.998441457748413086e-01 7.843934893608093262e-01 7.754576802253723145e-01 1.519381999969482422e-03 9.360839128494262695e-01 3.267928361892700195e-01 1.981796026229858398e-01 1.210264563560485840e-01 1.000000000000000000e+00 1.000000000000000000e+00 1.000000000000000000e+00
8.397322893142700195e-01 5.263543725013732910e-01 4.094827175140380859e-02 5.476154088973999023e-01 9.909212589263916016e-01 9.001200795173645020e-01 8.801093697547912598e-01 3.096192479133605957e-01 9.158667922019958496e-01 0.000000000000000000e+00 0.000000000000000000e+00 0.000000000000000000e+00
2.860142290592193604e-01 8.460145592689514160e-01 6.495314836502075195e-02 6.702739596366882324e-01 2.397952675819396973e-01 8.187120556831359863e-01 6.705755591392517090e-01 3.350325822830200195e-01 6.370210647583007812e-02 0.000000000000000000e+00 1.000000000000000000e+00 0.000000000000000000e+00
2.369669377803802490e-01 4.762977361679077148e-01 2.335757017135620117e-02 2.165313363075256348e-01 3.052055239677429199e-01 4.535021781921386719e-01 4.168257713317871094e-01 9.785804748535156250e-01 8.353075981140136719e-01 1.000000000000000000e+00 0.000000000000000000e+00 0.000000000000000000e+00
8.263137340545654297e-01 2.822656631469726562e-01 1.559710502624511719e-01 5.683787465095520020e-01 5.710909962654113770e-01 8.636356592178344727e-01 2.426251769065856934e-01 6.825456023216247559e-01 6.145540475845336914e-01 1.000000000000000000e+00 0.000000000000000000e+00 0.000000000000000000e+00
5.343400239944458008e-01 7.305114269256591797e-01 8.096659779548645020e-01 6.248053908348083496e-01 8.924984931945800781e-02 7.439819574356079102e-01 6.725738644599914551e-01 7.519018054008483887e-01 4.849314689636230469e-02 0.000000000000000000e+00 1.000000000000000000e+00 0.000000000000000000e+00
5.231571197509765625e-01 9.332810044288635254e-01 1.520009040832519531e-01 9.447010755538940430e-01 3.473258018493652344e-01 6.655366420745849609e-01 4.336692094802856445e-01 8.047709465026855469e-01 2.083258628845214844e-01 0.000000000000000000e+00 0.000000000000000000e+00 0.000000000000000000e+00
8.315573930740356445e-01 7.808952927589416504e-01 9.797079563140869141e-01 7.767364382743835449e-01 2.936011552810668945e-01 2.871921658515930176e-01 4.116539955139160156e-01 9.927112460136413574e-01 7.790294289588928223e-01 1.000000000000000000e+00 0.000000000000000000e+00 0.000000000000000000e+00
5.948185324668884277e-01 7.564624547958374023e-01 3.635921478271484375e-01 4.924879670143127441e-01 7.928009033203125000e-01 9.559735059738159180e-01 5.875801444053649902e-01 7.874108552932739258e-01 4.183551073074340820e-01 0.000000000000000000e+00 0.000000000000000000e+00 0.000000000000000000e+00
1.228042244911193848e-01 7.968371510505676270e-01 3.685275912284851074e-01 4.841130971908569336e-02 7.708263397216796875e-02 3.331727981567382812e-01 5.058706402778625488e-01 9.190681576728820801e-01 5.143274068832397461e-01 0.000000000000000000e+00 1.000000000000000000e+00 0.000000000000000000e+00
6.932941675186157227e-01 4.886724352836608887e-01 7.414569258689880371e-01 3.513064980506896973e-01 5.952401757240295410e-01 5.672080516815185547e-01 9.103922247886657715e-01 9.271395206451416016e-01 2.162721157073974609e-01 1.000000000000000000e+00 0.000000000000000000e+00 0.000000000000000000e+00
2.189792543649673462e-01 6.755405068397521973e-01 9.464447498321533203e-01 2.781752943992614746e-01 2.960699796676635742e-02 6.580569744110107422e-01 6.048611998558044434e-01 8.891499042510986328e-02 7.425591945648193359e-01 1.000000000000000000e+00 0.000000000000000000e+00 0.000000000000000000e+00
8.724055886268615723e-01 4.703336358070373535e-01 5.018289089202880859e-01 8.253280520439147949e-01 6.209439635276794434e-01 8.742968440055847168e-01 4.766224622726440430e-01 7.513446807861328125e-01 7.303754687309265137e-01 0.000000000000000000e+00 0.000000000000000000e+00 0.000000000000000000e+00
7.908281087875366211e-01 6.279991865158081055e-01 1.829413771629333496e-01 8.012400269508361816e-01 5.531743764877319336e-01 6.391596794128417969e-01 7.372915148735046387e-01 2.147048115730285645e-01 1.361573338508605957e-01 0.000000000000000000e+00 1.000000000000000000e+00 0.000000000000000000e+00
5.980897545814514160e-01 6.646375656127929688e-01 4.432192444801330566e-01 7.987505197525024414e-01 1.782417297363281250e-03 7.259156703948974609e-01 3.548316359519958496e-01 7.266718745231628418e-01 6.564834117889404297e-01 1.000000000000000000e+00 0.000000000000000000e+00 0.000000000000000000e+00
4.999732971191406250e-01 3.651061654090881348e-01 5.869716405868530273e-02 6.955292820930480957e-01 9.222340583801269531e-02 2.924792170524597168e-01 5.121015310287475586e-01 3.065631985664367676e-01 3.156681060791015625e-01 0.000000000000000000e+00 0.000000000000000000e+00 0.000000000000000000e+00
2.587148547172546387e-01 5.087834000587463379e-01 2.026611566543579102e-02 3.412783145904541016e-03 1.952511668205261230e-01 4.793426990509033203e-01 4.766547083854675293e-01 2.557680606842041016e-01 2.012764811515808105e-01 0.000000000000000000e+00 0.000000000000000000e+00 0.000000000000000000e+00
3.916987478733062744e-01 2.184957861900329590e-01 5.153171420097351074e-01 3.597189188003540039e-01 8.687561750411987305e-02 9.360956549644470215e-01 5.159182548522949219e-01 4.741699695587158203e-01 2.776765823364257812e-01 1.000000000000000000e+00 1.000000000000000000e+00 1.000000000000000000e+00
9.371769428253173828e-01 6.194897890090942383e-01 3.738689422607421875e-01 8.235507011413574219e-01 7.125149965286254883e-01 2.995930910110473633e-01 9.722141027450561523e-01 6.297169923782348633e-01 5.636544227600097656e-01 0.000000000000000000e+00 0.000000000000000000e+00 0.000000000000000000e+00
9.161829948425292969e-01 1.372524499893188477e-01 8.770056366920471191e-01 5.585867762565612793e-01 9.013146162033081055e-02 3.901386260986328125e-01 8.967828750610351562e-02 4.727669358253479004e-01 3.338789939880371094e-02 0.000000000000000000e+00 1.000000000000000000e+00 0.000000000000000000e+00
5.131523609161376953e-01 8.831086158752441406e-01 6.561740636825561523e-01 8.773314356803894043e-01 1.727277040481567383e-01 8.971492052078247070e-01 8.953911662101745605e-01 8.839505910873413086e-02 5.769242048263549805e-01 0.000000000000000000e+00 0.000000000000000000e+00 0.000000000000000000e+00
9.199419021606445312e-01 1.462333798408508301e-01 1.790449023246765137e-01 8.829597830772399902e-01 2.604883313179016113e-01 9.747974872589111328e-01 8.624434471130371094e-03 3.516650199890136719e-02 8.325420618057250977e-01 0.000000000000000000e+00 0.000000000000000000e+00 0.000000000000000000e+00
6.052739620208740234e-01 8.668567538261413574e-01 4.647767543792724609e-02 5.309057235717773438e-01 5.352517366409301758e-01 4.902971982955932617e-01 7.574456334114074707e-01 9.877938628196716309e-01 9.484164714813232422e-01 1.000000000000000000e+00 0.000000000000000000e+00 0.000000000000000000e+00
6.787148714065551758e-01 8.338111042976379395e-01 9.870674014091491699e-01 2.683533430099487305e-01 5.875950455665588379e-01 9.291261434555053711e-02 8.382700085639953613e-01 1.988400220870971680e-01 2.890150547027587891e-01 0.000000000000000000e+00 0.000000000000000000e+00 0.000000000000000000e+00
8.647817969322204590e-01 4.074255228042602539e-01 9.185630679130554199e-01 2.856690287590026855e-01 7.766522169113159180e-01 7.080711722373962402e-01 9.271866083145141602e-02 8.835317492485046387e-01 7.710249423980712891e-01 0.000000000000000000e+00 0.000000000000000000e+00 0.000000000000000000e+00
9.870217442512512207e-01 1.437174677848815918e-01 8.372109532356262207e-01 5.747810602188110352e-01 7.485485672950744629e-01 3.380643129348754883e-01 6.897247433662414551e-01 6.235209703445434570e-01 2.390705347061157227e-01 0.000000000000000000e+00 0.000000000000000000e+00 0.000000000000000000e+00
4.878661036491394043e-01 2.160527110099792480e-01 3.073651790618896484e-01 5.585831403732299805e-01 3.148296475410461426e-01 7.023490071296691895e-01 9.408875107765197754e-01 6.855744123458862305e-01 7.315283417701721191e-01 0.000000000000000000e+00 0.000000000000000000e+00 0.000000000000000000e+00
3.480434715747833252e-01 3.887190818786621094e-01 5.062577128410339355e-01 1.078833341598510742e-01 7.221505641937255859e-01 9.644889235496520996e-01 9.466133713722229004e-01 4.549884200096130371e-01 9.778299331665039062e-01 0.000000000000000000e+00 1.000000000000000000e+00 0.000000000000000000e+00
6.213251948356628418e-01 8.641073703765869141e-01 2.082538008689880371e-01 5.378985404968261719e-01 8.410931229591369629e-01 6.705951094627380371e-01 6.931362748146057129e-01 6.525598764419555664e-01 2.156065702438354492e-01 0.000000000000000000e+00 0.000000000000000000e+00 0.000000000000000000e+00
4.479804635047912598e-01 9.768334031105041504e-01 2.254089713096618652e-01 7.497299313545227051e-01 3.618203401565551758e-01 6.014239788055419922e-01 2.594007253646850586e-01 1.622418165206909180e-01 5.087655782699584961e-02 1.000000000000000000e+00 0.000000000000000000e+00 0.000000000000000000e+00
9.450960159301757812e-01 6.218498945236206055e-02 9.650135636329650879e-01 4.922631978988647461e-01 4.749793410301208496e-01 9.662001132965087891e-01 4.753577709197998047e-01 8.483527302742004395e-01 7.387919425964355469e-01 1.000000000000000000e+00 0.000000000000000000e+00 0.000000000000000000e+00
2.144435048103332520e-01 8.513898253440856934e-01 6.566822528839111328e-02 6.385722160339355469e-01 7.103049755096435547e-02 7.289577722549438477e-01 8.310188651084899902e-01 5.580596327781677246e-01 3.951230645179748535e-01 0.000000000000000000e+00 0.000000000000000000e+00 0.000000000000000000e+00
7.654209733009338379e-01 9.107153415679931641e-01 8.358315825462341309e-01 5.801994204521179199e-01 6.487103700637817383e-01 2.560280561447143555e-01 3.437752723693847656e-01 2.091569900512695312e-01 9.015058279037475586e-01 0.000000000000000000e+00 0.000000000000000000e+00 0.000000000000000000e+00
2.002151906490325928e-01 4.000647664070129395e-01 4.857117533683776855e-01 4.171731472015380859e-01 3.849735260009765625e-01 7.633512020111083984e-01 7.829331159591674805e-01 8.118528127670288086e-02 2.647924423217773438e-01 1.000000000000000000e+00 1.000000000000000000e+00 1.000000000000000000e+00
8.376863598823547363e-01 5.927721858024597168e-01 7.161288261413574219e-01 9.320543408393859863e-01 1.109777688980102539e-01 4.473234415054321289e-01 7.837687730789184570e-01 7.304576039314270020e-01 6.028536558151245117e-01 0.000000000000000000e+00 0.000000000000000000e+00 0.000000000000000000e+00
1.723823249340057373e-01 6.405690908432006836e-01 4.479775428771972656e-01 2.868904471397399902e-01 1.433466076850891113e-01 8.342251181602478027e-01 7.541705369949340820e-01 4.535462260246276855e-01 6.349574923515319824e-01 0.000000000000000000e+00 1.000000000000000000e+00 0.000000000000000000e+00
5.962482094764709473e-01 7.409573793411254883e-01 1.882869005203247070e-02 2.218428254127502441e-01 8.397907614707946777e-01 8.694310188293457031e-01 2.002335190773010254e-01 4.678612947463989258e-01 3.029096126556396484e-02 1.000000000000000000e+00 0.000000000000000000e+00 0.000000000000000000e+00
4.084840118885040283e-01 9.218643903732299805e-01 5.807094573974609375e-01 2.160987854003906250e-01 3.561540842056274414e-01 4.351326227188110352e-01 4.908680915832519531e-03 8.331893682479858398e-01 3.118221759796142578e-01 0.000000000000000000e+00 0.000000000000000000e+00 0.000000000000000000e+00
5.036970973014831543e-01 9.075372815132141113e-01 6.322991847991943359e-01 4.227846860885620117e-01 6.872525811195373535e-01 1.163967251777648926e-01 9.206845164299011230e-01 1.826552748680114746e-01 1.065952777862548828e-01 1.000000000000000000e+00 1.000000000000000000e+00 1.000000000000000000e+00
5.398874878883361816e-01 9.442110061645507812e-01 6.079128384590148926e-01 2.832091450691223145e-01 5.073555111885070801e-01 4.041041731834411621e-01 6.596609950065612793e-01 3.456531167030334473e-01 9.510249495506286621e-01 1.000000000000000000e+00 0.000000000000000000e+00 0.000000000000000000e+00
3.744277060031890869e-01 2.906963229179382324e-01 8.057982325553894043e-01 1.480710506439208984e-02 1.162770390510559082e-01 5.381276607513427734e-01 4.941879510879516602e-01 2.050703167915344238e-01 4.015669822692871094e-01 0.000000000000000000e+00 1.000000000000000000e+00 0.000000000000000000e+00
5.306607484817504883e-01 3.851803541183471680e-01 1.482113003730773926e-01 2.113108634948730469e-01 8.745835423469543457e-01 9.423454403877258301e-01 5.664631724357604980e-01 9.719605445861816406e-01 2.997288703918457031e-01 1.000000000000000000e+00 0.000000000000000000e+00 0.000000000000000000e+00
7.622168064117431641e-01 6.751100420951843262e-01 7.365276813507080078e-01 6.000716090202331543e-01 9.415363669395446777e-01 9.994920492172241211e-01 5.039908289909362793e-01 4.723561406135559082e-01 2.490316033363342285e-01 1.000000000000000000e+00 0.000000000000000000e+00 0.000000000000000000e+00
8.791694045066833496e-01 7.571992278099060059e-01 2.490681409835815430e-01 7.537719607353210449e-01 9.505751132965087891e-01 4.549685120582580566e-01 3.850190043449401855e-01 8.953734636306762695e-01 8.135303258895874023e-01 0.000000000000000000e+00 0.000000000000000000e+00 0.000000000000000000e+00
7.963854074478149414e-01 5.073464512825012207e-01 9.829351305961608887e-01 3.586446642875671387e-01 7.294887304306030273e-01 7.943755984306335449e-01 7.552117109298706055e-01 7.354909181594848633e-01 7.015091180801391602e-01 0.000000000000000000e+00 0.000000000000000000e+00 0.000000000000000000e+00
7.686079740524291992e-01 5.441064238548278809e-01 9.895237684249877930e-01 4.353832602500915527e-01 6.265549659729003906e-01 9.881615638732910156e-01 5.536526441574096680e-01 4.105244278907775879e-01 7.420850992202758789e-01 1.000000000000000000e+00 0.000000000000000000e+00 0.000000000000000000e+00
6.313832998275756836e-01 6.477725505828857422e-01 8.792585730552673340e-01 6.798943281173706055e-01 1.435759663581848145e-01 2.505179643630981445e-01 2.662213444709777832e-01 8.339421153068542480e-01 6.569588184356689453e-02 0.000000000000000000e+00 0.000000000000000000e+00 0.000000000000000000e+00
8.870342373847961426e-01 3.451133966445922852e-01 9.371169805526733398e-01 9.525969028472900391e-01 8.371603488922119141e-02 9.531655311584472656e-01 6.821635961532592773e-01 9.061904549598693848e-01 2.222663164138793945e-01 0.000000000000000000e+00 1.000000000000000000e+00 0.000000000000000000e+00
5.430290699005126953e-01 8.236590623855590820e-01 1.165569424629211426e-01 2.755641937255859375e-02 6.840391755104064941e-01 4.678406715393066406e-01 4.159016609191894531e-01 2.886970043182373047e-01 1.448863744735717773e-01 0.000000000000000000e+00 1.000000000000000000e+00 0.000000000000000000e+00
9.854877591133117676e-01 2.031800746917724609e-01 8.770405650138854980e-01 9.818639159202575684e-01 3.095562458038330078e-01 4.446007609367370605e-01 5.996971130371093750e-01 1.116007566452026367e-02 5.156073570251464844e-01 0.000000000000000000e+00 1.000000000000000000e+00 0.000000000000000000e+00
9.263118505477905273e-01 3.032002449035644531e-01 1.196146011352539062e-03 9.358758926391601562e-01 1.134121417999267578e-01 5.174258351325988770e-01 7.468051314353942871e-01 6.052088737487792969e-02 2.032101750373840332e-01 0.000000000000000000e+00 1.000000000000000000e+00 0.000000000000000000e+00
6.034836769104003906e-01 5.754680037498474121e-01 7.809665203094482422e-01 5.337697267532348633e-02 7.471282482147216797e-01 6.270720362663269043e-01 5.618126988410949707e-01 2.440903782844543457e-01 8.147792816162109375e-01 0.000000000000000000e+00 0.000000000000000000e+00 0.000000000000000000e+00
3.959144353866577148e-01 2.094760537147521973e-01 5.642768144607543945e-01 1.959953904151916504e-01 9.159702062606811523e-02 2.944773435592651367e-02 1.971047520637512207e-01 7.863181829452514648e-01 5.623092651367187500e-01 0.000000000000000000e+00 0.000000000000000000e+00 0.000000000000000000e+00
3.367826640605926514e-01 6.398929357528686523e-01 6.543243527412414551e-01 4.289197325706481934e-01 4.735471010208129883e-01 8.027316331863403320e-01 8.689105510711669922e-01 6.661574244499206543e-01 6.970047950744628906e-02 1.000000000000000000e+00 0.000000000000000000e+00 0.000000000000000000e+00
3.288691639900207520e-01 4.190954566001892090e-01 7.515212297439575195e-01 4.322320222854614258e-02 1.394105553627014160e-01 2.745415568351745605e-01 1.412701606750488281e-01 9.141653776168823242e-01 4.801933169364929199e-01 0.000000000000000000e+00 0.000000000000000000e+00 0.000000000000000000e+00
6.298423409461975098e-01 7.251904010772705078e-01 9.675789475440979004e-01 6.422359943389892578e-01 4.505000114440917969e-01 3.467531204223632812e-01 9.680187106132507324e-01 1.252185106277465820e-01 9.032670855522155762e-01 0.000000000000000000e+00 0.000000000000000000e+00 0.000000000000000000e+00
7.987312674522399902e-01 6.730304956436157227e-01 2.144927978515625000e-01 4.597020149230957031e-01 9.352031350135803223e-01 3.185034394264221191e-01 7.453530430793762207e-01 9.198364615440368652e-01 3.641195297241210938e-01 0.000000000000000000e+00 0.000000000000000000e+00 0.000000000000000000e+00
8.569318652153015137e-01 5.907266139984130859e-01 8.998736739158630371e-01 3.258850574493408203e-01 8.489637970924377441e-01 6.005295515060424805e-01 6.639407277107238770e-01 5.028125643730163574e-01 9.768155813217163086e-01 0.000000000000000000e+00 0.000000000000000000e+00 0.000000000000000000e+00
9.794437885284423828e-01 7.123854756355285645e-01 8.011125326156616211e-01 9.192046523094177246e-01 9.488115310668945312e-01 7.208824157714843750e-03 2.725483775138854980e-01 5.286012887954711914e-01 3.014771938323974609e-01 0.000000000000000000e+00 0.000000000000000000e+00 0.000000000000000000e+00
8.709549903869628906e-01 6.914535760879516602e-01 5.204653143882751465e-01 2.677600979804992676e-01 9.704051017761230469e-01 2.113888859748840332e-01 4.083507061004638672e-01 3.757541179656982422e-01 2.892557978630065918e-01 0.000000000000000000e+00 0.000000000000000000e+00 0.000000000000000000e+00
2.981627881526947021e-01 7.277817726135253906e-01 1.922972202301025391e-01 2.142992019653320312e-01 2.192107439041137695e-01 3.480947017669677734e-01 1.811453700065612793e-01 2.317445278167724609e-01 8.999395966529846191e-01 0.000000000000000000e+00 0.000000000000000000e+00 0.000000000000000000e+00
2.835896611213684082e-01 9.664919376373291016e-01 4.889340996742248535e-01 1.885807514190673828e-01 7.767420411109924316e-01 7.511763572692871094e-01 8.694651722908020020e-01 9.259017705917358398e-01 5.911433696746826172e-02 0.000000000000000000e+00 0.000000000000000000e+00 0.000000000000000000e+00
3.020312190055847168e-01 3.911996483802795410e-01 1.388650536537170410e-01 9.135496616363525391e-02 6.544470191001892090e-01 6.925770640373229980e-01 4.903151988983154297e-01 4.650453329086303711e-01 7.229095697402954102e-02 1.000000000000000000e+00 0.000000000000000000e+00 0.000000000000000000e+00
7.119683623313903809e-01 7.671406269073486328e-01 1.642787456512451172e-02 5.364797115325927734e-01 6.206493377685546875e-01 7.859616875648498535e-01 1.025761365890502930e-01 1.448539495468139648e-01 3.038269281387329102e-01 0.000000000000000000e+00 0.000000000000000000e+00 0.000000000000000000e+00
6.954802274703979492e-01 2.619888782501220703e-01 1.702597141265869141e-01 5.091069340705871582e-01 5.232784152030944824e-01 6.071394681930541992e-01 9.045904874801635742e-02 2.567288279533386230e-01 4.296116232872009277e-01 1.000000000000000000e+00 0.000000000000000000e+00 0.000000000000000000e+00
2.162002325057983398e-01 7.053963541984558105e-01 7.938084602355957031e-01 1.578081250190734863e-01 2.391166687011718750e-01 9.061265587806701660e-01 5.607625842094421387e-01 1.523314714431762695e-01 2.800959348678588867e-02 1.000000000000000000e+00 1.000000000000000000e+00 1.000000000000000000e+00
6.969075798988342285e-01 5.350252985954284668e-01 3.230488300323486328e-02 4.827734827995300293e-01 9.119107127189636230e-01 2.481878399848937988e-01 5.000738501548767090e-01 1.493662595748901367e-01 7.404394745826721191e-01 1.000000000000000000e+00 0.000000000000000000e+00 0.000000000000000000e+00
2.495972812175750732e-01 1.078108549118041992e-01 1.447177529335021973e-01 3.972064852714538574e-01 2.531863451004028320e-01 5.558031797409057617e-01 7.177720665931701660e-01 4.773799180984497070e-01 1.709679365158081055e-01 0.000000000000000000e+00 1.000000000000000000e+00 0.000000000000000000e+00
3.206191658973693848e-01 6.925178766250610352e-01 4.619872570037841797e-02 2.209433913230895996e-01 1.187059283256530762e-01 9.795662164688110352e-01 3.063219785690307617e-01 8.020838499069213867e-01 2.395840287208557129e-01 0.000000000000000000e+00 1.000000000000000000e+00 0.000000000000000000e+00
8.936144113540649414e-01 5.031744241714477539e-01 2.088612318038940430e-02 8.930091261863708496e-01 4.859198927879333496e-01 2.803409099578857422e-01 8.679119944572448730e-01 1.024621725082397461e-01 1.792026758193969727e-01 0.000000000000000000e+00 1.000000000000000000e+00 0.000000000000000000e+00
9.858813285827636719e-01 1.416311264038085938e-01 8.623620867729187012e-01 7.898064255714416504e-01 5.925447344779968262e-01 3.232823610305786133e-01 6.779196262359619141e-01 7.938811182975769043e-01 1.128244400024414062e-01 0.000000000000000000e+00 0.000000000000000000e+00 0.000000000000000000e+00
4.888343214988708496e-01 7.609404921531677246e-01 4.413076639175415039e-01 3.261153101921081543e-01 3.790202736854553223e-01 1.630544662475585938e-03 4.916017651557922363e-01 1.535066962242126465e-01 4.111047387123107910e-01 0.000000000000000000e+00 0.000000000000000000e+00 0.000000000000000000e+00
9.630872011184692383e-01 5.937707424163818359e-02 3.203368186950683594e-02 7.112133502960205078e-01 4.786084890365600586e-01 9.306601881980895996e-01 3.798002004623413086e-02 4.143312573432922363e-01 6.482642292976379395e-01 0.000000000000000000e+00 1.000000000000000000e+00 0.000000000000000000e+00
3.595256209373474121e-01 7.150168418884277344e-01 4.148978590965270996e-01 2.348980903625488281e-01 3.557270765304565430e-01 5.505307316780090332e-01 5.434669256210327148e-01 2.567612528800964355e-01 4.779909253120422363e-01 0.000000000000000000e+00 0.000000000000000000e+00 0.000000000000000000e+00
5.057142376899719238e-01 6.763741374015808105e-01 4.314580559730529785e-01 5.364636182785034180e-01 5.212853550910949707e-01 6.541961431503295898e-01 5.967001914978027344e-01 5.111697912216186523e-01 5.693768262863159180e-01 0.000000000000000000e+00 0.000000000000000000e+00 0.000000000000000000e+00
5.630065798759460449e-01 6.861518621444702148e-01 2.370379567146301270e-01 7.930242419242858887e-01 2.319902777671813965e-01 5.783303976058959961e-01 8.277799487113952637e-01 4.595304727554321289e-01 6.864292025566101074e-01 1.000000000000000000e+00 0.000000000000000000e+00 0.000000000000000000e+00
8.406100869178771973e-01 1.815621256828308105e-01 7.119937539100646973e-01 3.529738783836364746e-01 9.211196303367614746e-01 9.512203335762023926e-01 5.269262790679931641e-01 4.844166040420532227e-01 6.606815457344055176e-01 0.000000000000000000e+00 1.000000000000000000e+00 0.000000000000000000e+00
2.667011022567749023e-01 4.636847972869873047e-02 1.362313032150268555e-01 3.616268038749694824e-01 2.686276435852050781e-01 6.847832202911376953e-01 9.254571199417114258e-01 1.971429586410522461e-02 9.328528046607971191e-01 1.000000000000000000e+00 1.000000000000000000e+00 1.000000000000000000e+00
2.662776708602905273e-01 6.546178460121154785e-01 3.647932410240173340e-01 6.375371217727661133e-01 6.588679552078247070e-02 6.775962710380554199e-01 4.094820022583007812e-01 8.654484152793884277e-01 2.939674258232116699e-01 0.000000000000000000e+00 0.000000000000000000e+00 0.000000000000000000e+00
7.878861427307128906e-01 7.371166944503784180e-01 8.951019048690795898e-01 6.630340814590454102e-01 6.546146273612976074e-01 5.615136623382568359e-01 9.677968025207519531e-01 4.348025321960449219e-01 1.505667567253112793e-01 1.000000000000000000e+00 0.000000000000000000e+00 0.000000000000000000e+00
