1.266998648643493652e-01 4.489555358886718750e-01 6.263256072998046875e-03 7.228034734725952148e-02 1.868227124214172363e-01 7.777727842330932617e-01 9.178199768066406250e-01 3.054556250572204590e-01 3.751028180122375488e-01 0.000000000000000000e+00 1.000000000000000000e+00 0.000000000000000000e+00
9.729757905006408691e-01 1.861839294433593750e-01 6.141901612281799316e-01 9.329864978790283203e-01 1.692327857017517090e-01 5.041095018386840820e-01 4.649500846862792969e-01 9.772974848747253418e-01 7.925881147384643555e-01 0.000000000000000000e+00 0.000000000000000000e+00 0.000000000000000000e+00
5.640627145767211914e-01 6.161081194877624512e-01 4.275685548782348633e-02 2.631982564926147461e-01 5.189110040664672852e-01 3.612577915191650391e-03 2.894309163093566895e-01 3.225201964378356934e-01 5.137041211128234863e-01 1.000000000000000000e+00 0.000000000000000000e+00 0.000000000000000000e+00
2.621547877788543701e-01 6.425833702087402344e-01 2.605213522911071777e-01 3.475600481033325195e-01 9.150761365890502930e-02 9.773578047752380371e-01 8.651092052459716797e-01 8.016328811645507812e-01 2.976949214935302734e-01 1.000000000000000000e+00 1.000000000000000000e+00 1.000000000000000000e+00
3.715044856071472168e-01 7.979365587234497070e-01 4.697207212448120117e-01 3.128914833068847656e-01 6.234447956085205078e-01 7.809481024742126465e-01 7.553518414497375488e-01 6.770356893539428711e-01 6.392562389373779297e-02 0.000000000000000000e+00 0.000000000000000000e+00 0.000000000000000000e+00
6.194087266921997070e-01 1.343218684196472168e-01 1.539657711982727051e-01 4.901767373085021973e-01 3.916088342666625977e-01 6.953076720237731934e-01 3.366468548774719238e-01 3.817663788795471191e-01 9.024921655654907227e-01 0.000000000000000000e+00 0.000000000000000000e+00 0.000000000000000000e+00
7.451646775007247925e-02 1.078937053680419922e-01 2.252721786499023438e-02 1.421236991882324219e-01 5.493909120559692383e-01 1.839207410812377930e-01 1.108828783035278320e-01 1.376140117645263672e-01 4.934588670730590820e-01 1.000000000000000000e+00 1.000000000000000000e+00 1.000000000000000000e+00
9.613301604986190796e-02 3.768683075904846191e-01 3.688465952873229980e-01 8.697748184204101562e-03 1.583411097526550293e-01 1.740867495536804199e-01 9.242498874664306641e-02 1.932176947593688965e-01 4.863474965095520020e-01 1.000000000000000000e+00 1.000000000000000000e+00 1.000000000000000000e+00
9.965597987174987793e-01 3.280363082885742188e-01 8.557205200195312500e-01 9.615570902824401855e-01 6.700350046157836914e-01 1.770750284194946289e-01 5.922111272811889648e-01 4.438432455062866211e-01 7.378035783767700195e-01 0.000000000000000000e+00 1.000000000000000000e+00 0.000000000000000000e+00
4.535010159015655518e-01 6.968623399734497070e-02 2.158173918724060059e-01 2.735725641250610352e-01 9.113925099372863770e-01 6.419926881790161133e-01 3.386574983596801758e-02 7.522124052047729492e-01 4.051511883735656738e-01 0.000000000000000000e+00 0.000000000000000000e+00 0.000000000000000000e+00
4.870292246341705322e-01 6.226068735122680664e-01 7.033628225326538086e-01 6.040912270545959473e-01 1.581453084945678711e-01 6.654739379882812500e-02 3.192486763000488281e-01 9.410057067871093750e-01 3.676185011863708496e-01 0.000000000000000000e+00 0.000000000000000000e+00 0.000000000000000000e+00
6.643545031547546387e-01 5.358963608741760254e-01 1.447411775588989258e-01 6.411926150321960449e-01 5.092994570732116699e-01 5.647051930427551270e-01 9.231499433517456055e-01 9.451091289520263672e-03 9.550101757049560547e-01 1.000000000000000000e+00 0.000000000000000000e+00 0.000000000000000000e+00
6.782869100570678711e-01 9.368087649345397949e-01 9.052694439888000488e-01 6.674633026123046875e-01 7.781952619552612305e-02 6.830583214759826660e-01 3.664086461067199707e-01 1.712737679481506348e-01 6.438912749290466309e-01 0.000000000000000000e+00 0.000000000000000000e+00 0.000000000000000000e+00
7.920535802841186523e-01 6.072777509689331055e-01 9.247035980224609375e-01 8.960471153259277344e-01 3.752737641334533691e-01 4.599246978759765625e-01 2.067071795463562012e-01 6.034786105155944824e-01 3.912943601608276367e-01 0.000000000000000000e+00 1.000000000000000000e+00 0.000000000000000000e+00
9.409332275390625000e-01 1.477077007293701172e-01 5.212393403053283691e-01 5.816043019294738770e-01 7.890569567680358887e-01 1.816989779472351074e-01 2.086407542228698730e-01 7.978008985519409180e-01 8.841385841369628906e-01 1.000000000000000000e+00 0.000000000000000000e+00 0.000000000000000000e+00
1.701419204473495483e-01 4.694652557373046875e-02 2.389157414436340332e-01 7.396465539932250977e-02 3.054519891738891602e-01 9.531953930854797363e-01 2.488074898719787598e-01 8.123044371604919434e-01 6.190643906593322754e-01 0.000000000000000000e+00 1.000000000000000000e+00 0.000000000000000000e+00
7.563884258270263672e-01 4.310571551322937012e-01 5.083045363426208496e-01 5.427412390708923340e-01 6.501642465591430664e-01 7.788121104240417480e-01 5.279638767242431641e-01 1.328999996185302734e-01 6.848068833351135254e-01 0.000000000000000000e+00 0.000000000000000000e+00 0.000000000000000000e+00
9.006872177124023438e-01 6.530240178108215332e-01 3.337936997413635254e-01 7.323645353317260742e-01 5.587903261184692383e-01 1.555675864219665527e-01 1.162081360816955566e-01 7.064282298088073730e-01 2.592498660087585449e-01 0.000000000000000000e+00 0.000000000000000000e+00 0.000000000000000000e+00
6.826992630958557129e-01 9.872854948043823242e-01 4.301682114601135254e-01 9.721323251724243164e-01 4.839521646499633789e-02 8.332097530364990234e-01 5.399489998817443848e-01 4.961200952529907227e-01 5.913845300674438477e-01 0.000000000000000000e+00 0.000000000000000000e+00 0.000000000000000000e+00
7.351052165031433105e-01 3.229975104331970215e-01 3.236962556838989258e-01 4.888123869895935059e-01 8.819376230239868164e-01 7.801145315170288086e-01 6.091558933258056641e-01 2.891697883605957031e-01 3.463695645332336426e-01 0.000000000000000000e+00 0.000000000000000000e+00 0.000000000000000000e+00
4.334334135055541992e-01 1.595680713653564453e-01 6.448859572410583496e-01 9.890520572662353516e-02 2.710441946983337402e-01 3.293260335922241211e-01 4.071098566055297852e-02 4.365889430046081543e-01 2.115546464920043945e-01 0.000000000000000000e+00 0.000000000000000000e+00 0.000000000000000000e+00
2.386237829923629761e-01 6.048884987831115723e-01 2.897657155990600586e-01 1.441316604614257812e-01 3.112956285476684570e-01 9.090375900268554688e-01 3.614908456802368164e-01 1.765117049217224121e-01 4.375336170196533203e-01 1.000000000000000000e+00 0.000000000000000000e+00 0.000000000000000000e+00
6.877107620239257812e-01 3.487032651901245117e-01 6.350494027137756348e-01 5.508745312690734863e-01 4.876284599304199219e-01 8.994265198707580566e-01 8.165869712829589844e-01 4.247542619705200195e-01 8.713918328285217285e-01 0.000000000000000000e+00 0.000000000000000000e+00 0.000000000000000000e+00
4.384593069553375244e-01 6.853336095809936523e-01 7.866643071174621582e-01 2.895469069480895996e-01 7.979319095611572266e-01 7.526388168334960938e-01 7.821268439292907715e-01 1.626449823379516602e-01 7.536998987197875977e-01 0.000000000000000000e+00 0.000000000000000000e+00 0.000000000000000000e+00
8.812412023544311523e-01 5.743584036827087402e-01 3.388344049453735352e-01 8.038945198059082031e-01 3.716538548469543457e-01 4.938092827796936035e-01 9.485362172126770020e-01 3.635780811309814453e-01 6.488242149353027344e-01 0.000000000000000000e+00 0.000000000000000000e+00 0.000000000000000000e+00
8.888465166091918945e-01 4.354984164237976074e-01 8.735775351524353027e-01 6.425313353538513184e-01 6.661071777343750000e-01 5.528755187988281250e-01 2.191109061241149902e-01 5.099621415138244629e-01 5.363988280296325684e-01 0.000000000000000000e+00 0.000000000000000000e+00 0.000000000000000000e+00
7.157482504844665527e-01 9.967578053474426270e-01 6.651823520660400391e-01 9.313693642616271973e-01 4.643537402153015137e-01 7.887526750564575195e-01 9.240398406982421875e-01 6.933528184890747070e-01 9.790223836898803711e-02 1.000000000000000000e+00 1.000000000000000000e+00 1.000000000000000000e+00
7.946265339851379395e-01 8.791982531547546387e-01 8.596954941749572754e-01 4.269010424613952637e-01 8.124136328697204590e-01 9.335739016532897949e-01 4.893745183944702148e-01 7.536358237266540527e-01 8.221713304519653320e-01 0.000000000000000000e+00 0.000000000000000000e+00 0.000000000000000000e+00
9.831279516220092773e-01 9.619545936584472656e-02 8.038102984428405762e-01 7.464854121208190918e-01 2.468992471694946289e-01 1.141589879989624023e-02 3.164619207382202148e-02 6.658295989036560059e-01 1.556829214096069336e-01 0.000000000000000000e+00 0.000000000000000000e+00 0.000000000000000000e+00
9.956505894660949707e-01 1.680925488471984863e-01 1.920043230056762695e-01 7.908853292465209961e-01 7.852087616920471191e-01 2.462095022201538086e-01 4.730573892593383789e-01 9.904563426971435547e-02 5.557716488838195801e-01 0.000000000000000000e+00 0.000000000000000000e+00 0.000000000000000000e+00
3.310995995998382568e-01 8.159899711608886719e-02 4.216672182083129883e-01 8.434891700744628906e-03 4.973557591438293457e-01 9.926004409790039062e-01 5.868744850158691406e-01 7.010952234268188477e-01 6.537986397743225098e-01 1.000000000000000000e+00 0.000000000000000000e+00 0.000000000000000000e+00
3.664008080959320068e-01 6.619647741317749023e-01 7.943511009216308594e-04 6.937885284423828125e-02 1.959631443023681641e-01 4.499765038490295410e-01 5.821769833564758301e-01 6.015807390213012695e-01 1.763819456100463867e-01 1.000000000000000000e+00 1.000000000000000000e+00 1.000000000000000000e+00
3.906301856040954590e-01 6.504328250885009766e-01 6.613371968269348145e-01 1.814527511596679688e-01 6.048151850700378418e-01 8.231636285781860352e-01 6.965307593345642090e-01 3.741199374198913574e-01 8.395833969116210938e-01 0.000000000000000000e+00 0.000000000000000000e+00 0.000000000000000000e+00
9.871671795845031738e-01 8.128303289413452148e-02 2.737609744071960449e-01 9.692090153694152832e-01 2.640547752380371094e-01 9.430032968521118164e-01 1.192450523376464844e-01 2.352827191352844238e-01 8.633446097373962402e-01 1.000000000000000000e+00 1.000000000000000000e+00 1.000000000000000000e+00
6.245321035385131836e-01 9.324066042900085449e-01 6.550359725952148438e-02 1.632098555564880371e-01 8.839418888092041016e-01 1.708602309226989746e-01 4.810863137245178223e-01 2.073253989219665527e-01 8.811879158020019531e-01 1.000000000000000000e+00 0.000000000000000000e+00 0.000000000000000000e+00
5.732178092002868652e-01 2.348741888999938965e-01 8.615556359291076660e-01 4.073510169982910156e-01 2.354168891906738281e-01 8.398060202598571777e-01 6.465528011322021484e-01 1.516157388687133789e-02 5.642227530479431152e-01 0.000000000000000000e+00 1.000000000000000000e+00 0.000000000000000000e+00
6.002174615859985352e-01 9.435300827026367188e-01 1.747260093688964844e-01 6.043022274971008301e-01 4.971438646316528320e-01 6.287007927894592285e-01 5.724350810050964355e-01 9.378419518470764160e-01 5.861045122146606445e-01 1.000000000000000000e+00 0.000000000000000000e+00 0.000000000000000000e+00
5.101968646049499512e-01 1.091206073760986328e-01 1.759416460990905762e-01 3.190217018127441406e-01 9.394052624702453613e-01 6.607220172882080078e-01 7.725831270217895508e-01 3.966665863990783691e-01 2.011424303054809570e-01 1.000000000000000000e+00 1.000000000000000000e+00 1.000000000000000000e+00
3.198554515838623047e-01 3.450105786323547363e-01 3.517956137657165527e-01 2.846037745475769043e-01 8.611645102500915527e-01 8.655506968498229980e-01 6.007277965545654297e-02 2.892047166824340820e-02 2.938070297241210938e-01 1.000000000000000000e+00 0.000000000000000000e+00 0.000000000000000000e+00
9.276730418205261230e-01 6.852893233299255371e-01 7.207292914390563965e-01 9.384267926216125488e-01 7.514289617538452148e-01 5.738242268562316895e-01 9.649251699447631836e-01 1.937971115112304688e-01 1.646777391433715820e-01 0.000000000000000000e+00 0.000000000000000000e+00 0.000000000000000000e+00
4.614140391349792480e-01 6.461362838745117188e-01 6.288417577743530273e-01 1.298265457153320312e-01 8.543719649314880371e-01 7.319613695144653320e-01 8.052794337272644043e-01 9.209745526313781738e-01 6.588100790977478027e-01 1.000000000000000000e+00 0.000000000000000000e+00 0.000000000000000000e+00
1.262373924255371094e-01 9.401029348373413086e-02 2.435057163238525391e-01 1.714158654212951660e-01 3.465948104858398438e-01 7.617444396018981934e-01 8.298265933990478516e-02 8.057212829589843750e-01 6.089507937431335449e-01 0.000000000000000000e+00 0.000000000000000000e+00 0.000000000000000000e+00
8.256814479827880859e-01 3.733994960784912109e-01 7.523067593574523926e-01 5.218614339828491211e-01 6.644307971000671387e-01 9.413388967514038086e-01 6.157802939414978027e-01 5.452339053153991699e-01 9.753674864768981934e-01 0.000000000000000000e+00 0.000000000000000000e+00 0.000000000000000000e+00
9.975913763046264648e-01 1.434054970741271973e-01 4.965856075286865234e-01 8.720863461494445801e-01 8.543058037757873535e-01 2.033886909484863281e-01 8.161592483520507812e-02 3.225359916687011719e-01 4.115310907363891602e-01 0.000000000000000000e+00 1.000000000000000000e+00 0.000000000000000000e+00
5.243585109710693359e-01 9.576970934867858887e-01 2.486537694931030273e-01 2.729563117027282715e-01 7.214721441268920898e-01 3.881130814552307129e-01 5.223804712295532227e-01 6.326692700386047363e-01 5.781697630882263184e-01 0.000000000000000000e+00 0.000000000000000000e+00 0.000000000000000000e+00
7.474254369735717773e-01 8.167878985404968262e-01 7.426748871803283691e-01 6.111070513725280762e-01 7.224504947662353516e-01 6.056115031242370605e-01 3.805464506149291992e-01 9.217518568038940430e-02 6.914508342742919922e-01 0.000000000000000000e+00 0.000000000000000000e+00 0.000000000000000000e+00
3.750926256179809570e-01 2.342515587806701660e-01 1.321340203285217285e-01 3.395836353302001953e-01 4.403176307678222656e-01 9.310541152954101562e-01 7.874149084091186523e-02 4.080709815025329590e-01 8.584871292114257812e-01 0.000000000000000000e+00 1.000000000000000000e+00 0.000000000000000000e+00
6.690343618392944336e-01 8.334561586380004883e-01 6.774920821189880371e-01 4.900923371315002441e-01 5.312759280204772949e-01 1.755940318107604980e-01 4.279348254203796387e-01 6.693165898323059082e-01 8.832341432571411133e-01 0.000000000000000000e+00 0.000000000000000000e+00 0.000000000000000000e+00
2.010945379734039307e-01 6.734018325805664062e-01 4.304795861244201660e-01 2.581254243850708008e-01 2.308025360107421875e-01 9.324321150779724121e-01 1.942817568778991699e-01 2.978847026824951172e-01 2.433014512062072754e-01 1.000000000000000000e+00 0.000000000000000000e+00 0.000000000000000000e+00
9.284784793853759766e-01 8.413648605346679688e-02 1.735846996307373047e-01 5.443077087402343750e-01 8.928843140602111816e-01 5.875780582427978516e-01 2.835713028907775879e-01 4.203870296478271484e-01 3.895834088325500488e-01 0.000000000000000000e+00 0.000000000000000000e+00 0.000000000000000000e+00
3.786761462688446045e-01 8.177801966667175293e-01 2.183294892311096191e-01 3.964582085609436035e-01 2.642585635185241699e-01 5.134279131889343262e-01 4.756554365158081055e-01 6.277694106101989746e-01 1.820129156112670898e-01 1.000000000000000000e+00 0.000000000000000000e+00 0.000000000000000000e+00
6.612888574600219727e-01 9.766313433647155762e-01 5.059933662414550781e-02 6.351149082183837891e-02 7.654731273651123047e-01 1.276568770408630371e-01 9.797705411911010742e-01 6.478136777877807617e-01 7.987332344055175781e-01 1.000000000000000000e+00 0.000000000000000000e+00 0.000000000000000000e+00
4.075764417648315430e-01 7.590249180793762207e-01 2.985277771949768066e-01 1.928660869598388672e-01 2.607104778289794922e-01 3.332391381263732910e-01 3.651067614555358887e-01 7.492791414260864258e-01 5.328898429870605469e-01 1.000000000000000000e+00 0.000000000000000000e+00 0.000000000000000000e+00
3.895635306835174561e-01 8.574953675270080566e-01 6.572752594947814941e-01 3.813925385475158691e-01 6.728869080543518066e-01 3.930388689041137695e-01 9.335637092590332031e-03 3.739274740219116211e-01 1.132282614707946777e-01 0.000000000000000000e+00 0.000000000000000000e+00 0.000000000000000000e+00
9.979702830314636230e-01 2.019639611244201660e-01 3.798500299453735352e-01 9.258795380592346191e-01 9.696891307830810547e-01 4.928953051567077637e-01 6.939718127250671387e-01 3.562486767768859863e-01 8.950069546699523926e-01 0.000000000000000000e+00 1.000000000000000000e+00 0.000000000000000000e+00
9.902839064598083496e-01 5.177468061447143555e-01 2.335083484649658203e-02 9.366117715835571289e-01 5.838928222656250000e-01 7.547992467880249023e-02 2.806298136711120605e-01 5.828380584716796875e-01 5.244345664978027344e-01 1.000000000000000000e+00 0.000000000000000000e+00 0.000000000000000000e+00
7.395704388618469238e-01 9.903765320777893066e-01 5.583009123802185059e-01 3.964900970458984375e-03 9.499971270561218262e-01 1.011047959327697754e-01 2.927285432815551758e-01 1.141488552093505859e-03 2.954092621803283691e-01 1.000000000000000000e+00 0.000000000000000000e+00 0.000000000000000000e+00
5.717290639877319336e-01 9.415802359580993652e-01 6.875411868095397949e-01 8.102578520774841309e-01 7.413116693496704102e-01 9.993820190429687500e-01 3.207687139511108398e-01 2.787867188453674316e-01 1.980219483375549316e-01 1.000000000000000000e+00 0.000000000000000000e+00 0.000000000000000000e+00
4.528113901615142822e-01 4.037784337997436523e-01 1.114827394485473633e-01 4.190126657485961914e-01 8.807030916213989258e-01 9.807244539260864258e-01 1.782026886940002441e-01 7.862109541893005371e-01 2.295677065849304199e-01 1.000000000000000000e+00 0.000000000000000000e+00 0.000000000000000000e+00
8.860439062118530273e-01 2.552684545516967773e-01 5.368001461029052734e-01 8.116246461868286133e-01 3.514640927314758301e-01 9.141788482666015625e-01 2.357484102249145508e-01 9.985806941986083984e-01 1.699609160423278809e-01 0.000000000000000000e+00 0.000000000000000000e+00 0.000000000000000000e+00
2.253804206848144531e-01 6.268783211708068848e-01 2.948105335235595703e-02 4.451937079429626465e-01 5.238342285156250000e-02 9.119432568550109863e-01 1.006076335906982422e-01 9.233175516128540039e-01 9.118270277976989746e-01 0.000000000000000000e+00 0.000000000000000000e+00 0.000000000000000000e+00
1.668759733438491821e-01 4.758256673812866211e-01 6.188068985939025879e-01 1.177077293395996094e-01 5.600154399871826172e-02 7.067114710807800293e-01 2.673502564430236816e-01 8.045753240585327148e-01 1.310783624649047852e-01 1.000000000000000000e+00 1.000000000000000000e+00 1.000000000000000000e+00
9.835139513015747070e-01 8.489922881126403809e-01 6.443990468978881836e-01 9.207276105880737305e-01 8.927288651466369629e-01 3.652023077011108398e-01 9.816382527351379395e-01 5.149379372596740723e-01 9.273517727851867676e-01 0.000000000000000000e+00 0.000000000000000000e+00 0.000000000000000000e+00
3.358621001243591309e-01 7.583521008491516113e-01 3.097481131553649902e-01 1.152336597442626953e-02 4.851486086845397949e-01 8.331816792488098145e-01 3.905372619628906250e-01 2.660250663757324219e-02 8.059586286544799805e-01 1.000000000000000000e+00 0.000000000000000000e+00 0.000000000000000000e+00
7.091516256332397461e-01 9.589092731475830078e-01 4.544000029563903809e-01 4.655621647834777832e-01 7.314535975456237793e-01 4.761397838592529297e-01 3.087433576583862305e-01 8.971293568611145020e-01 9.456742405891418457e-01 0.000000000000000000e+00 0.000000000000000000e+00 0.000000000000000000e+00
3.639944493770599365e-01 9.490397572517395020e-01 5.363855361938476562e-01 1.315340399742126465e-01 3.671801090240478516e-01 1.138120889663696289e-02 4.617774486541748047e-01 4.031320214271545410e-01 3.303411006927490234e-01 0.000000000000000000e+00 0.000000000000000000e+00 0.000000000000000000e+00
8.448632359504699707e-01 2.848271131515502930e-01 5.836850404739379883e-01 3.420377373695373535e-01 9.545859694480895996e-01 8.762699961662292480e-01 9.690366387367248535e-01 1.227053403854370117e-01 7.483659386634826660e-01 0.000000000000000000e+00 1.000000000000000000e+00 0.000000000000000000e+00
7.136394977569580078e-01 4.547972083091735840e-01 3.645889759063720703e-01 5.749696493148803711e-01 7.351894378662109375e-01 3.488498926162719727e-01 9.177132844924926758e-01 7.287939190864562988e-01 5.331889390945434570e-01 0.000000000000000000e+00 0.000000000000000000e+00 0.000000000000000000e+00
7.667268514633178711e-01 7.438086867332458496e-01 9.670692682266235352e-01 6.272854208946228027e-01 2.289453148841857910e-01 2.353543043136596680e-02 6.471497416496276855e-01 8.227688670158386230e-01 9.000982046127319336e-01 1.000000000000000000e+00 0.000000000000000000e+00 0.000000000000000000e+00
8.612059950828552246e-01 4.930757284164428711e-01 3.404020667076110840e-01 6.407638192176818848e-01 7.583370208740234375e-01 4.976516366004943848e-01 7.356571555137634277e-01 6.697010397911071777e-01 8.910809159278869629e-01 0.000000000000000000e+00 0.000000000000000000e+00 0.000000000000000000e+00
9.961011409759521484e-01 1.553343534469604492e-01 6.739152073860168457e-01 8.225108385086059570e-01 9.030185937881469727e-01 2.706122994422912598e-01 6.316530704498291016e-01 9.207894802093505859e-01 3.944845199584960938e-01 0.000000000000000000e+00 0.000000000000000000e+00 0.000000000000000000e+00
9.639807939529418945e-01 8.027565479278564453e-02 8.735505938529968262e-01 7.739337086677551270e-01 1.459841132164001465e-01 1.574511528015136719e-01 3.833493590354919434e-01 3.948068022727966309e-01 7.033216357231140137e-01 0.000000000000000000e+00 0.000000000000000000e+00 0.000000000000000000e+00
9.808418750762939453e-01 3.811761736869812012e-01 2.901532053947448730e-01 9.366680979728698730e-01 6.937401294708251953e-01 3.166262507438659668e-01 8.714058399200439453e-01 3.065775632858276367e-01 9.013785719871520996e-01 0.000000000000000000e+00 1.000000000000000000e+00 0.000000000000000000e+00
9.044670462608337402e-01 3.910089135169982910e-01 9.388625621795654297e-01 5.060104131698608398e-01 4.971933960914611816e-01 4.216781258583068848e-01 8.148893713951110840e-01 7.609339356422424316e-01 7.922891974449157715e-01 0.000000000000000000e+00 0.000000000000000000e+00 0.000000000000000000e+00
9.310270547866821289e-01 1.735895872116088867e-02 7.401561141014099121e-01 2.788538932800292969e-01 7.379690408706665039e-01 4.637669324874877930e-01 5.825682878494262695e-01 7.841957807540893555e-01 7.928551435470581055e-01 1.000000000000000000e+00 0.000000000000000000e+00 0.000000000000000000e+00
9.943799376487731934e-01 3.695561289787292480e-01 6.787410974502563477e-01 9.847086071968078613e-01 9.694548249244689941e-01 7.142951488494873047e-01 4.975879788398742676e-01 4.501110911369323730e-01 9.962433576583862305e-01 1.000000000000000000e+00 1.000000000000000000e+00 1.000000000000000000e+00
5.064677000045776367e-01 8.612013459205627441e-01 3.299156427383422852e-01 2.817223668098449707e-01 6.848008632659912109e-01 3.538646101951599121e-01 4.526972770690917969e-03 5.115663409233093262e-01 6.918503046035766602e-01 1.000000000000000000e+00 0.000000000000000000e+00 0.000000000000000000e+00
2.404037415981292725e-01 6.041681766510009766e-01 2.901027798652648926e-01 1.664202809333801270e-01 3.756530880928039551e-01 1.603895425796508789e-01 9.081645011901855469e-01 2.212390303611755371e-01 2.835571169853210449e-01 1.000000000000000000e+00 1.000000000000000000e+00 1.000000000000000000e+00
4.861242771148681641e-01 7.295577526092529297e-01 7.650460004806518555e-01 3.854570388793945312e-01 5.194335579872131348e-01 8.062598705291748047e-01 2.514398097991943359e-01 6.114810705184936523e-01 8.280452489852905273e-01 1.000000000000000000e+00 0.000000000000000000e+00 0.000000000000000000e+00
5.450211167335510254e-01 5.153647065162658691e-01 7.578112483024597168e-01 4.968819022178649902e-01 1.055747866630554199e-01 3.056680560111999512e-01 7.055426239967346191e-01 6.708442568778991699e-01 9.632980823516845703e-02 0.000000000000000000e+00 0.000000000000000000e+00 0.000000000000000000e+00
8.001748323440551758e-01 9.311316609382629395e-01 1.848450303077697754e-01 5.735034942626953125e-01 8.262758851051330566e-01 6.974335908889770508e-01 4.975186586380004883e-01 6.775730252265930176e-01 5.151039361953735352e-01 0.000000000000000000e+00 0.000000000000000000e+00 0.000000000000000000e+00
3.051000535488128662e-01 6.922556757926940918e-01 7.142195105552673340e-01 2.803999781608581543e-01 5.080197453498840332e-01 8.394780755043029785e-01 5.586389303207397461e-01 7.704364061355590820e-01 5.306413173675537109e-01 0.000000000000000000e+00 0.000000000000000000e+00 0.000000000000000000e+00
6.319427490234375000e-01 8.008738160133361816e-01 1.919252872467041016e-01 5.663493275642395020e-01 1.434676647186279297e-01 8.767598867416381836e-02 3.193311095237731934e-01 6.941779255867004395e-01 9.051051139831542969e-01 1.000000000000000000e+00 0.000000000000000000e+00 0.000000000000000000e+00
7.061514854431152344e-01 3.122363090515136719e-01 4.625609517097473145e-01 3.375928401947021484e-01 7.554086446762084961e-01 1.770152449607849121e-01 5.356423854827880859e-01 4.281132221221923828e-01 1.083987951278686523e-02 1.000000000000000000e+00 1.000000000000000000e+00 1.000000000000000000e+00
7.103537321090698242e-01 3.565365076065063477e-02 7.439652681350708008e-01 2.836007475852966309e-01 1.387386322021484375e-01 8.717451095581054688e-01 1.732125282287597656e-01 5.598545074462890625e-02 8.789541721343994141e-01 0.000000000000000000e+00 0.000000000000000000e+00 0.000000000000000000e+00
5.063114762306213379e-01 6.540275812149047852e-01 3.893703818321228027e-01 3.984491229057312012e-01 6.445571184158325195e-01 8.525480031967163086e-01 4.824178814888000488e-01 6.818537116050720215e-01 2.513163685798645020e-01 0.000000000000000000e+00 1.000000000000000000e+00 0.000000000000000000e+00
3.429382145404815674e-01 5.828609466552734375e-01 4.605615735054016113e-01 1.833228468894958496e-01 6.418538093566894531e-01 8.860304355621337891e-01 6.416078209877014160e-01 1.083173155784606934e-01 3.026641011238098145e-01 0.000000000000000000e+00 1.000000000000000000e+00 0.000000000000000000e+00
2.410913109779357910e-01 1.112960577011108398e-01 3.686811923980712891e-01 3.720025420188903809e-01 2.794498801231384277e-01 1.490241289138793945e-02 2.119609713554382324e-01 2.189483642578125000e-01 1.166757345199584961e-01 0.000000000000000000e+00 0.000000000000000000e+00 0.000000000000000000e+00
2.947984039783477783e-01 4.858923554420471191e-01 4.330738782882690430e-01 4.545698165893554688e-01 4.447129368782043457e-01 7.750910520553588867e-01 1.570380926132202148e-01 6.577993035316467285e-01 9.127279520034790039e-01 0.000000000000000000e+00 1.000000000000000000e+00 0.000000000000000000e+00
9.292700290679931641e-01 8.674255013465881348e-01 7.918760776519775391e-01 8.199563026428222656e-01 9.046044945716857910e-01 2.719960212707519531e-01 4.784063100814819336e-01 3.118561506271362305e-01 8.982843756675720215e-01 1.000000000000000000e+00 0.000000000000000000e+00 0.000000000000000000e+00
7.925320863723754883e-01 8.182438015937805176e-01 1.993483304977416992e-01 6.867470145225524902e-01 6.424781084060668945e-01 7.037627696990966797e-01 1.893955469131469727e-02 5.945592522621154785e-01 9.749764800071716309e-01 0.000000000000000000e+00 0.000000000000000000e+00 0.000000000000000000e+00
4.364371299743652344e-01 8.808925151824951172e-01 5.128287672996520996e-01 4.073172807693481445e-01 1.214624643325805664e-01 9.167480468750000000e-01 8.951884508132934570e-01 3.686634898185729980e-01 6.449272632598876953e-01 0.000000000000000000e+00 0.000000000000000000e+00 0.000000000000000000e+00
9.817001223564147949e-01 3.996931910514831543e-01 9.707375764846801758e-01 6.460102200508117676e-01 7.554993629455566406e-01 1.173489689826965332e-01 8.462981581687927246e-01 5.540155172348022461e-01 5.907196998596191406e-01 0.000000000000000000e+00 0.000000000000000000e+00 0.000000000000000000e+00
6.296157836914062500e-01 4.860557317733764648e-01 7.315051555633544922e-01 3.215456008911132812e-01 9.850223064422607422e-01 5.427565574645996094e-01 1.512871384620666504e-01 5.884408354759216309e-01 8.505439758300781250e-02 1.000000000000000000e+00 0.000000000000000000e+00 0.000000000000000000e+00
9.873129725456237793e-01 2.296246290206909180e-01 8.171150088310241699e-01 3.468286395072937012e-01 8.890708684921264648e-01 1.750614643096923828e-01 8.457597494125366211e-01 7.180323004722595215e-01 3.823242783546447754e-01 0.000000000000000000e+00 0.000000000000000000e+00 0.000000000000000000e+00
1.431113928556442261e-01 8.642745018005371094e-01 7.686278820037841797e-01 1.381259560585021973e-01 2.253903746604919434e-01 9.535920619964599609e-02 7.758000493049621582e-01 8.898837566375732422e-01 8.138909339904785156e-01 1.000000000000000000e+00 1.000000000000000000e+00 1.000000000000000000e+00
2.464940249919891357e-01 8.485931158065795898e-01 2.933790087699890137e-01 1.389156579971313477e-01 1.221020221710205078e-01 7.554112076759338379e-01 9.241066575050354004e-01 7.733458876609802246e-01 9.869915246963500977e-01 0.000000000000000000e+00 0.000000000000000000e+00 0.000000000000000000e+00
9.710784554481506348e-01 8.960449695587158203e-02 5.505699515342712402e-01 7.958852052688598633e-01 4.849395751953125000e-01 5.394803881645202637e-01 9.015309214591979980e-01 6.880228519439697266e-01 1.376741528511047363e-01 0.000000000000000000e+00 0.000000000000000000e+00 0.000000000000000000e+00
6.017522215843200684e-01 9.455234408378601074e-01 1.852762103080749512e-01 7.618842124938964844e-01 2.501009106636047363e-01 3.482676744461059570e-01 9.327661991119384766e-01 5.223698019981384277e-01 8.813958764076232910e-01 0.000000000000000000e+00 0.000000000000000000e+00 0.000000000000000000e+00
5.774358510971069336e-01 5.331736803054809570e-02 4.722508192062377930e-01 9.877920150756835938e-03 2.393828034400939941e-01 6.297272443771362305e-01 7.034537792205810547e-01 8.318117260932922363e-01 1.501671671867370605e-01 1.000000000000000000e+00 1.000000000000000000e+00 1.000000000000000000e+00
2.730176746845245361e-01 4.675799608230590820e-01 3.368927836418151855e-01 2.727273106575012207e-01 1.087502241134643555e-01 3.749349713325500488e-01 7.203185558319091797e-02 9.813163280487060547e-01 1.795410513877868652e-01 1.000000000000000000e+00 0.000000000000000000e+00 0.000000000000000000e+00
8.323693275451660156e-01 3.922761678695678711e-01 7.256386876106262207e-01 7.341251969337463379e-01 4.711689352989196777e-01 6.345611214637756348e-01 9.409866929054260254e-01 6.819187998771667480e-01 2.164355516433715820e-01 0.000000000000000000e+00 0.000000000000000000e+00 0.000000000000000000e+00
9.235469102859497070e-01 5.060220360755920410e-01 9.184203743934631348e-01 5.018730163574218750e-01 9.469860196113586426e-01 7.957227230072021484e-01 5.088805556297302246e-01 1.773874163627624512e-01 4.875643849372863770e-01 0.000000000000000000e+00 0.000000000000000000e+00 0.000000000000000000e+00
7.294178009033203125e-01 7.929564118385314941e-01 5.551492571830749512e-01 8.323803544044494629e-01 3.069440126419067383e-01 5.793090462684631348e-01 6.531270146369934082e-01 9.547621011734008789e-02 9.062324762344360352e-01 0.000000000000000000e+00 0.000000000000000000e+00 0.000000000000000000e+00
6.004178524017333984e-01 9.365481734275817871e-01 7.387399673461914062e-04 4.687837362289428711e-01 7.743031978607177734e-01 5.819838047027587891e-01 5.811855196952819824e-01 9.195911884307861328e-01 1.986429691314697266e-01 0.000000000000000000e+00 0.000000000000000000e+00 0.000000000000000000e+00
1.024697870016098022e-01 2.428171038627624512e-01 3.035956621170043945e-01 1.813100576400756836e-01 2.971309423446655273e-01 2.481361031532287598e-01 4.924116134643554688e-01 5.646605491638183594e-01 1.220551729202270508e-01 0.000000000000000000e+00 1.000000000000000000e+00 0.000000000000000000e+00
8.651348352432250977e-01 8.670737743377685547e-01 2.083911895751953125e-01 7.964106202125549316e-01 8.325359225273132324e-01 3.362123966217041016e-01 8.194730877876281738e-01 9.439053535461425781e-01 1.633560657501220703e-02 1.000000000000000000e+00 0.000000000000000000e+00 0.000000000000000000e+00
9.835934042930603027e-01 5.351549983024597168e-01 8.473312854766845703e-02 9.859967231750488281e-01 8.506720066070556641e-01 1.885276436805725098e-01 8.365401625633239746e-01 5.634472966194152832e-01 3.678916096687316895e-01 0.000000000000000000e+00 1.000000000000000000e+00 0.000000000000000000e+00
8.003961443901062012e-01 7.836667299270629883e-01 8.226503133773803711e-01 9.298373460769653320e-01 7.118788957595825195e-01 8.261111378669738770e-01 7.051765322685241699e-01 3.171074390411376953e-02 9.195322394371032715e-01 0.000000000000000000e+00 0.000000000000000000e+00 0.000000000000000000e+00
8.471261262893676758e-01 1.370694637298583984e-01 4.953289031982421875e-01 7.787773013114929199e-01 9.072279930114746094e-02 5.124455094337463379e-01 6.556361913681030273e-02 1.046535372734069824e-01 7.504740953445434570e-01 0.000000000000000000e+00 0.000000000000000000e+00 0.000000000000000000e+00
7.432480454444885254e-01 5.337345600128173828e-02 2.901228666305541992e-01 5.925526022911071777e-01 2.071963548660278320e-01 2.597509026527404785e-01 5.274665951728820801e-01 4.273575544357299805e-01 4.805759787559509277e-01 1.000000000000000000e+00 0.000000000000000000e+00 0.000000000000000000e+00
9.710540771484375000e-01 3.460140824317932129e-01 9.458016753196716309e-01 5.943547487258911133e-01 5.193534493446350098e-01 4.041153192520141602e-02 4.230706691741943359e-01 9.139277935028076172e-01 3.511980772018432617e-01 0.000000000000000000e+00 0.000000000000000000e+00 0.000000000000000000e+00
6.812374591827392578e-01 6.748628020286560059e-01 4.451411962509155273e-02 3.034429550170898438e-01 8.344155550003051758e-01 6.974073648452758789e-01 8.957892656326293945e-01 8.068704605102539062e-01 6.817210912704467773e-01 0.000000000000000000e+00 0.000000000000000000e+00 0.000000000000000000e+00
7.564097642898559570e-01 4.068974256515502930e-01 4.114953875541687012e-01 4.976496696472167969e-01 6.994597911834716797e-01 4.615009427070617676e-01 8.534125089645385742e-01 5.114485621452331543e-01 9.184141159057617188e-01 1.000000000000000000e+00 0.000000000000000000e+00 0.000000000000000000e+00
1.054444834589958191e-01 9.731348752975463867e-01 6.261894702911376953e-01 6.520015001296997070e-02 1.491723656654357910e-01 7.285081148147583008e-01 3.833206295967102051e-01 2.528661489486694336e-01 8.861463665962219238e-01 0.000000000000000000e+00 1.000000000000000000e+00 0.000000000000000000e+00
9.897940158843994141e-01 8.483386039733886719e-02 7.042697072029113770e-01 8.508049249649047852e-01 6.754591464996337891e-01 4.819483160972595215e-01 7.505593895912170410e-01 3.321878314018249512e-01 1.116783022880554199e-01 0.000000000000000000e+00 1.000000000000000000e+00 0.000000000000000000e+00
5.548306703567504883e-01 6.113312244415283203e-01 2.683281898498535156e-03 8.519096374511718750e-01 8.119899034500122070e-02 8.573178052902221680e-01 8.979915380477905273e-01 2.091147303581237793e-01 8.730027675628662109e-01 0.000000000000000000e+00 0.000000000000000000e+00 0.000000000000000000e+00
6.065442562103271484e-01 4.659442901611328125e-01 5.493025779724121094e-01 5.460966229438781738e-01 6.126337647438049316e-01 8.076559305191040039e-01 8.116492629051208496e-01 2.811036109924316406e-01 3.385227322578430176e-01 1.000000000000000000e+00 0.000000000000000000e+00 0.000000000000000000e+00
3.515632450580596924e-01 2.709466218948364258e-02 4.283428192138671875e-03 3.015677332878112793e-01 6.982355713844299316e-01 2.030696868896484375e-01 2.899563312530517578e-02 1.765651702880859375e-01 7.291489839553833008e-01 0.000000000000000000e+00 0.000000000000000000e+00 0.000000000000000000e+00
2.442803829908370972e-01 8.549827337265014648e-01 8.522580265998840332e-01 1.055359840393066406e-02 3.178897500038146973e-01 2.869192957878112793e-01 6.003903746604919434e-01 4.587447047233581543e-01 7.627854943275451660e-01 0.000000000000000000e+00 0.000000000000000000e+00 0.000000000000000000e+00
9.618204236030578613e-01 1.533806324005126953e-03 4.891704916954040527e-01 4.692420363426208496e-01 8.407024145126342773e-01 3.060008883476257324e-01 6.958976984024047852e-01 2.600113153457641602e-01 9.149454236030578613e-01 0.000000000000000000e+00 0.000000000000000000e+00 0.000000000000000000e+00
9.678516983985900879e-01 7.360566854476928711e-01 1.865308880805969238e-01 8.952053785324096680e-01 4.313827157020568848e-01 8.241856098175048828e-02 6.843998432159423828e-01 1.895135641098022461e-01 4.700720310211181641e-01 0.000000000000000000e+00 0.000000000000000000e+00 0.000000000000000000e+00
9.821316003799438477e-01 7.663202285766601562e-02 3.634403944015502930e-01 6.795336008071899414e-01 8.431857228279113770e-01 2.475838661193847656e-01 6.212864518165588379e-01 2.387527823448181152e-01 1.924813389778137207e-01 0.000000000000000000e+00 1.000000000000000000e+00 0.000000000000000000e+00
3.108465671539306641e-01 7.373862266540527344e-01 4.275689721107482910e-01 3.807802796363830566e-01 9.890466928482055664e-02 3.380378484725952148e-01 8.191983103752136230e-01 4.080073237419128418e-01 4.435428977012634277e-01 0.000000000000000000e+00 0.000000000000000000e+00 0.000000000000000000e+00
7.610653042793273926e-01 6.899312734603881836e-01 2.566392421722412109e-01 6.427143216133117676e-01 8.277200460433959961e-01 2.562563419342041016e-01 6.873059272766113281e-02 3.507339358329772949e-01 7.270994782447814941e-01 0.000000000000000000e+00 0.000000000000000000e+00 0.000000000000000000e+00
8.551080226898193359e-01 5.045126676559448242e-01 8.137673735618591309e-01 6.286191344261169434e-01 1.947183609008789062e-01 1.813092827796936035e-01 3.953822851181030273e-01 5.328562855720520020e-01 7.559349536895751953e-01 0.000000000000000000e+00 0.000000000000000000e+00 0.000000000000000000e+00
8.751690387725830078e-01 6.023662686347961426e-01 9.939926862716674805e-02 9.584303498268127441e-01 5.361487865447998047e-01 9.624884128570556641e-01 4.957121014595031738e-01 6.002842783927917480e-01 5.597831606864929199e-01 0.000000000000000000e+00 0.000000000000000000e+00 0.000000000000000000e+00
9.271210432052612305e-01 3.254190683364868164e-01 9.041820168495178223e-01 1.706954836845397949e-01 9.727686643600463867e-01 6.464359760284423828e-01 3.661391139030456543e-01 7.893660664558410645e-01 5.265491008758544922e-01 0.000000000000000000e+00 0.000000000000000000e+00 0.000000000000000000e+00
9.865781664848327637e-01 3.751295804977416992e-01 8.674974441528320312e-01 8.994691967964172363e-01 9.916658401489257812e-01 3.710418343544006348e-01 2.095139026641845703e-01 6.663777232170104980e-01 6.781629920005798340e-01 0.000000000000000000e+00 1.000000000000000000e+00 0.000000000000000000e+00
9.273189902305603027e-01 9.028812050819396973e-01 5.864941477775573730e-01 7.498626708984375000e-01 8.363958001136779785e-01 7.534752488136291504e-01 8.009515404701232910e-01 2.944444417953491211e-01 8.631906509399414062e-01 0.000000000000000000e+00 0.000000000000000000e+00 0.000000000000000000e+00
8.586044311523437500e-01 3.502663969993591309e-01 7.638990283012390137e-01 7.110902070999145508e-01 6.165421605110168457e-01 7.480841279029846191e-01 3.512308597564697266e-01 8.986271619796752930e-01 6.627024412155151367e-01 0.000000000000000000e+00 0.000000000000000000e+00 0.000000000000000000e+00
8.719527125358581543e-01 8.871289491653442383e-01 6.756453514099121094e-01 3.842391967773437500e-01 8.444283008575439453e-01 8.499673008918762207e-01 1.811715960502624512e-01 4.026231765747070312e-01 7.074143290519714355e-01 0.000000000000000000e+00 0.000000000000000000e+00 0.000000000000000000e+00
8.556390404701232910e-01 5.685138702392578125e-01 5.941972732543945312e-01 5.451131463050842285e-01 9.572265744209289551e-01 5.790969133377075195e-01 4.448480010032653809e-01 3.662701845169067383e-01 9.774941205978393555e-01 1.000000000000000000e+00 0.000000000000000000e+00 0.000000000000000000e+00
2.438905537128448486e-01 5.410969257354736328e-03 4.058356285095214844e-01 7.712185382843017578e-02 1.832038760185241699e-01 5.847474932670593262e-01 7.695583105087280273e-01 7.821514010429382324e-01 6.545175909996032715e-01 0.000000000000000000e+00 0.000000000000000000e+00 0.000000000000000000e+00
2.631576359272003174e-01 9.727629423141479492e-01 9.678652286529541016e-01 1.138752102851867676e-01 1.760937571525573730e-01 4.284133911132812500e-01 6.850296258926391602e-02 8.704882860183715820e-02 8.309936523437500000e-01 1.000000000000000000e+00 0.000000000000000000e+00 0.000000000000000000e+00
4.494986236095428467e-01 5.861549377441406250e-01 3.430643081665039062e-01 7.645266652107238770e-01 1.574593782424926758e-02 8.705465197563171387e-01 4.415673017501831055e-02 5.154594182968139648e-01 2.304124832153320312e-02 0.000000000000000000e+00 1.000000000000000000e+00 0.000000000000000000e+00
6.227242946624755859e-01 8.436449766159057617e-01 4.313530921936035156e-01 2.819907665252685547e-02 7.071161866188049316e-01 2.836011052131652832e-01 7.060033082962036133e-02 8.367657661437988281e-03 3.677589893341064453e-01 1.000000000000000000e+00 0.000000000000000000e+00 0.000000000000000000e+00
9.223521947860717773e-01 3.496730923652648926e-01 9.566838741302490234e-01 5.875493288040161133e-01 9.069748520851135254e-01 9.585170745849609375e-01 5.639638304710388184e-01 2.384693026542663574e-01 5.578339099884033203e-03 1.000000000000000000e+00 0.000000000000000000e+00 0.000000000000000000e+00
4.265111684799194336e-01 5.909883975982666016e-01 3.956066370010375977e-01 1.788168549537658691e-01 2.692410349845886230e-01 2.721244096755981445e-02 4.942046403884887695e-01 8.117127418518066406e-01 7.506206631660461426e-01 1.000000000000000000e+00 0.000000000000000000e+00 0.000000000000000000e+00
9.949600696563720703e-01 1.090682148933410645e-01 4.061692357063293457e-01 9.189881086349487305e-01 3.109132051467895508e-01 4.625719785690307617e-02 6.903864145278930664e-01 9.024140238761901855e-01 2.586837410926818848e-01 0.000000000000000000e+00 0.000000000000000000e+00 0.000000000000000000e+00
8.536949157714843750e-01 1.599243283271789551e-01 7.082272768020629883e-01 6.668472886085510254e-01 4.090129733085632324e-01 9.007284641265869141e-01 4.381871223449707031e-02 3.535037040710449219e-01 9.085863232612609863e-01 0.000000000000000000e+00 1.000000000000000000e+00 0.000000000000000000e+00
7.641349434852600098e-01 9.773433208465576172e-01 2.790003418922424316e-01 8.728666305541992188e-01 2.441140413284301758e-01 4.652535915374755859e-02 3.082842230796813965e-01 5.509658455848693848e-01 3.325539827346801758e-02 0.000000000000000000e+00 0.000000000000000000e+00 0.000000000000000000e+00
8.870045542716979980e-01 3.145922422409057617e-01 8.523735404014587402e-01 8.391095995903015137e-01 1.061133742332458496e-01 5.024434328079223633e-01 2.560188770294189453e-01 4.899007081985473633e-02 5.881247520446777344e-01 1.000000000000000000e+00 0.000000000000000000e+00 0.000000000000000000e+00
5.099781155586242676e-01 9.483370780944824219e-01 2.820603251457214355e-01 5.510237812995910645e-01 2.606663703918457031e-01 1.350041627883911133e-01 8.375176787376403809e-01 1.624299883842468262e-01 8.065043687820434570e-01 0.000000000000000000e+00 0.000000000000000000e+00 0.000000000000000000e+00
2.278757393360137939e-01 7.239686250686645508e-01 2.616202831268310547e-01 2.314691543579101562e-01 3.197456598281860352e-01 4.696702361106872559e-01 3.761993050575256348e-01 5.712616443634033203e-01 4.151788949966430664e-01 0.000000000000000000e+00 0.000000000000000000e+00 0.000000000000000000e+00
8.988290429115295410e-01 9.863090515136718750e-02 7.976784706115722656e-01 2.549201250076293945e-01 1.272931098937988281e-01 1.632475256919860840e-01 1.586356759071350098e-01 6.272000670433044434e-01 6.906948685646057129e-01 1.000000000000000000e+00 0.000000000000000000e+00 0.000000000000000000e+00
9.984008669853210449e-01 3.060363531112670898e-01 8.115948438644409180e-01 8.671904206275939941e-01 9.089972972869873047e-01 9.639257192611694336e-02 5.418101549148559570e-01 9.818428754806518555e-01 7.010900378227233887e-01 0.000000000000000000e+00 0.000000000000000000e+00 0.000000000000000000e+00
4.009576439857482910e-01 1.847049593925476074e-01 4.322092533111572266e-01 2.381181120872497559e-01 8.357840776443481445e-02 2.895615696907043457e-01 1.217331886291503906e-01 7.545244693756103516e-01 3.367949724197387695e-01 0.000000000000000000e+00 0.000000000000000000e+00 0.000000000000000000e+00
9.827918410301208496e-01 1.202452778816223145e-01 1.035384535789489746e-01 8.434678316116333008e-01 8.248378634452819824e-01 8.066016435623168945e-01 8.487148284912109375e-01 1.894428730010986328e-01 4.767645001411437988e-01 0.000000000000000000e+00 1.000000000000000000e+00 0.000000000000000000e+00
4.847574830055236816e-01 9.975856542587280273e-01 3.812126517295837402e-01 8.323580026626586914e-02 1.925579905509948730e-01 5.595301985740661621e-01 9.874820709228515625e-03 3.357531428337097168e-01 4.878724217414855957e-01 1.000000000000000000e+00 0.000000000000000000e+00 0.000000000000000000e+00
5.141022205352783203e-01 1.882330179214477539e-01 5.038021802902221680e-01 8.524799346923828125e-02 4.681705832481384277e-01 8.433571457862854004e-01 8.346679210662841797e-01 9.162765741348266602e-01 2.040006518363952637e-01 0.000000000000000000e+00 0.000000000000000000e+00 0.000000000000000000e+00
2.705512642860412598e-01 9.177491068840026855e-01 1.795861124992370605e-01 1.591444015502929688e-03 3.891443610191345215e-01 1.161259412765502930e-01 5.424014925956726074e-01 5.329730510711669922e-01 7.819393873214721680e-01 0.000000000000000000e+00 0.000000000000000000e+00 0.000000000000000000e+00
7.337684035301208496e-01 3.312745690345764160e-01 5.515673756599426270e-01 4.073104262351989746e-01 8.060512542724609375e-01 7.724549770355224609e-01 7.030578851699829102e-01 9.169690012931823730e-01 1.476297974586486816e-01 0.000000000000000000e+00 0.000000000000000000e+00 0.000000000000000000e+00
4.412422478199005127e-01 5.091202259063720703e-01 3.247704505920410156e-01 5.998482108116149902e-01 7.539629936218261719e-01 6.502177119255065918e-01 7.910498976707458496e-01 4.204071164131164551e-01 6.249152421951293945e-01 1.000000000000000000e+00 0.000000000000000000e+00 0.000000000000000000e+00
4.125057458877563477e-01 5.083781480789184570e-01 7.747290134429931641e-01 6.601577997207641602e-02 3.160123229026794434e-01 2.201336026191711426e-01 3.133242130279541016e-01 3.929121494293212891e-01 6.478072404861450195e-01 0.000000000000000000e+00 0.000000000000000000e+00 0.000000000000000000e+00
6.555817723274230957e-01 8.653289079666137695e-01 5.426944494247436523e-01 3.613299131393432617e-02 9.794890284538269043e-01 7.299529910087585449e-01 7.605006098747253418e-01 3.936097621917724609e-01 3.715670108795166016e-01 0.000000000000000000e+00 0.000000000000000000e+00 0.000000000000000000e+00
9.936764836311340332e-01 5.210292339324951172e-02 8.662867546081542969e-01 6.064934730529785156e-01 8.499369621276855469e-01 2.599216103553771973e-01 8.050355911254882812e-01 2.232075333595275879e-01 4.342177510261535645e-01 0.000000000000000000e+00 1.000000000000000000e+00 0.000000000000000000e+00
5.162845849990844727e-01 4.079818725585937500e-01 1.436178088188171387e-01 4.685302972793579102e-01 7.077024579048156738e-01 1.804657578468322754e-01 6.744054555892944336e-01 2.954516410827636719e-01 8.553067445755004883e-01 1.000000000000000000e+00 0.000000000000000000e+00 0.000000000000000000e+00
9.659317135810852051e-01 4.290940761566162109e-01 6.422821879386901855e-01 8.589553833007812500e-01 7.878994345664978027e-01 2.070498466491699219e-01 8.598582744598388672e-01 7.621129751205444336e-01 2.395214438438415527e-01 0.000000000000000000e+00 0.000000000000000000e+00 0.000000000000000000e+00
7.913814187049865723e-01 1.975731253623962402e-01 7.819631695747375488e-01 1.706460118293762207e-01 3.471562266349792480e-01 8.285902738571166992e-01 4.813086986541748047e-02 8.707958459854125977e-02 8.942390084266662598e-01 1.000000000000000000e+00 0.000000000000000000e+00 0.000000000000000000e+00
9.710679054260253906e-01 1.218963265419006348e-01 3.447037935256958008e-02 7.932050824165344238e-01 3.336507081985473633e-02 2.002819776535034180e-01 5.862293243408203125e-01 5.854233503341674805e-01 7.386831045150756836e-01 1.000000000000000000e+00 0.000000000000000000e+00 0.000000000000000000e+00
7.947626709938049316e-01 8.310714960098266602e-01 6.918706297874450684e-01 4.832305312156677246e-01 7.928279042243957520e-01 8.790138363838195801e-01 5.007517933845520020e-01 1.433510780334472656e-01 7.593606710433959961e-01 0.000000000000000000e+00 0.000000000000000000e+00 0.000000000000000000e+00
9.769605398178100586e-01 4.167219996452331543e-01 4.960233569145202637e-01 7.498880028724670410e-01 7.106922864913940430e-01 8.430492877960205078e-02 1.372036933898925781e-01 4.995751976966857910e-01 4.869114756584167480e-01 0.000000000000000000e+00 0.000000000000000000e+00 0.000000000000000000e+00
2.185474187135696411e-01 2.760680913925170898e-01 1.591749191284179688e-01 8.726835250854492188e-02 7.845133543014526367e-01 3.406167030334472656e-03 4.594119191169738770e-01 5.618020296096801758e-01 8.334885239601135254e-01 0.000000000000000000e+00 0.000000000000000000e+00 0.000000000000000000e+00
9.658151865005493164e-01 4.839427471160888672e-01 3.205171823501586914e-01 8.053318262100219727e-01 9.731435179710388184e-01 6.253727078437805176e-01 5.496358275413513184e-01 8.871262073516845703e-01 6.973760724067687988e-01 0.000000000000000000e+00 0.000000000000000000e+00 0.000000000000000000e+00
4.292045831680297852e-01 9.674767255783081055e-01 2.574464678764343262e-01 2.755274772644042969e-01 4.549039006233215332e-01 3.194078207015991211e-01 1.582077741622924805e-01 1.426969170570373535e-01 1.453244686126708984e-01 0.000000000000000000e+00 1.000000000000000000e+00 0.000000000000000000e+00
3.129784166812896729e-01 5.052936077117919922e-02 9.834516048431396484e-02 3.105695247650146484e-01 2.614845037460327148e-01 7.244284152984619141e-01 1.817229986190795898e-01 4.895392656326293945e-01 2.584277987480163574e-01 0.000000000000000000e+00 1.000000000000000000e+00 0.000000000000000000e+00
3.720788359642028809e-01 5.979092717170715332e-01 6.715868115425109863e-01 3.362314701080322266e-01 2.484399676322937012e-01 5.564944744110107422e-01 9.990314841270446777e-01 1.211451292037963867e-01 7.632155418395996094e-01 0.000000000000000000e+00 0.000000000000000000e+00 0.000000000000000000e+00
9.705008864402770996e-01 2.114698886871337891e-01 4.798157811164855957e-01 8.436862230300903320e-01 3.318031430244445801e-01 2.004306912422180176e-01 9.564248323440551758e-01 5.098602771759033203e-01 5.931201577186584473e-01 0.000000000000000000e+00 1.000000000000000000e+00 0.000000000000000000e+00
7.493093013763427734e-01 4.608131647109985352e-01 8.099980354309082031e-01 7.550541758537292480e-01 7.801008224487304688e-02 9.094020128250122070e-01 1.105293035507202148e-01 2.960975170135498047e-01 5.711432695388793945e-01 1.000000000000000000e+00 0.000000000000000000e+00 0.000000000000000000e+00
8.001661300659179688e-01 8.693634867668151855e-01 4.701816439628601074e-01 4.446974992752075195e-01 6.039483547210693359e-01 2.190816402435302734e-02 8.486753702163696289e-01 8.164535760879516602e-01 8.561416864395141602e-01 0.000000000000000000e+00 0.000000000000000000e+00 0.000000000000000000e+00
9.603863358497619629e-01 4.808480739593505859e-01 9.383512735366821289e-01 5.620218515396118164e-01 8.436442017555236816e-01 9.109576940536499023e-01 8.230368494987487793e-01 9.240462779998779297e-01 5.337200164794921875e-01 0.000000000000000000e+00 0.000000000000000000e+00 0.000000000000000000e+00
4.981226027011871338e-01 9.238363504409790039e-01 2.019539475440979004e-01 2.629296779632568359e-01 5.886347293853759766e-01 4.025179147720336914e-01 3.726625442504882812e-01 3.301760554313659668e-01 9.570018649101257324e-01 1.000000000000000000e+00 0.000000000000000000e+00 0.000000000000000000e+00
9.890342950820922852e-01 8.413767814636230469e-02 9.373742341995239258e-02 7.075612545013427734e-01 6.036053299903869629e-01 1.911965012550354004e-01 8.453148007392883301e-01 5.888473391532897949e-01 1.874285340309143066e-01 0.000000000000000000e+00 0.000000000000000000e+00 0.000000000000000000e+00
3.815673589706420898e-01 7.218186855316162109e-01 7.590109109878540039e-02 7.912372946739196777e-01 2.817998528480529785e-01 8.053610920906066895e-01 1.718941926956176758e-01 7.886273860931396484e-01 9.414715766906738281e-01 1.000000000000000000e+00 0.000000000000000000e+00 0.000000000000000000e+00
7.817898392677307129e-01 6.431173682212829590e-01 8.670837283134460449e-01 2.489227652549743652e-01 9.299820065498352051e-01 9.633562564849853516e-01 1.638505458831787109e-01 4.054892063140869141e-01 4.558498263359069824e-01 0.000000000000000000e+00 0.000000000000000000e+00 0.000000000000000000e+00
4.114262759685516357e-01 5.093036890029907227e-01 2.374476194381713867e-01 1.668515205383300781e-01 4.282149672508239746e-01 4.814827442169189453e-02 1.718455553054809570e-01 6.511723399162292480e-01 9.830741286277770996e-01 1.000000000000000000e+00 0.000000000000000000e+00 0.000000000000000000e+00
8.619476556777954102e-01 9.280826449394226074e-01 6.634190678596496582e-01 9.747912287712097168e-01 6.006264686584472656e-01 9.571239352226257324e-01 4.950875043869018555e-01 8.508683443069458008e-01 9.013857841491699219e-01 1.000000000000000000e+00 0.000000000000000000e+00 0.000000000000000000e+00
6.371331810951232910e-01 8.543213605880737305e-01 8.254886269569396973e-01 8.342350125312805176e-01 2.866425514221191406e-01 6.166760325431823730e-01 6.546504497528076172e-01 3.436021804809570312e-01 9.793177247047424316e-01 1.000000000000000000e+00 0.000000000000000000e+00 0.000000000000000000e+00
4.508694410324096680e-01 9.863916039466857910e-01 5.200608968734741211e-01 2.783764004707336426e-01 4.458680748939514160e-01 1.072287559509277344e-01 1.144195199012756348e-01 6.930540204048156738e-01 6.037445664405822754e-01 1.000000000000000000e+00 0.000000000000000000e+00 0.000000000000000000e+00
4.925193786621093750e-01 2.748173475265502930e-01 7.567691802978515625e-02 1.994848847389221191e-01 6.153336167335510254e-01 3.600823879241943359e-01 1.880598664283752441e-01 2.565695643424987793e-01 8.435420393943786621e-01 0.000000000000000000e+00 0.000000000000000000e+00 0.000000000000000000e+00
3.707742094993591309e-01 5.059459209442138672e-01 6.616474390029907227e-01 4.583265185356140137e-01 7.389903068542480469e-03 9.313613176345825195e-01 5.136783719062805176e-01 5.228620767593383789e-01 9.763683676719665527e-01 0.000000000000000000e+00 1.000000000000000000e+00 0.000000000000000000e+00
8.717269897460937500e-01 3.133860230445861816e-01 7.769899964332580566e-01 7.408650517463684082e-01 4.377514123916625977e-02 5.312126278877258301e-01 6.511569023132324219e-01 6.985944509506225586e-02 9.945373535156250000e-01 0.000000000000000000e+00 0.000000000000000000e+00 0.000000000000000000e+00
8.333045840263366699e-01 8.616498708724975586e-01 6.023466587066650391e-02 7.162576317787170410e-01 4.993716478347778320e-01 6.573804616928100586e-01 7.382372617721557617e-01 1.393836140632629395e-01 7.567173242568969727e-01 0.000000000000000000e+00 0.000000000000000000e+00 0.000000000000000000e+00
5.900641679763793945e-01 2.651690244674682617e-01 4.783778190612792969e-01 1.279951333999633789e-01 9.536908864974975586e-01 6.040996909141540527e-01 8.215835094451904297e-01 3.593622446060180664e-01 4.726264476776123047e-01 0.000000000000000000e+00 0.000000000000000000e+00 0.000000000000000000e+00
6.586484313011169434e-01 9.187953472137451172e-01 8.893728852272033691e-01 7.184407711029052734e-01 4.727368950843811035e-01 8.113695979118347168e-01 4.980169534683227539e-01 1.383471488952636719e-01 3.039006590843200684e-01 0.000000000000000000e+00 0.000000000000000000e+00 0.000000000000000000e+00
4.458372592926025391e-01 6.903564333915710449e-01 2.899301648139953613e-01 1.757019162178039551e-01 6.996341347694396973e-01 6.401574015617370605e-01 1.376447081565856934e-01 1.582875251770019531e-01 2.539586424827575684e-01 1.000000000000000000e+00 1.000000000000000000e+00 1.000000000000000000e+00
9.952292442321777344e-01 2.952881455421447754e-01 7.825679779052734375e-01 9.986604452133178711e-01 2.781928777694702148e-01 1.095537543296813965e-01 4.498504400253295898e-01 6.838684082031250000e-01 9.792430400848388672e-01 0.000000000000000000e+00 0.000000000000000000e+00 0.000000000000000000e+00
7.139310240745544434e-01 4.998610019683837891e-01 7.218593955039978027e-01 7.155399918556213379e-01 2.343148589134216309e-01 5.989894270896911621e-01 7.743626832962036133e-02 4.945987462997436523e-01 7.648040652275085449e-01 1.000000000000000000e+00 0.000000000000000000e+00 0.000000000000000000e+00
8.484849929809570312e-01 3.320602178573608398e-01 2.498270869255065918e-01 8.931456208229064941e-01 5.046620965003967285e-01 7.683878540992736816e-01 8.541535735130310059e-01 1.527268886566162109e-01 8.348866701126098633e-01 0.000000000000000000e+00 0.000000000000000000e+00 0.000000000000000000e+00
5.119321942329406738e-01 7.567470073699951172e-01 5.472729802131652832e-01 7.092632651329040527e-01 1.031658649444580078e-01 7.670332193374633789e-01 9.650862812995910645e-01 6.152585744857788086e-01 1.135528087615966797e-01 0.000000000000000000e+00 0.000000000000000000e+00 0.000000000000000000e+00
6.028770208358764648e-01 6.407583951950073242e-01 6.343998908996582031e-01 4.954252243041992188e-01 4.815902709960937500e-01 4.995089769363403320e-01 6.721128225326538086e-01 6.725510954856872559e-01 9.586580991744995117e-01 0.000000000000000000e+00 0.000000000000000000e+00 0.000000000000000000e+00
8.385818600654602051e-01 8.482866287231445312e-01 6.843432188034057617e-01 5.764641761779785156e-01 9.494821429252624512e-01 7.795660495758056641e-01 9.872229695320129395e-01 9.023981690406799316e-01 9.366716742515563965e-01 0.000000000000000000e+00 0.000000000000000000e+00 0.000000000000000000e+00
1.590457260608673096e-01 3.924910426139831543e-01 4.096230864524841309e-01 8.858621120452880859e-03 3.384280204772949219e-01 4.263189435005187988e-01 1.750075221061706543e-01 5.095847249031066895e-01 7.552584409713745117e-01 1.000000000000000000e+00 0.000000000000000000e+00 0.000000000000000000e+00
2.017046213150024414e-01 8.249765038490295410e-01 6.901107430458068848e-01 3.270705342292785645e-01 1.241825819015502930e-01 8.418875336647033691e-01 1.143813133239746094e-04 9.776458144187927246e-01 4.485966563224792480e-01 0.000000000000000000e+00 0.000000000000000000e+00 0.000000000000000000e+00
4.091803133487701416e-01 8.901019096374511719e-01 1.176221370697021484e-01 5.879889130592346191e-01 4.386283159255981445e-01 9.877206683158874512e-01 8.719065189361572266e-01 4.033030867576599121e-01 8.777383565902709961e-01 1.000000000000000000e+00 0.000000000000000000e+00 0.000000000000000000e+00
9.598832726478576660e-01 4.460093379020690918e-01 6.216297149658203125e-01 9.780524969100952148e-01 9.935595393180847168e-01 6.636526584625244141e-01 6.475528478622436523e-01 4.369155168533325195e-01 5.418454408645629883e-01 0.000000000000000000e+00 0.000000000000000000e+00 0.000000000000000000e+00
7.657412290573120117e-01 2.544884085655212402e-01 4.485507011413574219e-01 1.247178316116333008e-01 8.911639451980590820e-01 5.135416984558105469e-02 7.086425423622131348e-01 8.261734247207641602e-01 6.832696795463562012e-01 0.000000000000000000e+00 0.000000000000000000e+00 0.000000000000000000e+00
8.783955574035644531e-01 3.864983916282653809e-01 3.459932208061218262e-01 5.153926014900207520e-01 7.621340751647949219e-01 2.689200639724731445e-02 2.599939107894897461e-01 5.305361747741699219e-01 3.385713100433349609e-01 0.000000000000000000e+00 1.000000000000000000e+00 0.000000000000000000e+00
8.520802855491638184e-01 4.292002916336059570e-01 9.775727391242980957e-01 5.959326624870300293e-01 6.062954664230346680e-02 1.927767395973205566e-01 7.050810456275939941e-01 4.680413007736206055e-01 4.767519235610961914e-02 1.000000000000000000e+00 0.000000000000000000e+00 0.000000000000000000e+00
4.549128711223602295e-01 8.780962824821472168e-01 7.081390619277954102e-01 6.403319239616394043e-01 6.190228462219238281e-02 3.279727697372436523e-02 2.719534039497375488e-01 9.010546803474426270e-01 2.717264890670776367e-01 0.000000000000000000e+00 0.000000000000000000e+00 0.000000000000000000e+00
7.234836816787719727e-01 9.114107489585876465e-01 5.946531295776367188e-01 2.946906089782714844e-01 9.867574572563171387e-01 8.731915950775146484e-01 8.041483759880065918e-01 6.070034503936767578e-01 4.895779490470886230e-01 1.000000000000000000e+00 0.000000000000000000e+00 0.000000000000000000e+00
5.414513945579528809e-01 4.039508700370788574e-01 4.732621312141418457e-01 2.603142261505126953e-01 8.898109197616577148e-01 6.067613959312438965e-01 4.666357636451721191e-01 7.818201184272766113e-01 1.684909462928771973e-01 0.000000000000000000e+00 0.000000000000000000e+00 0.000000000000000000e+00
7.919791340827941895e-01 2.937140464782714844e-01 5.864951014518737793e-01 6.590159535408020020e-01 2.850334048271179199e-01 5.553569793701171875e-01 4.973360300064086914e-01 2.353116869926452637e-01 6.059455871582031250e-02 0.000000000000000000e+00 0.000000000000000000e+00 0.000000000000000000e+00
6.017606258392333984e-01 9.597882628440856934e-01 3.687717318534851074e-01 7.851020097732543945e-01 8.682699203491210938e-01 8.341556191444396973e-01 9.176754951477050781e-02 8.900108933448791504e-01 3.034965991973876953e-01 0.000000000000000000e+00 0.000000000000000000e+00 0.000000000000000000e+00
9.366179704666137695e-01 6.546441316604614258e-01 2.538858652114868164e-01 8.293971419334411621e-01 5.690597891807556152e-01 1.845713853836059570e-01 9.658318758010864258e-01 5.075696110725402832e-01 6.573784947395324707e-01 0.000000000000000000e+00 0.000000000000000000e+00 0.000000000000000000e+00
3.006092607975006104e-01 8.061297535896301270e-01 9.091567397117614746e-01 7.116109132766723633e-01 1.624823808670043945e-01 8.558755517005920410e-01 1.055226325988769531e-01 9.594255685806274414e-01 7.945919036865234375e-02 1.000000000000000000e+00 0.000000000000000000e+00 0.000000000000000000e+00
3.312606513500213623e-01 4.062919616699218750e-01 5.399314165115356445e-01 3.047710061073303223e-01 1.684429645538330078e-01 9.732509255409240723e-01 1.795495152473449707e-01 9.391992688179016113e-01 8.543695211410522461e-01 1.000000000000000000e+00 0.000000000000000000e+00 0.000000000000000000e+00
2.624419331550598145e-01 5.354232192039489746e-01 4.315780401229858398e-01 1.786366105079650879e-01 2.806747555732727051e-01 2.110417485237121582e-01 5.438969731330871582e-01 5.217388868331909180e-01 9.037703871726989746e-01 0.000000000000000000e+00 0.000000000000000000e+00 0.000000000000000000e+00
2.181842774152755737e-01 8.420788645744323730e-01 6.930292248725891113e-01 2.470731735229492188e-02 7.919105291366577148e-01 9.858347177505493164e-01 2.768248915672302246e-01 3.728500604629516602e-01 9.132723808288574219e-01 1.000000000000000000e+00 1.000000000000000000e+00 1.000000000000000000e+00
9.210229516029357910e-01 1.354072093963623047e-01 5.670529007911682129e-01 2.886872291564941406e-01 9.503389000892639160e-01 3.631084561347961426e-01 9.480082392692565918e-01 5.196352601051330566e-01 4.388406872749328613e-01 0.000000000000000000e+00 1.000000000000000000e+00 0.000000000000000000e+00
4.854255020618438721e-01 8.280127644538879395e-01 6.899766325950622559e-01 4.232958555221557617e-01 4.483275413513183594e-01 9.971807003021240234e-01 3.732438087463378906e-01 3.322939276695251465e-01 5.708440542221069336e-01 0.000000000000000000e+00 0.000000000000000000e+00 0.000000000000000000e+00
8.011357784271240234e-01 5.124903917312622070e-01 8.470956683158874512e-01 1.631135940551757812e-01 4.452534914016723633e-01 1.603572368621826172e-01 4.675186872482299805e-01 8.914473652839660645e-01 7.794979810714721680e-01 1.000000000000000000e+00 0.000000000000000000e+00 0.000000000000000000e+00
5.620903372764587402e-01 6.529694199562072754e-01 8.522092103958129883e-01 6.165128946304321289e-01 8.637547492980957031e-03 5.482476949691772461e-02 1.866205334663391113e-01 3.015398383140563965e-01 3.214728832244873047e-02 1.000000000000000000e+00 0.000000000000000000e+00 0.000000000000000000e+00
3.687866926193237305e-01 8.535561561584472656e-01 4.168081283569335938e-01 2.308271527290344238e-01 4.035443067550659180e-01 8.272014856338500977e-01 2.372205257415771484e-02 8.730544447898864746e-01 2.459625005722045898e-01 0.000000000000000000e+00 1.000000000000000000e+00 0.000000000000000000e+00
9.954590797424316406e-01 5.644094944000244141e-02 9.194689989089965820e-02 8.325579762458801270e-01 6.622503995895385742e-01 1.724304556846618652e-01 6.695928573608398438e-01 9.601862430572509766e-01 4.331591129302978516e-01 0.000000000000000000e+00 0.000000000000000000e+00 0.000000000000000000e+00
2.481408566236495972e-01 2.660868763923645020e-01 1.403647661209106445e-01 1.563457250595092773e-01 4.806718826293945312e-01 1.431778073310852051e-01 3.837485313415527344e-01 8.207726478576660156e-01 6.417062878608703613e-01 0.000000000000000000e+00 1.000000000000000000e+00 0.000000000000000000e+00
4.803577363491058350e-01 5.293102264404296875e-01 1.959927678108215332e-01 3.470566272735595703e-01 4.337913393974304199e-01 3.514631390571594238e-01 7.009349465370178223e-01 9.088544845581054688e-01 5.441923737525939941e-01 1.000000000000000000e+00 0.000000000000000000e+00 0.000000000000000000e+00
2.604550421237945557e-01 7.040202617645263672e-01 5.639910697937011719e-03 6.414504647254943848e-01 1.797716021537780762e-01 6.401361227035522461e-01 2.069839239120483398e-01 3.130073547363281250e-01 8.235843181610107422e-01 0.000000000000000000e+00 1.000000000000000000e+00 0.000000000000000000e+00
8.995342850685119629e-01 5.275905728340148926e-01 7.466565370559692383e-01 9.507440328598022461e-01 2.695905566215515137e-01 5.157538652420043945e-01 1.555896401405334473e-01 5.331445932388305664e-01 3.929530382156372070e-01 0.000000000000000000e+00 0.000000000000000000e+00 0.000000000000000000e+00
5.098651647567749023e-01 5.267235636711120605e-01 8.197580575942993164e-01 7.017272710800170898e-02 3.459517955780029297e-01 9.610285162925720215e-01 2.338761687278747559e-01 6.822350025177001953e-01 5.993621349334716797e-01 1.000000000000000000e+00 1.000000000000000000e+00 1.000000000000000000e+00
9.634952545166015625e-01 2.505313754081726074e-01 5.375665426254272461e-01 8.367012739181518555e-01 7.355930805206298828e-01 5.822662115097045898e-01 2.212530374526977539e-02 2.636316418647766113e-01 3.588938713073730469e-01 0.000000000000000000e+00 1.000000000000000000e+00 0.000000000000000000e+00
8.171078562736511230e-01 3.645197153091430664e-01 7.291995882987976074e-01 6.365805864334106445e-01 4.643416404724121094e-01 6.125479340553283691e-01 5.920820832252502441e-01 5.159212946891784668e-01 7.583629488945007324e-01 0.000000000000000000e+00 0.000000000000000000e+00 0.000000000000000000e+00
7.074072957038879395e-01 2.768881320953369141e-01 8.057117462158203125e-03 7.805205583572387695e-01 1.329392790794372559e-01 8.510903120040893555e-01 5.223790407180786133e-01 8.291531801223754883e-01 9.504258036613464355e-01 0.000000000000000000e+00 0.000000000000000000e+00 0.000000000000000000e+00
4.377142488956451416e-01 8.525998592376708984e-01 6.140333414077758789e-01 7.255575656890869141e-01 3.898721933364868164e-02 8.474635481834411621e-01 9.982118606567382812e-01 2.987267374992370605e-01 5.041410326957702637e-01 0.000000000000000000e+00 0.000000000000000000e+00 0.000000000000000000e+00
6.514735817909240723e-01 2.414194345474243164e-01 5.408570766448974609e-01 1.775172948837280273e-01 3.802242279052734375e-01 5.478543043136596680e-02 8.633193373680114746e-01 5.656555891036987305e-01 1.188516616821289062e-01 0.000000000000000000e+00 0.000000000000000000e+00 0.000000000000000000e+00
9.888606667518615723e-01 4.983078241348266602e-01 2.195957899093627930e-01 8.656770586967468262e-01 8.605588674545288086e-01 1.981830000877380371e-01 3.621992468833923340e-01 8.108786344528198242e-01 2.794451117515563965e-01 0.000000000000000000e+00 0.000000000000000000e+00 0.000000000000000000e+00
8.227529525756835938e-01 6.250013113021850586e-01 7.326203584671020508e-01 6.519229412078857422e-01 9.266949295997619629e-01 6.055871248245239258e-01 5.031678676605224609e-01 8.818827271461486816e-01 5.450929999351501465e-01 0.000000000000000000e+00 0.000000000000000000e+00 0.000000000000000000e+00
8.148822188377380371e-01 4.061425924301147461e-01 5.203441977500915527e-01 6.755814552307128906e-01 5.555764436721801758e-01 3.876380920410156250e-01 3.933742046356201172e-01 1.239478588104248047e-02 4.900646209716796875e-01 0.000000000000000000e+00 0.000000000000000000e+00 0.000000000000000000e+00
3.214717805385589600e-01 2.523781061172485352e-01 1.855446696281433105e-01 2.782612442970275879e-01 6.611731052398681641e-01 2.548328042030334473e-01 9.995535016059875488e-01 9.668925404548645020e-01 1.917550563812255859e-01 1.000000000000000000e+00 0.000000000000000000e+00 0.000000000000000000e+00
9.332686662673950195e-01 2.179810404777526855e-01 1.902651786804199219e-01 7.903506755828857422e-01 3.955841064453125000e-02 2.975928783416748047e-02 4.064570665359497070e-01 3.063002824783325195e-01 5.852282047271728516e-03 0.000000000000000000e+00 1.000000000000000000e+00 0.000000000000000000e+00
3.804703950881958008e-01 4.438934326171875000e-01 1.967313885688781738e-01 3.061324954032897949e-01 5.583944320678710938e-01 5.386101603507995605e-01 8.357858657836914062e-02 2.324503064155578613e-01 4.678872823715209961e-01 1.000000000000000000e+00 0.000000000000000000e+00 0.000000000000000000e+00
6.732419133186340332e-01 9.622889161109924316e-01 2.362051010131835938e-01 4.908823966979980469e-01 9.936999082565307617e-01 6.352451443672180176e-01 8.552040457725524902e-01 2.430350780487060547e-01 3.311587572097778320e-01 0.000000000000000000e+00 0.000000000000000000e+00 0.000000000000000000e+00
9.912291765213012695e-01 1.171145439147949219e-01 6.402349472045898438e-01 9.995860457420349121e-01 7.401872873306274414e-01 9.620658159255981445e-01 4.506257772445678711e-01 2.818507552146911621e-01 7.785890698432922363e-01 0.000000000000000000e+00 0.000000000000000000e+00 0.000000000000000000e+00
7.096946239471435547e-01 9.090766906738281250e-01 6.056706309318542480e-01 9.206570386886596680e-01 2.280693650245666504e-01 9.185971617698669434e-01 7.763991355895996094e-01 7.379018664360046387e-01 6.318196654319763184e-01 0.000000000000000000e+00 0.000000000000000000e+00 0.000000000000000000e+00
8.453489542007446289e-01 4.189239144325256348e-01 4.513599276542663574e-01 7.757582068443298340e-01 6.070921421051025391e-01 8.292327523231506348e-01 8.299892544746398926e-01 3.204935789108276367e-02 3.521769642829895020e-01 0.000000000000000000e+00 0.000000000000000000e+00 0.000000000000000000e+00
4.958683550357818604e-01 3.450008034706115723e-01 2.816273570060729980e-01 1.646121740341186523e-01 6.958555579185485840e-01 5.227487087249755859e-01 8.695208430290222168e-01 4.736729860305786133e-01 9.991961121559143066e-01 0.000000000000000000e+00 1.000000000000000000e+00 0.000000000000000000e+00
6.084465384483337402e-01 9.776303172111511230e-01 7.638310790061950684e-01 4.023490548133850098e-01 7.422980070114135742e-01 8.221973180770874023e-01 6.252525448799133301e-01 4.917309880256652832e-01 9.476797580718994141e-01 0.000000000000000000e+00 0.000000000000000000e+00 0.000000000000000000e+00
9.247643947601318359e-01 3.016709089279174805e-01 9.062512516975402832e-01 2.961819767951965332e-01 4.189147949218750000e-01 6.198894977569580078e-02 4.382351636886596680e-01 8.519149422645568848e-01 7.455585598945617676e-01 0.000000000000000000e+00 0.000000000000000000e+00 0.000000000000000000e+00
6.057062149047851562e-01 3.854853510856628418e-01 5.876752138137817383e-01 3.011041283607482910e-01 5.123528242111206055e-01 9.324996471405029297e-01 7.626349329948425293e-01 2.112946510314941406e-01 1.893392205238342285e-01 1.000000000000000000e+00 0.000000000000000000e+00 0.000000000000000000e+00
4.948480129241943359e-01 9.787828922271728516e-01 5.723362565040588379e-01 1.396401524543762207e-01 7.318954467773437500e-01 7.738226652145385742e-02 4.664063453674316406e-02 1.004074811935424805e-01 7.287440896034240723e-01 1.000000000000000000e+00 0.000000000000000000e+00 0.000000000000000000e+00
8.519409298896789551e-01 3.846196532249450684e-01 2.679616808891296387e-01 8.464526534080505371e-01 2.660891413688659668e-01 6.615765690803527832e-01 7.599174976348876953e-02 9.656931161880493164e-01 9.359478354454040527e-01 0.000000000000000000e+00 0.000000000000000000e+00 0.000000000000000000e+00
9.817659854888916016e-01 6.078465580940246582e-01 9.531801342964172363e-01 9.117962718009948730e-01 9.537645578384399414e-01 2.901144027709960938e-01 6.298298835754394531e-01 3.479204177856445312e-01 3.546102046966552734e-01 0.000000000000000000e+00 1.000000000000000000e+00 0.000000000000000000e+00
2.283632308244705200e-01 9.346590638160705566e-01 1.065760254859924316e-01 1.139244437217712402e-01 4.084637165069580078e-01 7.813290953636169434e-01 3.568154573440551758e-01 6.237370967864990234e-01 4.330238699913024902e-01 0.000000000000000000e+00 0.000000000000000000e+00 0.000000000000000000e+00
6.690301895141601562e-01 4.846504926681518555e-01 9.796631336212158203e-01 5.178928375244140625e-03 4.839282631874084473e-01 8.704611659049987793e-01 4.155873656272888184e-01 7.127023935317993164e-01 1.683249473571777344e-01 0.000000000000000000e+00 0.000000000000000000e+00 0.000000000000000000e+00
3.535270988941192627e-01 8.858677148818969727e-01 7.613050937652587891e-01 8.071044087409973145e-01 9.306669235229492188e-04 8.819712400436401367e-01 1.680190563201904297e-01 5.717811584472656250e-01 4.691648483276367188e-01 0.000000000000000000e+00 0.000000000000000000e+00 0.000000000000000000e+00
5.427653789520263672e-01 9.904336929321289062e-01 5.704714655876159668e-01 5.458404421806335449e-01 2.872064113616943359e-01 6.969609856605529785e-01 4.840843081474304199e-01 8.854326605796813965e-01 8.967195749282836914e-01 1.000000000000000000e+00 0.000000000000000000e+00 0.000000000000000000e+00
3.414517939090728760e-01 9.410043358802795410e-01 5.198070406913757324e-01 2.092141509056091309e-01 3.735970258712768555e-01 8.260247111320495605e-01 5.615594983100891113e-01 1.932662725448608398e-01 1.307103037834167480e-01 1.000000000000000000e+00 0.000000000000000000e+00 0.000000000000000000e+00
9.328682422637939453e-01 7.330152392387390137e-01 2.125169038772583008e-01 4.574398398399353027e-01 9.667169451713562012e-01 2.131754159927368164e-02 2.628195285797119141e-01 7.074626684188842773e-01 6.982021927833557129e-01 1.000000000000000000e+00 0.000000000000000000e+00 0.000000000000000000e+00
9.470148086547851562e-01 3.190529346466064453e-02 6.386702656745910645e-01 8.423424363136291504e-01 7.048035860061645508e-01 8.798810243606567383e-01 7.436605691909790039e-01 7.537160515785217285e-01 6.354882717132568359e-01 0.000000000000000000e+00 0.000000000000000000e+00 0.000000000000000000e+00
9.928907155990600586e-01 1.086176037788391113e-01 5.582258701324462891e-01 8.890693783760070801e-01 8.276299834251403809e-01 8.179224133491516113e-01 7.967385053634643555e-01 7.357257604598999023e-01 4.474201798439025879e-01 0.000000000000000000e+00 0.000000000000000000e+00 0.000000000000000000e+00
5.772941112518310547e-01 8.389143943786621094e-01 9.468654394149780273e-01 3.097070455551147461e-01 5.623286962509155273e-02 1.699334979057312012e-01 3.719388246536254883e-01 6.768267154693603516e-01 4.877294301986694336e-01 0.000000000000000000e+00 0.000000000000000000e+00 0.000000000000000000e+00
7.754829525947570801e-01 9.098528027534484863e-01 7.012297511100769043e-01 3.927842974662780762e-01 7.910785675048828125e-01 1.302005052566528320e-01 7.494577765464782715e-01 6.050307154655456543e-01 7.466631531715393066e-01 1.000000000000000000e+00 0.000000000000000000e+00 0.000000000000000000e+00
3.686741590499877930e-01 5.354770421981811523e-01 2.004101872444152832e-01 6.241111755371093750e-01 1.761633157730102539e-02 3.932701945304870605e-01 4.751294851303100586e-01 9.319690465927124023e-01 1.584426164627075195e-01 0.000000000000000000e+00 0.000000000000000000e+00 0.000000000000000000e+00
8.603488802909851074e-01 2.073200345039367676e-01 3.244288563728332520e-01 7.787008881568908691e-01 6.633394956588745117e-02 5.371927022933959961e-01 8.078957200050354004e-01 7.191604375839233398e-01 3.917137980461120605e-01 0.000000000000000000e+00 0.000000000000000000e+00 0.000000000000000000e+00
9.917586445808410645e-01 9.246826171875000000e-02 5.516242980957031250e-01 8.093866109848022461e-01 2.950557470321655273e-01 2.714503407478332520e-01 2.311289310455322266e-03 6.780722737312316895e-01 4.556584954261779785e-01 0.000000000000000000e+00 0.000000000000000000e+00 0.000000000000000000e+00
8.572984337806701660e-01 5.974196791648864746e-01 2.252751588821411133e-01 8.425126671791076660e-01 6.128807663917541504e-01 6.809613108634948730e-01 5.297517180442810059e-01 3.126227259635925293e-01 1.431693434715270996e-01 0.000000000000000000e+00 0.000000000000000000e+00 0.000000000000000000e+00
3.003400564193725586e-01 5.739008188247680664e-01 1.648764014244079590e-01 3.962652087211608887e-01 2.650939822196960449e-01 1.962690949440002441e-01 1.330117583274841309e-01 1.431799530982971191e-01 4.829001426696777344e-01 0.000000000000000000e+00 0.000000000000000000e+00 0.000000000000000000e+00
9.908064007759094238e-01 1.365390419960021973e-01 8.023213148117065430e-01 6.818857192993164062e-01 4.075149297714233398e-01 2.801547050476074219e-01 3.802359104156494141e-01 9.852484464645385742e-01 9.329186677932739258e-01 1.000000000000000000e+00 0.000000000000000000e+00 0.000000000000000000e+00
9.588933587074279785e-01 3.656115531921386719e-01 8.001604676246643066e-01 8.253229260444641113e-01 6.626553535461425781e-01 4.640042781829833984e-01 9.430583715438842773e-01 5.381852388381958008e-02 5.365496277809143066e-01 0.000000000000000000e+00 0.000000000000000000e+00 0.000000000000000000e+00
6.956775188446044922e-01 7.569868564605712891e-01 7.307971119880676270e-01 8.126282691955566406e-01 3.750030994415283203e-01 4.253383874893188477e-01 2.476996183395385742e-01 1.099449992179870605e-01 8.365995287895202637e-01 0.000000000000000000e+00 0.000000000000000000e+00 0.000000000000000000e+00
7.844536900520324707e-01 5.658194422721862793e-01 8.240644335746765137e-01 3.478696346282958984e-01 6.646808385848999023e-01 9.013468027114868164e-02 3.918756246566772461e-01 2.110623717308044434e-01 4.328299164772033691e-01 0.000000000000000000e+00 0.000000000000000000e+00 0.000000000000000000e+00
9.810158610343933105e-01 3.338521718978881836e-01 7.107464075088500977e-01 9.458146095275878906e-01 8.457871675491333008e-01 8.936879634857177734e-01 6.291029453277587891e-01 3.868625164031982422e-01 9.660531878471374512e-01 0.000000000000000000e+00 0.000000000000000000e+00 0.000000000000000000e+00
2.375549823045730591e-01 4.201476573944091797e-01 4.854836463928222656e-01 3.217317461967468262e-01 6.752371788024902344e-03 2.949923872947692871e-01 1.498162150382995605e-01 9.490770101547241211e-02 8.169773817062377930e-01 0.000000000000000000e+00 0.000000000000000000e+00 0.000000000000000000e+00
4.016050100326538086e-01 8.728519082069396973e-01 1.781986355781555176e-01 5.163431167602539062e-02 7.366792559623718262e-01 9.597879648208618164e-01 2.306832671165466309e-01 5.308060646057128906e-01 6.790531277656555176e-01 1.000000000000000000e+00 0.000000000000000000e+00 0.000000000000000000e+00
3.799783587455749512e-01 6.706703901290893555e-01 2.897076606750488281e-01 1.689743399620056152e-01 3.086630702018737793e-01 5.725949406623840332e-01 5.266654491424560547e-02 9.436784982681274414e-01 5.793436765670776367e-01 1.000000000000000000e+00 0.000000000000000000e+00 0.000000000000000000e+00
2.524444162845611572e-01 6.465333700180053711e-01 6.829155683517456055e-01 2.880360484123229980e-01 1.132928133010864258e-01 2.420714497566223145e-01 8.792960643768310547e-02 5.350651741027832031e-01 4.783944487571716309e-01 0.000000000000000000e+00 1.000000000000000000e+00 0.000000000000000000e+00
7.698209285736083984e-01 4.650441408157348633e-01 3.590487241744995117e-01 5.341489315032958984e-01 7.180076241493225098e-01 1.505279541015625000e-01 3.386673927307128906e-01 3.461703658103942871e-01 1.642259955406188965e-01 0.000000000000000000e+00 1.000000000000000000e+00 0.000000000000000000e+00
8.358011245727539062e-01 3.116532564163208008e-01 7.298498749732971191e-01 3.658140301704406738e-01 4.428865313529968262e-01 6.036829948425292969e-02 1.283677220344543457e-01 3.939599394798278809e-01 7.801934480667114258e-01 1.000000000000000000e+00 0.000000000000000000e+00 0.000000000000000000e+00
9.582846164703369141e-01 2.857367992401123047e-01 7.390379309654235840e-01 4.929975867271423340e-01 7.927616834640502930e-01 5.142267942428588867e-01 5.830222964286804199e-01 2.297749519348144531e-01 8.689661026000976562e-01 0.000000000000000000e+00 0.000000000000000000e+00 0.000000000000000000e+00
8.886800408363342285e-01 2.146320939064025879e-01 7.302338480949401855e-01 4.268515706062316895e-01 7.667399644851684570e-01 7.669887542724609375e-01 6.719291210174560547e-02 5.016170144081115723e-01 6.484339833259582520e-01 0.000000000000000000e+00 0.000000000000000000e+00 0.000000000000000000e+00
9.513883590698242188e-01 5.566095709800720215e-01 5.911590456962585449e-01 8.260357975959777832e-01 5.748754143714904785e-01 5.173945426940917969e-02 3.911876678466796875e-02 4.362266659736633301e-01 5.610672831535339355e-01 0.000000000000000000e+00 1.000000000000000000e+00 0.000000000000000000e+00
1.042063385248184204e-01 5.372695326805114746e-01 4.374536275863647461e-01 4.729715585708618164e-01 3.669220209121704102e-02 5.819995403289794922e-01 9.634675979614257812e-01 4.708715677261352539e-01 7.981300354003906250e-01 1.000000000000000000e+00 1.000000000000000000e+00 1.000000000000000000e+00
9.603589773178100586e-01 4.414244294166564941e-01 7.449496984481811523e-01 8.926080465316772461e-01 5.275173783302307129e-01 4.875009655952453613e-01 7.311981916427612305e-02 5.487037897109985352e-01 8.878227472305297852e-01 0.000000000000000000e+00 0.000000000000000000e+00 0.000000000000000000e+00
4.604988992214202881e-01 6.557673215866088867e-01 5.824263095855712891e-01 2.221149206161499023e-01 8.267852663993835449e-01 1.905342936515808105e-01 8.092862367630004883e-01 6.728693246841430664e-01 5.683570504188537598e-01 1.000000000000000000e+00 0.000000000000000000e+00 0.000000000000000000e+00
9.894820451736450195e-01 3.206688165664672852e-02 1.234754323959350586e-01 9.142798185348510742e-01 1.109331846237182617e-02 1.487578153610229492e-01 3.143723607063293457e-01 6.472218036651611328e-02 1.545969843864440918e-01 0.000000000000000000e+00 1.000000000000000000e+00 0.000000000000000000e+00
9.629763364791870117e-01 7.181916832923889160e-01 5.371627807617187500e-01 9.029409885406494141e-01 7.062326669692993164e-01 3.158879876136779785e-01 1.626774072647094727e-01 6.457675695419311523e-01 9.143500328063964844e-01 1.000000000000000000e+00 0.000000000000000000e+00 0.000000000000000000e+00
9.513791799545288086e-01 4.278860688209533691e-01 9.916339516639709473e-01 4.599130749702453613e-01 2.870849967002868652e-01 9.310251474380493164e-02 5.717896223068237305e-01 2.287846803665161133e-02 4.938008189201354980e-01 0.000000000000000000e+00 0.000000000000000000e+00 0.000000000000000000e+00
1.724912524223327637e-01 3.840685486793518066e-01 2.342578172683715820e-01 5.219984054565429688e-02 5.769889950752258301e-01 6.470229029655456543e-01 3.115361928939819336e-02 5.139375329017639160e-01 4.570357799530029297e-01 1.000000000000000000e+00 1.000000000000000000e+00 1.000000000000000000e+00
9.225903153419494629e-01 5.039817690849304199e-01 3.708696365356445312e-02 6.575316786766052246e-01 9.649730920791625977e-01 1.371669769287109375e-01 3.291496634483337402e-01 4.654669165611267090e-01 3.003484606742858887e-01 0.000000000000000000e+00 0.000000000000000000e+00 0.000000000000000000e+00
3.049363195896148682e-01 8.038586974143981934e-01 6.431450247764587402e-01 1.580545902252197266e-01 4.318922162055969238e-01 6.910507082939147949e-01 3.736155033111572266e-01 9.199267625808715820e-02 5.015166401863098145e-01 0.000000000000000000e+00 0.000000000000000000e+00 0.000000000000000000e+00
6.483697891235351562e-01 8.798334598541259766e-01 2.870644927024841309e-01 1.438351869583129883e-01 8.591493368148803711e-01 8.634529709815979004e-01 2.006349563598632812e-01 6.064243912696838379e-01 9.041537642478942871e-01 1.000000000000000000e+00 0.000000000000000000e+00 0.000000000000000000e+00
7.504627704620361328e-01 7.949681282043457031e-01 8.892593979835510254e-01 4.380154609680175781e-02 6.678558588027954102e-01 5.453497171401977539e-02 2.936481237411499023e-01 5.885631442070007324e-01 6.685882806777954102e-01 0.000000000000000000e+00 0.000000000000000000e+00 0.000000000000000000e+00
9.942325949668884277e-01 6.917667388916015625e-02 9.489685893058776855e-01 7.403858900070190430e-01 9.259270429611206055e-01 6.411491036415100098e-01 6.727044582366943359e-01 4.196252226829528809e-01 3.683310747146606445e-01 0.000000000000000000e+00 0.000000000000000000e+00 0.000000000000000000e+00
5.812886357307434082e-01 1.129581928253173828e-01 4.449540376663208008e-01 2.075256705284118652e-01 4.326723217964172363e-01 5.517119169235229492e-02 4.381144642829895020e-01 8.577929139137268066e-01 2.931898832321166992e-01 0.000000000000000000e+00 1.000000000000000000e+00 0.000000000000000000e+00
4.396053254604339600e-01 7.925621867179870605e-01 9.388602972030639648e-01 2.933461070060729980e-01 1.542766690254211426e-01 6.398303508758544922e-01 8.958640694618225098e-01 6.169724464416503906e-02 7.817898988723754883e-01 0.000000000000000000e+00 0.000000000000000000e+00 0.000000000000000000e+00
1.924971044063568115e-01 6.354966163635253906e-01 5.403021574020385742e-01 9.520149230957031250e-02 3.210182189941406250e-01 3.562220931053161621e-01 4.832049012184143066e-01 2.780961394309997559e-01 2.171602845191955566e-01 1.000000000000000000e+00 1.000000000000000000e+00 1.000000000000000000e+00
2.751896083354949951e-01 5.865318775177001953e-01 2.086668610572814941e-01 1.585406661033630371e-01 1.547208428382873535e-01 1.804617047309875488e-01 2.302775382995605469e-01 5.578673481941223145e-01 2.194493412971496582e-01 1.000000000000000000e+00 1.000000000000000000e+00 1.000000000000000000e+00
6.093776822090148926e-01 6.094745397567749023e-01 4.028568863868713379e-01 6.556246876716613770e-01 2.452647686004638672e-02 9.116923809051513672e-02 3.084421157836914062e-02 7.118418812751770020e-01 1.630812883377075195e-01 0.000000000000000000e+00 0.000000000000000000e+00 0.000000000000000000e+00
2.334856688976287842e-01 8.461395502090454102e-01 3.515785932540893555e-01 3.030600547790527344e-01 1.678754687309265137e-01 7.550644278526306152e-01 2.130633592605590820e-01 3.153498768806457520e-01 8.094189167022705078e-01 1.000000000000000000e+00 0.000000000000000000e+00 0.000000000000000000e+00
9.689929485321044922e-01 5.439782738685607910e-01 4.405981898307800293e-01 9.251937866210937500e-01 9.195033311843872070e-01 8.960083127021789551e-01 1.742225885391235352e-01 5.904535055160522461e-01 9.750699400901794434e-01 0.000000000000000000e+00 0.000000000000000000e+00 0.000000000000000000e+00
9.828283190727233887e-01 5.046868324279785156e-01 3.065475821495056152e-01 9.619278311729431152e-01 9.347799420356750488e-01 8.365794420242309570e-01 2.080075740814208984e-01 7.983452081680297852e-01 3.685051798820495605e-01 0.000000000000000000e+00 0.000000000000000000e+00 0.000000000000000000e+00
3.229431509971618652e-01 7.706176042556762695e-01 8.739378452301025391e-01 6.543749570846557617e-01 9.203767776489257812e-02 8.985311388969421387e-01 3.035676479339599609e-01 6.454708576202392578e-01 8.039607405662536621e-01 0.000000000000000000e+00 0.000000000000000000e+00 0.000000000000000000e+00
8.674647808074951172e-01 6.478647589683532715e-01 7.935519218444824219e-01 5.503753423690795898e-01 6.335276961326599121e-01 2.717966437339782715e-01 3.019591569900512695e-01 8.661836981773376465e-01 9.447619915008544922e-01 0.000000000000000000e+00 0.000000000000000000e+00 0.000000000000000000e+00
4.107072353363037109e-01 1.085786819458007812e-01 4.112906455993652344e-01 1.759238243103027344e-01 1.975297927856445312e-01 3.122773766517639160e-01 8.282570838928222656e-01 5.995696783065795898e-02 4.021155238151550293e-01 0.000000000000000000e+00 0.000000000000000000e+00 0.000000000000000000e+00
8.852455615997314453e-01 3.186140656471252441e-01 4.438433647155761719e-01 8.488430976867675781e-01 2.888447046279907227e-01 8.461092710494995117e-01 7.515825629234313965e-01 3.708882331848144531e-01 1.995232701301574707e-01 0.000000000000000000e+00 1.000000000000000000e+00 0.000000000000000000e+00
4.225670397281646729e-01 5.069430470466613770e-01 4.893189072608947754e-01 7.379333376884460449e-01 1.791070103645324707e-01 8.700953125953674316e-01 2.416529655456542969e-01 8.683698773384094238e-01 4.844042658805847168e-01 1.000000000000000000e+00 0.000000000000000000e+00 0.000000000000000000e+00
9.702947735786437988e-01 4.142827987670898438e-01 1.235588788986206055e-01 8.724545836448669434e-01 7.284252643585205078e-01 5.554919242858886719e-01 1.938510537147521973e-01 5.664104819297790527e-01 3.464442491531372070e-02 0.000000000000000000e+00 1.000000000000000000e+00 0.000000000000000000e+00
9.411876797676086426e-01 7.926082015037536621e-01 9.788554310798645020e-01 4.560461044311523438e-01 8.352009654045104980e-01 2.662625908851623535e-01 5.187057852745056152e-01 4.095574021339416504e-01 6.292921304702758789e-02 1.000000000000000000e+00 0.000000000000000000e+00 0.000000000000000000e+00
8.233111500740051270e-01 7.811321616172790527e-01 9.376469850540161133e-01 2.973582744598388672e-01 7.470517158508300781e-01 8.336770534515380859e-02 2.790694236755371094e-01 9.216862916946411133e-02 9.530266523361206055e-01 0.000000000000000000e+00 0.000000000000000000e+00 0.000000000000000000e+00
2.354995459318161011e-01 3.769520521163940430e-01 3.239214420318603516e-02 4.699357151985168457e-01 5.008375048637390137e-01 8.406762480735778809e-01 7.819724082946777344e-01 7.694188356399536133e-01 1.111793518066406250e-01 0.000000000000000000e+00 0.000000000000000000e+00 0.000000000000000000e+00
4.661928117275238037e-01 3.974784612655639648e-01 9.328638315200805664e-01 4.594797492027282715e-01 2.985495328903198242e-02 8.861934542655944824e-01 5.490664243698120117e-01 5.730175971984863281e-01 2.078989148139953613e-01 0.000000000000000000e+00 0.000000000000000000e+00 0.000000000000000000e+00
9.399861097335815430e-01 5.683524012565612793e-01 8.337551951408386230e-01 7.710215449333190918e-01 8.323326110839843750e-01 6.644215583801269531e-01 2.597172260284423828e-01 1.567746996879577637e-01 4.165779948234558105e-01 0.000000000000000000e+00 0.000000000000000000e+00 0.000000000000000000e+00
7.479577064514160156e-01 2.564207911491394043e-01 5.289922952651977539e-01 3.606307506561279297e-01 9.128484725952148438e-01 4.750504493713378906e-01 2.898333668708801270e-01 6.054307818412780762e-01 8.633173108100891113e-01 1.000000000000000000e+00 0.000000000000000000e+00 0.000000000000000000e+00
8.162924647331237793e-01 6.222350001335144043e-01 6.437538266181945801e-01 7.554628252983093262e-01 5.300372242927551270e-01 3.477033972740173340e-01 9.681996703147888184e-01 8.835514783859252930e-01 5.842729210853576660e-01 0.000000000000000000e+00 0.000000000000000000e+00 0.000000000000000000e+00
9.801375269889831543e-01 3.441242575645446777e-01 9.673809409141540527e-01 4.627644419670104980e-01 6.770966053009033203e-01 2.057492733001708984e-01 9.768363833427429199e-01 4.031284451484680176e-01 8.471064567565917969e-01 0.000000000000000000e+00 0.000000000000000000e+00 0.000000000000000000e+00
9.982549548149108887e-01 2.487189769744873047e-01 4.372888803482055664e-01 9.765610694885253906e-01 4.013261198997497559e-01 6.804966926574707031e-02 2.508889436721801758e-01 9.577428698539733887e-01 3.703027963638305664e-02 0.000000000000000000e+00 1.000000000000000000e+00 0.000000000000000000e+00
9.961655139923095703e-01 1.044640541076660156e-01 9.534175992012023926e-01 5.518932342529296875e-01 6.422921419143676758e-01 1.476829648017883301e-01 5.595850944519042969e-01 1.831585764884948730e-01 4.592120051383972168e-01 0.000000000000000000e+00 0.000000000000000000e+00 0.000000000000000000e+00
2.809520065784454346e-01 1.242464780807495117e-02 2.325270771980285645e-01 3.403624296188354492e-01 2.585613727569580078e-02 1.811861991882324219e-03 7.032464146614074707e-01 3.299479484558105469e-01 7.456273436546325684e-01 1.000000000000000000e+00 0.000000000000000000e+00 0.000000000000000000e+00
3.559662997722625732e-01 3.557901382446289062e-01 3.804463148117065430e-02 3.722452521324157715e-01 2.131753563880920410e-01 7.338883876800537109e-01 8.380078077316284180e-01 7.804453372955322266e-02 5.982947945594787598e-01 0.000000000000000000e+00 1.000000000000000000e+00 0.000000000000000000e+00
4.181181490421295166e-01 8.967701196670532227e-01 2.407104372978210449e-01 3.953258395195007324e-01 2.910073399543762207e-01 9.026608467102050781e-01 1.234040856361389160e-01 2.562115192413330078e-01 6.504103541374206543e-01 1.000000000000000000e+00 0.000000000000000000e+00 0.000000000000000000e+00
3.971602022647857666e-01 6.723726987838745117e-01 1.573303341865539551e-01 3.933914899826049805e-01 7.119483947753906250e-01 9.949230551719665527e-01 1.400036215782165527e-01 5.381623506546020508e-01 3.338164091110229492e-02 0.000000000000000000e+00 0.000000000000000000e+00 0.000000000000000000e+00
3.888964951038360596e-01 7.930138111114501953e-01 2.922326326370239258e-01 4.281014204025268555e-01 1.273325085639953613e-01 3.905373811721801758e-02 9.570019841194152832e-01 9.868409633636474609e-01 4.986646175384521484e-01 0.000000000000000000e+00 0.000000000000000000e+00 0.000000000000000000e+00
8.017971366643905640e-02 2.447180747985839844e-01 5.833274126052856445e-02 3.266960382461547852e-02 7.921707630157470703e-02 5.316628217697143555e-01 9.932437539100646973e-01 5.353469848632812500e-01 1.550438404083251953e-01 0.000000000000000000e+00 0.000000000000000000e+00 0.000000000000000000e+00
2.750291824340820312e-01 9.170751571655273438e-01 6.155457496643066406e-01 2.303266525268554688e-01 3.946101665496826172e-02 2.171999216079711914e-01 3.601153492927551270e-01 7.630997300148010254e-01 4.747791886329650879e-01 0.000000000000000000e+00 0.000000000000000000e+00 0.000000000000000000e+00
8.590260148048400879e-01 4.739505052566528320e-01 7.304288744926452637e-01 4.316396117210388184e-01 3.399686813354492188e-01 6.513612866401672363e-01 5.604752898216247559e-01 1.812821626663208008e-01 8.998442888259887695e-01 0.000000000000000000e+00 0.000000000000000000e+00 0.000000000000000000e+00
5.988367199897766113e-01 4.439461827278137207e-01 7.139521837234497070e-01 3.099272847175598145e-01 3.163360953330993652e-01 5.616756081581115723e-01 4.769330024719238281e-01 6.726167798042297363e-01 7.108950614929199219e-02 1.000000000000000000e+00 0.000000000000000000e+00 0.000000000000000000e+00
6.688573360443115234e-01 1.682281494140625000e-01 4.887728691101074219e-01 6.763191819190979004e-01 8.019089698791503906e-03 6.867012977600097656e-01 3.123288750648498535e-01 1.519886851310729980e-01 4.978299736976623535e-01 1.000000000000000000e+00 0.000000000000000000e+00 0.000000000000000000e+00
9.480534195899963379e-01 5.364830493927001953e-01 3.078722953796386719e-01 8.430905938148498535e-01 7.466456890106201172e-01 3.280734419822692871e-01 1.602599620819091797e-01 9.627835750579833984e-01 4.466153979301452637e-01 0.000000000000000000e+00 0.000000000000000000e+00 0.000000000000000000e+00
6.294009685516357422e-01 7.189769744873046875e-01 8.188595771789550781e-01 1.521316170692443848e-01 4.385930299758911133e-01 6.795689463615417480e-01 8.737620711326599121e-01 1.718791723251342773e-01 8.589215278625488281e-01 1.000000000000000000e+00 0.000000000000000000e+00 0.000000000000000000e+00
5.789147615432739258e-01 7.244672179222106934e-01 6.617202758789062500e-01 7.445871829986572266e-02 5.439938902854919434e-01 9.055900573730468750e-02 1.159977316856384277e-01 7.058963775634765625e-01 1.875740289688110352e-01 1.000000000000000000e+00 1.000000000000000000e+00 1.000000000000000000e+00
6.704542636871337891e-01 7.095224857330322266e-01 6.903764605522155762e-01 6.331406831741333008e-01 1.367620825767517090e-01 9.886391758918762207e-01 1.346605420112609863e-01 4.635045528411865234e-01 5.217648744583129883e-01 1.000000000000000000e+00 0.000000000000000000e+00 0.000000000000000000e+00
6.947638988494873047e-01 9.636360406875610352e-02 7.093677520751953125e-01 1.901206374168395996e-01 8.566468954086303711e-02 6.061502099037170410e-01 1.345364451408386230e-01 7.352718710899353027e-01 9.443047046661376953e-01 0.000000000000000000e+00 0.000000000000000000e+00 0.000000000000000000e+00
2.272471338510513306e-01 5.676485896110534668e-01 6.212024092674255371e-01 1.452034115791320801e-01 6.330518722534179688e-01 9.010055065155029297e-01 6.403025388717651367e-01 7.213258743286132812e-02 7.419679164886474609e-01 1.000000000000000000e+00 0.000000000000000000e+00 0.000000000000000000e+00
7.823519706726074219e-01 9.418410062789916992e-01 3.199061751365661621e-01 6.427296996116638184e-01 6.182597279548645020e-01 2.526597976684570312e-01 6.959093809127807617e-01 3.454171419143676758e-01 6.144263148307800293e-01 1.000000000000000000e+00 0.000000000000000000e+00 0.000000000000000000e+00
4.516462385654449463e-01 6.183822154998779297e-01 7.412253022193908691e-01 2.263391017913818359e-01 6.442260146141052246e-01 4.962894320487976074e-01 3.485320806503295898e-01 2.729219794273376465e-01 1.982119083404541016e-01 0.000000000000000000e+00 0.000000000000000000e+00 0.000000000000000000e+00
6.401458382606506348e-01 4.066732525825500488e-01 5.670360922813415527e-01 3.702013492584228516e-01 8.656991720199584961e-01 4.699661731719970703e-01 4.234765768051147461e-01 4.794022440910339355e-01 8.914821147918701172e-01 0.000000000000000000e+00 0.000000000000000000e+00 0.000000000000000000e+00
3.285565972328186035e-01 6.462895870208740234e-02 4.613991379737854004e-01 3.716171979904174805e-01 2.165019512176513672e-02 8.971339464187622070e-02 7.250762581825256348e-01 2.579401135444641113e-01 5.052473545074462891e-01 0.000000000000000000e+00 1.000000000000000000e+00 0.000000000000000000e+00
5.760052800178527832e-01 4.383879303932189941e-01 1.255994439125061035e-01 1.770005226135253906e-01 8.526988029479980469e-01 1.080181002616882324e-01 6.316000223159790039e-02 9.536608457565307617e-01 6.656742691993713379e-01 0.000000000000000000e+00 0.000000000000000000e+00 0.000000000000000000e+00
9.606896042823791504e-01 4.604488015174865723e-01 4.997204542160034180e-01 6.401017308235168457e-01 9.656631350517272949e-01 5.631443262100219727e-01 9.554042816162109375e-01 8.654830455780029297e-01 8.494802713394165039e-01 0.000000000000000000e+00 0.000000000000000000e+00 0.000000000000000000e+00
6.175387501716613770e-01 8.865827322006225586e-01 4.249946475028991699e-01 3.819682002067565918e-01 4.449970126152038574e-01 3.171619772911071777e-01 2.149172425270080566e-01 5.646559000015258789e-01 7.071029543876647949e-01 0.000000000000000000e+00 0.000000000000000000e+00 0.000000000000000000e+00
7.567859292030334473e-01 8.585843443870544434e-01 8.786905407905578613e-01 8.688447475433349609e-01 2.611340284347534180e-01 1.411148309707641602e-01 6.976819634437561035e-01 3.109222054481506348e-01 8.862249851226806641e-01 0.000000000000000000e+00 0.000000000000000000e+00 0.000000000000000000e+00
9.312502145767211914e-01 7.406890392303466797e-02 2.565822601318359375e-01 9.896089434623718262e-01 5.209773778915405273e-02 8.761357665061950684e-01 6.874246001243591309e-01 2.831679582595825195e-02 8.122216463088989258e-01 0.000000000000000000e+00 0.000000000000000000e+00 0.000000000000000000e+00
7.115056514739990234e-01 6.718077659606933594e-01 3.768331408500671387e-01 1.190240383148193359e-01 8.458707332611083984e-01 8.093854188919067383e-01 4.819571971893310547e-02 9.688119292259216309e-01 4.932379722595214844e-01 1.000000000000000000e+00 0.000000000000000000e+00 0.000000000000000000e+00
6.010165810585021973e-01 4.860883951187133789e-02 1.173062920570373535e-01 3.582765460014343262e-01 5.663405060768127441e-01 8.120477199554443359e-01 6.524819731712341309e-01 9.249257445335388184e-01 3.194849491119384766e-01 1.000000000000000000e+00 0.000000000000000000e+00 0.000000000000000000e+00
8.804445266723632812e-01 9.788149595260620117e-01 4.183998107910156250e-01 5.702595710754394531e-01 9.455100297927856445e-01 1.615348458290100098e-01 1.862010359764099121e-01 6.714992523193359375e-01 5.440399050712585449e-01 0.000000000000000000e+00 0.000000000000000000e+00 0.000000000000000000e+00
8.016180992126464844e-02 3.531369566917419434e-01 4.437581896781921387e-01 1.193643808364868164e-01 1.102097630500793457e-01 7.012941241264343262e-01 3.583824634552001953e-02 3.568664789199829102e-01 1.393176913261413574e-01 1.000000000000000000e+00 1.000000000000000000e+00 1.000000000000000000e+00
9.284071326255798340e-01 1.379836797714233398e-01 4.525800943374633789e-01 6.705015897750854492e-01 6.929363012313842773e-01 1.275791525840759277e-01 8.505202531814575195e-01 4.481323957443237305e-01 2.248483896255493164e-01 0.000000000000000000e+00 1.000000000000000000e+00 0.000000000000000000e+00
6.127889156341552734e-01 4.556488394737243652e-01 8.402504920959472656e-01 7.725872397422790527e-01 1.606653928756713867e-01 5.758030414581298828e-01 9.494039416313171387e-01 3.569993972778320312e-01 2.368955016136169434e-01 1.000000000000000000e+00 1.000000000000000000e+00 1.000000000000000000e+00
4.004090428352355957e-01 7.460248470306396484e-01 2.033063173294067383e-01 1.802832484245300293e-01 4.334953427314758301e-01 4.150785803794860840e-01 5.797858238220214844e-01 4.981104731559753418e-01 4.035502672195434570e-02 1.000000000000000000e+00 0.000000000000000000e+00 0.000000000000000000e+00
9.915211200714111328e-01 5.761039853096008301e-01 3.713135719299316406e-01 9.561327099800109863e-01 8.653802871704101562e-01 1.776681542396545410e-01 2.335792183876037598e-01 2.861982583999633789e-02 7.117284536361694336e-01 0.000000000000000000e+00 0.000000000000000000e+00 0.000000000000000000e+00
4.101360738277435303e-01 6.802147626876831055e-02 3.036170601844787598e-01 3.559947013854980469e-03 7.435153126716613770e-01 1.858470439910888672e-01 1.489901542663574219e-02 4.204443693161010742e-01 3.555608391761779785e-01 0.000000000000000000e+00 0.000000000000000000e+00 0.000000000000000000e+00
5.785044431686401367e-01 3.274144530296325684e-01 6.739130020141601562e-01 3.726054430007934570e-01 3.336449861526489258e-01 5.931050777435302734e-01 3.315525054931640625e-01 4.180834293365478516e-01 3.413177728652954102e-01 0.000000000000000000e+00 0.000000000000000000e+00 0.000000000000000000e+00
2.531690895557403564e-01 5.062780976295471191e-01 3.735138177871704102e-01 1.191705465316772461e-01 3.142425417900085449e-01 1.392667293548583984e-01 8.431261777877807617e-02 7.497153282165527344e-01 4.710320234298706055e-01 0.000000000000000000e+00 1.000000000000000000e+00 0.000000000000000000e+00
6.040676832199096680e-01 8.918548226356506348e-01 6.847087144851684570e-01 5.957655310630798340e-01 5.989084243774414062e-01 8.615807890892028809e-01 6.139523983001708984e-01 5.187229514122009277e-01 3.723142147064208984e-01 1.000000000000000000e+00 0.000000000000000000e+00 0.000000000000000000e+00
4.541456997394561768e-01 9.771782159805297852e-01 6.145142912864685059e-01 8.134747743606567383e-01 8.057940006256103516e-02 8.415465950965881348e-01 3.503131270408630371e-01 2.982783317565917969e-01 5.488671660423278809e-01 0.000000000000000000e+00 0.000000000000000000e+00 0.000000000000000000e+00
8.277759552001953125e-01 9.045194387435913086e-01 4.681186079978942871e-01 7.896881103515625000e-01 7.068372368812561035e-01 4.789552092552185059e-01 5.170170664787292480e-01 4.103172421455383301e-01 8.988797068595886230e-01 0.000000000000000000e+00 0.000000000000000000e+00 0.000000000000000000e+00
9.839607477188110352e-01 2.562396526336669922e-01 7.107743024826049805e-01 5.259332656860351562e-01 6.861642003059387207e-01 1.281976699829101562e-02 8.426437973976135254e-01 5.084503889083862305e-01 7.599620819091796875e-01 0.000000000000000000e+00 0.000000000000000000e+00 0.000000000000000000e+00
4.564155936241149902e-01 4.673769474029541016e-01 8.807271718978881836e-02 3.801566362380981445e-02 6.955325007438659668e-01 2.063803672790527344e-01 6.220052242279052734e-01 4.995398521423339844e-01 5.716806650161743164e-02 1.000000000000000000e+00 1.000000000000000000e+00 1.000000000000000000e+00
3.252159953117370605e-01 4.932625293731689453e-01 6.273722052574157715e-01 1.699601411819458008e-01 1.112373471260070801e-01 2.787852287292480469e-02 2.218675613403320312e-01 9.864568710327148438e-03 2.012033462524414062e-01 0.000000000000000000e+00 0.000000000000000000e+00 0.000000000000000000e+00
7.601265311241149902e-01 8.668612837791442871e-01 2.705759406089782715e-01 4.414728879928588867e-01 9.456059336662292480e-01 8.684980273246765137e-01 3.050411343574523926e-01 7.044135928153991699e-01 3.371192812919616699e-01 0.000000000000000000e+00 0.000000000000000000e+00 0.000000000000000000e+00
7.865649461746215820e-01 1.865640282630920410e-01 5.268287658691406250e-01 5.504606366157531738e-01 2.952784895896911621e-01 4.225643873214721680e-01 8.832634091377258301e-01 9.902234077453613281e-01 7.658817172050476074e-01 0.000000000000000000e+00 0.000000000000000000e+00 0.000000000000000000e+00
7.271791100502014160e-01 4.476409554481506348e-01 8.735170364379882812e-01 9.359498023986816406e-01 3.769135475158691406e-02 7.991721630096435547e-01 4.808105230331420898e-01 4.018191099166870117e-01 8.903722167015075684e-01 1.000000000000000000e+00 1.000000000000000000e+00 1.000000000000000000e+00
6.107964515686035156e-01 3.375950455665588379e-01 1.906794905662536621e-01 4.489051699638366699e-01 8.119708299636840820e-01 2.075372934341430664e-01 5.428054928779602051e-01 1.165258288383483887e-01 4.078567028045654297e-03 1.000000000000000000e+00 0.000000000000000000e+00 0.000000000000000000e+00
5.112275481224060059e-01 3.565757870674133301e-01 9.545030593872070312e-01 1.131386160850524902e-01 5.052936077117919922e-02 4.773589372634887695e-01 6.853282451629638672e-01 2.165288925170898438e-01 2.550652623176574707e-01 0.000000000000000000e+00 0.000000000000000000e+00 0.000000000000000000e+00
8.535959124565124512e-01 1.873137950897216797e-01 4.204287528991699219e-01 6.893148422241210938e-01 1.982571482658386230e-01 9.855884313583374023e-01 8.205518722534179688e-01 8.518819212913513184e-01 4.760119318962097168e-01 0.000000000000000000e+00 0.000000000000000000e+00 0.000000000000000000e+00
5.583549141883850098e-01 9.228386878967285156e-01 2.421030998229980469e-01 6.685971021652221680e-01 6.900530457496643066e-01 6.606235504150390625e-01 1.194040179252624512e-01 6.549359560012817383e-01 9.656379222869873047e-01 1.000000000000000000e+00 0.000000000000000000e+00 0.000000000000000000e+00
8.655567169189453125e-01 5.574918985366821289e-01 9.006282687187194824e-01 9.977496862411499023e-01 3.154527544975280762e-01 8.469839096069335938e-01 6.855372786521911621e-01 4.340113401412963867e-01 4.735494256019592285e-01 0.000000000000000000e+00 1.000000000000000000e+00 0.000000000000000000e+00
4.628862440586090088e-01 4.464184641838073730e-01 7.387976050376892090e-01 4.069441556930541992e-01 1.982929706573486328e-01 5.831043124198913574e-01 3.740018010139465332e-01 8.692800402641296387e-01 5.511036515235900879e-01 0.000000000000000000e+00 0.000000000000000000e+00 0.000000000000000000e+00
4.740987122058868408e-01 5.775877833366394043e-01 7.357276082038879395e-01 2.434351444244384766e-01 2.226641774177551270e-01 9.570270776748657227e-02 6.362253427505493164e-01 9.647878408432006836e-01 5.301085114479064941e-01 1.000000000000000000e+00 0.000000000000000000e+00 0.000000000000000000e+00
9.836216568946838379e-01 6.409382820129394531e-02 8.465898036956787109e-01 1.304594278335571289e-01 8.347208499908447266e-01 3.120896816253662109e-01 7.453249692916870117e-01 8.926957249641418457e-01 6.333242654800415039e-01 0.000000000000000000e+00 0.000000000000000000e+00 0.000000000000000000e+00
9.310666322708129883e-01 4.940798878669738770e-01 2.206045389175415039e-02 9.815931320190429688e-01 7.605852484703063965e-01 9.773709774017333984e-01 8.573573827743530273e-02 5.892968177795410156e-02 5.281986594200134277e-01 0.000000000000000000e+00 1.000000000000000000e+00 0.000000000000000000e+00
8.318712711334228516e-01 4.385953545570373535e-01 9.241870641708374023e-01 7.940971851348876953e-02 4.421876072883605957e-01 2.448920607566833496e-01 6.088042259216308594e-02 5.370442867279052734e-01 5.989915132522583008e-02 0.000000000000000000e+00 0.000000000000000000e+00 0.000000000000000000e+00
4.154402613639831543e-01 8.277020454406738281e-01 5.247895121574401855e-01 4.963790178298950195e-01 4.053346514701843262e-01 6.788811087608337402e-01 9.009512066841125488e-01 9.880441427230834961e-01 1.728686094284057617e-01 0.000000000000000000e+00 0.000000000000000000e+00 0.000000000000000000e+00
1.226513534784317017e-01 4.668197631835937500e-01 3.365660905838012695e-01 2.280604839324951172e-01 1.328830718994140625e-01 2.867231369018554688e-01 4.648080468177795410e-01 6.946104168891906738e-01 2.018312811851501465e-01 0.000000000000000000e+00 1.000000000000000000e+00 0.000000000000000000e+00
8.873835802078247070e-01 4.722753167152404785e-01 2.613574266433715820e-02 9.500721096992492676e-01 6.173328161239624023e-01 8.966169953346252441e-01 7.629276514053344727e-01 4.268108010292053223e-01 4.965431690216064453e-01 0.000000000000000000e+00 0.000000000000000000e+00 0.000000000000000000e+00
7.869435548782348633e-01 6.122431755065917969e-01 1.623960137367248535e-01 6.262061595916748047e-01 4.306159615516662598e-01 3.216863870620727539e-01 4.017644524574279785e-01 6.425668001174926758e-01 5.948203802108764648e-02 1.000000000000000000e+00 1.000000000000000000e+00 1.000000000000000000e+00
2.211427986621856689e-01 8.500689268112182617e-01 1.998735666275024414e-01 1.465377807617187500e-01 2.012663483619689941e-01 9.686956405639648438e-01 1.111946105957031250e-01 3.913627266883850098e-01 3.381654620170593262e-01 0.000000000000000000e+00 0.000000000000000000e+00 0.000000000000000000e+00
7.794252038002014160e-01 1.677448153495788574e-01 1.063441634178161621e-01 4.421798586845397949e-01 5.545186400413513184e-01 4.522621631622314453e-01 7.800996303558349609e-03 5.155340433120727539e-01 7.733933329582214355e-01 0.000000000000000000e+00 1.000000000000000000e+00 0.000000000000000000e+00
2.283750325441360474e-01 6.865310072898864746e-01 3.652037978172302246e-01 2.760469913482666016e-02 1.797445416450500488e-01 5.298143625259399414e-01 8.044825196266174316e-01 6.980262398719787598e-01 6.992005109786987305e-01 0.000000000000000000e+00 1.000000000000000000e+00 0.000000000000000000e+00
9.648244976997375488e-01 1.825824379920959473e-01 3.303337097167968750e-01 6.756936311721801758e-01 9.656108617782592773e-01 6.732390522956848145e-01 1.089262962341308594e-02 5.459004044532775879e-01 7.663035988807678223e-01 0.000000000000000000e+00 0.000000000000000000e+00 0.000000000000000000e+00
2.739706933498382568e-01 2.753415703773498535e-01 2.979744076728820801e-01 2.018700838088989258e-01 7.114945650100708008e-01 7.889020442962646484e-02 8.360481262207031250e-01 9.499782919883728027e-01 8.593221306800842285e-01 0.000000000000000000e+00 0.000000000000000000e+00 0.000000000000000000e+00
9.255664944648742676e-01 3.599107265472412109e-03 5.905348062515258789e-02 8.513380289077758789e-01 3.037571310997009277e-01 9.109818339347839355e-01 9.515163898468017578e-01 8.980253338813781738e-01 1.477574706077575684e-01 0.000000000000000000e+00 0.000000000000000000e+00 0.000000000000000000e+00
5.055407881736755371e-01 5.327911972999572754e-01 2.999555468559265137e-01 3.051043748855590820e-01 1.938297748565673828e-01 4.398685693740844727e-01 1.544211506843566895e-01 4.136077761650085449e-01 6.301105022430419922e-01 0.000000000000000000e+00 0.000000000000000000e+00 0.000000000000000000e+00
9.332970976829528809e-01 1.386841535568237305e-01 3.298894166946411133e-01 6.139931678771972656e-01 6.996306180953979492e-01 2.897923588752746582e-01 5.218203663825988770e-01 5.827472209930419922e-01 6.506454944610595703e-02 0.000000000000000000e+00 1.000000000000000000e+00 0.000000000000000000e+00
6.179373860359191895e-01 4.811095595359802246e-01 1.146091222763061523e-01 3.367130756378173828e-01 7.738347649574279785e-01 8.593118190765380859e-01 4.575525522232055664e-01 2.237325310707092285e-01 2.551114559173583984e-01 0.000000000000000000e+00 0.000000000000000000e+00 0.000000000000000000e+00
7.620286345481872559e-01 5.278888940811157227e-01 1.028597950935363770e-01 8.683646321296691895e-01 3.100687265396118164e-01 9.151743054389953613e-01 9.624361991882324219e-01 8.726079463958740234e-01 2.766664624214172363e-01 0.000000000000000000e+00 0.000000000000000000e+00 0.000000000000000000e+00
8.364652395248413086e-01 1.696317791938781738e-01 2.805737257003784180e-01 4.408219456672668457e-01 8.447248935699462891e-01 2.273328900337219238e-01 5.667600035667419434e-01 6.047567725181579590e-01 5.386036634445190430e-02 0.000000000000000000e+00 0.000000000000000000e+00 0.000000000000000000e+00
4.852924942970275879e-01 9.249746799468994141e-02 3.162108659744262695e-01 3.855525255203247070e-01 4.679018259048461914e-01 6.321008205413818359e-01 6.094681024551391602e-01 3.135235905647277832e-01 7.101711034774780273e-01 0.000000000000000000e+00 0.000000000000000000e+00 0.000000000000000000e+00
6.686915159225463867e-01 3.270537257194519043e-01 3.064126968383789062e-01 2.621983289718627930e-01 8.587247133255004883e-01 3.833550214767456055e-02 8.039327263832092285e-01 9.711068272590637207e-01 3.354701399803161621e-01 1.000000000000000000e+00 0.000000000000000000e+00 0.000000000000000000e+00
3.100494742393493652e-01 7.446646690368652344e-03 2.152871489524841309e-01 1.797316670417785645e-01 8.595615625381469727e-01 7.987555861473083496e-01 4.153543114662170410e-01 7.208963036537170410e-01 6.358910799026489258e-01 0.000000000000000000e+00 0.000000000000000000e+00 0.000000000000000000e+00
4.505116939544677734e-01 8.858838677406311035e-01 3.343144655227661133e-01 6.669976115226745605e-01 1.405878067016601562e-01 7.509603500366210938e-01 4.498221874237060547e-01 1.894730925559997559e-01 1.228235960006713867e-01 1.000000000000000000e+00 0.000000000000000000e+00 0.000000000000000000e+00
3.578244149684906006e-01 8.665375709533691406e-01 7.384496927261352539e-01 3.435997962951660156e-01 6.408197879791259766e-01 9.727979898452758789e-01 6.809175014495849609e-02 8.692029118537902832e-01 9.382385015487670898e-01 1.000000000000000000e+00 0.000000000000000000e+00 0.000000000000000000e+00
6.818155050277709961e-01 4.494251012802124023e-01 2.882907390594482422e-01 6.052787899971008301e-01 7.802949547767639160e-01 7.976772189140319824e-01 6.693231463432312012e-01 8.706468343734741211e-02 7.959532737731933594e-01 0.000000000000000000e+00 0.000000000000000000e+00 0.000000000000000000e+00
5.163496136665344238e-01 6.195014715194702148e-01 5.993775725364685059e-01 2.442903518676757812e-01 7.740179896354675293e-01 3.399285674095153809e-01 4.487170577049255371e-01 1.523677110671997070e-01 7.036308646202087402e-01 0.000000000000000000e+00 0.000000000000000000e+00 0.000000000000000000e+00
6.534486413002014160e-01 5.614693760871887207e-01 6.298043131828308105e-01 4.889337420463562012e-01 4.287314414978027344e-01 1.875418424606323242e-01 5.122928619384765625e-01 4.165510535240173340e-01 2.709313035011291504e-01 1.000000000000000000e+00 0.000000000000000000e+00 0.000000000000000000e+00
3.019083142280578613e-01 8.219615221023559570e-01 7.556449174880981445e-01 4.513068795204162598e-01 5.023503303527832031e-02 7.378449440002441406e-01 9.919595718383789062e-02 2.210026383399963379e-01 1.752260923385620117e-01 0.000000000000000000e+00 1.000000000000000000e+00 0.000000000000000000e+00
2.915768921375274658e-01 8.891649246215820312e-01 6.469897031784057617e-01 1.813484430313110352e-01 4.641622900962829590e-01 3.016788363456726074e-01 8.333065509796142578e-01 1.232545971870422363e-01 8.882778882980346680e-01 0.000000000000000000e+00 0.000000000000000000e+00 0.000000000000000000e+00
4.844917356967926025e-01 8.571461439132690430e-01 5.554146766662597656e-01 5.105338096618652344e-01 5.085528492927551270e-01 2.315030694007873535e-01 6.436336636543273926e-01 7.496400475502014160e-01 2.896769642829895020e-01 1.000000000000000000e+00 0.000000000000000000e+00 0.000000000000000000e+00
6.476204395294189453e-01 6.737471818923950195e-01 9.333800673484802246e-01 9.119570255279541016e-03 8.230543136596679688e-01 2.256186008453369141e-01 9.977613091468811035e-01 8.075783252716064453e-01 8.798406124114990234e-01 0.000000000000000000e+00 0.000000000000000000e+00 0.000000000000000000e+00
8.813066482543945312e-01 2.115358710289001465e-01 4.848721623420715332e-01 3.668920397758483887e-01 9.519750475883483887e-01 7.383617162704467773e-01 8.024383783340454102e-01 3.526889681816101074e-01 6.977642178535461426e-01 0.000000000000000000e+00 1.000000000000000000e+00 0.000000000000000000e+00
4.546342790126800537e-01 5.507717132568359375e-01 2.672681808471679688e-01 3.712660074234008789e-02 7.663379907608032227e-01 8.551453351974487305e-01 5.891123414039611816e-01 1.713940501213073730e-01 3.421309590339660645e-01 1.000000000000000000e+00 1.000000000000000000e+00 1.000000000000000000e+00
7.065948843955993652e-01 1.289926767349243164e-01 9.372692704200744629e-01 3.557694554328918457e-01 1.141432523727416992e-01 8.931486010551452637e-01 7.688130140304565430e-01 5.648682713508605957e-01 6.753661036491394043e-01 1.000000000000000000e+00 0.000000000000000000e+00 0.000000000000000000e+00
5.809050202369689941e-01 9.986920356750488281e-01 3.521549701690673828e-02 9.060078859329223633e-02 4.453014135360717773e-01 6.581541299819946289e-01 1.668763160705566406e-02 8.582698106765747070e-01 1.373981833457946777e-01 1.000000000000000000e+00 0.000000000000000000e+00 0.000000000000000000e+00
6.080240011215209961e-01 5.332581996917724609e-01 8.343786001205444336e-01 2.842211723327636719e-01 1.094781756401062012e-01 3.629071712493896484e-01 2.050858139991760254e-01 5.391117930412292480e-01 1.543111801147460938e-01 1.000000000000000000e+00 0.000000000000000000e+00 0.000000000000000000e+00
8.956695199012756348e-01 7.985938191413879395e-01 8.074477314949035645e-01 6.776006817817687988e-01 9.627268910408020020e-01 6.212964057922363281e-01 4.816700220108032227e-01 5.981169342994689941e-01 3.791682720184326172e-01 0.000000000000000000e+00 0.000000000000000000e+00 0.000000000000000000e+00
2.754935324192047119e-01 7.444953918457031250e-02 3.001912236213684082e-01 4.444552063941955566e-01 1.898456215858459473e-01 7.842643857002258301e-01 8.169627189636230469e-02 8.001316189765930176e-01 6.169748902320861816e-01 0.000000000000000000e+00 0.000000000000000000e+00 0.000000000000000000e+00
9.928473830223083496e-01 2.371314167976379395e-01 7.061873674392700195e-01 8.077321052551269531e-01 6.590536236763000488e-01 5.729895830154418945e-02 8.821570873260498047e-01 9.298460483551025391e-01 5.539906620979309082e-01 0.000000000000000000e+00 0.000000000000000000e+00 0.000000000000000000e+00
8.842157721519470215e-01 6.841812133789062500e-01 8.945935964584350586e-01 7.223790884017944336e-01 7.908232212066650391e-01 3.143351078033447266e-01 3.530733585357666016e-01 2.755132913589477539e-01 2.782881259918212891e-02 0.000000000000000000e+00 0.000000000000000000e+00 0.000000000000000000e+00
6.842719912528991699e-01 2.935432791709899902e-01 6.210170984268188477e-01 4.178832769393920898e-01 2.364342808723449707e-01 4.839252829551696777e-01 6.763731241226196289e-01 9.746043682098388672e-01 5.394605398178100586e-01 0.000000000000000000e+00 0.000000000000000000e+00 0.000000000000000000e+00
4.071182608604431152e-01 9.629600644111633301e-01 3.415352106094360352e-02 2.589500546455383301e-01 6.787862777709960938e-01 6.873220801353454590e-01 6.919215917587280273e-01 5.421561002731323242e-02 5.091863870620727539e-02 0.000000000000000000e+00 0.000000000000000000e+00 0.000000000000000000e+00
9.865343570709228516e-01 2.244098186492919922e-01 2.999860644340515137e-01 9.576441049575805664e-01 3.819859623908996582e-01 5.191152691841125488e-01 4.403768181800842285e-01 8.296927809715270996e-01 7.770073413848876953e-01 0.000000000000000000e+00 0.000000000000000000e+00 0.000000000000000000e+00
5.895816087722778320e-01 5.935526490211486816e-01 6.801620125770568848e-01 4.853770136833190918e-01 8.862205147743225098e-01 5.013340711593627930e-01 8.396922945976257324e-01 9.565838575363159180e-01 1.141746640205383301e-01 0.000000000000000000e+00 0.000000000000000000e+00 0.000000000000000000e+00
9.536725878715515137e-01 1.840782761573791504e-01 2.962349653244018555e-01 8.610430955886840820e-01 5.171890258789062500e-01 8.456882238388061523e-01 3.721337914466857910e-01 5.825666785240173340e-01 3.511843681335449219e-01 0.000000000000000000e+00 0.000000000000000000e+00 0.000000000000000000e+00
8.899384737014770508e-01 4.126006364822387695e-02 7.431211471557617188e-01 4.184371829032897949e-01 8.300489187240600586e-01 8.921817541122436523e-01 3.451313376426696777e-01 4.003524780273437500e-02 3.615269064903259277e-01 0.000000000000000000e+00 0.000000000000000000e+00 0.000000000000000000e+00
6.040466427803039551e-01 9.037579298019409180e-01 8.697609305381774902e-01 4.730077385902404785e-01 9.732724428176879883e-01 6.764011383056640625e-01 9.158236980438232422e-01 8.895118832588195801e-01 1.481859683990478516e-01 1.000000000000000000e+00 0.000000000000000000e+00 0.000000000000000000e+00
9.708424806594848633e-01 2.836047410964965820e-01 9.365541338920593262e-01 5.979999303817749023e-01 5.641309618949890137e-01 3.035060763359069824e-01 2.985746860504150391e-01 8.562362194061279297e-01 1.979354023933410645e-01 0.000000000000000000e+00 0.000000000000000000e+00 0.000000000000000000e+00
6.739497184753417969e-01 2.511947751045227051e-01 4.625847339630126953e-01 3.233477473258972168e-01 9.998190999031066895e-01 6.571196913719177246e-01 6.288766860961914062e-02 9.804207086563110352e-01 7.000604271888732910e-01 1.000000000000000000e+00 0.000000000000000000e+00 0.000000000000000000e+00
7.068568468093872070e-01 7.272683382034301758e-01 4.397968649864196777e-01 5.384306907653808594e-01 5.136035084724426270e-01 9.865947365760803223e-01 7.175452113151550293e-01 6.503927707672119141e-02 2.162932753562927246e-01 1.000000000000000000e+00 0.000000000000000000e+00 0.000000000000000000e+00
4.439160227775573730e-01 8.459908962249755859e-01 8.255124092102050781e-01 1.955002546310424805e-01 3.158470988273620605e-01 4.285855889320373535e-01 7.790191769599914551e-01 3.401070833206176758e-01 7.403415441513061523e-02 1.000000000000000000e+00 0.000000000000000000e+00 0.000000000000000000e+00
9.966741800308227539e-01 6.153034567832946777e-01 2.022112011909484863e-01 9.873177409172058105e-01 6.942937970161437988e-01 7.389664649963378906e-03 6.271167993545532227e-01 6.347444653511047363e-01 6.540937423706054688e-01 0.000000000000000000e+00 0.000000000000000000e+00 0.000000000000000000e+00
5.213751196861267090e-01 6.054722070693969727e-01 5.154570937156677246e-01 5.079647302627563477e-01 8.056213855743408203e-01 6.658135652542114258e-01 1.254895329475402832e-01 5.929777622222900391e-01 6.778255701065063477e-01 1.000000000000000000e+00 0.000000000000000000e+00 0.000000000000000000e+00
6.610916852951049805e-01 7.859143018722534180e-01 1.354536414146423340e-01 3.973999619483947754e-01 9.934774041175842285e-01 7.288768291473388672e-01 4.736456871032714844e-01 1.840915083885192871e-01 2.334823608398437500e-01 0.000000000000000000e+00 0.000000000000000000e+00 0.000000000000000000e+00
9.245476722717285156e-01 9.780949354171752930e-02 9.052999019622802734e-01 7.232213020324707031e-01 2.825886011123657227e-02 4.803952574729919434e-01 8.963745832443237305e-01 9.015023112297058105e-01 6.590318679809570312e-02 0.000000000000000000e+00 0.000000000000000000e+00 0.000000000000000000e+00
6.617137193679809570e-01 8.902070522308349609e-01 6.994343400001525879e-01 9.308238625526428223e-01 8.646076917648315430e-02 5.838894844055175781e-02 6.308079361915588379e-01 4.059839248657226562e-02 6.549115180969238281e-01 0.000000000000000000e+00 0.000000000000000000e+00 0.000000000000000000e+00
9.430134296417236328e-01 1.966236233711242676e-01 4.828203916549682617e-01 8.882405757904052734e-01 5.488444566726684570e-01 8.039001822471618652e-01 1.163059473037719727e-02 8.618795871734619141e-01 2.433422803878784180e-01 0.000000000000000000e+00 0.000000000000000000e+00 0.000000000000000000e+00
9.453635811805725098e-01 4.017554521560668945e-01 2.652403712272644043e-01 6.482087373733520508e-01 6.789193153381347656e-01 1.297974586486816406e-02 2.588824033737182617e-01 5.774729251861572266e-01 5.834310054779052734e-01 0.000000000000000000e+00 0.000000000000000000e+00 0.000000000000000000e+00
9.310736060142517090e-01 3.360925316810607910e-01 6.579815745353698730e-01 6.582527756690979004e-01 6.414464712142944336e-01 1.303986907005310059e-01 9.379385113716125488e-01 5.979470610618591309e-01 7.011928558349609375e-01 1.000000000000000000e+00 0.000000000000000000e+00 0.000000000000000000e+00
2.123335748910903931e-01 8.227431774139404297e-01 4.012519121170043945e-02 3.498369455337524414e-01 1.130802631378173828e-01 1.425696611404418945e-01 7.986577749252319336e-01 2.282578945159912109e-01 4.991462230682373047e-01 0.000000000000000000e+00 0.000000000000000000e+00 0.000000000000000000e+00
9.208834171295166016e-01 3.102795481681823730e-01 1.035799384117126465e-01 7.194873690605163574e-01 7.602071166038513184e-01 7.518988251686096191e-01 5.048466920852661133e-01 2.347637414932250977e-01 2.548586726188659668e-01 1.000000000000000000e+00 1.000000000000000000e+00 1.000000000000000000e+00
9.797968268394470215e-01 1.122251749038696289e-01 8.015069365501403809e-01 6.523011922836303711e-01 3.182047605514526367e-01 5.577188730239868164e-02 1.585451364517211914e-01 9.597542285919189453e-01 7.345709204673767090e-01 0.000000000000000000e+00 0.000000000000000000e+00 0.000000000000000000e+00
6.327401399612426758e-01 8.366832733154296875e-01 3.668491840362548828e-01 5.183293819427490234e-01 2.700714468955993652e-01 6.802402138710021973e-01 3.556327819824218750e-01 7.885436415672302246e-01 9.148865938186645508e-01 0.000000000000000000e+00 0.000000000000000000e+00 0.000000000000000000e+00
4.059867560863494873e-01 8.818734288215637207e-01 2.759517431259155273e-01 4.236580133438110352e-01 4.111437797546386719e-01 2.199020981788635254e-01 3.135650157928466797e-01 6.664882302284240723e-01 1.526618599891662598e-01 1.000000000000000000e+00 0.000000000000000000e+00 0.000000000000000000e+00
5.188497304916381836e-01 6.911531090736389160e-01 1.824466586112976074e-01 4.678660631179809570e-01 2.797800898551940918e-01 1.979649066925048828e-02 8.513689041137695312e-01 7.086766958236694336e-01 4.801433086395263672e-01 1.000000000000000000e+00 0.000000000000000000e+00 0.000000000000000000e+00
9.624954462051391602e-01 1.559094190597534180e-01 5.746519565582275391e-01 8.237003684043884277e-01 6.546334028244018555e-01 7.164943218231201172e-01 4.745405912399291992e-01 1.112925410270690918e-01 7.912367582321166992e-02 0.000000000000000000e+00 1.000000000000000000e+00 0.000000000000000000e+00
8.322894573211669922e-01 6.861570477485656738e-01 4.024839401245117188e-01 9.723704457283020020e-01 2.272457480430603027e-01 5.314691662788391113e-01 6.189563274383544922e-01 6.984776258468627930e-01 4.526892304420471191e-01 0.000000000000000000e+00 0.000000000000000000e+00 0.000000000000000000e+00
8.220706582069396973e-01 6.379055976867675781e-01 8.670967221260070801e-01 8.507074117660522461e-01 5.056317448616027832e-01 2.331704497337341309e-01 9.716653227806091309e-01 8.781026601791381836e-01 1.402592062950134277e-01 0.000000000000000000e+00 0.000000000000000000e+00 0.000000000000000000e+00
9.513255357742309570e-01 5.612300634384155273e-01 8.754171729087829590e-01 9.100666046142578125e-01 6.584372520446777344e-01 3.472365736961364746e-01 9.538834691047668457e-01 4.588842988014221191e-01 6.261361837387084961e-01 0.000000000000000000e+00 0.000000000000000000e+00 0.000000000000000000e+00
8.762722015380859375e-01 9.366813898086547852e-01 4.860051274299621582e-01 7.605619430541992188e-01 7.034623622894287109e-01 6.590515375137329102e-02 4.291117787361145020e-01 3.959142565727233887e-01 7.588062882423400879e-01 0.000000000000000000e+00 0.000000000000000000e+00 0.000000000000000000e+00
5.227810144424438477e-01 2.698878645896911621e-01 7.422633171081542969e-01 1.894583106040954590e-01 3.791668415069580078e-01 7.092810273170471191e-01 3.949257731437683105e-01 6.800293922424316406e-04 9.575485587120056152e-01 0.000000000000000000e+00 0.000000000000000000e+00 0.000000000000000000e+00
9.974386692047119141e-01 2.164575457572937012e-01 2.820631861686706543e-01 9.344596266746520996e-01 9.058890938758850098e-01 5.097970962524414062e-01 9.266877174377441406e-02 5.131161212921142578e-02 9.535732865333557129e-01 0.000000000000000000e+00 1.000000000000000000e+00 0.000000000000000000e+00
2.924394607543945312e-01 2.129337191581726074e-01 3.286690711975097656e-01 2.426325082778930664e-01 5.540921092033386230e-01 5.500789284706115723e-01 3.035593032836914062e-01 3.710401058197021484e-01 8.143666386604309082e-01 0.000000000000000000e+00 1.000000000000000000e+00 0.000000000000000000e+00
9.158636927604675293e-01 2.504266500473022461e-01 9.571461081504821777e-01 1.352106928825378418e-01 8.502425551414489746e-01 8.500021696090698242e-01 9.780352711677551270e-01 2.982378602027893066e-01 2.220848798751831055e-01 0.000000000000000000e+00 0.000000000000000000e+00 0.000000000000000000e+00
9.265033006668090820e-01 2.564929127693176270e-01 8.205558061599731445e-01 7.134900093078613281e-01 3.531777858734130859e-01 5.941457152366638184e-01 7.688938379287719727e-01 6.169410943984985352e-01 6.242868900299072266e-01 0.000000000000000000e+00 0.000000000000000000e+00 0.000000000000000000e+00
2.069092243909835815e-01 8.021313548088073730e-01 2.366189956665039062e-01 7.297282218933105469e-01 6.527483463287353516e-02 8.042613267898559570e-01 7.850393652915954590e-01 6.611589789390563965e-01 5.204778909683227539e-02 0.000000000000000000e+00 0.000000000000000000e+00 0.000000000000000000e+00
8.894116878509521484e-01 9.216107726097106934e-01 5.866749286651611328e-01 5.923351645469665527e-01 9.998025298118591309e-01 8.414698243141174316e-01 4.523105621337890625e-01 6.868392229080200195e-01 9.573310613632202148e-02 0.000000000000000000e+00 0.000000000000000000e+00 0.000000000000000000e+00
9.008392691612243652e-01 7.289886474609375000e-01 7.440564632415771484e-01 7.164955735206604004e-01 9.652058482170104980e-01 3.089206814765930176e-01 7.944384217262268066e-01 8.039606809616088867e-01 8.659071922302246094e-01 0.000000000000000000e+00 0.000000000000000000e+00 0.000000000000000000e+00
8.377046585083007812e-01 7.094848155975341797e-02 5.328444242477416992e-01 2.086334228515625000e-01 4.834210872650146484e-01 1.405307054519653320e-01 1.239230036735534668e-01 3.106698393821716309e-01 8.732134103775024414e-01 0.000000000000000000e+00 0.000000000000000000e+00 0.000000000000000000e+00
4.760407805442810059e-01 6.398091912269592285e-01 9.077697396278381348e-01 3.993431329727172852e-01 6.622427701950073242e-02 1.213807463645935059e-01 6.983539462089538574e-01 5.093598365783691406e-01 8.452962040901184082e-01 1.000000000000000000e+00 0.000000000000000000e+00 0.000000000000000000e+00
6.454238891601562500e-01 9.105550050735473633e-01 1.147764921188354492e-02 3.814581036567687988e-01 8.165529370307922363e-01 9.253131747245788574e-01 2.631909847259521484e-01 1.748658418655395508e-01 8.124671578407287598e-01 0.000000000000000000e+00 0.000000000000000000e+00 0.000000000000000000e+00
5.671179294586181641e-01 1.420285105705261230e-01 1.119427084922790527e-01 2.090680599212646484e-01 8.516526222229003906e-01 7.326595187187194824e-01 1.137370467185974121e-01 5.985466837882995605e-01 3.030857443809509277e-01 0.000000000000000000e+00 1.000000000000000000e+00 0.000000000000000000e+00
9.160839319229125977e-01 6.766421198844909668e-01 6.126835942268371582e-01 5.308123826980590820e-01 8.050644993782043457e-01 2.419664859771728516e-01 5.577669143676757812e-01 6.449810862541198730e-01 2.969958782196044922e-01 0.000000000000000000e+00 0.000000000000000000e+00 0.000000000000000000e+00
9.250759482383728027e-01 7.483447790145874023e-01 7.069718241691589355e-01 6.345176100730895996e-01 6.129429936408996582e-01 2.619588375091552734e-02 1.068138480186462402e-01 6.980310678482055664e-01 9.029390811920166016e-01 0.000000000000000000e+00 0.000000000000000000e+00 0.000000000000000000e+00
8.967350721359252930e-01 5.229772329330444336e-01 2.562198638916015625e-01 7.625039219856262207e-01 7.774563431739807129e-01 4.983021020889282227e-01 4.245408773422241211e-01 6.572140455245971680e-01 8.863899707794189453e-01 1.000000000000000000e+00 0.000000000000000000e+00 0.000000000000000000e+00
9.995840191841125488e-01 1.193553209304809570e-02 8.520632386207580566e-01 9.674229621887207031e-01 8.697949051856994629e-01 2.890247106552124023e-02 3.184992074966430664e-01 9.390835165977478027e-01 8.604679703712463379e-01 0.000000000000000000e+00 0.000000000000000000e+00 0.000000000000000000e+00
7.386446595191955566e-01 1.329119205474853516e-01 2.429461479187011719e-02 5.997897982597351074e-01 1.437334418296813965e-01 6.618267297744750977e-02 1.351701617240905762e-01 2.036803364753723145e-01 4.204627871513366699e-01 0.000000000000000000e+00 0.000000000000000000e+00 0.000000000000000000e+00
7.420201897621154785e-01 7.456810474395751953e-01 4.613173007965087891e-01 3.642231225967407227e-01 6.832773685455322266e-01 7.811832427978515625e-02 1.188990473747253418e-01 2.983368635177612305e-01 7.570060491561889648e-01 1.000000000000000000e+00 0.000000000000000000e+00 0.000000000000000000e+00
9.582305550575256348e-01 2.344563603401184082e-01 6.070308685302734375e-01 6.986130475997924805e-01 9.753143191337585449e-01 9.250349998474121094e-01 1.174417138099670410e-01 3.974752426147460938e-01 5.497580170631408691e-01 0.000000000000000000e+00 0.000000000000000000e+00 0.000000000000000000e+00
7.201073169708251953e-01 4.499759674072265625e-01 9.326621890068054199e-01 6.692261099815368652e-01 8.595895767211914062e-02 8.304474353790283203e-01 7.238647937774658203e-01 9.257546663284301758e-01 8.215329051017761230e-01 0.000000000000000000e+00 0.000000000000000000e+00 0.000000000000000000e+00
5.897386074066162109e-01 9.088414311408996582e-01 3.878301382064819336e-02 5.751118063926696777e-01 3.164581060409545898e-01 3.881669044494628906e-02 6.601756811141967773e-02 1.030961275100708008e-01 8.598485589027404785e-01 1.000000000000000000e+00 0.000000000000000000e+00 0.000000000000000000e+00
5.619648098945617676e-01 5.739214420318603516e-01 9.238544106483459473e-01 4.301365017890930176e-01 1.171705126762390137e-01 3.004189729690551758e-01 8.816117644309997559e-01 3.812295198440551758e-02 5.702024698257446289e-01 0.000000000000000000e+00 1.000000000000000000e+00 0.000000000000000000e+00
8.404992818832397461e-01 1.421970725059509277e-01 8.814457654953002930e-01 5.325529575347900391e-01 2.827847599983215332e-01 9.133836627006530762e-01 4.533446431159973145e-01 2.557510137557983398e-01 5.056102871894836426e-01 0.000000000000000000e+00 0.000000000000000000e+00 0.000000000000000000e+00
8.459631800651550293e-01 8.460369110107421875e-01 2.595826387405395508e-01 9.972875714302062988e-01 3.990937471389770508e-01 7.911823391914367676e-01 6.676203608512878418e-01 1.475225687026977539e-01 1.935780048370361328e-01 0.000000000000000000e+00 0.000000000000000000e+00 0.000000000000000000e+00
4.351122677326202393e-01 5.335562229156494141e-01 9.984166622161865234e-01 3.492005467414855957e-01 2.641798257827758789e-01 5.849249362945556641e-01 5.550799369812011719e-01 3.837411999702453613e-01 7.732949852943420410e-01 0.000000000000000000e+00 0.000000000000000000e+00 0.000000000000000000e+00
5.085356831550598145e-01 7.541360259056091309e-01 3.719683289527893066e-01 4.094535112380981445e-01 5.261099338531494141e-01 2.501198053359985352e-01 8.623039126396179199e-01 1.276602745056152344e-01 3.927745223045349121e-01 1.000000000000000000e+00 0.000000000000000000e+00 0.000000000000000000e+00
2.678230591118335724e-02 2.902366518974304199e-01 2.417589426040649414e-01 1.206052899360656738e-01 1.644700765609741211e-01 5.917466282844543457e-01 5.527002215385437012e-01 1.628705859184265137e-01 6.504389643669128418e-01 1.000000000000000000e+00 1.000000000000000000e+00 1.000000000000000000e+00
7.596641182899475098e-01 9.821628332138061523e-01 5.948057770729064941e-01 5.545734763145446777e-01 6.480056047439575195e-01 8.827925920486450195e-01 3.313416242599487305e-01 4.026502370834350586e-02 6.945589184761047363e-01 0.000000000000000000e+00 0.000000000000000000e+00 0.000000000000000000e+00
5.651158690452575684e-01 9.941259026527404785e-01 3.182371854782104492e-01 9.016953110694885254e-01 2.066097259521484375e-01 7.516531944274902344e-01 3.615011572837829590e-01 5.025478005409240723e-01 2.857053875923156738e-01 1.000000000000000000e+00 0.000000000000000000e+00 0.000000000000000000e+00
1.426263600587844849e-01 1.615898609161376953e-01 1.879089474678039551e-01 3.751099109649658203e-02 8.415479660034179688e-01 6.971548795700073242e-01 4.579548835754394531e-01 4.912842512130737305e-01 6.262382864952087402e-01 1.000000000000000000e+00 0.000000000000000000e+00 0.000000000000000000e+00
2.978247106075286865e-01 8.795539140701293945e-01 4.989526867866516113e-01 5.143880844116210938e-03 4.913979172706604004e-01 4.185648560523986816e-01 8.959334492683410645e-01 4.231038689613342285e-01 3.264270424842834473e-01 0.000000000000000000e+00 0.000000000000000000e+00 0.000000000000000000e+00
7.442936301231384277e-01 2.902766466140747070e-01 6.557571887969970703e-01 3.906932473182678223e-01 2.386640310287475586e-01 3.800642490386962891e-01 7.543147206306457520e-01 9.812176227569580078e-01 4.972636699676513672e-01 0.000000000000000000e+00 0.000000000000000000e+00 0.000000000000000000e+00
7.487013339996337891e-01 8.038705587387084961e-01 8.735933899879455566e-01 3.211299180984497070e-01 8.046677708625793457e-01 5.247523188591003418e-01 6.931995153427124023e-01 7.907419204711914062e-01 2.120105028152465820e-01 0.000000000000000000e+00 0.000000000000000000e+00 0.000000000000000000e+00
4.941407144069671631e-01 7.862439155578613281e-01 7.841143012046813965e-01 2.288379073143005371e-01 5.076179504394531250e-01 9.817528128623962402e-01 5.239595770835876465e-01 6.194333434104919434e-01 8.036739230155944824e-01 1.000000000000000000e+00 0.000000000000000000e+00 0.000000000000000000e+00
2.035667151212692261e-01 2.588906884193420410e-01 1.884979605674743652e-01 2.824386358261108398e-01 5.927348136901855469e-02 8.250873088836669922e-01 6.519341468811035156e-02 8.201515674591064453e-01 5.719028115272521973e-01 0.000000000000000000e+00 0.000000000000000000e+00 0.000000000000000000e+00
1.956100910902023315e-01 7.083755135536193848e-01 1.691114306449890137e-01 3.772336244583129883e-02 1.202155947685241699e-01 4.257726073265075684e-01 6.781247258186340332e-01 3.811395764350891113e-01 7.607473134994506836e-01 1.000000000000000000e+00 0.000000000000000000e+00 0.000000000000000000e+00
4.268342256546020508e-01 9.133852720260620117e-01 1.320861577987670898e-01 6.701389551162719727e-01 2.521531581878662109e-01 3.507872819900512695e-01 2.731305360794067383e-01 3.516620993614196777e-01 1.062926054000854492e-01 0.000000000000000000e+00 0.000000000000000000e+00 0.000000000000000000e+00
9.763923883438110352e-01 6.435421109199523926e-01 7.444875836372375488e-01 7.999169230461120605e-01 9.897403120994567871e-01 5.183296799659729004e-01 1.733868122100830078e-01 3.140947222709655762e-01 4.619382023811340332e-01 0.000000000000000000e+00 0.000000000000000000e+00 0.000000000000000000e+00
7.510858178138732910e-01 6.503589749336242676e-01 7.110832929611206055e-01 4.319467544555664062e-01 7.077482938766479492e-01 8.548572063446044922e-01 3.058655858039855957e-01 2.278237342834472656e-01 5.000183582305908203e-01 0.000000000000000000e+00 0.000000000000000000e+00 0.000000000000000000e+00
5.714153647422790527e-01 3.318887352943420410e-01 4.983317852020263672e-01 7.075062394142150879e-01 1.411348581314086914e-02 5.489005446434020996e-01 9.697861671447753906e-01 3.992551565170288086e-01 1.694673299789428711e-01 0.000000000000000000e+00 0.000000000000000000e+00 0.000000000000000000e+00
9.860355854034423828e-01 3.751638531684875488e-01 7.698571681976318359e-01 9.738177657127380371e-01 4.911113977432250977e-01 4.755220413208007812e-01 7.073439955711364746e-01 1.815651655197143555e-01 2.310563325881958008e-01 0.000000000000000000e+00 1.000000000000000000e+00 0.000000000000000000e+00
4.310310781002044678e-01 9.828661084175109863e-01 6.957142949104309082e-01 3.832799196243286133e-02 9.518917798995971680e-01 1.853789091110229492e-01 1.280398368835449219e-01 6.969673633575439453e-01 5.068405866622924805e-01 1.000000000000000000e+00 0.000000000000000000e+00 0.000000000000000000e+00
6.342225074768066406e-01 3.648254871368408203e-01 5.380555987358093262e-01 9.790045022964477539e-02 4.981343746185302734e-01 1.292949914932250977e-02 2.712184786796569824e-01 4.259076118469238281e-01 6.206718087196350098e-01 1.000000000000000000e+00 1.000000000000000000e+00 1.000000000000000000e+00
8.537564873695373535e-01 1.469087600708007812e-01 1.601663827896118164e-01 7.475133538246154785e-01 8.511185646057128906e-03 4.982216954231262207e-01 8.958604335784912109e-01 8.998430967330932617e-01 4.439247250556945801e-01 0.000000000000000000e+00 0.000000000000000000e+00 0.000000000000000000e+00
1.139686033129692078e-01 9.051468372344970703e-01 7.308441400527954102e-02 1.355165243148803711e-02 7.667124271392822266e-03 5.621039867401123047e-02 6.530101895332336426e-01 1.972812414169311523e-01 3.195377588272094727e-01 1.000000000000000000e+00 1.000000000000000000e+00 1.000000000000000000e+00
8.305901288986206055e-01 7.139939665794372559e-01 9.544084072113037109e-01 4.564819335937500000e-01 4.827062487602233887e-01 1.809555888175964355e-01 5.248370170593261719e-01 6.007969379425048828e-02 9.766944646835327148e-01 0.000000000000000000e+00 0.000000000000000000e+00 0.000000000000000000e+00
4.247616827487945557e-01 5.135172605514526367e-01 5.811100602149963379e-01 2.457351684570312500e-01 4.570431709289550781e-01 1.095069050788879395e-01 9.227428436279296875e-01 3.965452909469604492e-01 2.234013676643371582e-01 1.000000000000000000e+00 0.000000000000000000e+00 0.000000000000000000e+00
7.963869571685791016e-01 6.689816713333129883e-01 4.811545014381408691e-01 8.683227896690368652e-01 1.678444743156433105e-01 2.971202135086059570e-02 3.719335198402404785e-01 1.420723795890808105e-01 9.196897149085998535e-01 0.000000000000000000e+00 0.000000000000000000e+00 0.000000000000000000e+00
9.442487955093383789e-01 9.873856306076049805e-01 5.639159083366394043e-01 8.344410061836242676e-01 7.852070927619934082e-01 1.050585508346557617e-02 1.380378603935241699e-01 2.341553568840026855e-01 7.283151149749755859e-03 0.000000000000000000e+00 0.000000000000000000e+00 0.000000000000000000e+00
3.029714524745941162e-01 2.280623912811279297e-01 5.218283534049987793e-01 2.202733755111694336e-01 5.704224109649658203e-03 5.713564753532409668e-01 8.117259740829467773e-01 6.890791654586791992e-01 1.359940767288208008e-01 1.000000000000000000e+00 1.000000000000000000e+00 1.000000000000000000e+00
9.781027436256408691e-01 5.785242915153503418e-01 3.183386921882629395e-01 7.947958707809448242e-01 9.972172379493713379e-01 2.395930290222167969e-01 2.232503890991210938e-02 7.008341550827026367e-01 1.334555745124816895e-01 0.000000000000000000e+00 1.000000000000000000e+00 0.000000000000000000e+00
3.173313438892364502e-01 4.463459849357604980e-01 7.566308975219726562e-02 1.632511615753173828e-01 3.928203582763671875e-01 7.026505470275878906e-02 3.022888302803039551e-01 4.306598305702209473e-01 2.921676039695739746e-01 0.000000000000000000e+00 1.000000000000000000e+00 0.000000000000000000e+00
1.853083521127700806e-01 1.095870137214660645e-01 2.288467288017272949e-01 7.047826051712036133e-02 8.082883358001708984e-01 1.042870283126831055e-01 2.678406238555908203e-02 7.979791164398193359e-01 4.400732517242431641e-01 1.000000000000000000e+00 0.000000000000000000e+00 0.000000000000000000e+00
3.801154494285583496e-01 5.290502309799194336e-01 6.370388269424438477e-01 2.950616478919982910e-01 1.908250451087951660e-01 5.002188682556152344e-02 9.073054194450378418e-01 2.590879797935485840e-01 4.940097928047180176e-01 1.000000000000000000e+00 0.000000000000000000e+00 0.000000000000000000e+00
9.997321963310241699e-01 1.327573060989379883e-01 9.583998918533325195e-01 9.711154103279113770e-01 8.273046016693115234e-01 7.185816764831542969e-03 7.048195600509643555e-02 6.821535229682922363e-01 9.793674349784851074e-01 0.000000000000000000e+00 0.000000000000000000e+00 0.000000000000000000e+00
5.924302339553833008e-01 7.974570393562316895e-01 6.776403784751892090e-01 3.772122263908386230e-01 2.916573882102966309e-01 2.963582873344421387e-01 5.095889568328857422e-01 9.132180809974670410e-01 3.969614505767822266e-01 1.000000000000000000e+00 0.000000000000000000e+00 0.000000000000000000e+00
4.249435365200042725e-01 7.918658256530761719e-01 8.694880604743957520e-01 3.561751842498779297e-01 2.046431303024291992e-01 8.053988218307495117e-01 4.636219143867492676e-01 7.264423966407775879e-01 7.775104045867919922e-02 1.000000000000000000e+00 0.000000000000000000e+00 0.000000000000000000e+00
5.921332240104675293e-01 3.491690158843994141e-01 1.091651916503906250e-01 4.869590997695922852e-01 6.570749878883361816e-01 3.978605866432189941e-01 6.831296682357788086e-01 5.971890091896057129e-01 2.366093993186950684e-01 1.000000000000000000e+00 0.000000000000000000e+00 0.000000000000000000e+00
7.801477313041687012e-01 4.245291948318481445e-01 8.364343643188476562e-02 7.257804870605468750e-01 4.311883449554443359e-02 1.892380118370056152e-01 5.569738745689392090e-01 2.368591427803039551e-01 4.133951067924499512e-01 1.000000000000000000e+00 1.000000000000000000e+00 1.000000000000000000e+00
5.519743561744689941e-01 9.563477635383605957e-01 2.476819157600402832e-01 4.919462800025939941e-01 6.010413169860839844e-01 4.671287536621093750e-01 5.695546269416809082e-01 9.685343503952026367e-02 4.861212968826293945e-01 0.000000000000000000e+00 0.000000000000000000e+00 0.000000000000000000e+00
8.083974719047546387e-01 6.362812519073486328e-01 5.978028774261474609e-01 9.351726770401000977e-01 4.699174165725708008e-01 6.540270447731018066e-01 2.895568609237670898e-01 8.622018694877624512e-01 6.073045730590820312e-02 0.000000000000000000e+00 0.000000000000000000e+00 0.000000000000000000e+00
2.572267651557922363e-01 9.198124408721923828e-01 5.476360917091369629e-01 4.320841431617736816e-01 8.914601802825927734e-02 7.879475355148315430e-01 3.764308094978332520e-01 7.758108973503112793e-01 2.589643001556396484e-02 0.000000000000000000e+00 0.000000000000000000e+00 0.000000000000000000e+00
4.981006085872650146e-01 7.928624153137207031e-01 9.622672200202941895e-01 1.550459861755371094e-01 6.646419167518615723e-01 4.420449137687683105e-01 2.127830982208251953e-01 8.014098405838012695e-01 1.710949540138244629e-01 1.000000000000000000e+00 1.000000000000000000e+00 1.000000000000000000e+00
4.530080854892730713e-01 1.764736175537109375e-01 2.943691611289978027e-01 2.226169109344482422e-01 7.742744088172912598e-01 8.796268701553344727e-02 4.770243167877197266e-01 6.521324515342712402e-01 7.738943696022033691e-01 1.000000000000000000e+00 0.000000000000000000e+00 0.000000000000000000e+00
7.592867612838745117e-01 2.884382009506225586e-01 6.421609520912170410e-01 6.344020366668701172e-02 9.522662162780761719e-01 9.110485911369323730e-01 8.559487462043762207e-01 3.766039013862609863e-01 4.045870304107666016e-01 0.000000000000000000e+00 0.000000000000000000e+00 0.000000000000000000e+00
8.105071783065795898e-01 8.195329308509826660e-01 6.990709304809570312e-01 6.820691823959350586e-01 8.069095015525817871e-01 9.473262429237365723e-01 5.462328195571899414e-01 1.459639668464660645e-01 9.902292490005493164e-02 0.000000000000000000e+00 0.000000000000000000e+00 0.000000000000000000e+00
9.888019561767578125e-01 8.622813224792480469e-02 3.864254355430603027e-01 6.989609003067016602e-01 7.478336095809936523e-01 3.377618789672851562e-01 8.489797115325927734e-01 9.391509890556335449e-01 9.370387196540832520e-01 0.000000000000000000e+00 0.000000000000000000e+00 0.000000000000000000e+00
1.633899062871932983e-01 7.088168263435363770e-01 1.963257193565368652e-01 5.946580171585083008e-01 2.870237827301025391e-02 7.368559241294860840e-01 7.133781313896179199e-01 6.260523796081542969e-01 4.406841397285461426e-01 1.000000000000000000e+00 1.000000000000000000e+00 1.000000000000000000e+00
2.607297599315643311e-01 7.459185719490051270e-01 3.821418881416320801e-01 1.041076183319091797e-01 1.449483036994934082e-01 4.828100800514221191e-01 6.992801427841186523e-01 7.320922017097473145e-01 6.431536078453063965e-01 1.000000000000000000e+00 0.000000000000000000e+00 0.000000000000000000e+00
3.644749224185943604e-01 5.937729477882385254e-01 1.399412155151367188e-01 2.600612044334411621e-01 3.452869057655334473e-01 3.071891069412231445e-01 6.188410520553588867e-01 1.575026512145996094e-01 3.616102337837219238e-01 1.000000000000000000e+00 1.000000000000000000e+00 1.000000000000000000e+00
9.655246138572692871e-01 3.735048770904541016e-01 1.904295086860656738e-01 6.976025104522705078e-01 8.741348385810852051e-01 1.693874001502990723e-01 7.382553815841674805e-02 9.828570485115051270e-01 8.106820583343505859e-01 1.000000000000000000e+00 0.000000000000000000e+00 0.000000000000000000e+00
