7.174694538116455078e-01 6.079847216606140137e-01 1.032798886299133301e-01 4.557576179504394531e-01 8.429378271102905273e-01 4.017515778541564941e-01 1.127324104309082031e-01 9.393836259841918945e-01 1.922142505645751953e-01 0.000000000000000000e+00 0.000000000000000000e+00 0.000000000000000000e+00
9.176227450370788574e-01 6.506618261337280273e-01 2.927510738372802734e-01 9.818515181541442871e-01 3.264985084533691406e-01 8.112832903861999512e-01 1.282917857170104980e-01 7.580232620239257812e-01 5.145998597145080566e-01 0.000000000000000000e+00 0.000000000000000000e+00 0.000000000000000000e+00
4.030700325965881348e-01 7.887871265411376953e-01 1.788948178291320801e-01 4.320073127746582031e-02 2.079467177391052246e-01 4.812405705451965332e-01 9.919754862785339355e-01 3.555907011032104492e-01 6.545765399932861328e-01 0.000000000000000000e+00 1.000000000000000000e+00 0.000000000000000000e+00
2.640857994556427002e-01 8.555387854576110840e-01 5.062013268470764160e-01 1.935887932777404785e-01 3.388219475746154785e-01 5.352212786674499512e-01 7.321506738662719727e-02 9.000291824340820312e-01 8.305771350860595703e-01 1.000000000000000000e+00 0.000000000000000000e+00 0.000000000000000000e+00
3.758328855037689209e-01 6.654866933822631836e-01 4.435840845108032227e-01 6.616464853286743164e-01 1.711154580116271973e-01 3.608954548835754395e-01 5.556319355964660645e-01 7.032269835472106934e-01 7.857738137245178223e-01 1.000000000000000000e+00 0.000000000000000000e+00 0.000000000000000000e+00
2.985748648643493652e-01 6.536132097244262695e-01 6.965429782867431641e-01 3.963006138801574707e-01 2.575090527534484863e-01 8.712010979652404785e-01 1.871830224990844727e-01 6.835947036743164062e-01 7.996009588241577148e-01 0.000000000000000000e+00 0.000000000000000000e+00 0.000000000000000000e+00
8.467828035354614258e-01 8.410421013832092285e-01 8.312240242958068848e-01 5.522469282150268555e-01 8.083298206329345703e-01 6.349041461944580078e-01 3.360784649848937988e-01 3.752387762069702148e-01 9.436454772949218750e-01 0.000000000000000000e+00 0.000000000000000000e+00 0.000000000000000000e+00
4.952947497367858887e-01 6.867774128913879395e-01 8.504965901374816895e-01 2.470401525497436523e-01 1.958101987838745117e-01 1.213856935501098633e-01 9.944853186607360840e-01 7.928863167762756348e-01 9.929734468460083008e-02 0.000000000000000000e+00 1.000000000000000000e+00 0.000000000000000000e+00
9.206151962280273438e-01 4.629962444305419922e-01 2.911524176597595215e-01 7.605335116386413574e-01 9.872016906738281250e-01 9.498241543769836426e-01 1.017300486564636230e-01 2.509588003158569336e-02 6.912270188331604004e-01 1.000000000000000000e+00 1.000000000000000000e+00 1.000000000000000000e+00
3.591600432991981506e-02 6.750154495239257812e-02 1.287829875946044922e-02 8.922940492630004883e-02 3.904940485954284668e-01 3.596241474151611328e-01 7.774839997291564941e-01 1.819963455200195312e-01 1.671457290649414062e-02 0.000000000000000000e+00 0.000000000000000000e+00 0.000000000000000000e+00
7.456631064414978027e-01 2.668696641921997070e-01 7.785143852233886719e-01 3.997732400894165039e-01 8.764952421188354492e-02 9.269875288009643555e-01 2.876423597335815430e-01 2.613902091979980469e-03 5.675054192543029785e-01 1.000000000000000000e+00 0.000000000000000000e+00 0.000000000000000000e+00
1.753327697515487671e-01 3.997209668159484863e-01 3.228288888931274414e-02 8.263468742370605469e-02 6.753206253051757812e-03 5.222202539443969727e-01 5.658417344093322754e-01 8.063388466835021973e-01 7.359723448753356934e-01 0.000000000000000000e+00 1.000000000000000000e+00 0.000000000000000000e+00
6.500071287155151367e-01 8.857165575027465820e-01 2.568701505661010742e-01 5.519607663154602051e-01 7.570482492446899414e-01 1.325167417526245117e-01 5.667805671691894531e-04 7.232803106307983398e-02 2.522628903388977051e-01 1.000000000000000000e+00 0.000000000000000000e+00 0.000000000000000000e+00
8.287880420684814453e-01 5.778016448020935059e-01 7.249519824981689453e-01 9.027993083000183105e-01 4.478693008422851562e-04 7.370017766952514648e-01 8.459784388542175293e-01 7.164413928985595703e-01 5.188703536987304688e-02 1.000000000000000000e+00 0.000000000000000000e+00 0.000000000000000000e+00
9.110848903656005859e-01 8.533464670181274414e-01 5.844545960426330566e-01 9.378399848937988281e-01 8.128437399864196777e-01 1.987535357475280762e-01 6.411135196685791016e-02 4.939804077148437500e-01 6.792527437210083008e-02 0.000000000000000000e+00 0.000000000000000000e+00 0.000000000000000000e+00
9.103430509567260742e-01 5.119068622589111328e-01 9.692401885986328125e-01 9.251515269279479980e-01 8.354257345199584961e-01 7.547485828399658203e-01 5.791464447975158691e-01 4.928601980209350586e-01 9.133564829826354980e-01 1.000000000000000000e+00 0.000000000000000000e+00 0.000000000000000000e+00
7.060399651527404785e-01 9.839466214179992676e-01 5.261371135711669922e-01 8.140759468078613281e-01 6.437409520149230957e-01 3.078034520149230957e-01 9.479568600654602051e-01 2.915400266647338867e-02 2.522902488708496094e-01 0.000000000000000000e+00 0.000000000000000000e+00 0.000000000000000000e+00
8.288245648145675659e-02 3.110896348953247070e-01 3.487920761108398438e-02 2.107620239257812500e-04 1.285878419876098633e-01 4.010445475578308105e-01 4.936358928680419922e-01 5.291944146156311035e-01 8.316230177879333496e-01 1.000000000000000000e+00 0.000000000000000000e+00 0.000000000000000000e+00
7.172473669052124023e-01 8.362520933151245117e-01 3.681054711341857910e-01 6.545460820198059082e-01 1.623186469078063965e-01 2.106949090957641602e-01 7.131218910217285156e-02 2.514039874076843262e-01 8.341593146324157715e-01 0.000000000000000000e+00 0.000000000000000000e+00 0.000000000000000000e+00
7.103746533393859863e-01 6.587448716163635254e-01 2.452951669692993164e-02 6.845187544822692871e-01 5.672351121902465820e-01 2.875989079475402832e-01 7.774091362953186035e-01 3.809037804603576660e-01 5.758196711540222168e-01 0.000000000000000000e+00 0.000000000000000000e+00 0.000000000000000000e+00
7.439186573028564453e-01 3.065778613090515137e-01 8.246001005172729492e-01 4.793028831481933594e-01 7.678240537643432617e-02 9.297962188720703125e-01 3.701091408729553223e-01 8.600577712059020996e-01 6.633090972900390625e-01 0.000000000000000000e+00 0.000000000000000000e+00 0.000000000000000000e+00
6.970899105072021484e-01 9.793469905853271484e-01 5.136124491691589355e-01 5.562931299209594727e-01 4.908037185668945312e-01 2.945336699485778809e-01 3.554722070693969727e-01 2.384684085845947266e-01 7.284634113311767578e-01 0.000000000000000000e+00 0.000000000000000000e+00 0.000000000000000000e+00
8.786519765853881836e-01 9.582974314689636230e-01 8.514924645423889160e-01 7.608439922332763672e-01 7.448562383651733398e-01 9.420692920684814453e-03 6.400014758110046387e-01 2.196770906448364258e-02 4.229360222816467285e-01 0.000000000000000000e+00 0.000000000000000000e+00 0.000000000000000000e+00
5.242748856544494629e-01 6.591751575469970703e-01 9.606075286865234375e-02 5.001949667930603027e-01 7.449350357055664062e-01 7.101221680641174316e-01 8.935170173645019531e-01 4.358606338500976562e-01 6.829947233200073242e-02 1.000000000000000000e+00 0.000000000000000000e+00 0.000000000000000000e+00
3.646665513515472412e-01 6.322101354598999023e-01 3.936892151832580566e-01 3.475254774093627930e-01 5.136789083480834961e-01 2.139738798141479492e-01 2.825647592544555664e-01 7.810460925102233887e-01 1.394444704055786133e-01 1.000000000000000000e+00 0.000000000000000000e+00 0.000000000000000000e+00
9.427487850189208984e-01 7.466134428977966309e-01 9.511325955390930176e-01 9.869047999382019043e-01 6.336503028869628906e-01 5.576338768005371094e-01 4.295419454574584961e-01 9.356635212898254395e-01 4.008697271347045898e-01 1.000000000000000000e+00 0.000000000000000000e+00 0.000000000000000000e+00
1.407357603311538696e-01 6.638512611389160156e-01 2.449740171432495117e-01 1.273444294929504395e-01 1.577973365783691406e-03 6.583921313285827637e-01 2.217184901237487793e-01 3.242822885513305664e-01 2.860021591186523438e-02 1.000000000000000000e+00 1.000000000000000000e+00 1.000000000000000000e+00
5.966149568557739258e-01 4.208509325981140137e-01 7.680886983871459961e-01 2.513985633850097656e-01 8.115943670272827148e-01 9.003416895866394043e-01 7.806574702262878418e-01 8.550658822059631348e-01 8.385255336761474609e-01 0.000000000000000000e+00 0.000000000000000000e+00 0.000000000000000000e+00
6.495584249496459961e-01 6.862575411796569824e-01 6.660269498825073242e-01 4.080411791801452637e-01 9.240766167640686035e-01 1.992768645286560059e-01 3.419653773307800293e-01 1.114608049392700195e-01 1.083419322967529297e-01 0.000000000000000000e+00 0.000000000000000000e+00 0.000000000000000000e+00
4.552370607852935791e-01 9.889026880264282227e-01 7.805591821670532227e-01 7.320623993873596191e-01 4.232686758041381836e-02 2.084916830062866211e-01 9.233097434043884277e-01 7.722869515419006348e-01 5.331275463104248047e-01 0.000000000000000000e+00 0.000000000000000000e+00 0.000000000000000000e+00
4.362685382366180420e-01 9.067313671112060547e-01 1.793847680091857910e-01 2.826125621795654297e-01 4.377456903457641602e-01 6.040289402008056641e-01 6.870127320289611816e-01 9.930917620658874512e-01 2.934724092483520508e-02 1.000000000000000000e+00 0.000000000000000000e+00 0.000000000000000000e+00
6.422260999679565430e-01 7.555981874465942383e-01 6.314410567283630371e-01 6.087945103645324707e-01 5.794551968574523926e-01 8.310607671737670898e-01 7.930943369865417480e-01 9.641910791397094727e-01 1.546797156333923340e-01 1.000000000000000000e+00 0.000000000000000000e+00 0.000000000000000000e+00
4.817579388618469238e-01 7.698246240615844727e-01 9.724094271659851074e-01 2.851286530494689941e-01 6.031392216682434082e-01 5.846644043922424316e-01 9.767291545867919922e-01 2.139489650726318359e-01 1.858070492744445801e-01 1.000000000000000000e+00 0.000000000000000000e+00 0.000000000000000000e+00
9.680105447769165039e-01 2.210826277732849121e-01 3.338152170181274414e-02 9.226747155189514160e-01 5.582846403121948242e-01 3.991912603378295898e-01 8.028827309608459473e-01 5.220575332641601562e-01 5.212605595588684082e-01 0.000000000000000000e+00 1.000000000000000000e+00 0.000000000000000000e+00
4.506780803203582764e-01 4.163104295730590820e-02 5.836611986160278320e-02 3.750684857368469238e-01 4.266815185546875000e-01 2.451739311218261719e-01 6.608919501304626465e-01 5.093642473220825195e-01 8.092911839485168457e-01 1.000000000000000000e+00 0.000000000000000000e+00 0.000000000000000000e+00
7.151027917861938477e-01 9.197164773941040039e-01 4.214218854904174805e-01 7.667781710624694824e-01 1.222836375236511230e-01 9.319161176681518555e-01 4.253140687942504883e-01 3.874779343605041504e-01 4.375533461570739746e-01 1.000000000000000000e+00 0.000000000000000000e+00 0.000000000000000000e+00
7.857758998870849609e-01 7.680380940437316895e-01 3.570750951766967773e-01 8.304196596145629883e-02 9.427182078361511230e-01 3.133555054664611816e-01 4.030674099922180176e-01 9.411388635635375977e-02 2.215335965156555176e-01 0.000000000000000000e+00 1.000000000000000000e+00 0.000000000000000000e+00
9.321444034576416016e-01 7.056647539138793945e-01 9.640973806381225586e-01 5.273547768592834473e-01 9.139708280563354492e-01 3.576326370239257812e-02 7.778406143188476562e-01 4.101572632789611816e-01 1.939808726310729980e-01 1.000000000000000000e+00 0.000000000000000000e+00 0.000000000000000000e+00
6.568363308906555176e-01 9.698973298072814941e-01 3.191995620727539062e-02 5.441221594810485840e-01 5.487562417984008789e-01 2.150968909263610840e-01 7.566457390785217285e-01 9.881979823112487793e-01 3.921979665756225586e-01 1.000000000000000000e+00 0.000000000000000000e+00 0.000000000000000000e+00
3.654665648937225342e-01 4.779410362243652344e-01 3.893023133277893066e-01 5.344780087471008301e-01 2.931028604507446289e-02 9.885124564170837402e-01 2.474263906478881836e-01 7.210034728050231934e-01 3.287108540534973145e-01 1.000000000000000000e+00 0.000000000000000000e+00 0.000000000000000000e+00
4.253059923648834229e-01 4.972603917121887207e-01 1.633147001266479492e-01 2.159192562103271484e-01 3.952811360359191895e-01 5.875464081764221191e-01 8.278980851173400879e-01 3.097071051597595215e-01 9.650087356567382812e-02 0.000000000000000000e+00 0.000000000000000000e+00 0.000000000000000000e+00
9.460076093673706055e-01 4.737315773963928223e-01 5.690448284149169922e-01 7.200853228569030762e-01 8.532639145851135254e-01 3.226946592330932617e-01 3.376227021217346191e-01 5.302785634994506836e-01 3.249502182006835938e-01 0.000000000000000000e+00 1.000000000000000000e+00 0.000000000000000000e+00
1.817698031663894653e-01 8.354588150978088379e-01 4.381009340286254883e-01 4.557347297668457031e-02 9.560751914978027344e-02 4.879640936851501465e-01 3.818247318267822266e-01 1.363512873649597168e-01 7.111716270446777344e-02 0.000000000000000000e+00 0.000000000000000000e+00 0.000000000000000000e+00
7.781885266304016113e-01 8.622720837593078613e-01 2.132630944252014160e-01 7.561243772506713867e-01 8.154613375663757324e-01 5.147106647491455078e-01 5.212702155113220215e-01 4.111635684967041016e-02 5.831718444824218750e-02 0.000000000000000000e+00 0.000000000000000000e+00 0.000000000000000000e+00
4.500507712364196777e-01 2.525557875633239746e-01 2.449045181274414062e-01 4.136213064193725586e-01 1.960186362266540527e-01 5.446465611457824707e-01 3.624376058578491211e-01 2.619225978851318359e-01 8.706273436546325684e-01 1.000000000000000000e+00 0.000000000000000000e+00 0.000000000000000000e+00
9.688146114349365234e-01 1.198024153709411621e-01 8.542609214782714844e-01 2.689438462257385254e-01 7.175208926200866699e-01 4.437232613563537598e-01 3.959159255027770996e-01 6.039412021636962891e-01 8.146904706954956055e-01 1.000000000000000000e+00 0.000000000000000000e+00 0.000000000000000000e+00
5.860407352447509766e-01 4.279567599296569824e-01 9.493112564086914062e-02 4.345211982727050781e-01 4.938486218452453613e-01 9.193068742752075195e-02 4.355767369270324707e-01 1.778756380081176758e-01 7.984163761138916016e-01 0.000000000000000000e+00 0.000000000000000000e+00 0.000000000000000000e+00
6.020596623420715332e-01 8.217945694923400879e-01 2.243705987930297852e-01 6.104655265808105469e-01 7.657635211944580078e-01 7.057328820228576660e-01 6.590287685394287109e-01 3.898537158966064453e-02 5.105383992195129395e-01 1.000000000000000000e+00 0.000000000000000000e+00 0.000000000000000000e+00
8.648421168327331543e-01 3.030931949615478516e-01 2.093265056610107422e-01 7.630244493484497070e-01 3.337423205375671387e-01 6.051953434944152832e-01 9.195690751075744629e-01 2.805213332176208496e-01 9.827312827110290527e-01 0.000000000000000000e+00 0.000000000000000000e+00 0.000000000000000000e+00
2.155572772026062012e-01 7.631146907806396484e-02 4.690952897071838379e-01 3.579989671707153320e-01 4.018217325210571289e-02 3.478186130523681641e-01 5.139723420143127441e-01 6.024580597877502441e-01 1.911708712577819824e-01 0.000000000000000000e+00 1.000000000000000000e+00 0.000000000000000000e+00
9.914070367813110352e-01 6.320732831954956055e-02 1.978400945663452148e-01 9.475690126419067383e-01 1.966073513031005859e-01 2.476952672004699707e-01 2.667870521545410156e-01 7.802665233612060547e-02 1.350598931312561035e-01 0.000000000000000000e+00 1.000000000000000000e+00 0.000000000000000000e+00
3.230597078800201416e-01 8.415793776512145996e-01 1.850062012672424316e-01 3.915913701057434082e-01 3.586757183074951172e-02 5.180116295814514160e-01 8.345309495925903320e-01 3.486053943634033203e-01 3.677850961685180664e-01 0.000000000000000000e+00 0.000000000000000000e+00 0.000000000000000000e+00
7.925861477851867676e-01 8.416318893432617188e-01 5.945351123809814453e-01 7.083305716514587402e-01 7.912595868110656738e-01 4.614495038986206055e-01 4.169184565544128418e-01 9.953899383544921875e-01 5.483829975128173828e-02 0.000000000000000000e+00 0.000000000000000000e+00 0.000000000000000000e+00
8.616677522659301758e-01 5.359524488449096680e-01 9.423119425773620605e-01 1.859383583068847656e-01 9.762184619903564453e-01 6.919929385185241699e-01 9.878274798393249512e-01 5.436873435974121094e-02 8.423251509666442871e-01 0.000000000000000000e+00 1.000000000000000000e+00 0.000000000000000000e+00
4.163523018360137939e-01 7.087084650993347168e-01 5.164605975151062012e-01 7.085247039794921875e-01 1.089192032814025879e-01 3.782228231430053711e-01 7.861072421073913574e-01 5.006012320518493652e-01 4.886247515678405762e-01 0.000000000000000000e+00 0.000000000000000000e+00 0.000000000000000000e+00
5.854753255844116211e-01 8.687108755111694336e-02 4.308655858039855957e-01 2.995281219482421875e-01 8.801440000534057617e-01 5.579775571823120117e-01 2.358214855194091797e-01 2.062236070632934570e-01 6.052874326705932617e-01 0.000000000000000000e+00 1.000000000000000000e+00 0.000000000000000000e+00
3.674829304218292236e-01 3.933591842651367188e-01 3.975839018821716309e-01 5.266863107681274414e-02 9.162036180496215820e-01 9.776277542114257812e-01 7.062177062034606934e-01 2.890237569808959961e-01 6.876374483108520508e-01 0.000000000000000000e+00 1.000000000000000000e+00 0.000000000000000000e+00
6.278663873672485352e-01 9.663419723510742188e-01 1.205241084098815918e-01 9.463388323783874512e-01 4.521120786666870117e-01 3.661479949951171875e-01 6.768225431442260742e-01 4.191996455192565918e-01 3.571492433547973633e-01 0.000000000000000000e+00 1.000000000000000000e+00 0.000000000000000000e+00
9.414333701133728027e-01 5.214117169380187988e-01 1.656104922294616699e-01 8.431929945945739746e-01 3.790473937988281250e-01 5.714237689971923828e-03 1.886698603630065918e-01 3.225166201591491699e-01 1.081855893135070801e-01 0.000000000000000000e+00 1.000000000000000000e+00 0.000000000000000000e+00
6.183688640594482422e-01 7.806951999664306641e-01 7.041199207305908203e-01 1.072837710380554199e-01 8.579177856445312500e-01 4.151311516761779785e-01 5.464049577713012695e-01 8.983034491539001465e-01 9.646805524826049805e-01 1.000000000000000000e+00 0.000000000000000000e+00 0.000000000000000000e+00
4.789452254772186279e-01 4.904706478118896484e-01 3.211575746536254883e-01 2.809518575668334961e-02 8.665267229080200195e-01 4.060207009315490723e-01 1.986113190650939941e-01 7.211259007453918457e-01 8.055127859115600586e-01 1.000000000000000000e+00 0.000000000000000000e+00 0.000000000000000000e+00
7.433403730392456055e-01 9.186147451400756836e-01 2.651407718658447266e-01 5.550197362899780273e-01 9.330917000770568848e-01 4.843143224716186523e-01 7.062853574752807617e-01 3.275050520896911621e-01 9.284641146659851074e-01 0.000000000000000000e+00 0.000000000000000000e+00 0.000000000000000000e+00
9.444902539253234863e-01 3.662068843841552734e-01 7.114490866661071777e-01 8.781971335411071777e-01 2.271934747695922852e-01 3.070337176322937012e-01 3.457816243171691895e-01 3.071853518486022949e-01 8.629840612411499023e-02 1.000000000000000000e+00 1.000000000000000000e+00 1.000000000000000000e+00
9.243413209915161133e-01 8.973256349563598633e-01 6.621623635292053223e-01 7.623249888420104980e-01 8.834829330444335938e-01 2.108444571495056152e-01 4.499299526214599609e-01 7.277602553367614746e-01 9.543769359588623047e-01 1.000000000000000000e+00 0.000000000000000000e+00 0.000000000000000000e+00
6.139398217201232910e-01 8.123093843460083008e-01 5.055531859397888184e-01 2.975263595581054688e-01 7.052764296531677246e-01 5.128558278083801270e-01 6.608590483665466309e-01 3.983645439147949219e-01 4.566983580589294434e-01 1.000000000000000000e+00 0.000000000000000000e+00 0.000000000000000000e+00
5.057140588760375977e-01 3.242503404617309570e-01 6.499342918395996094e-01 6.908839941024780273e-02 2.577646374702453613e-01 8.212351799011230469e-02 5.304809212684631348e-01 5.913687944412231445e-01 7.721752524375915527e-01 1.000000000000000000e+00 1.000000000000000000e+00 1.000000000000000000e+00
1.357827782630920410e-01 2.212671637535095215e-01 4.121613502502441406e-02 1.349666118621826172e-01 4.308359026908874512e-01 6.368752717971801758e-01 9.556058645248413086e-01 5.231472253799438477e-01 8.241816163063049316e-01 0.000000000000000000e+00 1.000000000000000000e+00 0.000000000000000000e+00
6.995894908905029297e-01 8.283450603485107422e-01 9.256825447082519531e-01 8.269203901290893555e-01 2.252089381217956543e-01 1.757502555847167969e-01 6.183182001113891602e-01 4.661374688148498535e-01 5.669915080070495605e-01 1.000000000000000000e+00 0.000000000000000000e+00 0.000000000000000000e+00
4.269390702247619629e-01 8.676707744598388672e-01 9.252704977989196777e-01 9.046483039855957031e-02 6.026663780212402344e-01 3.547289371490478516e-01 5.419312119483947754e-01 5.781951546669006348e-01 5.062555670738220215e-01 1.000000000000000000e+00 0.000000000000000000e+00 0.000000000000000000e+00
3.177215754985809326e-01 8.425636887550354004e-01 8.177173137664794922e-02 1.412261128425598145e-01 4.271045327186584473e-01 7.979832887649536133e-01 6.287157535552978516e-02 6.566699147224426270e-01 2.411257028579711914e-01 0.000000000000000000e+00 0.000000000000000000e+00 0.000000000000000000e+00
5.711746811866760254e-01 4.478938579559326172e-01 2.048196792602539062e-01 6.695618033409118652e-01 4.707604646682739258e-02 5.537618398666381836e-01 4.888700842857360840e-01 3.338004946708679199e-01 6.676375865936279297e-02 1.000000000000000000e+00 0.000000000000000000e+00 0.000000000000000000e+00
5.981705784797668457e-01 7.509688138961791992e-01 1.182174682617187500e-02 7.532340884208679199e-01 5.068719387054443359e-02 4.926916956901550293e-01 8.022758960723876953e-01 1.049584746360778809e-01 8.198410868644714355e-01 1.000000000000000000e+00 0.000000000000000000e+00 0.000000000000000000e+00
5.754817128181457520e-01 4.205234646797180176e-01 8.948568105697631836e-01 1.406786441802978516e-01 7.452011704444885254e-01 5.618895292282104492e-01 7.527657747268676758e-01 9.988583922386169434e-01 7.831749320030212402e-01 1.000000000000000000e+00 0.000000000000000000e+00 0.000000000000000000e+00
6.956155300140380859e-01 1.488429903984069824e-01 7.048972845077514648e-01 2.652209997177124023e-02 1.274719834327697754e-01 8.575475215911865234e-01 3.065007925033569336e-01 7.189615368843078613e-01 1.186454296112060547e-02 0.000000000000000000e+00 1.000000000000000000e+00 0.000000000000000000e+00
1.964285224676132202e-01 8.801230788230895996e-01 4.046204090118408203e-01 4.448556900024414062e-02 8.802804946899414062e-01 9.088550209999084473e-01 5.910195112228393555e-01 4.838407635688781738e-01 5.402845740318298340e-01 0.000000000000000000e+00 0.000000000000000000e+00 0.000000000000000000e+00
6.163116693496704102e-01 6.719828248023986816e-01 4.117454886436462402e-01 5.811171531677246094e-01 6.484634280204772949e-01 4.614912867546081543e-01 5.134347081184387207e-01 5.716936588287353516e-01 7.424247860908508301e-01 0.000000000000000000e+00 0.000000000000000000e+00 0.000000000000000000e+00
9.549160599708557129e-01 1.210419535636901855e-01 8.716014623641967773e-01 6.169629693031311035e-01 5.726839900016784668e-01 9.524728059768676758e-01 4.357287883758544922e-01 4.332787394523620605e-01 4.672802686691284180e-01 1.000000000000000000e+00 0.000000000000000000e+00 0.000000000000000000e+00
9.939456582069396973e-01 1.833016276359558105e-01 3.143169283866882324e-01 9.865160584449768066e-01 8.293174505233764648e-01 6.397569179534912109e-01 9.548581242561340332e-01 2.975001335144042969e-01 4.842806458473205566e-01 0.000000000000000000e+00 1.000000000000000000e+00 0.000000000000000000e+00
3.804896175861358643e-01 6.901274919509887695e-01 3.387674093246459961e-01 4.219564795494079590e-01 3.770084381103515625e-01 7.946957945823669434e-01 5.496625304222106934e-01 2.360526919364929199e-01 8.336777687072753906e-01 1.000000000000000000e+00 0.000000000000000000e+00 0.000000000000000000e+00
8.161951303482055664e-01 3.247563242912292480e-01 8.196129798889160156e-01 3.967041373252868652e-01 6.871286034584045410e-01 8.816328048706054688e-01 4.654650688171386719e-01 9.092528820037841797e-01 2.590157985687255859e-01 0.000000000000000000e+00 0.000000000000000000e+00 0.000000000000000000e+00
5.391517877578735352e-01 8.133496046066284180e-01 8.795571327209472656e-01 3.063101172447204590e-01 2.720654606819152832e-01 5.643029808998107910e-01 8.714559078216552734e-01 3.484382629394531250e-01 8.898714780807495117e-01 1.000000000000000000e+00 0.000000000000000000e+00 0.000000000000000000e+00
9.607430696487426758e-01 1.940305829048156738e-01 9.834122657775878906e-01 9.646487236022949219e-01 1.016384959220886230e-01 8.464815020561218262e-01 8.523026704788208008e-01 9.928174614906311035e-01 1.619717478752136230e-01 1.000000000000000000e+00 1.000000000000000000e+00 1.000000000000000000e+00
5.176017284393310547e-01 6.141314506530761719e-01 5.434150099754333496e-01 2.791218757629394531e-01 8.595216870307922363e-01 8.285508751869201660e-01 9.675355553627014160e-01 9.622946977615356445e-01 1.086628437042236328e-01 0.000000000000000000e+00 0.000000000000000000e+00 0.000000000000000000e+00
8.956082463264465332e-01 6.071996092796325684e-01 5.909192562103271484e-02 9.503572583198547363e-01 3.500117063522338867e-01 7.305808067321777344e-01 6.582863330841064453e-01 6.203417778015136719e-01 3.769752383232116699e-01 0.000000000000000000e+00 0.000000000000000000e+00 0.000000000000000000e+00
4.327783286571502686e-01 6.933903694152832031e-02 6.775453090667724609e-01 1.225251555442810059e-01 2.981191873550415039e-01 9.792534112930297852e-01 2.100432515144348145e-01 2.937188744544982910e-01 5.404470562934875488e-01 0.000000000000000000e+00 1.000000000000000000e+00 0.000000000000000000e+00
9.008189439773559570e-01 7.325118780136108398e-01 7.375338673591613770e-01 6.817806959152221680e-01 8.892247676849365234e-01 8.687147498130798340e-01 7.259998917579650879e-01 9.212415218353271484e-01 8.130815625190734863e-01 0.000000000000000000e+00 0.000000000000000000e+00 0.000000000000000000e+00
2.406090646982192993e-01 7.804509401321411133e-01 2.785621881484985352e-01 1.625021100044250488e-01 1.004547476768493652e-01 2.823081612586975098e-01 2.254192829132080078e-01 6.144876480102539062e-01 5.571897029876708984e-01 0.000000000000000000e+00 0.000000000000000000e+00 0.000000000000000000e+00
9.336387515068054199e-01 2.135062217712402344e-02 3.017001748085021973e-01 5.219948887825012207e-01 9.233778119087219238e-01 6.081398129463195801e-01 3.299365639686584473e-01 7.275952696800231934e-01 8.581495285034179688e-01 0.000000000000000000e+00 0.000000000000000000e+00 0.000000000000000000e+00
2.902050018310546875e-01 8.704262375831604004e-01 2.549262046813964844e-01 2.216796278953552246e-01 1.839888691902160645e-01 3.200023174285888672e-01 4.193431138992309570e-02 7.980687618255615234e-01 3.056505918502807617e-01 1.000000000000000000e+00 1.000000000000000000e+00 1.000000000000000000e+00
5.349389314651489258e-01 5.907496213912963867e-01 3.968930840492248535e-01 5.340485572814941406e-01 7.434867024421691895e-01 8.472335338592529297e-01 7.868329882621765137e-01 3.763440251350402832e-01 5.538533926010131836e-01 1.000000000000000000e+00 0.000000000000000000e+00 0.000000000000000000e+00
7.788842320442199707e-01 8.959476351737976074e-01 1.161313056945800781e-02 8.223691582679748535e-01 6.225286126136779785e-01 9.142581820487976074e-01 7.152368426322937012e-01 2.126567959785461426e-01 9.898325800895690918e-01 0.000000000000000000e+00 0.000000000000000000e+00 0.000000000000000000e+00
6.917161345481872559e-01 2.461627125740051270e-01 6.049525737762451172e-01 2.694278955459594727e-01 6.275346875190734863e-01 7.982103228569030762e-01 5.428101420402526855e-01 8.851894736289978027e-01 2.994338274002075195e-01 0.000000000000000000e+00 0.000000000000000000e+00 0.000000000000000000e+00
3.939758241176605225e-01 2.264189720153808594e-01 7.030075788497924805e-01 2.339436411857604980e-01 2.712070941925048828e-01 4.224543571472167969e-01 9.478347897529602051e-01 1.775038242340087891e-02 5.140917897224426270e-01 0.000000000000000000e+00 1.000000000000000000e+00 0.000000000000000000e+00
9.357237219810485840e-01 7.662534713745117188e-03 9.476244449615478516e-02 5.965709090232849121e-01 5.914560556411743164e-01 1.152940392494201660e-01 3.524094223976135254e-01 2.272301912307739258e-02 2.274662256240844727e-01 0.000000000000000000e+00 1.000000000000000000e+00 0.000000000000000000e+00
4.723303020000457764e-01 8.930503129959106445e-01 3.170068264007568359e-01 7.243450880050659180e-01 2.473935484886169434e-01 1.738084554672241211e-01 2.066838741302490234e-02 2.358478307723999023e-01 9.140816330909729004e-01 0.000000000000000000e+00 0.000000000000000000e+00 0.000000000000000000e+00
6.777160167694091797e-01 1.273148655891418457e-01 8.972297310829162598e-01 4.331168532371520996e-01 1.020658016204833984e-01 8.121472597122192383e-01 9.375972747802734375e-01 3.473037481307983398e-02 5.781992673873901367e-01 0.000000000000000000e+00 1.000000000000000000e+00 0.000000000000000000e+00
7.491930723190307617e-01 3.215618729591369629e-01 7.367925643920898438e-01 1.617360115051269531e-01 8.199076652526855469e-01 8.515694737434387207e-01 5.805548429489135742e-01 1.002770662307739258e-02 8.515712022781372070e-01 0.000000000000000000e+00 0.000000000000000000e+00 0.000000000000000000e+00
5.219401121139526367e-01 9.820151329040527344e-01 3.947474956512451172e-01 5.849732756614685059e-01 6.175404787063598633e-02 1.602409482002258301e-01 6.304459571838378906e-01 9.206749200820922852e-01 3.452459573745727539e-01 1.000000000000000000e+00 0.000000000000000000e+00 0.000000000000000000e+00
6.100592017173767090e-01 8.582231402397155762e-01 5.422613620758056641e-01 5.271260738372802734e-01 9.135673642158508301e-01 9.822260737419128418e-01 8.010043501853942871e-01 3.300425410270690918e-01 4.570536613464355469e-01 0.000000000000000000e+00 0.000000000000000000e+00 0.000000000000000000e+00
6.894603967666625977e-01 2.970770001411437988e-01 6.384321451187133789e-01 1.180876493453979492e-01 5.631589889526367188e-01 4.892413020133972168e-01 8.595741987228393555e-01 7.253116965293884277e-01 1.089570522308349609e-01 0.000000000000000000e+00 0.000000000000000000e+00 0.000000000000000000e+00
8.876467347145080566e-01 1.430749893188476562e-03 5.935199260711669922e-01 1.087151765823364258e-01 4.372982382774353027e-01 1.716190576553344727e-01 5.852097272872924805e-01 5.774009227752685547e-01 9.636427164077758789e-01 0.000000000000000000e+00 0.000000000000000000e+00 0.000000000000000000e+00
8.055038452148437500e-01 2.801632881164550781e-02 7.781718969345092773e-01 7.211291193962097168e-01 3.670293092727661133e-02 9.232121109962463379e-01 7.896309494972229004e-01 1.059705018997192383e-01 4.305179119110107422e-01 0.000000000000000000e+00 1.000000000000000000e+00 0.000000000000000000e+00
8.876814842224121094e-01 1.424235701560974121e-01 5.250769853591918945e-02 5.924187302589416504e-01 6.447522640228271484e-01 9.980551600456237793e-01 7.614347338676452637e-01 2.246351242065429688e-01 2.834451198577880859e-02 0.000000000000000000e+00 1.000000000000000000e+00 0.000000000000000000e+00
1.072070077061653137e-01 6.021630167961120605e-01 4.759213924407958984e-01 2.471393346786499023e-02 2.380176186561584473e-01 7.424417734146118164e-01 9.232466816902160645e-01 5.965155363082885742e-02 2.579204440116882324e-01 0.000000000000000000e+00 1.000000000000000000e+00 0.000000000000000000e+00
6.429454088211059570e-01 5.030882954597473145e-01 6.917858719825744629e-01 5.877155065536499023e-02 9.837428331375122070e-01 9.657425880432128906e-01 3.193389177322387695e-01 5.896602869033813477e-01 8.519355058670043945e-01 1.000000000000000000e+00 0.000000000000000000e+00 0.000000000000000000e+00
2.329583913087844849e-01 7.206895351409912109e-01 6.777945160865783691e-01 9.724903106689453125e-02 2.078492641448974609e-01 9.589974880218505859e-01 5.356593132019042969e-01 2.114535570144653320e-01 7.221741080284118652e-01 1.000000000000000000e+00 1.000000000000000000e+00 1.000000000000000000e+00
5.829045176506042480e-01 8.480572104454040527e-01 9.325942993164062500e-01 7.118337750434875488e-01 3.798381090164184570e-01 6.365946531295776367e-01 3.366339206695556641e-02 8.749077916145324707e-01 3.198528885841369629e-01 0.000000000000000000e+00 0.000000000000000000e+00 0.000000000000000000e+00
3.161501586437225342e-01 7.634053826332092285e-01 8.713418245315551758e-02 1.302325725555419922e-01 6.173108816146850586e-01 5.300981998443603516e-01 8.499392271041870117e-01 9.764160513877868652e-01 8.579366207122802734e-01 0.000000000000000000e+00 0.000000000000000000e+00 0.000000000000000000e+00
1.972398161888122559e-01 3.672708868980407715e-01 3.045168519020080566e-01 3.453099727630615234e-02 8.135175704956054688e-02 7.821166515350341797e-02 4.894632697105407715e-01 3.131667375564575195e-01 8.950955867767333984e-01 1.000000000000000000e+00 1.000000000000000000e+00 1.000000000000000000e+00
9.765749573707580566e-01 6.071814298629760742e-01 9.754047989845275879e-01 8.698382377624511719e-01 9.296455383300781250e-01 6.920906901359558105e-01 7.021359801292419434e-01 2.892207503318786621e-01 9.173548221588134766e-01 0.000000000000000000e+00 0.000000000000000000e+00 0.000000000000000000e+00
3.388794958591461182e-01 9.955275058746337891e-01 5.806738138198852539e-01 1.936590075492858887e-01 4.252495169639587402e-01 3.597674369812011719e-01 6.979584693908691406e-03 8.549806475639343262e-01 2.013166546821594238e-01 1.000000000000000000e+00 0.000000000000000000e+00 0.000000000000000000e+00
8.712024688720703125e-01 7.459821105003356934e-01 9.492881298065185547e-01 2.586017847061157227e-01 9.592246413230895996e-01 4.061754345893859863e-01 3.673642873764038086e-01 9.892551898956298828e-01 4.005210995674133301e-01 0.000000000000000000e+00 0.000000000000000000e+00 0.000000000000000000e+00
9.817743301391601562e-01 2.475149631500244141e-01 4.089031219482421875e-01 9.284251332283020020e-01 6.753617525100708008e-02 7.512027025222778320e-02 2.175587415695190430e-01 1.186276674270629883e-01 1.715711355209350586e-01 0.000000000000000000e+00 0.000000000000000000e+00 0.000000000000000000e+00
8.978502750396728516e-01 1.623668670654296875e-01 4.283311963081359863e-01 6.954494714736938477e-01 7.177910804748535156e-01 9.746468663215637207e-01 9.605827927589416504e-01 7.535950541496276855e-01 2.473810315132141113e-01 0.000000000000000000e+00 1.000000000000000000e+00 0.000000000000000000e+00
9.907833337783813477e-01 1.220951080322265625e-01 1.566506028175354004e-01 9.065394997596740723e-01 8.661152720451354980e-01 8.981525301933288574e-01 8.401525616645812988e-01 1.828603148460388184e-01 7.533535957336425781e-01 0.000000000000000000e+00 1.000000000000000000e+00 0.000000000000000000e+00
7.102617025375366211e-01 9.499793648719787598e-01 4.628630876541137695e-01 3.345972299575805664e-01 9.912708997726440430e-01 8.047541379928588867e-01 9.349193572998046875e-01 8.718282580375671387e-01 9.380866885185241699e-01 0.000000000000000000e+00 0.000000000000000000e+00 0.000000000000000000e+00
9.961454868316650391e-01 3.487067222595214844e-01 6.637156009674072266e-02 8.796808719635009766e-01 9.398086667060852051e-01 2.506501674652099609e-01 6.803010106086730957e-01 8.408610820770263672e-01 4.830904006958007812e-01 0.000000000000000000e+00 0.000000000000000000e+00 0.000000000000000000e+00
9.771422743797302246e-01 5.743867158889770508e-01 7.324310541152954102e-01 8.480809330940246582e-01 3.183445334434509277e-01 1.910985112190246582e-01 1.897644400596618652e-01 8.293145895004272461e-01 9.532656073570251465e-01 0.000000000000000000e+00 0.000000000000000000e+00 0.000000000000000000e+00
8.562843799591064453e-01 2.748191356658935547e-01 8.056611418724060059e-01 6.884576082229614258e-01 6.245702505111694336e-02 2.952629327774047852e-02 9.623783230781555176e-01 7.017639875411987305e-01 6.588688492774963379e-01 1.000000000000000000e+00 0.000000000000000000e+00 0.000000000000000000e+00
1.735850572586059570e-01 9.907623529434204102e-01 6.184660196304321289e-01 1.860701441764831543e-01 3.189070820808410645e-01 5.188546180725097656e-01 4.980279803276062012e-01 5.608878731727600098e-01 1.961618065834045410e-01 0.000000000000000000e+00 0.000000000000000000e+00 0.000000000000000000e+00
9.206572175025939941e-01 2.824600338935852051e-01 5.285494923591613770e-01 8.408754467964172363e-01 3.889210224151611328e-01 5.469768643379211426e-01 1.682347059249877930e-01 4.590857625007629395e-01 3.043836951255798340e-01 0.000000000000000000e+00 1.000000000000000000e+00 0.000000000000000000e+00
3.381354212760925293e-01 9.822667837142944336e-01 2.943015694618225098e-01 7.999271154403686523e-02 3.065536022186279297e-01 9.389441013336181641e-01 2.412249445915222168e-01 6.159530282020568848e-01 8.306767344474792480e-01 0.000000000000000000e+00 0.000000000000000000e+00 0.000000000000000000e+00
6.905179619789123535e-01 6.488458514213562012e-01 3.490622043609619141e-01 6.691106557846069336e-01 3.670355677604675293e-01 2.776384353637695312e-04 8.219591975212097168e-01 8.929908275604248047e-02 1.048457622528076172e-01 1.000000000000000000e+00 0.000000000000000000e+00 0.000000000000000000e+00
4.273997843265533447e-01 4.774905443191528320e-01 3.023228049278259277e-01 2.607476711273193359e-01 6.521279811859130859e-01 4.077484607696533203e-01 6.123239994049072266e-01 7.218595743179321289e-01 9.147120118141174316e-01 0.000000000000000000e+00 0.000000000000000000e+00 0.000000000000000000e+00
5.918040275573730469e-01 8.206517100334167480e-01 6.199299097061157227e-01 6.183645129203796387e-01 3.748077154159545898e-01 7.315658330917358398e-01 4.611217975616455078e-02 8.758568763732910156e-01 4.844739437103271484e-01 0.000000000000000000e+00 0.000000000000000000e+00 0.000000000000000000e+00
9.181094169616699219e-01 4.414226412773132324e-01 3.463851809501647949e-01 6.668533086776733398e-01 8.837298750877380371e-01 9.668375253677368164e-01 6.130756139755249023e-01 4.681255221366882324e-01 7.529441714286804199e-01 0.000000000000000000e+00 0.000000000000000000e+00 0.000000000000000000e+00
7.902016639709472656e-01 4.738719463348388672e-01 7.244288325309753418e-01 3.791702389717102051e-01 5.410164594650268555e-01 5.404061675071716309e-01 7.799479961395263672e-01 2.344028949737548828e-01 9.458994269371032715e-01 1.000000000000000000e+00 0.000000000000000000e+00 0.000000000000000000e+00
9.273946285247802734e-01 1.452699899673461914e-01 8.928835988044738770e-01 2.731779217720031738e-01 8.665323257446289062e-02 2.429013848304748535e-01 6.157867312431335449e-01 7.040922045707702637e-01 3.232095837593078613e-01 0.000000000000000000e+00 0.000000000000000000e+00 0.000000000000000000e+00
9.907005429267883301e-01 2.739121317863464355e-01 2.245812416076660156e-01 9.237829446792602539e-01 8.440269231796264648e-01 5.828517079353332520e-01 7.343878746032714844e-01 2.753302454948425293e-01 6.132325530052185059e-01 0.000000000000000000e+00 0.000000000000000000e+00 0.000000000000000000e+00
9.523751735687255859e-01 5.380988121032714844e-02 9.320856332778930664e-01 6.559282541275024414e-01 1.714408397674560547e-01 7.749612927436828613e-01 3.685873150825500488e-01 8.860411643981933594e-01 5.761499404907226562e-01 1.000000000000000000e+00 0.000000000000000000e+00 0.000000000000000000e+00
8.971558213233947754e-01 6.498226523399353027e-01 6.419700384140014648e-01 8.403869271278381348e-01 7.166461944580078125e-01 5.904090404510498047e-02 9.418839812278747559e-01 6.736076474189758301e-01 1.167578697204589844e-01 1.000000000000000000e+00 0.000000000000000000e+00 0.000000000000000000e+00
9.891356229782104492e-01 3.261219263076782227e-01 7.772139906883239746e-01 5.536561012268066406e-01 9.198809862136840820e-01 8.030331134796142578e-02 4.888612031936645508e-02 5.043151974678039551e-01 6.604301333427429199e-01 0.000000000000000000e+00 0.000000000000000000e+00 0.000000000000000000e+00
9.174405932426452637e-01 7.228040695190429688e-01 1.960609555244445801e-01 7.967528700828552246e-01 8.394820690155029297e-01 2.268494367599487305e-01 5.704348087310791016e-01 8.155833482742309570e-01 3.621988892555236816e-01 1.000000000000000000e+00 0.000000000000000000e+00 0.000000000000000000e+00
9.920890331268310547e-01 2.616900205612182617e-01 6.409484148025512695e-02 8.865475058555603027e-01 8.029010891914367676e-01 1.366335153579711914e-01 4.282182455062866211e-02 3.050614595413208008e-01 1.129440665245056152e-01 0.000000000000000000e+00 1.000000000000000000e+00 0.000000000000000000e+00
9.715827107429504395e-01 4.589726924896240234e-01 9.502351284027099609e-01 7.800217866897583008e-01 1.761047244071960449e-01 2.691763639450073242e-02 4.122615456581115723e-01 6.427266001701354980e-01 7.361559271812438965e-01 0.000000000000000000e+00 0.000000000000000000e+00 0.000000000000000000e+00
5.369537472724914551e-01 8.374360799789428711e-01 5.137250423431396484e-01 5.590581893920898438e-01 3.217334151268005371e-01 3.956347107887268066e-01 3.291217684745788574e-01 7.916141152381896973e-01 8.808739185333251953e-01 0.000000000000000000e+00 0.000000000000000000e+00 0.000000000000000000e+00
9.487639069557189941e-01 2.794506549835205078e-01 5.501900315284729004e-01 6.700564622879028320e-01 5.281839370727539062e-01 2.885506749153137207e-01 3.319220542907714844e-01 1.979184150695800781e-01 7.967454195022583008e-01 0.000000000000000000e+00 0.000000000000000000e+00 0.000000000000000000e+00
5.728340148925781250e-01 5.551883578300476074e-01 2.985467910766601562e-01 5.135495066642761230e-01 4.869793057441711426e-01 1.217181086540222168e-01 8.595111966133117676e-01 2.370024919509887695e-01 5.558855533599853516e-01 1.000000000000000000e+00 0.000000000000000000e+00 0.000000000000000000e+00
6.750929951667785645e-01 7.041149139404296875e-01 1.946751475334167480e-01 1.047245860099792480e-01 9.224256873130798340e-01 5.261433124542236328e-01 2.161979079246520996e-01 7.774964570999145508e-01 4.032582044601440430e-02 0.000000000000000000e+00 1.000000000000000000e+00 0.000000000000000000e+00
7.634591460227966309e-01 6.283793449401855469e-01 8.893334865570068359e-01 5.579018592834472656e-02 8.979299664497375488e-01 2.761346697807312012e-01 9.490284323692321777e-01 6.391777396202087402e-01 3.623207211494445801e-01 1.000000000000000000e+00 0.000000000000000000e+00 0.000000000000000000e+00
7.525608539581298828e-01 7.753335237503051758e-01 8.493522405624389648e-01 6.544926762580871582e-01 7.213125228881835938e-01 6.078497767448425293e-01 2.616161108016967773e-01 8.671081066131591797e-02 5.215216279029846191e-01 0.000000000000000000e+00 0.000000000000000000e+00 0.000000000000000000e+00
7.984823584556579590e-01 9.011003971099853516e-01 5.457646846771240234e-01 7.836437821388244629e-01 5.189508795738220215e-01 4.058486223220825195e-01 7.200672626495361328e-01 3.007688522338867188e-01 9.778128266334533691e-01 0.000000000000000000e+00 0.000000000000000000e+00 0.000000000000000000e+00
9.082345962524414062e-01 2.173126339912414551e-01 6.108983159065246582e-01 8.274721503257751465e-01 6.777048110961914062e-05 6.091678738594055176e-01 8.167768716812133789e-01 3.101021051406860352e-01 9.379788041114807129e-01 1.000000000000000000e+00 0.000000000000000000e+00 0.000000000000000000e+00
9.878646731376647949e-01 3.463784456253051758e-01 3.395805954933166504e-01 8.944322466850280762e-01 2.489403486251831055e-01 1.157319545745849609e-02 5.314615964889526367e-01 9.350910186767578125e-01 7.962004542350769043e-01 0.000000000000000000e+00 0.000000000000000000e+00 0.000000000000000000e+00
9.241841435432434082e-01 4.340552091598510742e-01 8.682982325553894043e-01 8.311497569084167480e-01 8.876559734344482422e-01 6.851704120635986328e-01 1.031225323677062988e-01 8.992372751235961914e-01 8.836150169372558594e-02 0.000000000000000000e+00 0.000000000000000000e+00 0.000000000000000000e+00
9.552046060562133789e-01 2.347109317779541016e-01 7.580013871192932129e-01 4.094949364662170410e-01 3.827965259552001953e-01 9.274935722351074219e-02 8.167599439620971680e-01 1.645407080650329590e-01 9.555351138114929199e-01 0.000000000000000000e+00 0.000000000000000000e+00 0.000000000000000000e+00
9.961605072021484375e-01 4.091638326644897461e-02 3.588860630989074707e-01 9.959923028945922852e-01 8.629553914070129395e-01 8.431317210197448730e-01 2.171806097030639648e-01 5.706655979156494141e-02 5.485913753509521484e-01 1.000000000000000000e+00 0.000000000000000000e+00 0.000000000000000000e+00
6.517094373703002930e-01 5.345040559768676758e-01 1.766359806060791016e-02 3.778759837150573730e-01 5.643081068992614746e-01 8.903807401657104492e-01 9.684354066848754883e-01 7.723410129547119141e-01 5.561833977699279785e-01 0.000000000000000000e+00 0.000000000000000000e+00 0.000000000000000000e+00
9.601314663887023926e-01 3.837263584136962891e-02 9.329802989959716797e-01 6.582825183868408203e-01 6.028795242309570312e-02 1.245276927947998047e-01 8.588297963142395020e-01 9.219288825988769531e-02 5.841062068939208984e-01 0.000000000000000000e+00 1.000000000000000000e+00 0.000000000000000000e+00
8.932528495788574219e-01 5.106526613235473633e-02 1.572739481925964355e-01 6.941633224487304688e-01 2.658346295356750488e-01 8.325067758560180664e-01 4.949725270271301270e-01 6.380451321601867676e-01 3.797065615653991699e-01 0.000000000000000000e+00 0.000000000000000000e+00 0.000000000000000000e+00
8.744908571243286133e-01 6.613159179687500000e-01 9.731572866439819336e-02 8.961207866668701172e-01 3.774976730346679688e-01 2.720445394515991211e-02 9.131890535354614258e-01 6.974616646766662598e-01 9.127062559127807617e-01 0.000000000000000000e+00 1.000000000000000000e+00 0.000000000000000000e+00
9.700479507446289062e-01 7.609549164772033691e-01 6.723546981811523438e-02 8.963367342948913574e-01 8.074268102645874023e-01 2.321775555610656738e-01 3.371531367301940918e-01 7.844554185867309570e-01 8.862844705581665039e-01 0.000000000000000000e+00 0.000000000000000000e+00 0.000000000000000000e+00
6.194473505020141602e-01 5.836502313613891602e-01 3.903196454048156738e-01 6.678584218025207520e-01 4.730945229530334473e-01 7.923688888549804688e-01 7.758473157882690430e-01 6.367210745811462402e-01 6.683669686317443848e-01 1.000000000000000000e+00 0.000000000000000000e+00 0.000000000000000000e+00
8.883141279220581055e-01 5.773720145225524902e-01 3.817658424377441406e-01 7.490488290786743164e-01 5.683375597000122070e-01 5.522366762161254883e-01 7.199162840843200684e-01 2.959369421005249023e-01 9.764342904090881348e-01 0.000000000000000000e+00 0.000000000000000000e+00 0.000000000000000000e+00
2.428598850965499878e-01 9.415869116783142090e-01 7.367895841598510742e-01 3.269373774528503418e-01 4.381482601165771484e-01 3.955628275871276855e-01 8.091461658477783203e-02 7.471625208854675293e-01 6.080887317657470703e-01 1.000000000000000000e+00 0.000000000000000000e+00 0.000000000000000000e+00
5.010493993759155273e-01 4.306002855300903320e-01 2.048215866088867188e-01 5.230802893638610840e-01 4.198201298713684082e-01 8.459535241127014160e-01 7.230564951896667480e-01 4.390223622322082520e-01 7.730507254600524902e-01 1.000000000000000000e+00 0.000000000000000000e+00 0.000000000000000000e+00
7.480747699737548828e-01 2.354604601860046387e-01 7.294261455535888672e-01 1.451504826545715332e-01 2.896467447280883789e-01 1.533493995666503906e-01 1.505128741264343262e-01 6.160787343978881836e-01 2.780112624168395996e-01 0.000000000000000000e+00 1.000000000000000000e+00 0.000000000000000000e+00
8.554890155792236328e-01 3.383171558380126953e-01 8.447189927101135254e-01 6.493927240371704102e-01 2.490336894989013672e-01 6.224027872085571289e-01 3.203763365745544434e-01 5.342754721641540527e-01 8.958142399787902832e-01 0.000000000000000000e+00 0.000000000000000000e+00 0.000000000000000000e+00
9.318438172340393066e-01 3.889381289482116699e-01 8.835435509681701660e-01 7.455925345420837402e-01 2.169375419616699219e-01 3.290145397186279297e-01 8.802992701530456543e-01 8.467234373092651367e-01 6.810939311981201172e-02 1.000000000000000000e+00 0.000000000000000000e+00 0.000000000000000000e+00
3.883613348007202148e-01 1.400128602981567383e-01 2.404189705848693848e-01 2.446019649505615234e-02 9.021530151367187500e-01 8.704468011856079102e-01 7.236129641532897949e-01 4.881417751312255859e-02 5.875447988510131836e-01 0.000000000000000000e+00 0.000000000000000000e+00 0.000000000000000000e+00
4.901400506496429443e-01 9.679195880889892578e-01 8.815883994102478027e-01 5.358111262321472168e-01 2.479362487792968750e-01 3.016531467437744141e-02 1.767307519912719727e-02 8.064423799514770508e-01 6.936283111572265625e-01 1.000000000000000000e+00 0.000000000000000000e+00 0.000000000000000000e+00
8.891851902008056641e-01 2.327146530151367188e-01 6.342647671699523926e-01 4.233217835426330566e-01 9.040414094924926758e-01 8.055709600448608398e-01 1.251047849655151367e-01 5.658096671104431152e-01 6.222575902938842773e-02 1.000000000000000000e+00 0.000000000000000000e+00 0.000000000000000000e+00
4.064505696296691895e-01 9.707989692687988281e-01 5.819119811058044434e-01 2.595931887626647949e-01 6.092688441276550293e-01 8.092636466026306152e-01 8.947751522064208984e-01 6.866044402122497559e-01 8.898911476135253906e-01 0.000000000000000000e+00 0.000000000000000000e+00 0.000000000000000000e+00
1.806107163429260254e-01 8.149391412734985352e-02 3.510754704475402832e-01 2.218124866485595703e-01 3.621524572372436523e-01 5.763166546821594238e-01 9.520984888076782227e-01 7.284063100814819336e-02 1.454878449440002441e-01 1.000000000000000000e+00 0.000000000000000000e+00 0.000000000000000000e+00
9.947899580001831055e-01 1.449602842330932617e-01 5.092409253120422363e-01 9.027217030525207520e-01 8.464415073394775391e-01 6.553209424018859863e-01 2.033061385154724121e-01 9.233459234237670898e-01 9.201040267944335938e-01 0.000000000000000000e+00 0.000000000000000000e+00 0.000000000000000000e+00
9.764533042907714844e-01 5.435049533843994141e-03 3.915227055549621582e-01 8.769717216491699219e-01 9.215354919433593750e-02 7.877704501152038574e-01 4.489203691482543945e-01 3.119611740112304688e-01 9.254217147827148438e-02 0.000000000000000000e+00 1.000000000000000000e+00 0.000000000000000000e+00
2.074520587921142578e-01 2.151283621788024902e-01 1.192039251327514648e-01 2.870950102806091309e-01 4.072730541229248047e-01 3.679867386817932129e-01 9.681878685951232910e-01 6.635747551918029785e-01 7.444161176681518555e-02 0.000000000000000000e+00 0.000000000000000000e+00 0.000000000000000000e+00
9.571758508682250977e-01 3.230972886085510254e-01 7.823070287704467773e-01 7.317727208137512207e-01 9.858255982398986816e-01 5.069444775581359863e-01 8.571702837944030762e-01 6.278997659683227539e-01 2.666811943054199219e-01 0.000000000000000000e+00 0.000000000000000000e+00 0.000000000000000000e+00
9.948298335075378418e-01 6.760293245315551758e-02 9.039583206176757812e-01 9.762476682662963867e-01 5.725859403610229492e-01 4.435266256332397461e-01 7.286928296089172363e-01 6.254780888557434082e-01 4.774131178855895996e-01 0.000000000000000000e+00 1.000000000000000000e+00 0.000000000000000000e+00
3.155896067619323730e-01 7.168153524398803711e-01 2.283917069435119629e-01 2.463587522506713867e-01 5.682651996612548828e-01 5.861642956733703613e-01 8.503409624099731445e-01 7.380567789077758789e-01 4.990181922912597656e-01 0.000000000000000000e+00 1.000000000000000000e+00 0.000000000000000000e+00
3.995328545570373535e-01 9.107260107994079590e-01 4.137885570526123047e-01 1.503169536590576172e-03 8.559923768043518066e-01 5.475916266441345215e-01 1.011097431182861328e-02 9.689047932624816895e-01 7.491514086723327637e-01 1.000000000000000000e+00 0.000000000000000000e+00 0.000000000000000000e+00
9.973319768905639648e-01 7.332777976989746094e-02 9.588012099266052246e-01 8.762606978416442871e-01 7.935786843299865723e-01 1.420003175735473633e-02 1.790969967842102051e-01 4.060105681419372559e-01 2.694129943847656250e-02 0.000000000000000000e+00 1.000000000000000000e+00 0.000000000000000000e+00
4.381339848041534424e-01 7.846301794052124023e-02 4.681264758110046387e-01 4.019435644149780273e-01 4.232978820800781250e-02 6.335814595222473145e-01 5.474752783775329590e-01 1.781449317932128906e-01 4.100298285484313965e-01 0.000000000000000000e+00 1.000000000000000000e+00 0.000000000000000000e+00
9.411577582359313965e-01 1.969909667968750000e-01 6.365100145339965820e-01 4.646838307380676270e-01 8.477228879928588867e-01 5.238304734230041504e-01 3.889864683151245117e-02 4.380678534507751465e-01 7.631555199623107910e-01 0.000000000000000000e+00 0.000000000000000000e+00 0.000000000000000000e+00
9.254618883132934570e-01 5.446222424507141113e-01 1.126871109008789062e-01 6.891301870346069336e-01 8.596983551979064941e-01 9.582040905952453613e-01 6.933892965316772461e-01 9.612215161323547363e-01 8.855029344558715820e-01 0.000000000000000000e+00 0.000000000000000000e+00 0.000000000000000000e+00
8.901423215866088867e-01 4.516724348068237305e-01 6.026673316955566406e-02 8.223040103912353516e-01 4.792456626892089844e-01 4.642168879508972168e-01 9.831418395042419434e-01 5.301550626754760742e-01 1.699722409248352051e-01 1.000000000000000000e+00 0.000000000000000000e+00 0.000000000000000000e+00
9.826235175132751465e-01 4.177141189575195312e-01 6.134136319160461426e-01 9.852061867713928223e-01 8.498268723487854004e-01 5.409393906593322754e-01 4.561949372291564941e-01 2.366322278976440430e-02 1.526443958282470703e-01 0.000000000000000000e+00 0.000000000000000000e+00 0.000000000000000000e+00
9.783620238304138184e-01 5.260926485061645508e-02 6.186228990554809570e-02 8.300874233245849609e-01 2.652755975723266602e-01 4.088245034217834473e-01 3.503312468528747559e-01 9.677443504333496094e-01 9.136726260185241699e-01 0.000000000000000000e+00 0.000000000000000000e+00 0.000000000000000000e+00
8.520109057426452637e-01 8.497089147567749023e-02 1.080045104026794434e-01 4.931806325912475586e-01 4.365846514701843262e-01 5.918328166007995605e-01 7.228626608848571777e-01 1.332464218139648438e-01 6.946262121200561523e-01 1.000000000000000000e+00 0.000000000000000000e+00 0.000000000000000000e+00
3.829756379127502441e-01 3.450664877891540527e-01 1.415035724639892578e-01 2.009970545768737793e-01 6.655325889587402344e-01 9.591151475906372070e-01 7.978122830390930176e-01 4.371733665466308594e-01 2.874851226806640625e-02 0.000000000000000000e+00 1.000000000000000000e+00 0.000000000000000000e+00
9.272231459617614746e-01 4.078473448753356934e-01 4.304859638214111328e-01 9.778015017509460449e-01 7.312753796577453613e-01 8.990626931190490723e-01 6.125253438949584961e-01 4.231029152870178223e-01 6.754351854324340820e-01 0.000000000000000000e+00 0.000000000000000000e+00 0.000000000000000000e+00
8.270340561866760254e-01 9.977161288261413574e-01 8.178563117980957031e-01 6.808989048004150391e-01 7.902742028236389160e-01 6.434257030487060547e-01 4.862766861915588379e-01 9.310274124145507812e-01 4.241055846214294434e-01 0.000000000000000000e+00 0.000000000000000000e+00 0.000000000000000000e+00
5.830519795417785645e-01 9.705823659896850586e-02 8.263553977012634277e-01 3.708118200302124023e-02 1.383715867996215820e-02 8.434536457061767578e-01 2.314689755439758301e-01 1.268540024757385254e-01 3.845774531364440918e-01 1.000000000000000000e+00 1.000000000000000000e+00 1.000000000000000000e+00
9.499901533126831055e-01 2.845558524131774902e-01 5.756539106369018555e-02 8.818758726119995117e-01 8.262413740158081055e-02 9.766590595245361328e-02 3.500473499298095703e-02 5.054133534431457520e-01 4.631535410881042480e-01 1.000000000000000000e+00 1.000000000000000000e+00 1.000000000000000000e+00
4.891865551471710205e-01 1.512250900268554688e-01 9.674173593521118164e-01 4.907190799713134766e-02 3.110153079032897949e-01 9.245156049728393555e-01 3.770796060562133789e-01 6.657150983810424805e-01 7.025924921035766602e-01 0.000000000000000000e+00 0.000000000000000000e+00 0.000000000000000000e+00
1.682029962539672852e-01 9.676724672317504883e-01 4.694666266441345215e-01 2.975125312805175781e-01 2.524949312210083008e-01 7.239894270896911621e-01 8.832210302352905273e-02 5.580708980560302734e-01 5.466294288635253906e-01 0.000000000000000000e+00 0.000000000000000000e+00 0.000000000000000000e+00
9.812497496604919434e-01 2.423435449600219727e-01 8.151903748512268066e-01 8.776330947875976562e-01 4.204693436622619629e-01 1.908599734306335449e-01 7.483765482902526855e-01 2.144125103950500488e-01 6.415990591049194336e-01 0.000000000000000000e+00 0.000000000000000000e+00 0.000000000000000000e+00
4.818260073661804199e-01 9.934489130973815918e-01 3.220056891441345215e-01 3.262730836868286133e-01 5.349156260490417480e-01 6.752223968505859375e-01 4.364129900932312012e-01 8.289867639541625977e-01 4.835608005523681641e-01 1.000000000000000000e+00 0.000000000000000000e+00 0.000000000000000000e+00
6.030023694038391113e-01 4.851227402687072754e-01 4.550548791885375977e-01 3.656654357910156250e-01 9.485510587692260742e-01 5.296534299850463867e-01 5.064689517021179199e-01 6.880807876586914062e-01 6.702144145965576172e-01 1.000000000000000000e+00 0.000000000000000000e+00 0.000000000000000000e+00
9.991278052330017090e-01 2.739375829696655273e-02 6.734787821769714355e-01 8.225468993186950684e-01 9.953147172927856445e-01 7.925510406494140625e-03 9.429636001586914062e-01 3.889737129211425781e-01 4.522736668586730957e-01 0.000000000000000000e+00 0.000000000000000000e+00 0.000000000000000000e+00
3.717212975025177002e-01 5.595500469207763672e-01 6.451991796493530273e-01 6.164032220840454102e-01 7.983160018920898438e-02 2.460802197456359863e-01 1.091658473014831543e-01 7.478926181793212891e-01 4.916507601737976074e-01 1.000000000000000000e+00 0.000000000000000000e+00 0.000000000000000000e+00
3.359602093696594238e-01 2.725415229797363281e-01 3.602290749549865723e-01 3.448587059974670410e-01 3.227003812789916992e-01 9.606216549873352051e-01 4.591449499130249023e-01 1.726385354995727539e-01 9.351698756217956543e-01 1.000000000000000000e+00 0.000000000000000000e+00 0.000000000000000000e+00
7.652635574340820312e-01 3.789950609207153320e-01 9.191151261329650879e-01 7.698732614517211914e-02 5.853539705276489258e-01 5.281373262405395508e-01 8.963305950164794922e-01 7.533845901489257812e-01 2.076963782310485840e-01 1.000000000000000000e+00 0.000000000000000000e+00 0.000000000000000000e+00
8.233092427253723145e-01 8.074661493301391602e-01 9.723185300827026367e-01 5.761487483978271484e-01 6.782644987106323242e-01 2.709397673606872559e-01 5.103999376296997070e-02 7.202303409576416016e-01 5.924337506294250488e-01 1.000000000000000000e+00 0.000000000000000000e+00 0.000000000000000000e+00
5.815986394882202148e-01 5.049421191215515137e-01 7.815762162208557129e-01 1.688893437385559082e-01 4.578747749328613281e-01 4.795998334884643555e-01 8.492414951324462891e-01 1.357591152191162109e-02 5.129396319389343262e-01 1.000000000000000000e+00 0.000000000000000000e+00 0.000000000000000000e+00
7.008174061775207520e-01 8.125705718994140625e-01 2.354632019996643066e-01 4.952694177627563477e-01 4.374906420707702637e-01 4.314284324645996094e-01 5.229070186614990234e-01 6.980558633804321289e-01 8.614376783370971680e-01 0.000000000000000000e+00 0.000000000000000000e+00 0.000000000000000000e+00
9.857954978942871094e-01 3.499507904052734375e-03 7.326954603195190430e-01 8.384628295898437500e-01 2.664951682090759277e-01 3.383570909500122070e-02 3.119311928749084473e-01 7.939594984054565430e-01 5.695934891700744629e-01 0.000000000000000000e+00 0.000000000000000000e+00 0.000000000000000000e+00
9.697932600975036621e-01 1.586624383926391602e-01 8.205257654190063477e-01 1.526469588279724121e-01 6.635154485702514648e-01 9.033977985382080078e-02 3.111526966094970703e-01 1.110830903053283691e-01 7.134003043174743652e-01 0.000000000000000000e+00 1.000000000000000000e+00 0.000000000000000000e+00
4.024856090545654297e-01 7.427181005477905273e-01 7.045830488204956055e-01 2.351504564285278320e-02 5.166268348693847656e-01 8.371559977531433105e-01 2.527663111686706543e-01 9.972313642501831055e-01 4.704267978668212891e-01 0.000000000000000000e+00 0.000000000000000000e+00 0.000000000000000000e+00
5.855454206466674805e-01 7.788171172142028809e-01 1.797195672988891602e-01 1.284611225128173828e-01 8.312180042266845703e-01 5.844494104385375977e-01 7.828738689422607422e-01 7.270109653472900391e-01 1.342480778694152832e-01 0.000000000000000000e+00 0.000000000000000000e+00 0.000000000000000000e+00
7.948829531669616699e-01 7.246366143226623535e-01 8.814765214920043945e-01 2.003762722015380859e-01 9.750378131866455078e-01 3.678681850433349609e-01 1.683477759361267090e-01 1.139066219329833984e-01 4.858312010765075684e-01 0.000000000000000000e+00 0.000000000000000000e+00 0.000000000000000000e+00
1.883666366338729858e-01 7.125049233436584473e-01 5.633284449577331543e-01 6.238931417465209961e-02 5.091466307640075684e-01 1.131353378295898438e-01 6.227284073829650879e-01 4.412680864334106445e-02 4.023716449737548828e-01 1.000000000000000000e+00 0.000000000000000000e+00 0.000000000000000000e+00
2.378133237361907959e-01 1.491183638572692871e-01 1.671464443206787109e-01 2.313944697380065918e-01 7.189587354660034180e-01 2.906509041786193848e-01 3.158952593803405762e-01 9.714310765266418457e-01 1.279498338699340820e-01 1.000000000000000000e+00 0.000000000000000000e+00 0.000000000000000000e+00
8.367262482643127441e-01 9.283101558685302734e-01 7.658148407936096191e-01 5.839579105377197266e-01 9.750291705131530762e-01 8.116413354873657227e-01 3.386825919151306152e-01 7.931011915206909180e-02 2.869901657104492188e-01 1.000000000000000000e+00 0.000000000000000000e+00 0.000000000000000000e+00
5.127227902412414551e-01 4.658758640289306641e-02 4.836152791976928711e-01 1.956805586814880371e-01 3.804036378860473633e-01 9.416794776916503906e-01 2.021442651748657227e-01 1.989992856979370117e-01 7.112538218498229980e-01 0.000000000000000000e+00 0.000000000000000000e+00 0.000000000000000000e+00
1.550837606191635132e-01 7.783480882644653320e-01 4.203556776046752930e-01 6.256169080734252930e-02 4.469192028045654297e-01 7.503842711448669434e-01 7.607650756835937500e-02 5.002779364585876465e-01 4.191784858703613281e-01 0.000000000000000000e+00 1.000000000000000000e+00 0.000000000000000000e+00
4.021471142768859863e-01 6.537175774574279785e-01 5.519466996192932129e-01 2.796847224235534668e-01 6.518148779869079590e-01 8.111839890480041504e-01 3.447694182395935059e-01 7.741870880126953125e-01 2.005374431610107422e-01 1.000000000000000000e+00 0.000000000000000000e+00 0.000000000000000000e+00
3.598825335502624512e-01 9.050467610359191895e-01 1.891064643859863281e-01 3.101524710655212402e-01 1.073601841926574707e-01 9.075044393539428711e-01 6.539577245712280273e-02 8.804326057434082031e-01 1.109307408332824707e-01 1.000000000000000000e+00 0.000000000000000000e+00 0.000000000000000000e+00
9.336370825767517090e-01 4.924834370613098145e-01 2.139472961425781250e-02 7.402164340019226074e-01 4.727814793586730957e-01 2.493824362754821777e-01 8.324649333953857422e-01 1.683157682418823242e-02 6.480917930603027344e-01 1.000000000000000000e+00 0.000000000000000000e+00 0.000000000000000000e+00
7.494594454765319824e-01 5.901567339897155762e-01 5.378862023353576660e-01 2.571108937263488770e-01 9.309319853782653809e-01 2.669394016265869141e-03 3.066198825836181641e-01 5.139565467834472656e-01 9.758226275444030762e-01 0.000000000000000000e+00 0.000000000000000000e+00 0.000000000000000000e+00
5.317194461822509766e-01 9.775052070617675781e-01 9.717148542404174805e-02 7.616465091705322266e-01 3.293536901473999023e-01 3.994909524917602539e-01 6.706951856613159180e-01 6.619355678558349609e-01 8.417454957962036133e-01 1.000000000000000000e+00 0.000000000000000000e+00 0.000000000000000000e+00
5.607898831367492676e-01 3.603417277336120605e-01 4.587286114692687988e-01 6.169151663780212402e-01 5.712825059890747070e-02 4.634328484535217285e-01 9.281176328659057617e-02 5.911407470703125000e-01 5.316691398620605469e-01 1.000000000000000000e+00 0.000000000000000000e+00 0.000000000000000000e+00
3.288261294364929199e-01 8.608382344245910645e-01 7.494704127311706543e-01 1.185188293457031250e-01 4.649901986122131348e-01 6.174930930137634277e-01 7.340355515480041504e-01 4.106485247611999512e-01 3.173574209213256836e-01 0.000000000000000000e+00 0.000000000000000000e+00 0.000000000000000000e+00
9.990527033805847168e-01 3.419756889343261719e-03 7.227221727371215820e-01 9.018510580062866211e-01 7.944363355636596680e-01 2.964603304862976074e-01 4.996716976165771484e-02 9.057261943817138672e-01 9.980509281158447266e-01 0.000000000000000000e+00 0.000000000000000000e+00 0.000000000000000000e+00
3.413583338260650635e-01 7.710356712341308594e-01 2.234656214714050293e-01 2.776651382446289062e-01 6.936384439468383789e-01 7.127737402915954590e-01 5.833280682563781738e-01 2.582419514656066895e-01 5.703194737434387207e-01 1.000000000000000000e+00 0.000000000000000000e+00 0.000000000000000000e+00
9.967562556266784668e-01 3.796994686126708984e-03 3.782874345779418945e-01 9.057537913322448730e-01 5.580894351005554199e-01 1.200013160705566406e-01 5.181749463081359863e-01 2.926225662231445312e-01 4.501390457153320312e-01 0.000000000000000000e+00 0.000000000000000000e+00 0.000000000000000000e+00
4.734455049037933350e-01 9.550732970237731934e-01 8.287751078605651855e-01 3.452921509742736816e-01 4.308756589889526367e-01 9.143861532211303711e-01 2.644510269165039062e-01 2.724586725234985352e-01 3.912892341613769531e-01 0.000000000000000000e+00 0.000000000000000000e+00 0.000000000000000000e+00
8.085722327232360840e-01 2.390594482421875000e-01 6.010914444923400879e-01 3.427117466926574707e-01 6.013130545616149902e-01 7.268201708793640137e-01 7.691751122474670410e-01 6.597710847854614258e-01 2.271345257759094238e-01 0.000000000000000000e+00 0.000000000000000000e+00 0.000000000000000000e+00
9.981904625892639160e-01 1.822251677513122559e-01 9.321295619010925293e-01 4.968493580818176270e-01 9.345505833625793457e-01 9.511643648147583008e-02 7.458920478820800781e-01 1.191610097885131836e-01 8.684346675872802734e-01 0.000000000000000000e+00 0.000000000000000000e+00 0.000000000000000000e+00
5.249120593070983887e-01 1.906239986419677734e-01 4.675690531730651855e-01 1.325823664665222168e-01 3.643319010734558105e-01 5.054838061332702637e-01 6.571855545043945312e-01 3.073008656501770020e-01 5.258178114891052246e-01 0.000000000000000000e+00 1.000000000000000000e+00 0.000000000000000000e+00
7.235472798347473145e-01 7.245702743530273438e-01 2.607357501983642578e-01 5.586548447608947754e-01 7.535467147827148438e-01 6.603715419769287109e-01 4.848021864891052246e-01 6.958633661270141602e-01 8.718565702438354492e-01 1.000000000000000000e+00 0.000000000000000000e+00 0.000000000000000000e+00
4.088459610939025879e-01 9.309108257293701172e-01 8.377532362937927246e-01 1.637160778045654297e-02 7.492671012878417969e-01 4.352170825004577637e-01 1.403751969337463379e-01 6.029253005981445312e-01 1.652443408966064453e-02 0.000000000000000000e+00 0.000000000000000000e+00 0.000000000000000000e+00
6.857299804687500000e-01 7.041015028953552246e-01 7.270546555519104004e-01 7.603208422660827637e-01 8.362654447555541992e-01 7.462087869644165039e-01 8.657218813896179199e-01 1.887354850769042969e-01 1.718842983245849609e-02 1.000000000000000000e+00 0.000000000000000000e+00 0.000000000000000000e+00
9.658834338188171387e-01 2.871289849281311035e-01 4.048704504966735840e-01 7.359578609466552734e-01 7.426902651786804199e-01 3.497278094291687012e-01 6.058547496795654297e-01 5.543420910835266113e-01 5.301825404167175293e-01 0.000000000000000000e+00 0.000000000000000000e+00 0.000000000000000000e+00
1.491395086050033569e-01 2.411552071571350098e-01 9.958326816558837891e-02 1.198769807815551758e-01 4.594076275825500488e-01 5.129610300064086914e-01 6.191831231117248535e-01 6.086614727973937988e-01 8.756337165832519531e-01 0.000000000000000000e+00 0.000000000000000000e+00 0.000000000000000000e+00
4.502707123756408691e-01 6.174190640449523926e-01 8.954018354415893555e-01 1.379363536834716797e-01 2.162234783172607422e-01 1.963751912117004395e-01 1.664165854454040527e-01 5.732516646385192871e-01 2.928140163421630859e-01 1.000000000000000000e+00 0.000000000000000000e+00 0.000000000000000000e+00
3.708209991455078125e-01 2.362898588180541992e-01 4.622223973274230957e-01 1.842353343963623047e-01 1.871766448020935059e-01 8.461922407150268555e-02 5.994468927383422852e-01 6.174921989440917969e-01 2.776467800140380859e-02 0.000000000000000000e+00 0.000000000000000000e+00 0.000000000000000000e+00
9.336366653442382812e-01 1.250262856483459473e-01 8.958129882812500000e-01 6.208164691925048828e-01 3.357155919075012207e-01 7.646675109863281250e-01 8.080151081085205078e-01 7.420068979263305664e-01 7.010114192962646484e-01 0.000000000000000000e+00 0.000000000000000000e+00 0.000000000000000000e+00
9.797318577766418457e-01 1.963617801666259766e-01 9.470194578170776367e-02 6.645714044570922852e-01 8.083986639976501465e-01 2.531773447990417480e-01 9.753099679946899414e-01 7.910668253898620605e-01 6.682283282279968262e-01 0.000000000000000000e+00 0.000000000000000000e+00 0.000000000000000000e+00
6.624523997306823730e-01 7.318467497825622559e-01 5.236781835556030273e-01 3.435590863227844238e-01 7.920377254486083984e-01 4.075837135314941406e-01 2.396449446678161621e-01 5.889237523078918457e-01 9.320243000984191895e-01 0.000000000000000000e+00 0.000000000000000000e+00 0.000000000000000000e+00
9.885516166687011719e-01 3.128839135169982910e-01 9.943636655807495117e-01 9.113845229148864746e-01 6.821687817573547363e-01 4.048472642898559570e-01 3.184754848480224609e-01 1.348868608474731445e-01 1.986234784126281738e-01 0.000000000000000000e+00 0.000000000000000000e+00 0.000000000000000000e+00
6.487783789634704590e-01 7.514358758926391602e-01 2.994832992553710938e-01 5.035184621810913086e-01 9.160206317901611328e-01 4.288653731346130371e-01 7.900595664978027344e-01 5.822390317916870117e-02 5.827361941337585449e-01 1.000000000000000000e+00 0.000000000000000000e+00 0.000000000000000000e+00
2.869729697704315186e-01 6.024174690246582031e-01 3.072497248649597168e-01 1.149355769157409668e-01 5.396540164947509766e-01 6.381585597991943359e-01 6.865002512931823730e-01 3.077589273452758789e-01 6.106066703796386719e-01 0.000000000000000000e+00 1.000000000000000000e+00 0.000000000000000000e+00
6.434811949729919434e-01 4.846805930137634277e-01 5.945908427238464355e-01 2.431797981262207031e-02 7.446976304054260254e-01 2.865636348724365234e-01 8.680700659751892090e-01 3.380931019783020020e-01 6.713626980781555176e-01 1.000000000000000000e+00 0.000000000000000000e+00 0.000000000000000000e+00
8.876026272773742676e-01 4.284930229187011719e-01 7.366800308227539062e-02 8.677935004234313965e-01 1.723647713661193848e-01 3.483890891075134277e-01 7.442343235015869141e-01 2.955164313316345215e-01 8.769516944885253906e-01 0.000000000000000000e+00 0.000000000000000000e+00 0.000000000000000000e+00
9.434838294982910156e-01 3.861594200134277344e-01 8.058360219001770020e-01 1.595199108123779297e-02 9.363085627555847168e-01 2.573261260986328125e-01 6.435847282409667969e-02 2.421408891677856445e-02 4.684768915176391602e-01 1.000000000000000000e+00 1.000000000000000000e+00 1.000000000000000000e+00
3.782008588314056396e-01 5.241988897323608398e-01 2.067482471466064453e-02 5.063627958297729492e-01 1.505462527275085449e-01 4.917692542076110840e-01 7.981975078582763672e-01 8.765503764152526855e-01 3.612541556358337402e-01 1.000000000000000000e+00 0.000000000000000000e+00 0.000000000000000000e+00
5.289254188537597656e-01 8.941904306411743164e-01 3.127814531326293945e-01 2.924516201019287109e-01 8.509877920150756836e-01 5.595956444740295410e-01 1.694117784500122070e-01 6.865972876548767090e-01 3.099778890609741211e-01 1.000000000000000000e+00 0.000000000000000000e+00 0.000000000000000000e+00
5.955931544303894043e-01 2.975441813468933105e-01 4.961978197097778320e-01 5.996963977813720703e-01 4.249634146690368652e-01 6.964389681816101074e-01 5.999684333801269531e-03 6.219998598098754883e-01 2.917169928550720215e-01 1.000000000000000000e+00 0.000000000000000000e+00 0.000000000000000000e+00
2.470568865537643433e-01 7.359365820884704590e-01 7.508594989776611328e-01 8.742767572402954102e-02 7.354962825775146484e-01 9.550814628601074219e-01 1.659889221191406250e-01 8.074144721031188965e-01 9.550587534904479980e-01 0.000000000000000000e+00 1.000000000000000000e+00 0.000000000000000000e+00
9.806967973709106445e-01 4.391640424728393555e-01 6.033317446708679199e-01 9.337511062622070312e-01 5.106458663940429688e-01 3.552412986755371094e-02 3.253006935119628906e-02 5.100728869438171387e-01 2.060627937316894531e-01 0.000000000000000000e+00 0.000000000000000000e+00 0.000000000000000000e+00
1.128499135375022888e-01 6.502147912979125977e-01 5.386173725128173828e-02 1.177337169647216797e-01 8.931422233581542969e-02 2.500548362731933594e-01 3.471729755401611328e-01 3.201023340225219727e-01 9.650979042053222656e-01 0.000000000000000000e+00 1.000000000000000000e+00 0.000000000000000000e+00
9.957057833671569824e-01 2.367481589317321777e-01 5.309055447578430176e-01 9.972509145736694336e-01 9.725292325019836426e-01 5.206919908523559570e-01 9.201261401176452637e-01 6.204516291618347168e-01 9.938343763351440430e-01 0.000000000000000000e+00 0.000000000000000000e+00 0.000000000000000000e+00
9.313321113586425781e-01 5.514562726020812988e-01 9.980699419975280762e-01 4.775035381317138672e-01 8.723461627960205078e-01 1.824735403060913086e-01 9.857622981071472168e-01 1.658680438995361328e-01 7.553362250328063965e-01 1.000000000000000000e+00 1.000000000000000000e+00 1.000000000000000000e+00
9.216033816337585449e-01 4.925793409347534180e-01 5.276846885681152344e-01 9.185308814048767090e-01 6.989627480506896973e-01 9.033505320549011230e-01 8.222473263740539551e-01 4.138366580009460449e-01 7.948756217956542969e-02 0.000000000000000000e+00 0.000000000000000000e+00 0.000000000000000000e+00
6.957588195800781250e-01 8.051918745040893555e-01 9.043370485305786133e-01 9.712109565734863281e-01 3.502925634384155273e-01 4.951698184013366699e-01 6.113576292991638184e-01 7.246088981628417969e-01 8.393287062644958496e-01 1.000000000000000000e+00 0.000000000000000000e+00 0.000000000000000000e+00
9.197645783424377441e-01 3.554407358169555664e-01 3.467965126037597656e-01 8.719413876533508301e-01 6.558371782302856445e-01 9.353991746902465820e-01 7.219512462615966797e-01 4.648653864860534668e-01 1.796138286590576172e-01 0.000000000000000000e+00 0.000000000000000000e+00 0.000000000000000000e+00
2.009091675281524658e-01 5.218969583511352539e-01 4.429023265838623047e-01 3.746541738510131836e-01 3.112274408340454102e-02 8.085567951202392578e-01 1.159332394599914551e-01 3.440082669258117676e-01 3.781868219375610352e-01 0.000000000000000000e+00 1.000000000000000000e+00 0.000000000000000000e+00
5.865941047668457031e-01 4.092698693275451660e-01 4.394997358322143555e-01 4.639964103698730469e-01 6.204540729522705078e-01 1.445780992507934570e-01 7.244443893432617188e-02 7.938008904457092285e-01 5.377852916717529297e-02 1.000000000000000000e+00 0.000000000000000000e+00 0.000000000000000000e+00
3.558602035045623779e-01 2.132432460784912109e-01 6.201924085617065430e-01 5.472642183303833008e-02 4.453929066658020020e-01 9.238067269325256348e-01 6.660705804824829102e-02 4.129570722579956055e-02 7.925173640251159668e-01 1.000000000000000000e+00 1.000000000000000000e+00 1.000000000000000000e+00
9.738699197769165039e-01 6.444394588470458984e-03 8.816996216773986816e-01 2.451615333557128906e-01 7.218255400657653809e-01 1.769459247589111328e-02 5.863338112831115723e-01 1.252707839012145996e-01 4.962889552116394043e-01 1.000000000000000000e+00 0.000000000000000000e+00 0.000000000000000000e+00
6.392153501510620117e-01 6.194229125976562500e-01 1.633849740028381348e-01 3.972497582435607910e-01 7.553123235702514648e-01 7.294039130210876465e-01 6.080686450004577637e-01 9.598463177680969238e-01 9.595073461532592773e-01 1.000000000000000000e+00 0.000000000000000000e+00 0.000000000000000000e+00
7.922873497009277344e-01 1.738481521606445312e-01 2.965699434280395508e-01 5.573508143424987793e-01 8.392093181610107422e-01 5.555612444877624512e-01 6.904357671737670898e-02 9.613249897956848145e-01 2.097874879837036133e-02 1.000000000000000000e+00 0.000000000000000000e+00 0.000000000000000000e+00
3.478278219699859619e-01 6.355020999908447266e-01 3.510928750038146973e-01 5.746765732765197754e-01 2.158848047256469727e-01 9.180469512939453125e-01 7.245362401008605957e-01 2.394572496414184570e-01 1.094578504562377930e-01 1.000000000000000000e+00 0.000000000000000000e+00 0.000000000000000000e+00
8.362345099449157715e-01 5.447685718536376953e-01 8.690398335456848145e-01 7.092658281326293945e-01 2.773391008377075195e-01 1.352760195732116699e-01 9.673943519592285156e-01 7.736580371856689453e-01 3.424172401428222656e-01 1.000000000000000000e+00 0.000000000000000000e+00 0.000000000000000000e+00
8.908424377441406250e-01 3.259682059288024902e-01 6.583916544914245605e-01 6.657410860061645508e-01 1.850962638854980469e-03 5.008333921432495117e-02 9.049190282821655273e-01 4.652279019355773926e-01 8.584585189819335938e-01 0.000000000000000000e+00 0.000000000000000000e+00 0.000000000000000000e+00
5.471321940422058105e-01 7.983046770095825195e-01 5.699061155319213867e-01 6.369072198867797852e-01 1.591724753379821777e-01 1.766920089721679688e-01 8.834359049797058105e-01 6.281901597976684570e-01 6.728033423423767090e-01 1.000000000000000000e+00 0.000000000000000000e+00 0.000000000000000000e+00
3.993570506572723389e-01 9.923968911170959473e-01 8.256270885467529297e-01 5.048457980155944824e-01 5.220185518264770508e-01 4.909945130348205566e-01 1.470371484756469727e-01 7.103554606437683105e-01 1.922592520713806152e-01 1.000000000000000000e+00 0.000000000000000000e+00 0.000000000000000000e+00
9.339884519577026367e-01 2.964760661125183105e-01 4.441390633583068848e-01 9.830234050750732422e-01 1.473958492279052734e-01 7.326807975769042969e-01 2.256738543510437012e-01 5.695589780807495117e-01 7.283610701560974121e-01 0.000000000000000000e+00 0.000000000000000000e+00 0.000000000000000000e+00
6.389272212982177734e-01 5.153895616531372070e-01 6.947884559631347656e-01 2.962291836738586426e-01 2.908304929733276367e-01 3.799145817756652832e-01 8.541564941406250000e-01 5.251833796501159668e-01 3.885269165039062500e-01 1.000000000000000000e+00 1.000000000000000000e+00 1.000000000000000000e+00
4.868440926074981689e-01 6.140946149826049805e-01 2.903512716293334961e-01 3.244495391845703125e-01 1.934377551078796387e-01 2.802637219429016113e-01 7.253440618515014648e-01 6.189268231391906738e-01 6.598432660102844238e-01 0.000000000000000000e+00 0.000000000000000000e+00 0.000000000000000000e+00
3.809259533882141113e-01 8.812469840049743652e-01 6.978619694709777832e-01 5.874280333518981934e-01 1.282594203948974609e-01 7.336032986640930176e-01 2.950501441955566406e-02 7.891808152198791504e-01 1.894718408584594727e-01 0.000000000000000000e+00 0.000000000000000000e+00 0.000000000000000000e+00
3.543526828289031982e-01 3.663951158523559570e-02 3.574210405349731445e-01 6.884485483169555664e-02 6.357036828994750977e-01 2.431911826133728027e-01 1.987058520317077637e-01 8.541570305824279785e-01 4.809107780456542969e-01 0.000000000000000000e+00 0.000000000000000000e+00 0.000000000000000000e+00
9.360014796257019043e-01 5.711689591407775879e-01 2.441294193267822266e-01 6.240336894989013672e-01 9.605997800827026367e-01 3.307303786277770996e-01 1.130074262619018555e-02 3.282738327980041504e-01 7.051474452018737793e-01 0.000000000000000000e+00 0.000000000000000000e+00 0.000000000000000000e+00
9.971033930778503418e-01 8.917450904846191406e-02 6.246099472045898438e-01 9.413478374481201172e-01 7.167994379997253418e-01 4.025400876998901367e-01 4.438355565071105957e-01 4.928449392318725586e-01 8.924397230148315430e-01 0.000000000000000000e+00 0.000000000000000000e+00 0.000000000000000000e+00
3.108601272106170654e-01 4.215425252914428711e-01 3.233196139335632324e-01 4.376630783081054688e-01 3.327108621597290039e-01 6.537678837776184082e-01 9.484570026397705078e-01 6.709035634994506836e-01 8.112698793411254883e-02 1.000000000000000000e+00 1.000000000000000000e+00 1.000000000000000000e+00
6.230909824371337891e-01 8.949685096740722656e-01 5.480103492736816406e-01 4.786069989204406738e-01 9.972406625747680664e-01 3.885743618011474609e-01 9.341019988059997559e-01 7.614871263504028320e-01 9.864243268966674805e-01 0.000000000000000000e+00 0.000000000000000000e+00 0.000000000000000000e+00
5.378925204277038574e-01 3.630324006080627441e-01 1.744013428688049316e-01 3.584271669387817383e-01 7.157211899757385254e-01 8.459265828132629395e-01 1.284115910530090332e-01 8.841540813446044922e-01 5.560557246208190918e-01 1.000000000000000000e+00 0.000000000000000000e+00 0.000000000000000000e+00
8.561022877693176270e-01 3.972288370132446289e-01 8.580057621002197266e-01 2.391670346260070801e-01 4.392883777618408203e-01 3.362696766853332520e-01 6.775343418121337891e-02 5.515006780624389648e-01 6.235908865928649902e-01 0.000000000000000000e+00 0.000000000000000000e+00 0.000000000000000000e+00
8.908171057701110840e-01 5.412240624427795410e-01 7.157095670700073242e-01 7.611835002899169922e-01 3.290693759918212891e-01 5.041801929473876953e-02 1.397418975830078125e-01 3.189377784729003906e-01 3.324310183525085449e-01 0.000000000000000000e+00 0.000000000000000000e+00 0.000000000000000000e+00
6.127144694328308105e-01 3.712933659553527832e-01 2.521564364433288574e-01 5.038316845893859863e-01 6.005317568778991699e-01 7.778313159942626953e-01 5.860269665718078613e-01 7.504540681838989258e-02 3.409387469291687012e-01 1.000000000000000000e+00 1.000000000000000000e+00 1.000000000000000000e+00
9.846456646919250488e-01 1.078065037727355957e-01 8.795089721679687500e-01 5.869474411010742188e-01 3.246252536773681641e-01 1.991541385650634766e-01 3.502222895622253418e-01 2.292459607124328613e-01 7.001205086708068848e-01 1.000000000000000000e+00 1.000000000000000000e+00 1.000000000000000000e+00
1.458421051502227783e-01 5.301361083984375000e-01 1.766694784164428711e-01 8.626383543014526367e-02 1.227750778198242188e-01 5.892168879508972168e-01 7.713365554809570312e-01 8.260346651077270508e-01 1.223464012145996094e-01 1.000000000000000000e+00 0.000000000000000000e+00 0.000000000000000000e+00
9.612803459167480469e-01 4.996295571327209473e-01 2.566583156585693359e-01 8.226854205131530762e-01 9.059696197509765625e-01 9.222499132156372070e-01 6.507732272148132324e-01 2.633887529373168945e-02 9.508744478225708008e-01 0.000000000000000000e+00 0.000000000000000000e+00 0.000000000000000000e+00
7.984956502914428711e-01 5.014482736587524414e-01 9.140477776527404785e-01 7.346869707107543945e-01 4.815605282783508301e-01 8.847330212593078613e-01 5.782712697982788086e-01 5.135810375213623047e-02 9.776413440704345703e-03 1.000000000000000000e+00 0.000000000000000000e+00 0.000000000000000000e+00
7.311297059059143066e-01 8.978439569473266602e-01 2.087973952293395996e-01 6.788129210472106934e-01 6.932866573333740234e-01 2.440458536148071289e-02 9.286483526229858398e-01 6.071852445602416992e-01 1.342906951904296875e-01 0.000000000000000000e+00 0.000000000000000000e+00 0.000000000000000000e+00
9.644530415534973145e-01 6.550986766815185547e-01 2.897943258285522461e-01 8.682740926742553711e-01 7.461652755737304688e-01 7.026767730712890625e-02 3.923259973526000977e-01 7.735683321952819824e-01 8.886308670043945312e-01 1.000000000000000000e+00 0.000000000000000000e+00 0.000000000000000000e+00
5.560827851295471191e-01 6.482285261154174805e-01 1.999926567077636719e-01 2.418171763420104980e-01 6.768233776092529297e-01 2.334661483764648438e-01 4.491129517555236816e-01 7.505396008491516113e-01 9.750835895538330078e-01 0.000000000000000000e+00 0.000000000000000000e+00 0.000000000000000000e+00
7.222501635551452637e-01 1.287475228309631348e-01 3.090420961380004883e-01 5.909063220024108887e-01 1.551204919815063477e-02 6.631617546081542969e-01 9.730203151702880859e-01 1.629313230514526367e-01 3.187468051910400391e-01 0.000000000000000000e+00 0.000000000000000000e+00 0.000000000000000000e+00
8.425318598747253418e-01 8.239105939865112305e-01 2.541301250457763672e-01 6.304254531860351562e-01 4.839322566986083984e-01 1.114656329154968262e-01 8.234363198280334473e-01 1.784209012985229492e-01 6.918582320213317871e-01 0.000000000000000000e+00 0.000000000000000000e+00 0.000000000000000000e+00
5.552324056625366211e-01 8.007994890213012695e-01 5.426200032234191895e-01 4.503792524337768555e-01 2.647861242294311523e-01 2.558201551437377930e-01 9.492226839065551758e-01 3.659123778343200684e-01 4.824219346046447754e-01 0.000000000000000000e+00 0.000000000000000000e+00 0.000000000000000000e+00
2.703863978385925293e-01 5.836952328681945801e-01 6.858076453208923340e-01 1.192769408226013184e-01 1.896578073501586914e-01 4.746637344360351562e-01 8.525599241256713867e-01 9.896366000175476074e-01 2.413387298583984375e-01 1.000000000000000000e+00 0.000000000000000000e+00 0.000000000000000000e+00
6.353748440742492676e-01 7.007078528404235840e-01 9.061411619186401367e-01 6.718303561210632324e-01 3.287255167961120605e-01 9.173233509063720703e-01 5.553033947944641113e-01 1.562709808349609375e-01 8.946349024772644043e-01 1.000000000000000000e+00 0.000000000000000000e+00 0.000000000000000000e+00
5.686961412429809570e-01 7.737759947776794434e-01 4.591584205627441406e-01 2.509731650352478027e-01 7.873740792274475098e-01 3.560783863067626953e-01 2.301762104034423828e-01 4.410105347633361816e-01 6.354926824569702148e-01 1.000000000000000000e+00 0.000000000000000000e+00 0.000000000000000000e+00
9.101840853691101074e-01 4.970759153366088867e-02 8.059888482093811035e-01 4.257058501243591309e-01 7.055165171623229980e-01 6.121912002563476562e-01 1.948884129524230957e-01 7.880108952522277832e-01 4.405840039253234863e-01 0.000000000000000000e+00 0.000000000000000000e+00 0.000000000000000000e+00
7.709376215934753418e-01 1.442730426788330078e-02 8.147851824760437012e-01 3.179964423179626465e-01 1.600183248519897461e-01 5.686648488044738770e-01 1.177372932434082031e-01 1.864073872566223145e-01 4.778251647949218750e-01 0.000000000000000000e+00 1.000000000000000000e+00 0.000000000000000000e+00
7.932015657424926758e-01 5.776574611663818359e-01 1.949888467788696289e-01 3.883115053176879883e-01 8.482424020767211914e-01 5.308991074562072754e-01 8.193376064300537109e-01 4.877992868423461914e-01 3.229528069496154785e-01 0.000000000000000000e+00 0.000000000000000000e+00 0.000000000000000000e+00
6.707890033721923828e-01 7.831516861915588379e-01 5.591719150543212891e-01 3.633227348327636719e-01 6.084210276603698730e-01 5.718179345130920410e-01 3.046056628227233887e-01 5.141975879669189453e-01 3.199673891067504883e-01 1.000000000000000000e+00 0.000000000000000000e+00 0.000000000000000000e+00
8.336097002029418945e-01 2.487539052963256836e-01 1.151773333549499512e-01 7.515047788619995117e-01 4.847511649131774902e-01 4.160507321357727051e-01 7.552033662796020508e-02 1.312861442565917969e-01 5.222573876380920410e-01 0.000000000000000000e+00 0.000000000000000000e+00 0.000000000000000000e+00
6.594401597976684570e-01 3.634791374206542969e-01 6.385427713394165039e-01 3.322079181671142578e-01 7.129669785499572754e-01 7.628290057182312012e-01 5.946893095970153809e-01 9.835088849067687988e-01 7.664239406585693359e-01 1.000000000000000000e+00 0.000000000000000000e+00 0.000000000000000000e+00
5.714102387428283691e-01 2.110611796379089355e-01 4.649758338928222656e-03 4.063184261322021484e-01 2.276747226715087891e-01 7.182791233062744141e-01 4.002467989921569824e-01 9.153954982757568359e-01 2.111390829086303711e-01 1.000000000000000000e+00 0.000000000000000000e+00 0.000000000000000000e+00
2.959857881069183350e-01 8.058027029037475586e-01 4.885262250900268555e-02 2.528544068336486816e-01 2.184820175170898438e-01 3.119335174560546875e-01 3.577163219451904297e-01 4.266058802604675293e-01 1.966243982315063477e-02 0.000000000000000000e+00 0.000000000000000000e+00 0.000000000000000000e+00
8.853620290756225586e-01 3.839558959007263184e-01 8.839594721794128418e-01 8.950620889663696289e-02 2.056386470794677734e-01 1.849656105041503906e-01 2.920085787773132324e-01 6.476183533668518066e-01 2.484223842620849609e-01 0.000000000000000000e+00 0.000000000000000000e+00 0.000000000000000000e+00
1.514206826686859131e-01 8.748352527618408203e-01 5.658329129219055176e-01 2.863824367523193359e-02 2.782821655273437500e-03 9.016960263252258301e-01 4.415758252143859863e-01 2.881854772567749023e-02 7.247074842453002930e-01 1.000000000000000000e+00 1.000000000000000000e+00 1.000000000000000000e+00
3.300280869007110596e-01 7.006867527961730957e-01 5.294837355613708496e-01 5.420198440551757812e-01 1.066395640373229980e-01 3.947684764862060547e-01 8.745932579040527344e-01 1.740568876266479492e-01 3.247735500335693359e-01 1.000000000000000000e+00 0.000000000000000000e+00 0.000000000000000000e+00
6.051940321922302246e-01 9.356552362442016602e-01 4.171633124351501465e-01 2.957572937011718750e-01 4.831444621086120605e-01 1.235053539276123047e-01 3.237627744674682617e-01 2.312321662902832031e-01 7.221738100051879883e-01 1.000000000000000000e+00 0.000000000000000000e+00 0.000000000000000000e+00
7.652115821838378906e-01 6.297037005424499512e-01 2.863618731498718262e-01 9.657251238822937012e-01 1.490895748138427734e-01 2.819524407386779785e-01 1.992081999778747559e-01 2.842938303947448730e-01 7.961179018020629883e-01 1.000000000000000000e+00 0.000000000000000000e+00 0.000000000000000000e+00
9.881283640861511230e-01 1.580363512039184570e-02 1.150345206260681152e-01 8.296598196029663086e-01 5.404573082923889160e-01 9.387177228927612305e-02 6.779847145080566406e-01 1.686097383499145508e-01 7.742750048637390137e-01 0.000000000000000000e+00 1.000000000000000000e+00 0.000000000000000000e+00
8.700082898139953613e-01 6.080262660980224609e-01 4.818339943885803223e-01 8.800849914550781250e-01 4.253706336021423340e-01 4.293255805969238281e-01 3.211256861686706543e-01 1.846688389778137207e-01 6.588193774223327637e-01 1.000000000000000000e+00 0.000000000000000000e+00 0.000000000000000000e+00
9.873812198638916016e-01 4.715104699134826660e-01 3.248330950736999512e-01 7.841525077819824219e-01 7.739364504814147949e-01 2.186954021453857422e-03 9.195262193679809570e-02 7.423698306083679199e-01 2.705311775207519531e-01 0.000000000000000000e+00 0.000000000000000000e+00 0.000000000000000000e+00
9.033891558647155762e-01 1.640743017196655273e-01 5.588698983192443848e-01 5.255568027496337891e-01 8.212576508522033691e-01 2.308616042137145996e-01 9.369660019874572754e-01 3.134920001029968262e-01 8.916732072830200195e-01 0.000000000000000000e+00 1.000000000000000000e+00 0.000000000000000000e+00
9.510003030300140381e-02 5.894378423690795898e-01 8.964610099792480469e-02 1.381965875625610352e-01 1.571238040924072266e-02 3.166423439979553223e-01 1.476741433143615723e-01 3.456577658653259277e-01 5.545595884323120117e-01 1.000000000000000000e+00 0.000000000000000000e+00 0.000000000000000000e+00
4.607724845409393311e-01 5.397750735282897949e-01 7.276708483695983887e-01 8.680015802383422852e-02 9.303534030914306641e-02 7.132959365844726562e-02 3.765213489532470703e-02 1.894052028656005859e-01 4.292574524879455566e-01 0.000000000000000000e+00 1.000000000000000000e+00 0.000000000000000000e+00
4.780024886131286621e-01 2.747334241867065430e-01 5.323570370674133301e-01 2.400130033493041992e-02 6.357938647270202637e-01 1.089808940887451172e-01 5.883861780166625977e-01 9.892828464508056641e-01 5.176013708114624023e-01 1.000000000000000000e+00 0.000000000000000000e+00 0.000000000000000000e+00
1.769725829362869263e-01 9.633972048759460449e-01 2.633447051048278809e-01 8.326649665832519531e-03 5.468420982360839844e-01 7.644679546356201172e-01 8.943073749542236328e-01 7.326382994651794434e-01 6.212705373764038086e-02 1.000000000000000000e+00 1.000000000000000000e+00 1.000000000000000000e+00
3.940093815326690674e-01 6.504307985305786133e-01 8.326134085655212402e-01 6.584727764129638672e-02 8.103377223014831543e-01 9.374791383743286133e-01 1.860538125038146973e-01 1.270461678504943848e-01 5.808131694793701172e-01 0.000000000000000000e+00 0.000000000000000000e+00 0.000000000000000000e+00
8.181702494621276855e-01 6.035826206207275391e-01 4.690195918083190918e-01 9.928784966468811035e-01 2.277371883392333984e-01 9.478551149368286133e-01 3.212506175041198730e-01 8.259063959121704102e-01 4.433768391609191895e-01 0.000000000000000000e+00 0.000000000000000000e+00 0.000000000000000000e+00
4.482942819595336914e-01 1.723219752311706543e-01 6.546884775161743164e-01 3.983515501022338867e-01 1.241087317466735840e-01 6.756718754768371582e-01 2.168373465538024902e-01 6.097775697708129883e-02 7.026439309120178223e-01 0.000000000000000000e+00 0.000000000000000000e+00 0.000000000000000000e+00
9.810601472854614258e-01 9.394735097885131836e-02 9.039767980575561523e-01 7.113919854164123535e-01 6.552441716194152832e-01 6.243530511856079102e-01 4.791675209999084473e-01 8.702054619789123535e-01 4.484340548515319824e-01 1.000000000000000000e+00 0.000000000000000000e+00 0.000000000000000000e+00
9.817504286766052246e-01 3.138930201530456543e-01 1.064103841781616211e-01 8.709304332733154297e-01 6.329841613769531250e-01 3.785053491592407227e-01 1.251686215400695801e-01 4.854351282119750977e-02 8.626759052276611328e-01 0.000000000000000000e+00 1.000000000000000000e+00 0.000000000000000000e+00
5.238283872604370117e-01 9.364969134330749512e-01 7.508919835090637207e-01 6.067926883697509766e-01 4.381765127182006836e-01 5.325141549110412598e-01 4.495841264724731445e-01 7.299697399139404297e-01 1.583987474441528320e-01 1.000000000000000000e+00 0.000000000000000000e+00 0.000000000000000000e+00
8.944902420043945312e-01 7.531629800796508789e-01 8.341413140296936035e-01 9.558311700820922852e-01 1.098991036415100098e-01 2.103179097175598145e-01 2.049445509910583496e-01 1.658567786216735840e-01 9.557067155838012695e-01 0.000000000000000000e+00 0.000000000000000000e+00 0.000000000000000000e+00
7.857588529586791992e-01 6.759136319160461426e-01 9.246050715446472168e-01 9.318931102752685547e-01 2.096383571624755859e-01 3.272834420204162598e-01 3.761811256408691406e-01 3.432325124740600586e-01 4.203084707260131836e-01 1.000000000000000000e+00 1.000000000000000000e+00 1.000000000000000000e+00
6.580840349197387695e-01 8.270070552825927734e-01 4.936894774436950684e-01 9.338182806968688965e-01 1.612814664840698242e-01 3.889752626419067383e-01 5.997416973114013672e-01 6.323293447494506836e-01 8.120441436767578125e-01 0.000000000000000000e+00 0.000000000000000000e+00 0.000000000000000000e+00
6.927734017372131348e-01 9.197028875350952148e-01 9.983308911323547363e-01 3.733169436454772949e-01 8.178049921989440918e-01 6.491919755935668945e-01 1.019837260246276855e-01 6.942250728607177734e-01 7.119054198265075684e-01 1.000000000000000000e+00 0.000000000000000000e+00 0.000000000000000000e+00
6.378727555274963379e-01 8.621796369552612305e-01 7.586445212364196777e-01 5.613608360290527344e-01 5.822420120239257812e-01 6.439106464385986328e-01 6.199010610580444336e-01 3.614890575408935547e-01 8.852990865707397461e-01 1.000000000000000000e+00 0.000000000000000000e+00 0.000000000000000000e+00
7.263821959495544434e-01 4.982192516326904297e-01 7.593066692352294922e-01 5.005556344985961914e-01 5.665310025215148926e-01 6.454638838768005371e-01 7.477964162826538086e-01 1.592141389846801758e-01 6.768823862075805664e-01 0.000000000000000000e+00 0.000000000000000000e+00 0.000000000000000000e+00
9.237472414970397949e-01 6.431716680526733398e-01 3.388910293579101562e-01 6.242613196372985840e-01 9.861043691635131836e-01 4.928652644157409668e-01 7.943415641784667969e-02 8.199915885925292969e-01 9.262408614158630371e-01 0.000000000000000000e+00 0.000000000000000000e+00 0.000000000000000000e+00
3.116454184055328369e-01 9.912794232368469238e-01 6.035009026527404785e-01 1.630091071128845215e-01 4.145594835281372070e-01 6.686035990715026855e-01 6.324468851089477539e-01 9.455183148384094238e-01 2.381205558776855469e-04 0.000000000000000000e+00 0.000000000000000000e+00 0.000000000000000000e+00
8.801672458648681641e-01 1.255054473876953125e-01 5.763005614280700684e-01 6.040803790092468262e-01 9.373919963836669922e-01 8.078708052635192871e-01 5.719039440155029297e-01 3.096055984497070312e-02 5.242478847503662109e-02 0.000000000000000000e+00 1.000000000000000000e+00 0.000000000000000000e+00
7.099136710166931152e-01 7.160628437995910645e-01 9.780194759368896484e-01 6.602972745895385742e-01 5.565658211708068848e-01 4.051516652107238770e-01 6.371964216232299805e-01 9.385077953338623047e-01 5.707769393920898438e-01 0.000000000000000000e+00 0.000000000000000000e+00 0.000000000000000000e+00
8.896065354347229004e-01 6.080126762390136719e-02 2.979117035865783691e-01 6.339765191078186035e-01 9.452903270721435547e-02 3.190690875053405762e-01 8.461389541625976562e-01 6.515081524848937988e-01 3.080425262451171875e-01 0.000000000000000000e+00 0.000000000000000000e+00 0.000000000000000000e+00
7.017832994461059570e-01 5.831590890884399414e-01 1.305337548255920410e-01 2.566598057746887207e-01 8.567170500755310059e-01 4.283168315887451172e-01 1.165227890014648438e-01 9.682464599609375000e-01 9.304202795028686523e-01 0.000000000000000000e+00 0.000000000000000000e+00 0.000000000000000000e+00
7.828286886215209961e-01 7.788290381431579590e-01 2.101075053215026855e-01 7.632659077644348145e-01 2.395517230033874512e-01 1.944574713706970215e-01 3.452052474021911621e-01 4.884788990020751953e-01 5.345299243927001953e-01 0.000000000000000000e+00 0.000000000000000000e+00 0.000000000000000000e+00
9.709889888763427734e-01 1.278911828994750977e-01 4.256879687309265137e-01 6.963756084442138672e-01 5.214074254035949707e-01 2.196549773216247559e-01 7.678295373916625977e-01 7.537519931793212891e-01 9.614351391792297363e-01 1.000000000000000000e+00 0.000000000000000000e+00 0.000000000000000000e+00
1.295591443777084351e-01 5.457242727279663086e-01 4.007737636566162109e-01 2.180874347686767578e-02 2.870720624923706055e-02 3.798440098762512207e-01 8.661764264106750488e-01 6.240308284759521484e-01 4.963741898536682129e-01 0.000000000000000000e+00 0.000000000000000000e+00 0.000000000000000000e+00
9.991594552993774414e-01 1.035233139991760254e-01 2.605604529380798340e-01 9.758833050727844238e-01 7.284041643142700195e-01 1.488548517227172852e-02 6.197179555892944336e-01 5.377093553543090820e-01 8.556265234947204590e-01 1.000000000000000000e+00 0.000000000000000000e+00 0.000000000000000000e+00
9.857197403907775879e-01 2.768934369087219238e-01 9.288890957832336426e-01 1.012229919433593750e-01 8.653579354286193848e-01 1.433487534523010254e-01 6.740961670875549316e-01 3.771857619285583496e-01 2.672120332717895508e-01 0.000000000000000000e+00 0.000000000000000000e+00 0.000000000000000000e+00
9.695671796798706055e-01 2.508816123008728027e-01 7.164603471755981445e-01 7.361941933631896973e-01 8.491901755332946777e-01 4.154073596000671387e-01 8.605716824531555176e-01 7.953569293022155762e-01 4.624837040901184082e-01 0.000000000000000000e+00 0.000000000000000000e+00 0.000000000000000000e+00
9.181072115898132324e-01 4.418032765388488770e-01 4.793041944503784180e-02 7.853454351425170898e-01 9.067425131797790527e-01 6.909629106521606445e-01 3.933461904525756836e-01 8.556950092315673828e-02 4.280819892883300781e-01 0.000000000000000000e+00 1.000000000000000000e+00 0.000000000000000000e+00
5.431966185569763184e-01 5.199688076972961426e-01 9.916695952415466309e-01 4.781025648117065430e-01 3.285023570060729980e-01 6.359314322471618652e-01 5.477524399757385254e-01 2.292597293853759766e-01 2.106283307075500488e-01 0.000000000000000000e+00 0.000000000000000000e+00 0.000000000000000000e+00
7.480135560035705566e-02 6.065589189529418945e-02 2.211564779281616211e-01 1.884937286376953125e-03 8.407705426216125488e-01 2.438590526580810547e-01 2.307524085044860840e-01 1.414112448692321777e-01 1.323609352111816406e-01 0.000000000000000000e+00 1.000000000000000000e+00 0.000000000000000000e+00
8.835244774818420410e-01 5.582611560821533203e-01 6.629315614700317383e-01 5.591574311256408691e-01 7.475884556770324707e-01 1.248118877410888672e-01 7.691878080368041992e-01 4.634695649147033691e-01 2.222672700881958008e-01 0.000000000000000000e+00 0.000000000000000000e+00 0.000000000000000000e+00
9.482148289680480957e-01 7.124884724617004395e-01 3.547936677932739258e-02 8.178936243057250977e-01 9.299991130828857422e-01 3.621716499328613281e-01 8.451788425445556641e-01 5.545562505722045898e-02 4.153161644935607910e-01 0.000000000000000000e+00 0.000000000000000000e+00 0.000000000000000000e+00
8.933349698781967163e-02 5.545489788055419922e-01 1.837643384933471680e-01 1.696163415908813477e-01 2.025213241577148438e-01 6.758347153663635254e-01 3.718847036361694336e-01 9.532821178436279297e-02 8.458740115165710449e-01 0.000000000000000000e+00 1.000000000000000000e+00 0.000000000000000000e+00
6.895210146903991699e-01 6.204235553741455078e-01 8.442866206169128418e-01 6.005312204360961914e-01 4.901431798934936523e-01 8.503352999687194824e-01 9.204061627388000488e-01 5.926126837730407715e-01 9.509029984474182129e-01 0.000000000000000000e+00 0.000000000000000000e+00 0.000000000000000000e+00
6.162898540496826172e-01 2.634130716323852539e-01 1.230870485305786133e-01 3.812345266342163086e-01 6.823501586914062500e-01 7.916263937950134277e-01 4.623500704765319824e-01 2.126276493072509766e-01 3.715963363647460938e-01 1.000000000000000000e+00 1.000000000000000000e+00 1.000000000000000000e+00
7.515177130699157715e-01 4.655102491378784180e-01 8.924589157104492188e-01 1.988058090209960938e-01 2.285193800926208496e-01 4.305862784385681152e-01 9.015753865242004395e-01 1.260643601417541504e-01 2.960641980171203613e-01 0.000000000000000000e+00 0.000000000000000000e+00 0.000000000000000000e+00
9.165875911712646484e-01 6.867441534996032715e-01 9.075893163681030273e-01 9.390006661415100098e-01 7.754448056221008301e-01 7.396838665008544922e-01 7.501992583274841309e-01 1.627734303474426270e-01 7.238109707832336426e-01 0.000000000000000000e+00 0.000000000000000000e+00 0.000000000000000000e+00
9.396179318428039551e-01 2.078779339790344238e-01 9.567338228225708008e-02 9.829381704330444336e-01 8.525621891021728516e-02 5.098445415496826172e-01 2.357963919639587402e-01 9.342219233512878418e-01 9.521228075027465820e-02 0.000000000000000000e+00 1.000000000000000000e+00 0.000000000000000000e+00
5.909242630004882812e-01 6.791913509368896484e-02 5.685776472091674805e-02 4.125488400459289551e-01 4.151468276977539062e-01 2.389359474182128906e-02 3.409458398818969727e-01 1.971253156661987305e-01 7.461764216423034668e-01 0.000000000000000000e+00 0.000000000000000000e+00 0.000000000000000000e+00
8.121654987335205078e-01 8.542135953903198242e-01 3.417493104934692383e-01 3.348934650421142578e-01 9.077280759811401367e-01 1.246399283409118652e-01 9.172213077545166016e-01 9.202182292938232422e-03 5.933424830436706543e-01 0.000000000000000000e+00 0.000000000000000000e+00 0.000000000000000000e+00
3.831060528755187988e-01 2.072312235832214355e-01 1.883426308631896973e-01 4.713686108589172363e-01 8.239346742630004883e-02 4.297896623611450195e-01 1.241101622581481934e-01 3.344529867172241211e-02 3.278744220733642578e-02 0.000000000000000000e+00 0.000000000000000000e+00 0.000000000000000000e+00
8.392341732978820801e-01 1.988466382026672363e-01 3.034073114395141602e-02 4.701907038688659668e-01 7.240583300590515137e-01 5.619782209396362305e-01 1.095491647720336914e-02 2.713954448699951172e-02 7.190031409263610840e-01 1.000000000000000000e+00 1.000000000000000000e+00 1.000000000000000000e+00
9.750694036483764648e-01 1.253841519355773926e-01 4.681038856506347656e-02 8.411503434181213379e-01 8.028092384338378906e-01 6.788306236267089844e-01 1.263380050659179688e-01 1.088931560516357422e-01 2.698123455047607422e-01 0.000000000000000000e+00 1.000000000000000000e+00 0.000000000000000000e+00
5.706762075424194336e-01 4.668986797332763672e-01 8.227347731590270996e-01 2.459172010421752930e-01 4.156165719032287598e-01 4.841403365135192871e-01 8.172357678413391113e-01 7.777532935142517090e-01 4.671335220336914062e-02 0.000000000000000000e+00 0.000000000000000000e+00 0.000000000000000000e+00
2.947423756122589111e-01 6.239140033721923828e-01 3.840868473052978516e-01 2.537069916725158691e-01 1.390102505683898926e-01 8.799667954444885254e-01 6.385225057601928711e-02 6.049519777297973633e-02 9.271943569183349609e-01 0.000000000000000000e+00 0.000000000000000000e+00 0.000000000000000000e+00
7.219054102897644043e-01 8.145920038223266602e-01 5.762398242950439453e-01 3.472775220870971680e-01 6.403973698616027832e-01 2.218824625015258789e-01 9.824073314666748047e-01 4.133982658386230469e-01 6.239757537841796875e-01 0.000000000000000000e+00 0.000000000000000000e+00 0.000000000000000000e+00
6.134729385375976562e-01 5.096583962440490723e-01 9.153359532356262207e-01 1.955622434616088867e-01 6.918099522590637207e-01 6.290218830108642578e-01 6.304156184196472168e-01 5.125832557678222656e-02 2.168095111846923828e-02 0.000000000000000000e+00 0.000000000000000000e+00 0.000000000000000000e+00
6.015786528587341309e-01 9.716835021972656250e-01 1.532572507858276367e-01 6.922232508659362793e-01 1.636885404586791992e-01 9.929412603378295898e-02 7.131123542785644531e-02 5.903141498565673828e-01 8.184649348258972168e-01 0.000000000000000000e+00 0.000000000000000000e+00 0.000000000000000000e+00
9.825066328048706055e-01 1.361613273620605469e-01 9.874141216278076172e-01 5.295829176902770996e-01 9.091412425041198730e-01 7.460404038429260254e-01 3.807323575019836426e-01 9.793936014175415039e-01 1.478543281555175781e-01 0.000000000000000000e+00 0.000000000000000000e+00 0.000000000000000000e+00
2.666751742362976074e-01 7.650013566017150879e-01 1.399749517440795898e-01 4.375798106193542480e-01 8.247238397598266602e-02 6.761512160301208496e-01 6.716018319129943848e-01 8.771107792854309082e-01 3.980557322502136230e-01 0.000000000000000000e+00 0.000000000000000000e+00 0.000000000000000000e+00
5.465826392173767090e-01 5.708396434783935547e-02 2.753178477287292480e-01 2.938842177391052246e-01 9.892253875732421875e-01 8.661172986030578613e-01 7.262130975723266602e-01 9.668733477592468262e-01 7.146239280700683594e-02 1.000000000000000000e+00 1.000000000000000000e+00 1.000000000000000000e+00
9.418864250183105469e-01 7.395720481872558594e-02 4.084678292274475098e-01 5.440233945846557617e-01 7.360453605651855469e-01 3.902385234832763672e-01 1.134753227233886719e-02 3.542215228080749512e-01 5.503493547439575195e-01 0.000000000000000000e+00 0.000000000000000000e+00 0.000000000000000000e+00
6.904105544090270996e-01 2.506172060966491699e-01 6.126929521560668945e-01 6.773629188537597656e-01 2.019895315170288086e-01 9.767020940780639648e-01 7.815221548080444336e-01 1.542364954948425293e-01 9.598001837730407715e-01 0.000000000000000000e+00 1.000000000000000000e+00 0.000000000000000000e+00
8.416643738746643066e-01 2.043108940124511719e-01 5.546731352806091309e-01 2.712837457656860352e-01 9.452724456787109375e-01 3.871755599975585938e-01 4.075938463211059570e-02 9.717001914978027344e-01 5.588202476501464844e-01 0.000000000000000000e+00 0.000000000000000000e+00 0.000000000000000000e+00
8.265209794044494629e-01 5.440535545349121094e-01 1.961559057235717773e-01 8.355656266212463379e-01 3.591411709785461426e-01 3.818950057029724121e-01 1.495931148529052734e-01 3.042430877685546875e-01 7.740097641944885254e-01 0.000000000000000000e+00 0.000000000000000000e+00 0.000000000000000000e+00
3.968206942081451416e-01 9.980947375297546387e-01 2.555788755416870117e-01 1.181285977363586426e-01 9.778326153755187988e-01 8.417648077011108398e-01 7.585973143577575684e-01 5.836845040321350098e-01 4.359642267227172852e-01 1.000000000000000000e+00 0.000000000000000000e+00 0.000000000000000000e+00
9.670959711074829102e-01 2.407684922218322754e-01 2.155631780624389648e-01 9.186711311340332031e-01 4.699869155883789062e-01 9.281513094902038574e-01 5.087525248527526855e-01 1.164937019348144531e-02 4.974447488784790039e-01 0.000000000000000000e+00 1.000000000000000000e+00 0.000000000000000000e+00
2.570304870605468750e-01 8.677991032600402832e-01 7.816312909126281738e-01 7.931821346282958984e-01 1.941806077957153320e-02 9.640395641326904297e-01 7.917011380195617676e-01 9.080433249473571777e-01 1.483111977577209473e-01 0.000000000000000000e+00 1.000000000000000000e+00 0.000000000000000000e+00
1.897496134042739868e-01 6.841172575950622559e-01 3.357267379760742188e-02 5.763023495674133301e-01 7.346451282501220703e-02 6.178998947143554688e-01 7.409849166870117188e-01 1.524711251258850098e-01 6.246316432952880859e-02 1.000000000000000000e+00 1.000000000000000000e+00 1.000000000000000000e+00
7.319518923759460449e-01 1.819083094596862793e-01 3.720647692680358887e-01 3.568307757377624512e-01 9.264258146286010742e-01 5.131951570510864258e-01 7.409514188766479492e-01 1.169252395629882812e-01 5.055573582649230957e-01 0.000000000000000000e+00 1.000000000000000000e+00 0.000000000000000000e+00
7.191318869590759277e-01 7.224249243736267090e-01 6.976531147956848145e-01 8.211774826049804688e-01 7.815185785293579102e-01 7.653299570083618164e-01 2.471920251846313477e-01 5.034654736518859863e-01 1.824074387550354004e-01 1.000000000000000000e+00 0.000000000000000000e+00 0.000000000000000000e+00
6.590353846549987793e-01 6.863769888877868652e-01 6.509004235267639160e-01 4.183509945869445801e-01 6.746823787689208984e-01 1.738933324813842773e-01 3.550378680229187012e-01 2.298376560211181641e-01 9.685026407241821289e-01 1.000000000000000000e+00 0.000000000000000000e+00 0.000000000000000000e+00
5.404660105705261230e-01 7.332924008369445801e-01 3.122726082801818848e-01 9.936311244964599609e-01 1.730191707611083984e-02 3.894392251968383789e-01 6.795426607131958008e-01 7.812403440475463867e-01 9.439707994461059570e-01 0.000000000000000000e+00 0.000000000000000000e+00 0.000000000000000000e+00
8.479482531547546387e-01 9.021097421646118164e-02 5.841938257217407227e-01 1.396566033363342285e-01 9.978211522102355957e-01 8.294028043746948242e-01 8.078746795654296875e-01 7.343317270278930664e-01 1.521863341331481934e-01 0.000000000000000000e+00 0.000000000000000000e+00 0.000000000000000000e+00
4.320808649063110352e-01 9.519845247268676758e-01 9.840170741081237793e-01 5.160292387008666992e-01 4.372090101242065430e-01 5.865077376365661621e-01 3.905408978462219238e-01 4.068647027015686035e-01 2.289949655532836914e-01 0.000000000000000000e+00 0.000000000000000000e+00 0.000000000000000000e+00
6.495775580406188965e-01 1.352331042289733887e-01 7.471756339073181152e-01 4.108949899673461914e-01 2.890803217887878418e-01 8.796583414077758789e-01 8.242647051811218262e-01 7.014782428741455078e-01 5.460388064384460449e-01 0.000000000000000000e+00 0.000000000000000000e+00 0.000000000000000000e+00
9.901090860366821289e-01 4.350507259368896484e-02 8.724253773689270020e-01 9.594582319259643555e-01 1.828054785728454590e-01 3.738778829574584961e-01 6.592801809310913086e-01 3.799858689308166504e-01 2.689125537872314453e-01 0.000000000000000000e+00 1.000000000000000000e+00 0.000000000000000000e+00
5.738546848297119141e-01 8.007884621620178223e-01 7.706856131553649902e-01 1.903402805328369141e-01 9.712343215942382812e-01 6.884384155273437500e-01 6.105232238769531250e-01 2.809943556785583496e-01 9.323441982269287109e-02 1.000000000000000000e+00 0.000000000000000000e+00 0.000000000000000000e+00
9.254263639450073242e-01 2.819774150848388672e-01 4.918857216835021973e-01 6.506158709526062012e-01 5.385912060737609863e-01 5.609472990036010742e-01 8.893664479255676270e-01 9.068325161933898926e-01 9.017153382301330566e-01 0.000000000000000000e+00 0.000000000000000000e+00 0.000000000000000000e+00
6.533227562904357910e-01 2.767359614372253418e-01 5.688207149505615234e-01 5.680786967277526855e-01 2.429131269454956055e-01 9.247969388961791992e-01 2.172852158546447754e-01 5.425608158111572266e-02 8.433858156204223633e-01 0.000000000000000000e+00 0.000000000000000000e+00 0.000000000000000000e+00
9.989594221115112305e-01 9.828150272369384766e-03 8.703601360321044922e-01 8.996094465255737305e-01 7.196896672248840332e-01 4.376310110092163086e-02 2.174015641212463379e-01 9.881663918495178223e-01 3.811789155006408691e-01 0.000000000000000000e+00 0.000000000000000000e+00 0.000000000000000000e+00
5.230388641357421875e-01 3.216069936752319336e-01 6.062916517257690430e-01 2.657633423805236816e-01 3.325112462043762207e-01 9.798035025596618652e-01 9.195494055747985840e-01 3.992496728897094727e-01 7.281609773635864258e-01 1.000000000000000000e+00 0.000000000000000000e+00 0.000000000000000000e+00
4.163070917129516602e-01 6.536870002746582031e-01 2.199764251708984375e-01 4.229933619499206543e-01 2.376574873924255371e-01 5.219678282737731934e-01 3.043121099472045898e-02 3.208482861518859863e-01 3.718127012252807617e-01 0.000000000000000000e+00 0.000000000000000000e+00 0.000000000000000000e+00
3.084357082843780518e-01 6.316614747047424316e-01 9.615528583526611328e-02 2.035555243492126465e-01 1.831653118133544922e-01 7.725493907928466797e-01 6.484593749046325684e-01 4.431174397468566895e-01 5.913865566253662109e-01 0.000000000000000000e+00 0.000000000000000000e+00 0.000000000000000000e+00
7.746462225914001465e-01 8.489309549331665039e-01 1.833516359329223633e-02 6.435306668281555176e-01 6.652641296386718750e-01 8.204356431961059570e-01 6.965268254280090332e-01 2.315216660499572754e-01 7.681058049201965332e-01 1.000000000000000000e+00 0.000000000000000000e+00 0.000000000000000000e+00
6.609426736831665039e-01 9.780303239822387695e-01 1.845303773880004883e-01 9.766369462013244629e-01 2.140411138534545898e-01 8.992252349853515625e-01 2.770073413848876953e-01 3.134427666664123535e-01 3.191235661506652832e-01 1.000000000000000000e+00 0.000000000000000000e+00 0.000000000000000000e+00
8.248639106750488281e-01 6.166316866874694824e-01 9.267359375953674316e-01 6.556416153907775879e-01 4.096422195434570312e-01 3.766821026802062988e-01 5.155754089355468750e-01 5.655633211135864258e-01 7.573013305664062500e-01 0.000000000000000000e+00 0.000000000000000000e+00 0.000000000000000000e+00
9.899274706840515137e-01 2.057147622108459473e-01 2.974041700363159180e-01 6.469922065734863281e-01 6.527841687202453613e-01 6.212681531906127930e-02 7.939505577087402344e-02 4.383726716041564941e-01 9.762090444564819336e-01 0.000000000000000000e+00 0.000000000000000000e+00 0.000000000000000000e+00
9.411741495132446289e-01 5.827128887176513672e-03 1.794700622558593750e-01 7.181568741798400879e-01 9.686639904975891113e-01 9.345485568046569824e-01 3.100318908691406250e-01 6.995897293090820312e-01 2.634610533714294434e-01 0.000000000000000000e+00 0.000000000000000000e+00 0.000000000000000000e+00
5.926585793495178223e-01 9.220241904258728027e-01 6.573997735977172852e-01 9.748570919036865234e-01 4.101330041885375977e-02 2.578480243682861328e-01 5.267242193222045898e-01 9.342286586761474609e-01 7.820758223533630371e-01 0.000000000000000000e+00 0.000000000000000000e+00 0.000000000000000000e+00
9.562884569168090820e-01 6.108283400535583496e-01 6.380246281623840332e-01 8.217054605484008789e-01 8.490108251571655273e-01 7.162362337112426758e-01 8.900461196899414062e-01 4.136809110641479492e-01 8.336871266365051270e-01 0.000000000000000000e+00 0.000000000000000000e+00 0.000000000000000000e+00
8.852164149284362793e-01 6.077969074249267578e-01 9.301054477691650391e-01 3.894631862640380859e-01 7.385792732238769531e-01 4.062434434890747070e-01 8.255685567855834961e-01 3.014702796936035156e-01 4.810685515403747559e-01 0.000000000000000000e+00 0.000000000000000000e+00 0.000000000000000000e+00
6.370033621788024902e-01 9.985159635543823242e-01 3.693711757659912109e-02 1.736331582069396973e-01 7.751067280769348145e-01 9.129484891891479492e-01 4.209107160568237305e-01 8.509542346000671387e-01 8.574019074440002441e-01 0.000000000000000000e+00 0.000000000000000000e+00 0.000000000000000000e+00
7.049547433853149414e-01 1.880596876144409180e-01 2.199226617813110352e-01 3.993853330612182617e-01 5.361250638961791992e-01 1.847009062767028809e-01 1.105868220329284668e-01 2.192863225936889648e-01 2.267093658447265625e-01 1.000000000000000000e+00 0.000000000000000000e+00 0.000000000000000000e+00
4.295784235000610352e-01 8.709914088249206543e-01 1.765602827072143555e-02 6.076688766479492188e-01 2.725594043731689453e-01 3.762860298156738281e-01 3.787550330162048340e-01 5.564016103744506836e-01 7.607198953628540039e-01 0.000000000000000000e+00 0.000000000000000000e+00 0.000000000000000000e+00
3.973148167133331299e-01 3.981177210807800293e-01 1.860678791999816895e-01 2.405275106430053711e-01 6.064932346343994141e-01 7.502187490463256836e-01 8.875837326049804688e-01 6.555422544479370117e-01 9.912747144699096680e-01 1.000000000000000000e+00 0.000000000000000000e+00 0.000000000000000000e+00
9.261435270309448242e-01 1.260702013969421387e-01 1.332879066467285156e-02 8.105884194374084473e-01 3.550188541412353516e-01 7.470864653587341309e-01 7.594370841979980469e-02 3.863074779510498047e-01 1.929537653923034668e-01 0.000000000000000000e+00 0.000000000000000000e+00 0.000000000000000000e+00
6.271596550941467285e-01 8.992907404899597168e-01 6.401392817497253418e-01 3.645569682121276855e-01 4.157478213310241699e-01 1.665713787078857422e-01 9.739417433738708496e-01 9.392011761665344238e-01 2.581079602241516113e-01 1.000000000000000000e+00 0.000000000000000000e+00 0.000000000000000000e+00
2.822568416595458984e-01 5.085453391075134277e-01 2.278953790664672852e-02 4.783011078834533691e-01 2.170938253402709961e-02 1.744153499603271484e-01 6.209762096405029297e-01 5.571998953819274902e-01 4.712629318237304688e-02 0.000000000000000000e+00 1.000000000000000000e+00 0.000000000000000000e+00
2.531484365463256836e-01 8.194906115531921387e-01 7.854291200637817383e-01 3.222517371177673340e-01 3.533428907394409180e-02 4.361099004745483398e-01 9.016361832618713379e-01 5.642694234848022461e-01 3.521308302879333496e-01 1.000000000000000000e+00 0.000000000000000000e+00 0.000000000000000000e+00
5.026074647903442383e-01 2.832523584365844727e-01 5.559350848197937012e-01 3.581877946853637695e-01 4.828093647956848145e-01 5.220540761947631836e-01 1.492018699645996094e-01 6.580646038055419922e-01 7.732197642326354980e-01 1.000000000000000000e+00 0.000000000000000000e+00 0.000000000000000000e+00
9.946617484092712402e-01 2.810890078544616699e-01 1.215272545814514160e-01 9.582872390747070312e-01 7.907658815383911133e-01 3.650684952735900879e-01 8.484841585159301758e-01 2.774795889854431152e-01 6.338902115821838379e-01 0.000000000000000000e+00 0.000000000000000000e+00 0.000000000000000000e+00
7.092565298080444336e-01 9.159035086631774902e-01 4.379604458808898926e-01 7.261905074119567871e-01 5.261558294296264648e-01 6.384865641593933105e-01 4.949557781219482422e-01 1.557563543319702148e-01 3.740406036376953125e-01 1.000000000000000000e+00 0.000000000000000000e+00 0.000000000000000000e+00
6.514505743980407715e-01 6.887590885162353516e-02 8.006213903427124023e-01 2.595638036727905273e-01 4.386394023895263672e-01 9.927507638931274414e-01 1.369622945785522461e-01 2.106458544731140137e-01 5.204001069068908691e-01 0.000000000000000000e+00 1.000000000000000000e+00 0.000000000000000000e+00
4.774135053157806396e-01 4.173598289489746094e-01 6.291908621788024902e-01 5.606006979942321777e-01 4.718260765075683594e-01 5.839707255363464355e-01 5.561183691024780273e-01 9.419407248497009277e-01 8.014890551567077637e-01 0.000000000000000000e+00 0.000000000000000000e+00 0.000000000000000000e+00
7.614293694496154785e-01 3.370944857597351074e-01 8.634625673294067383e-01 8.001719713211059570e-01 5.107718706130981445e-02 6.197248697280883789e-01 3.099867105484008789e-01 9.150011539459228516e-01 2.746025323867797852e-01 1.000000000000000000e+00 0.000000000000000000e+00 0.000000000000000000e+00
9.255769848823547363e-01 8.344173431396484375e-03 7.363287806510925293e-01 3.620047569274902344e-01 9.641404747962951660e-01 9.881734251976013184e-01 2.533091306686401367e-01 6.986510753631591797e-02 4.631564021110534668e-01 0.000000000000000000e+00 1.000000000000000000e+00 0.000000000000000000e+00
2.204211503267288208e-01 2.107493877410888672e-01 3.771002888679504395e-01 1.938267350196838379e-01 5.150656104087829590e-01 9.090707302093505859e-01 4.967048764228820801e-01 9.402782320976257324e-01 5.547107458114624023e-01 0.000000000000000000e+00 0.000000000000000000e+00 0.000000000000000000e+00
2.910102605819702148e-01 4.261530041694641113e-01 7.243553996086120605e-01 3.302980065345764160e-01 8.740955591201782227e-02 7.156885862350463867e-01 5.089043378829956055e-01 9.923215508460998535e-01 9.863062500953674316e-01 0.000000000000000000e+00 0.000000000000000000e+00 0.000000000000000000e+00
9.015376567840576172e-01 6.862649917602539062e-01 2.548009157180786133e-02 8.749015331268310547e-01 4.639124870300292969e-01 2.502150535583496094e-01 1.371333003044128418e-01 1.080041527748107910e-01 2.304025888442993164e-01 0.000000000000000000e+00 1.000000000000000000e+00 0.000000000000000000e+00
9.611299037933349609e-01 1.228155493736267090e-01 7.083654403686523438e-01 9.444957971572875977e-02 8.449943065643310547e-01 1.991091370582580566e-01 1.267633438110351562e-01 7.985262870788574219e-01 8.858326673507690430e-01 0.000000000000000000e+00 0.000000000000000000e+00 0.000000000000000000e+00
4.195154011249542236e-01 1.518884897232055664e-01 2.287517189979553223e-01 4.917843341827392578e-01 1.879684329032897949e-01 4.584146738052368164e-01 1.771869063377380371e-01 3.212944269180297852e-01 5.345619320869445801e-01 1.000000000000000000e+00 0.000000000000000000e+00 0.000000000000000000e+00
1.697307825088500977e-01 5.693055987358093262e-01 5.982338786125183105e-01 5.554682016372680664e-02 2.706800699234008789e-01 8.101518154144287109e-01 6.495797038078308105e-01 1.132057905197143555e-01 9.388912320137023926e-01 0.000000000000000000e+00 0.000000000000000000e+00 0.000000000000000000e+00
8.220630288124084473e-01 5.071108341217041016e-01 1.758735179901123047e-01 8.375182151794433594e-01 6.978856921195983887e-01 4.788924455642700195e-01 7.256939411163330078e-01 1.226232051849365234e-01 5.385524034500122070e-01 0.000000000000000000e+00 0.000000000000000000e+00 0.000000000000000000e+00
5.082886219024658203e-01 7.092521786689758301e-01 8.698871731758117676e-01 3.206571936607360840e-01 3.560281991958618164e-01 3.810673356056213379e-01 6.420025229454040527e-01 7.879733443260192871e-01 3.159118294715881348e-01 0.000000000000000000e+00 0.000000000000000000e+00 0.000000000000000000e+00
8.522667884826660156e-01 6.218912005424499512e-01 9.043729305267333984e-01 4.501544833183288574e-01 7.995373010635375977e-01 4.324177503585815430e-01 3.308725357055664062e-02 2.682824730873107910e-01 8.540627956390380859e-01 0.000000000000000000e+00 0.000000000000000000e+00 0.000000000000000000e+00
4.954278469085693359e-01 7.181254625320434570e-01 6.803146600723266602e-01 4.159967899322509766e-01 5.178402662277221680e-01 3.890897035598754883e-01 4.081042408943176270e-01 7.788658142089843750e-03 5.041573643684387207e-01 1.000000000000000000e+00 0.000000000000000000e+00 0.000000000000000000e+00
5.868663787841796875e-01 9.214216470718383789e-01 4.204268455505371094e-01 7.431876659393310547e-01 1.606201529502868652e-01 4.035508632659912109e-02 9.487888813018798828e-01 1.810261607170104980e-01 7.819507718086242676e-01 0.000000000000000000e+00 0.000000000000000000e+00 0.000000000000000000e+00
9.835657477378845215e-01 1.344835758209228516e-02 3.142181634902954102e-01 7.029391527175903320e-01 5.579597949981689453e-01 2.248298525810241699e-01 9.861536622047424316e-01 9.825003743171691895e-01 3.853504061698913574e-01 0.000000000000000000e+00 0.000000000000000000e+00 0.000000000000000000e+00
5.578970313072204590e-01 8.249836564064025879e-01 2.442430257797241211e-01 6.679735779762268066e-01 3.471909165382385254e-01 7.514245510101318359e-01 2.079511284828186035e-01 1.871300935745239258e-01 7.195150852203369141e-01 0.000000000000000000e+00 0.000000000000000000e+00 0.000000000000000000e+00
5.599367022514343262e-01 3.698934912681579590e-01 1.312403082847595215e-01 2.687910199165344238e-01 8.416702151298522949e-01 9.612051844596862793e-01 3.403283357620239258e-01 9.759578704833984375e-01 4.164128899574279785e-01 1.000000000000000000e+00 0.000000000000000000e+00 0.000000000000000000e+00
1.008742973208427429e-01 6.503498554229736328e-01 1.395565271377563477e-02 1.372562050819396973e-01 2.124244570732116699e-01 7.148600816726684570e-01 3.851202130317687988e-01 3.125174641609191895e-01 9.401442408561706543e-01 0.000000000000000000e+00 0.000000000000000000e+00 0.000000000000000000e+00
9.005070924758911133e-01 3.723024129867553711e-01 8.606568574905395508e-01 5.967869162559509277e-01 3.657710552215576172e-01 3.784667253494262695e-01 2.142609953880310059e-01 3.596179485321044922e-01 8.825793266296386719e-01 1.000000000000000000e+00 0.000000000000000000e+00 0.000000000000000000e+00
9.051086902618408203e-01 1.186814308166503906e-01 8.215947151184082031e-01 1.149850487709045410e-01 7.560045719146728516e-01 7.709032893180847168e-01 6.627522110939025879e-01 2.182061076164245605e-01 9.672296643257141113e-01 1.000000000000000000e+00 0.000000000000000000e+00 0.000000000000000000e+00
6.063809394836425781e-01 8.113769292831420898e-01 3.244916796684265137e-01 6.503533720970153809e-01 2.363995313644409180e-01 2.958126068115234375e-01 2.014006972312927246e-01 9.009718298912048340e-01 5.040646195411682129e-01 1.000000000000000000e+00 0.000000000000000000e+00 0.000000000000000000e+00
9.582669734954833984e-01 2.635828852653503418e-01 3.098756670951843262e-01 8.407820463180541992e-01 7.340412735939025879e-01 4.606496095657348633e-01 8.333942890167236328e-01 1.489050388336181641e-01 2.605497837066650391e-01 0.000000000000000000e+00 0.000000000000000000e+00 0.000000000000000000e+00
9.860311746597290039e-01 3.362782001495361328e-01 6.587145328521728516e-01 8.342072367668151855e-01 6.687023043632507324e-01 2.557641267776489258e-02 5.830003619194030762e-01 4.249716997146606445e-01 7.538983821868896484e-01 0.000000000000000000e+00 1.000000000000000000e+00 0.000000000000000000e+00
2.181281894445419312e-01 9.626510143280029297e-01 1.330839395523071289e-01 8.195292949676513672e-02 3.326503634452819824e-01 7.532714009284973145e-01 7.360458970069885254e-01 2.950837016105651855e-01 9.227518439292907715e-01 0.000000000000000000e+00 0.000000000000000000e+00 0.000000000000000000e+00
4.199616909027099609e-01 3.788280487060546875e-01 7.432973384857177734e-02 4.316288232803344727e-02 8.661912083625793457e-01 3.919696807861328125e-02 7.764618992805480957e-01 5.708745121955871582e-01 9.736979603767395020e-01 0.000000000000000000e+00 0.000000000000000000e+00 0.000000000000000000e+00
7.354144454002380371e-01 3.740848302841186523e-01 1.900904774665832520e-01 6.354874372482299805e-01 6.540215015411376953e-01 8.342790603637695312e-01 7.940262556076049805e-01 6.753496527671813965e-01 8.072910904884338379e-01 1.000000000000000000e+00 0.000000000000000000e+00 0.000000000000000000e+00
2.529832720756530762e-01 6.730996370315551758e-01 6.959621310234069824e-01 1.864624023437500000e-02 2.133393287658691406e-02 9.560601711273193359e-01 4.512410759925842285e-01 4.750627875328063965e-01 6.847246885299682617e-01 1.000000000000000000e+00 0.000000000000000000e+00 0.000000000000000000e+00
2.600315213203430176e-01 1.316241621971130371e-01 4.473540782928466797e-01 1.699061393737792969e-01 3.275565505027770996e-01 7.606357932090759277e-01 5.224046111106872559e-01 4.486101865768432617e-01 9.601663947105407715e-01 0.000000000000000000e+00 1.000000000000000000e+00 0.000000000000000000e+00
1.827926933765411377e-01 5.083216428756713867e-01 5.940961837768554688e-01 8.363908529281616211e-02 3.331961035728454590e-01 6.164850592613220215e-01 8.841284513473510742e-01 5.441539287567138672e-01 2.091771960258483887e-01 0.000000000000000000e+00 1.000000000000000000e+00 0.000000000000000000e+00
3.978903591632843018e-01 5.436717867851257324e-01 7.886607050895690918e-01 1.381472945213317871e-01 9.748882055282592773e-02 6.720800399780273438e-01 9.977513551712036133e-01 9.095277190208435059e-01 4.486262798309326172e-03 0.000000000000000000e+00 0.000000000000000000e+00 0.000000000000000000e+00
8.039391040802001953e-01 5.084370374679565430e-01 2.029687166213989258e-02 4.681997299194335938e-01 9.666364192962646484e-01 1.543122529983520508e-01 4.703849554061889648e-01 5.539367794990539551e-01 7.126971483230590820e-01 1.000000000000000000e+00 0.000000000000000000e+00 0.000000000000000000e+00
8.476210236549377441e-01 2.036109566688537598e-01 7.411255836486816406e-01 6.813015341758728027e-01 3.280326724052429199e-01 5.749922990798950195e-01 4.230064749717712402e-01 6.238387227058410645e-01 9.092321395874023438e-01 0.000000000000000000e+00 0.000000000000000000e+00 0.000000000000000000e+00
2.258320599794387817e-01 5.633069276809692383e-01 2.158406972885131836e-01 2.546070814132690430e-01 1.811482310295104980e-01 7.969743013381958008e-01 8.302577733993530273e-01 7.337048053741455078e-01 1.479823589324951172e-01 0.000000000000000000e+00 0.000000000000000000e+00 0.000000000000000000e+00
2.690993845462799072e-01 5.134336352348327637e-01 1.700587272644042969e-01 9.642338752746582031e-02 2.311391830444335938e-01 9.888104796409606934e-01 4.724522233009338379e-01 1.112855672836303711e-01 5.641545057296752930e-01 0.000000000000000000e+00 0.000000000000000000e+00 0.000000000000000000e+00
9.756535887718200684e-01 4.376962184906005859e-01 1.776153445243835449e-01 9.271649122238159180e-01 7.091358304023742676e-01 5.758821368217468262e-01 9.246223568916320801e-01 4.933611154556274414e-01 6.499322056770324707e-01 0.000000000000000000e+00 1.000000000000000000e+00 0.000000000000000000e+00
9.137387871742248535e-01 4.230520129203796387e-01 6.930772662162780762e-01 6.798505187034606934e-01 8.274635672569274902e-01 9.333813190460205078e-01 3.832972645759582520e-01 3.328453302383422852e-01 1.307104825973510742e-01 1.000000000000000000e+00 1.000000000000000000e+00 1.000000000000000000e+00
8.671898245811462402e-01 4.053251743316650391e-01 8.872076272964477539e-01 4.294735789299011230e-01 3.392343521118164062e-01 3.356076478958129883e-01 2.976796030998229980e-01 5.245758891105651855e-01 8.862652778625488281e-01 0.000000000000000000e+00 0.000000000000000000e+00 0.000000000000000000e+00
9.907258749008178711e-01 8.551824092864990234e-02 9.939949512481689453e-01 4.911623001098632812e-01 7.666764259338378906e-01 4.833105206489562988e-01 9.028652310371398926e-01 9.148478507995605469e-02 6.668881773948669434e-01 0.000000000000000000e+00 1.000000000000000000e+00 0.000000000000000000e+00
4.868777692317962646e-01 6.958022713661193848e-01 5.300078392028808594e-01 2.088012695312500000e-01 5.546451807022094727e-01 6.891391277313232422e-01 7.611212730407714844e-01 4.489139318466186523e-01 8.126818537712097168e-01 1.000000000000000000e+00 0.000000000000000000e+00 0.000000000000000000e+00
9.531535506248474121e-01 1.210445165634155273e-02 9.646227359771728516e-01 7.440022826194763184e-01 1.049234867095947266e-01 6.151398420333862305e-01 8.345670104026794434e-01 1.874260306358337402e-01 5.743095278739929199e-01 0.000000000000000000e+00 1.000000000000000000e+00 0.000000000000000000e+00
8.288412690162658691e-01 4.438726305961608887e-01 3.927350044250488281e-03 7.322628498077392578e-01 1.985934376716613770e-01 6.443789601325988770e-01 7.668447494506835938e-02 4.225969314575195312e-01 1.941724419593811035e-01 0.000000000000000000e+00 1.000000000000000000e+00 0.000000000000000000e+00
6.397358179092407227e-01 5.627626776695251465e-01 3.389946222305297852e-01 7.547579407691955566e-01 4.159212708473205566e-01 8.737457394599914551e-01 1.387243866920471191e-01 7.795330882072448730e-01 4.292793273925781250e-01 0.000000000000000000e+00 0.000000000000000000e+00 0.000000000000000000e+00
7.613381743431091309e-01 4.621686935424804688e-01 9.428948760032653809e-01 5.550539493560791016e-02 5.829371809959411621e-01 5.698726177215576172e-01 8.294695615768432617e-02 2.313306927680969238e-01 2.078056931495666504e-01 0.000000000000000000e+00 0.000000000000000000e+00 0.000000000000000000e+00
8.055818080902099609e-01 7.448379397392272949e-01 1.364711523056030273e-01 9.103831648826599121e-01 1.441041231155395508e-01 1.760385632514953613e-01 4.673075675964355469e-02 7.927000522613525391e-01 5.028480887413024902e-01 0.000000000000000000e+00 0.000000000000000000e+00 0.000000000000000000e+00
9.282252192497253418e-01 6.418963074684143066e-01 4.916421175003051758e-01 8.496202230453491211e-01 8.722591996192932129e-01 2.458661794662475586e-01 7.741331458091735840e-01 1.366600394248962402e-01 3.317299485206604004e-01 0.000000000000000000e+00 1.000000000000000000e+00 0.000000000000000000e+00
2.559370994567871094e-01 6.684669852256774902e-01 4.317200779914855957e-01 2.760248184204101562e-01 6.320327520370483398e-02 4.848043322563171387e-01 1.719874143600463867e-01 1.492279767990112305e-02 5.195861458778381348e-01 0.000000000000000000e+00 0.000000000000000000e+00 0.000000000000000000e+00
6.281859278678894043e-01 9.121771454811096191e-01 9.469864964485168457e-01 1.846964359283447266e-01 8.431962132453918457e-01 4.191978573799133301e-01 6.916971206665039062e-01 8.661177158355712891e-01 3.087688684463500977e-01 1.000000000000000000e+00 0.000000000000000000e+00 0.000000000000000000e+00
7.687012553215026855e-01 1.338927149772644043e-01 8.069039583206176758e-01 3.558090329170227051e-01 2.335509061813354492e-01 8.962508440017700195e-01 4.657457470893859863e-01 3.308062553405761719e-01 6.773859858512878418e-01 0.000000000000000000e+00 0.000000000000000000e+00 0.000000000000000000e+00
8.578560352325439453e-01 2.975807785987854004e-01 5.956389904022216797e-01 7.280031442642211914e-01 5.437282919883728027e-01 6.546344757080078125e-01 5.753915309906005859e-01 2.815362811088562012e-01 1.423571705818176270e-01 0.000000000000000000e+00 0.000000000000000000e+00 0.000000000000000000e+00
9.443960189819335938e-01 2.256312370300292969e-01 3.989889621734619141e-01 5.117502212524414062e-01 9.851499795913696289e-01 4.050061702728271484e-01 5.437132120132446289e-01 3.738034963607788086e-01 7.713813781738281250e-01 0.000000000000000000e+00 1.000000000000000000e+00 0.000000000000000000e+00
9.093159437179565430e-01 5.282431840896606445e-01 8.561965823173522949e-01 7.186017632484436035e-01 1.406510472297668457e-01 2.105462551116943359e-02 8.901954293251037598e-01 7.008839845657348633e-01 5.710116028785705566e-01 0.000000000000000000e+00 0.000000000000000000e+00 0.000000000000000000e+00
7.141296267509460449e-01 2.604457736015319824e-01 2.266933917999267578e-01 4.486593604087829590e-01 8.505443334579467773e-01 3.393214941024780273e-01 6.225506663322448730e-01 9.944478869438171387e-01 8.416876792907714844e-01 0.000000000000000000e+00 0.000000000000000000e+00 0.000000000000000000e+00
7.436442971229553223e-01 3.685746192932128906e-01 9.385359287261962891e-01 3.940262794494628906e-01 2.085628509521484375e-01 8.157663941383361816e-01 4.206156134605407715e-01 7.495413422584533691e-01 1.458323001861572266e-02 1.000000000000000000e+00 1.000000000000000000e+00 1.000000000000000000e+00
3.071614801883697510e-01 9.138332009315490723e-01 7.529782056808471680e-01 2.444879412651062012e-01 5.926331877708435059e-01 7.182539105415344238e-01 5.505126714706420898e-02 7.207065820693969727e-01 4.303960204124450684e-01 1.000000000000000000e+00 1.000000000000000000e+00 1.000000000000000000e+00
8.036755919456481934e-01 7.446429133415222168e-01 3.553944826126098633e-02 8.551670312881469727e-01 4.309591650962829590e-01 5.023243427276611328e-01 7.247923016548156738e-01 6.003671288490295410e-01 7.637826800346374512e-01 0.000000000000000000e+00 0.000000000000000000e+00 0.000000000000000000e+00
8.561924695968627930e-01 8.052883744239807129e-01 9.616467952728271484e-01 9.166818261146545410e-01 6.740075349807739258e-02 1.618987917900085449e-01 2.784768939018249512e-01 1.173602938652038574e-01 2.487380504608154297e-01 0.000000000000000000e+00 0.000000000000000000e+00 0.000000000000000000e+00
9.963881969451904297e-01 1.552451252937316895e-01 7.164092659950256348e-01 8.518621325492858887e-01 7.901270389556884766e-01 2.558664679527282715e-01 8.683665990829467773e-01 4.382781386375427246e-01 6.722068190574645996e-01 0.000000000000000000e+00 0.000000000000000000e+00 0.000000000000000000e+00
7.921004295349121094e-01 1.390609145164489746e-01 3.865998983383178711e-02 4.174690246582031250e-01 7.709602117538452148e-01 5.236419439315795898e-01 1.214933395385742188e-01 2.789478302001953125e-01 1.221793889999389648e-02 0.000000000000000000e+00 1.000000000000000000e+00 0.000000000000000000e+00
4.479506015777587891e-01 4.603369832038879395e-01 3.830137252807617188e-01 4.643645882606506348e-01 6.561211347579956055e-01 7.233148217201232910e-01 5.044295787811279297e-01 3.059317469596862793e-01 4.153100848197937012e-01 0.000000000000000000e+00 0.000000000000000000e+00 0.000000000000000000e+00
9.459616541862487793e-01 3.463823795318603516e-01 7.830941081047058105e-01 3.300870656967163086e-01 6.633583307266235352e-01 9.431242942810058594e-04 6.183043718338012695e-01 8.341896533966064453e-01 9.852213263511657715e-01 0.000000000000000000e+00 0.000000000000000000e+00 0.000000000000000000e+00
3.352922797203063965e-01 9.764264822006225586e-01 8.075523376464843750e-01 3.987693786621093750e-02 3.354551196098327637e-01 7.914300560951232910e-01 3.600330352783203125e-01 3.739341497421264648e-01 3.659141659736633301e-01 1.000000000000000000e+00 0.000000000000000000e+00 0.000000000000000000e+00
8.752869367599487305e-01 4.655674099922180176e-01 3.998059034347534180e-01 6.355056762695312500e-01 6.214181184768676758e-01 6.163724660873413086e-01 5.910947918891906738e-01 1.761896610260009766e-01 8.705251812934875488e-01 0.000000000000000000e+00 0.000000000000000000e+00 0.000000000000000000e+00
6.429749727249145508e-01 9.569226503372192383e-01 8.523122072219848633e-01 1.965634822845458984e-01 8.737610578536987305e-01 5.008900761604309082e-01 2.923480272293090820e-01 4.275953769683837891e-02 6.638121008872985840e-01 1.000000000000000000e+00 0.000000000000000000e+00 0.000000000000000000e+00
4.871270358562469482e-01 1.556394696235656738e-01 4.235804677009582520e-01 5.628570318222045898e-01 1.276624798774719238e-01 1.147164702415466309e-01 2.539091706275939941e-01 8.914557099342346191e-01 4.022043943405151367e-02 0.000000000000000000e+00 1.000000000000000000e+00 0.000000000000000000e+00
1.496608555316925049e-01 4.711407423019409180e-01 3.619973659515380859e-01 2.907649278640747070e-01 9.801638126373291016e-02 3.245167732238769531e-01 8.640400171279907227e-01 7.560529112815856934e-01 4.692373871803283691e-01 0.000000000000000000e+00 0.000000000000000000e+00 0.000000000000000000e+00
4.978895187377929688e-01 1.555195450782775879e-01 4.925189614295959473e-01 9.928160905838012695e-02 3.133728504180908203e-01 7.127370834350585938e-01 2.825301289558410645e-01 7.324832677841186523e-01 9.958088397979736328e-03 1.000000000000000000e+00 1.000000000000000000e+00 1.000000000000000000e+00
6.178998947143554688e-01 8.510208129882812500e-01 1.601600050926208496e-01 4.316559433937072754e-01 2.597725987434387207e-01 1.286780834197998047e-02 3.936786055564880371e-01 6.718238592147827148e-01 9.623473286628723145e-01 0.000000000000000000e+00 0.000000000000000000e+00 0.000000000000000000e+00
2.705782055854797363e-01 1.657363772392272949e-01 1.412733197212219238e-01 4.600395560264587402e-01 1.517986655235290527e-01 2.481136918067932129e-01 2.745181918144226074e-01 6.035183072090148926e-01 5.013383626937866211e-01 0.000000000000000000e+00 0.000000000000000000e+00 0.000000000000000000e+00
6.082089543342590332e-01 3.990051150321960449e-01 1.591268777847290039e-01 3.704724907875061035e-01 6.350370645523071289e-01 4.168868064880371094e-02 7.957869172096252441e-01 3.738574385643005371e-01 6.519834995269775391e-01 0.000000000000000000e+00 0.000000000000000000e+00 0.000000000000000000e+00
2.749225497245788574e-01 7.351449728012084961e-01 6.211891770362854004e-01 9.264534711837768555e-02 2.169282436370849609e-01 2.410774827003479004e-01 8.444740772247314453e-01 3.445653915405273438e-01 1.256726980209350586e-01 0.000000000000000000e+00 1.000000000000000000e+00 0.000000000000000000e+00
4.150234758853912354e-01 7.804847955703735352e-01 5.128017663955688477e-01 3.088110089302062988e-01 2.225618362426757812e-01 3.445547819137573242e-02 5.127949118614196777e-01 4.460530877113342285e-01 8.484244942665100098e-01 1.000000000000000000e+00 0.000000000000000000e+00 0.000000000000000000e+00
7.444529533386230469e-01 4.730919003486633301e-01 7.387941479682922363e-01 5.868712663650512695e-01 6.429244875907897949e-01 5.917316675186157227e-01 5.705024600028991699e-01 6.844583749771118164e-01 9.113509058952331543e-01 1.000000000000000000e+00 0.000000000000000000e+00 0.000000000000000000e+00
8.864589333534240723e-01 4.844872355461120605e-01 7.671761512756347656e-01 4.247239232063293457e-01 8.090251684188842773e-01 2.904396653175354004e-01 1.958104372024536133e-01 9.328412413597106934e-01 6.700980663299560547e-02 1.000000000000000000e+00 1.000000000000000000e+00 1.000000000000000000e+00
9.881014376878738403e-02 3.970144391059875488e-01 1.819412112236022949e-01 5.973190069198608398e-02 2.741909623146057129e-01 5.722099542617797852e-02 3.327842950820922852e-01 9.366934895515441895e-01 4.390577077865600586e-01 0.000000000000000000e+00 1.000000000000000000e+00 0.000000000000000000e+00
8.416439294815063477e-01 4.908419251441955566e-01 8.521553277969360352e-01 6.563833951950073242e-01 4.339823126792907715e-01 5.286494493484497070e-01 7.152786254882812500e-01 2.011957764625549316e-01 9.139174222946166992e-02 1.000000000000000000e+00 1.000000000000000000e+00 1.000000000000000000e+00
9.210211634635925293e-01 1.055307984352111816e-01 4.065519571304321289e-02 6.641493439674377441e-01 7.397159337997436523e-01 6.692796349525451660e-01 4.446744918823242188e-03 6.386219263076782227e-01 8.780413269996643066e-01 0.000000000000000000e+00 0.000000000000000000e+00 0.000000000000000000e+00
9.728761762380599976e-02 8.637260198593139648e-01 4.390996694564819336e-01 5.102342367172241211e-02 1.387574076652526855e-01 6.974325180053710938e-01 8.883804678916931152e-01 3.285795450210571289e-02 9.756367802619934082e-01 0.000000000000000000e+00 0.000000000000000000e+00 0.000000000000000000e+00
8.616610169410705566e-01 6.336632966995239258e-01 6.518833637237548828e-01 9.768670201301574707e-01 5.840558409690856934e-01 5.958061814308166504e-01 5.670379400253295898e-01 5.246965885162353516e-01 5.754595994949340820e-01 0.000000000000000000e+00 0.000000000000000000e+00 0.000000000000000000e+00
8.372983336448669434e-01 3.183808922767639160e-01 9.269008636474609375e-01 8.594382405281066895e-01 5.718517303466796875e-02 6.908091902732849121e-01 6.701219081878662109e-02 3.568029403686523438e-01 3.178943395614624023e-01 0.000000000000000000e+00 0.000000000000000000e+00 0.000000000000000000e+00
4.745132327079772949e-01 8.953636884689331055e-01 6.436082124710083008e-01 8.433192968368530273e-02 7.955145835876464844e-01 3.191957473754882812e-01 4.775128960609436035e-01 9.164960384368896484e-01 7.183148860931396484e-01 1.000000000000000000e+00 0.000000000000000000e+00 0.000000000000000000e+00
7.074427008628845215e-01 3.175314068794250488e-01 5.763869881629943848e-01 1.442164778709411621e-01 9.674046039581298828e-01 5.596068501472473145e-01 7.009121179580688477e-01 3.706355094909667969e-01 4.418641924858093262e-01 1.000000000000000000e+00 0.000000000000000000e+00 0.000000000000000000e+00
8.534816503524780273e-01 5.901269912719726562e-01 8.395869135856628418e-01 8.701948523521423340e-01 6.460955739021301270e-01 7.757193446159362793e-01 7.785923480987548828e-01 7.067303657531738281e-01 7.607465982437133789e-02 0.000000000000000000e+00 0.000000000000000000e+00 0.000000000000000000e+00
8.048709630966186523e-01 5.046890377998352051e-01 5.737084746360778809e-01 7.202411293983459473e-01 8.681674599647521973e-01 5.418688654899597168e-01 6.676934361457824707e-01 8.320490717887878418e-01 6.983955502510070801e-01 0.000000000000000000e+00 0.000000000000000000e+00 0.000000000000000000e+00
9.555430412292480469e-01 7.566177845001220703e-02 7.289913296699523926e-01 5.330746769905090332e-01 8.459765315055847168e-01 4.957622885704040527e-01 3.724606633186340332e-01 1.230565905570983887e-01 7.012508511543273926e-01 0.000000000000000000e+00 1.000000000000000000e+00 0.000000000000000000e+00
3.510470688343048096e-01 6.444965600967407227e-01 9.054207205772399902e-01 3.223401904106140137e-01 2.997456192970275879e-01 7.741665840148925781e-01 4.098767042160034180e-02 4.228224158287048340e-01 4.479892253875732422e-01 0.000000000000000000e+00 0.000000000000000000e+00 0.000000000000000000e+00
2.768793702125549316e-01 7.005720138549804688e-01 8.872498869895935059e-01 7.799458503723144531e-02 3.080729246139526367e-01 2.299880981445312500e-01 1.340947151184082031e-01 9.074233770370483398e-01 1.156492829322814941e-01 1.000000000000000000e+00 0.000000000000000000e+00 0.000000000000000000e+00
8.074846267700195312e-01 9.622620940208435059e-01 8.514388203620910645e-01 8.937233090400695801e-01 4.975293874740600586e-01 1.650384664535522461e-01 2.497708201408386230e-01 2.267190217971801758e-01 9.854550361633300781e-01 0.000000000000000000e+00 0.000000000000000000e+00 0.000000000000000000e+00
9.963586926460266113e-01 4.316848516464233398e-02 9.811522364616394043e-01 4.856541752815246582e-01 9.524099230766296387e-01 5.104619860649108887e-01 4.333377480506896973e-01 2.718932032585144043e-01 2.521038055419921875e-01 0.000000000000000000e+00 1.000000000000000000e+00 0.000000000000000000e+00
8.480560779571533203e-01 9.526342153549194336e-01 1.462579369544982910e-01 6.540172696113586426e-01 8.125639557838439941e-01 1.627396941184997559e-01 5.972893834114074707e-01 6.458503603935241699e-01 7.895018458366394043e-01 0.000000000000000000e+00 0.000000000000000000e+00 0.000000000000000000e+00
8.880165815353393555e-01 6.028168201446533203e-01 9.900651574134826660e-01 3.958083391189575195e-01 7.487093806266784668e-01 1.472232341766357422e-01 3.418310880661010742e-01 4.772397875785827637e-01 1.446368694305419922e-01 0.000000000000000000e+00 1.000000000000000000e+00 0.000000000000000000e+00
8.466051816940307617e-01 4.475049376487731934e-01 4.087075591087341309e-01 7.519325613975524902e-01 3.907898664474487305e-01 3.834590315818786621e-01 8.843656778335571289e-01 1.143779158592224121e-01 5.981838107109069824e-01 0.000000000000000000e+00 0.000000000000000000e+00 0.000000000000000000e+00
9.867069125175476074e-01 5.278414487838745117e-02 2.161043882369995117e-01 8.542947769165039062e-01 1.340298652648925781e-01 8.578884601593017578e-02 7.936655879020690918e-01 8.307296633720397949e-01 9.168397188186645508e-01 1.000000000000000000e+00 0.000000000000000000e+00 0.000000000000000000e+00
7.027782201766967773e-01 9.987601637840270996e-01 3.677414655685424805e-01 5.329279303550720215e-01 8.919236063957214355e-01 2.705100774765014648e-01 9.888587594032287598e-01 7.690389156341552734e-01 1.612284183502197266e-01 1.000000000000000000e+00 0.000000000000000000e+00 0.000000000000000000e+00
7.505217790603637695e-01 5.914753675460815430e-01 7.727957963943481445e-01 3.749383687973022461e-01 6.543750762939453125e-01 9.053456783294677734e-02 3.601440191268920898e-01 4.271566867828369141e-03 7.142510414123535156e-01 0.000000000000000000e+00 0.000000000000000000e+00 0.000000000000000000e+00
4.748875796794891357e-01 6.397397518157958984e-01 5.082394480705261230e-01 1.368064284324645996e-01 8.103221058845520020e-01 4.183650612831115723e-01 2.785874605178833008e-01 5.277425050735473633e-01 8.960452675819396973e-01 1.000000000000000000e+00 0.000000000000000000e+00 0.000000000000000000e+00
8.675081729888916016e-01 3.678995370864868164e-01 8.959364295005798340e-01 7.463824748992919922e-02 4.847830533981323242e-01 6.464773416519165039e-02 9.872403144836425781e-01 6.337071657180786133e-01 5.800654292106628418e-01 0.000000000000000000e+00 1.000000000000000000e+00 0.000000000000000000e+00
1.564648598432540894e-01 3.629696965217590332e-01 3.693559765815734863e-01 1.431268453598022461e-02 3.931841254234313965e-01 1.252131462097167969e-01 3.017698526382446289e-01 9.988254308700561523e-02 6.565184593200683594e-01 1.000000000000000000e+00 0.000000000000000000e+00 0.000000000000000000e+00
9.955060482025146484e-01 3.538714647293090820e-01 6.701007485389709473e-01 9.095807075500488281e-01 9.990547895431518555e-01 3.127276897430419922e-01 5.536382198333740234e-01 2.587684988975524902e-01 5.530536770820617676e-01 0.000000000000000000e+00 0.000000000000000000e+00 0.000000000000000000e+00
6.825139522552490234e-01 7.312303781509399414e-01 6.724654436111450195e-01 3.771873712539672852e-01 3.407933712005615234e-01 8.754831552505493164e-02 2.624700665473937988e-01 3.443410396575927734e-01 9.910892844200134277e-01 0.000000000000000000e+00 0.000000000000000000e+00 0.000000000000000000e+00
5.189789533615112305e-01 6.197522878646850586e-01 8.007693290710449219e-01 5.588839054107666016e-01 4.237433075904846191e-01 9.491178393363952637e-01 2.556209564208984375e-01 6.623547673225402832e-01 8.427570462226867676e-01 1.000000000000000000e+00 0.000000000000000000e+00 0.000000000000000000e+00
2.715894579887390137e-01 3.206558227539062500e-01 3.076427578926086426e-01 1.204252243041992188e-03 7.479197382926940918e-01 3.401782512664794922e-01 4.959514737129211426e-01 4.617060422897338867e-01 9.812312126159667969e-01 1.000000000000000000e+00 0.000000000000000000e+00 0.000000000000000000e+00
7.488288879394531250e-01 2.909775972366333008e-01 3.780231475830078125e-01 2.874540686607360840e-01 8.968270421028137207e-01 3.152756690979003906e-01 6.748598814010620117e-02 8.952754139900207520e-01 5.545303821563720703e-01 0.000000000000000000e+00 0.000000000000000000e+00 0.000000000000000000e+00
9.919849038124084473e-01 1.318054199218750000e-01 4.443945884704589844e-01 6.795724630355834961e-01 9.984342455863952637e-01 1.997929215431213379e-01 4.927082061767578125e-01 3.532183170318603516e-02 1.601008176803588867e-01 1.000000000000000000e+00 1.000000000000000000e+00 1.000000000000000000e+00
2.747893929481506348e-01 8.504641056060791016e-02 2.213856577873229980e-01 4.340383410453796387e-01 2.147198319435119629e-01 6.565544605255126953e-01 9.270178675651550293e-01 7.546257972717285156e-02 6.426697373390197754e-01 1.000000000000000000e+00 0.000000000000000000e+00 0.000000000000000000e+00
