4.654196202754974365e-01 7.922565937042236328e-01 6.850212216377258301e-01 7.659142613410949707e-01 2.539421916007995605e-01 3.979430198669433594e-01 2.462905049324035645e-01 6.551362872123718262e-01 1.276633739471435547e-01 0.000000000000000000e+00 1.000000000000000000e+00 0.000000000000000000e+00
7.588624358177185059e-01 8.668757677078247070e-01 1.667302250862121582e-01 8.946695327758789062e-01 6.682960391044616699e-01 1.595343351364135742e-01 3.422498703002929688e-03 8.247437477111816406e-01 5.372744798660278320e-01 1.000000000000000000e+00 0.000000000000000000e+00 0.000000000000000000e+00
1.018592789769172668e-01 1.828210949897766113e-01 1.556133031845092773e-01 3.495268821716308594e-01 1.377925276756286621e-01 9.992903470993041992e-01 1.335338950157165527e-01 4.879263639450073242e-01 7.388284206390380859e-01 0.000000000000000000e+00 0.000000000000000000e+00 0.000000000000000000e+00
8.630927205085754395e-01 4.182831645011901855e-01 4.886494874954223633e-01 6.191432476043701172e-01 7.313495278358459473e-01 4.638691544532775879e-01 2.523959279060363770e-01 6.415476799011230469e-01 9.005742073059082031e-01 1.000000000000000000e+00 0.000000000000000000e+00 0.000000000000000000e+00
9.956320524215698242e-01 2.402096986770629883e-02 7.882325649261474609e-01 9.263042211532592773e-01 5.668206214904785156e-01 6.136493682861328125e-01 2.596992254257202148e-01 3.414173722267150879e-01 7.089396715164184570e-01 0.000000000000000000e+00 0.000000000000000000e+00 0.000000000000000000e+00
4.358151257038116455e-01 8.091200590133666992e-01 2.804308533668518066e-01 7.000147700309753418e-01 6.578922271728515625e-02 1.910573840141296387e-01 5.725517868995666504e-01 9.873118996620178223e-01 6.778494715690612793e-01 0.000000000000000000e+00 0.000000000000000000e+00 0.000000000000000000e+00
7.306170463562011719e-01 4.613029956817626953e-01 4.635539054870605469e-01 4.136638045310974121e-01 8.925544619560241699e-01 5.535243153572082520e-01 5.122517943382263184e-01 8.445685505867004395e-01 3.530290722846984863e-01 0.000000000000000000e+00 0.000000000000000000e+00 0.000000000000000000e+00
9.316082596778869629e-01 2.397148609161376953e-01 9.979477524757385254e-01 4.164542555809020996e-01 9.741775393486022949e-01 8.377276062965393066e-01 6.431264877319335938e-01 8.013147115707397461e-02 6.020600795745849609e-01 0.000000000000000000e+00 0.000000000000000000e+00 0.000000000000000000e+00
7.235174775123596191e-01 2.550112009048461914e-01 1.505463123321533203e-01 5.688102245330810547e-01 5.287516713142395020e-01 6.730942726135253906e-01 5.956006050109863281e-02 7.018798589706420898e-01 6.756058335304260254e-01 0.000000000000000000e+00 0.000000000000000000e+00 0.000000000000000000e+00
8.661540746688842773e-01 9.954052567481994629e-01 5.967032313346862793e-01 7.528814077377319336e-01 6.248415708541870117e-01 6.134490370750427246e-01 3.757553696632385254e-01 5.285734534263610840e-01 8.878331184387207031e-01 0.000000000000000000e+00 0.000000000000000000e+00 0.000000000000000000e+00
9.536682367324829102e-01 4.264452457427978516e-01 1.507245898246765137e-01 7.005109786987304688e-01 7.668373584747314453e-01 7.986356019973754883e-01 9.229005575180053711e-01 5.968870520591735840e-01 9.659480452537536621e-01 1.000000000000000000e+00 0.000000000000000000e+00 0.000000000000000000e+00
8.994985222816467285e-01 1.076361536979675293e-01 1.190697550773620605e-01 5.108414292335510254e-01 6.546382904052734375e-01 2.993767261505126953e-01 5.111400485038757324e-01 3.981950283050537109e-01 8.762432336807250977e-01 1.000000000000000000e+00 0.000000000000000000e+00 0.000000000000000000e+00
4.838951528072357178e-01 5.316401124000549316e-01 4.658133387565612793e-01 3.867412209510803223e-01 3.160253167152404785e-01 5.038414001464843750e-01 2.981724739074707031e-01 9.188796877861022949e-01 2.954851984977722168e-01 0.000000000000000000e+00 0.000000000000000000e+00 0.000000000000000000e+00
2.972299754619598389e-01 4.098497629165649414e-01 7.502708435058593750e-01 5.740770101547241211e-01 1.125086545944213867e-01 9.005814194679260254e-01 5.557835698127746582e-01 7.983410358428955078e-02 5.461968183517456055e-01 1.000000000000000000e+00 1.000000000000000000e+00 1.000000000000000000e+00
4.344451725482940674e-01 6.698130965232849121e-01 8.813493847846984863e-01 5.688571929931640625e-02 4.665414690971374512e-01 3.520636558532714844e-01 5.247070789337158203e-01 3.033208847045898438e-01 5.893961787223815918e-01 0.000000000000000000e+00 0.000000000000000000e+00 0.000000000000000000e+00
4.350455701351165771e-01 3.476433753967285156e-01 5.785096287727355957e-01 6.065993905067443848e-01 3.395819067955017090e-01 5.538505315780639648e-01 6.421387195587158203e-02 7.439316511154174805e-01 4.545482993125915527e-01 0.000000000000000000e+00 0.000000000000000000e+00 0.000000000000000000e+00
8.967134356498718262e-01 1.970873475074768066e-01 5.700750946998596191e-01 2.442047595977783203e-01 7.289297580718994141e-01 3.311080932617187500e-01 4.879868030548095703e-02 7.573238015174865723e-01 9.995027184486389160e-01 0.000000000000000000e+00 0.000000000000000000e+00 0.000000000000000000e+00
9.965568780899047852e-01 1.731508374214172363e-01 6.229540705680847168e-01 9.603788256645202637e-01 3.269895315170288086e-01 1.152632832527160645e-01 3.999853134155273438e-01 5.149565935134887695e-01 4.641377925872802734e-01 0.000000000000000000e+00 0.000000000000000000e+00 0.000000000000000000e+00
7.124412655830383301e-01 5.553579330444335938e-02 2.863191962242126465e-01 3.810393810272216797e-01 6.605426669120788574e-01 8.027400970458984375e-01 6.012850403785705566e-01 1.224734187126159668e-01 6.591401696205139160e-01 1.000000000000000000e+00 0.000000000000000000e+00 0.000000000000000000e+00
9.003335833549499512e-01 3.822481632232666016e-01 9.807113409042358398e-01 7.666740417480468750e-01 3.150981068611145020e-01 7.560681700706481934e-01 8.798407316207885742e-01 6.560603380203247070e-01 2.566599845886230469e-01 0.000000000000000000e+00 1.000000000000000000e+00 0.000000000000000000e+00
9.181543588638305664e-01 6.435394287109375000e-01 8.660441040992736816e-01 8.612239956855773926e-01 5.402178764343261719e-01 6.429977416992187500e-01 2.599257826805114746e-01 8.349702954292297363e-01 9.126377105712890625e-01 0.000000000000000000e+00 0.000000000000000000e+00 0.000000000000000000e+00
9.039725661277770996e-01 3.646621704101562500e-01 7.913287878036499023e-01 4.394335746765136719e-01 3.005157113075256348e-01 5.263614654541015625e-02 5.212168097496032715e-01 5.604000687599182129e-01 3.230600953102111816e-01 1.000000000000000000e+00 0.000000000000000000e+00 0.000000000000000000e+00
5.282614231109619141e-01 6.436498761177062988e-01 7.961566448211669922e-01 3.202884793281555176e-01 6.261159777641296387e-01 2.043607831001281738e-01 4.966433048248291016e-01 6.120840907096862793e-01 2.810857892036437988e-01 1.000000000000000000e+00 0.000000000000000000e+00 0.000000000000000000e+00
9.808388948440551758e-01 4.586986899375915527e-01 7.904056906700134277e-01 7.186464071273803711e-01 9.605793952941894531e-01 1.836923956871032715e-01 3.306673169136047363e-01 3.436892628669738770e-01 3.107060194015502930e-01 1.000000000000000000e+00 1.000000000000000000e+00 1.000000000000000000e+00
2.817559838294982910e-01 9.274362325668334961e-01 3.462272286415100098e-01 1.484370231628417969e-01 2.609680294990539551e-01 9.107487797737121582e-01 7.805708646774291992e-01 6.443989276885986328e-02 7.803446054458618164e-02 0.000000000000000000e+00 0.000000000000000000e+00 0.000000000000000000e+00
9.301965236663818359e-01 4.022210836410522461e-01 5.458624958992004395e-01 8.180100321769714355e-01 6.674479842185974121e-01 8.469815254211425781e-01 7.888917326927185059e-01 5.429121255874633789e-01 1.414395570755004883e-01 0.000000000000000000e+00 0.000000000000000000e+00 0.000000000000000000e+00
8.177097439765930176e-01 3.567020297050476074e-01 4.917060136795043945e-01 4.337571859359741211e-01 7.209591865539550781e-01 9.943807125091552734e-02 6.350639462471008301e-01 5.990833044052124023e-01 3.958637714385986328e-01 0.000000000000000000e+00 0.000000000000000000e+00 0.000000000000000000e+00
9.743612408638000488e-01 2.716265320777893066e-01 6.072673201560974121e-01 8.110581040382385254e-01 6.268329620361328125e-01 3.462105989456176758e-01 1.054596900939941406e-02 9.418382048606872559e-01 5.858244895935058594e-01 0.000000000000000000e+00 0.000000000000000000e+00 0.000000000000000000e+00
8.929218649864196777e-01 9.576220512390136719e-01 3.706467747688293457e-01 5.506722331047058105e-01 8.766463994979858398e-01 1.218822002410888672e-01 9.105573892593383789e-01 3.922802209854125977e-01 1.090667247772216797e-01 0.000000000000000000e+00 0.000000000000000000e+00 0.000000000000000000e+00
9.286148548126220703e-01 3.337444067001342773e-01 1.851572394371032715e-01 9.470894336700439453e-01 3.360056877136230469e-02 3.358510136604309082e-01 1.186638474464416504e-01 1.363319754600524902e-01 7.457697391510009766e-02 0.000000000000000000e+00 1.000000000000000000e+00 0.000000000000000000e+00
2.198175340890884399e-01 4.353690147399902344e-02 2.600122690200805664e-01 6.477653980255126953e-02 3.534893393516540527e-01 5.476360917091369629e-01 9.923356771469116211e-02 8.918138146400451660e-01 2.483063936233520508e-02 0.000000000000000000e+00 0.000000000000000000e+00 0.000000000000000000e+00
8.142909407615661621e-01 4.971581101417541504e-01 1.983773112297058105e-01 7.736483216285705566e-01 1.149644255638122559e-01 3.563991189002990723e-01 4.819154739379882812e-02 2.684851884841918945e-01 8.454835414886474609e-01 0.000000000000000000e+00 0.000000000000000000e+00 0.000000000000000000e+00
7.687809467315673828e-01 9.724006652832031250e-01 8.872998952865600586e-01 9.021967053413391113e-01 2.710214853286743164e-01 4.208143353462219238e-01 7.231916189193725586e-01 9.365578889846801758e-01 9.496307969093322754e-01 0.000000000000000000e+00 0.000000000000000000e+00 0.000000000000000000e+00
2.994840741157531738e-01 2.741073966026306152e-01 3.944453001022338867e-01 8.020913600921630859e-02 4.889384508132934570e-01 3.420132994651794434e-01 2.522504925727844238e-01 2.447944283485412598e-01 9.258859753608703613e-01 1.000000000000000000e+00 1.000000000000000000e+00 1.000000000000000000e+00
8.080722689628601074e-01 7.730422019958496094e-01 3.190234899520874023e-01 3.574174642562866211e-01 9.369903802871704102e-01 4.371943473815917969e-01 9.713557958602905273e-01 1.992320418357849121e-01 6.314104199409484863e-01 0.000000000000000000e+00 0.000000000000000000e+00 0.000000000000000000e+00
3.211497366428375244e-01 3.296177387237548828e-01 7.504426836967468262e-01 1.322788596153259277e-01 9.593182802200317383e-02 9.187189936637878418e-01 5.730646252632141113e-01 8.555670976638793945e-01 2.349575757980346680e-01 1.000000000000000000e+00 1.000000000000000000e+00 1.000000000000000000e+00
7.556824684143066406e-01 3.267894983291625977e-01 1.629450321197509766e-01 5.875782966613769531e-01 4.307856559753417969e-01 9.492294788360595703e-01 1.045582890510559082e-01 4.814938902854919434e-01 5.681560635566711426e-01 0.000000000000000000e+00 0.000000000000000000e+00 0.000000000000000000e+00
8.573804497718811035e-01 1.454092264175415039e-01 9.450587630271911621e-01 1.718005537986755371e-01 8.247995376586914062e-02 4.584760069847106934e-01 6.338198781013488770e-01 7.937822341918945312e-01 6.845748424530029297e-01 0.000000000000000000e+00 0.000000000000000000e+00 0.000000000000000000e+00
9.511593580245971680e-01 5.024246573448181152e-01 8.020017743110656738e-01 8.001375794410705566e-01 4.872496128082275391e-01 9.374839067459106445e-02 9.078114032745361328e-01 7.066166996955871582e-01 9.658598899841308594e-02 0.000000000000000000e+00 0.000000000000000000e+00 0.000000000000000000e+00
7.332876324653625488e-01 6.016275882720947266e-01 4.884803295135498047e-02 7.619880437850952148e-01 8.561066389083862305e-01 8.831797242164611816e-01 3.057957887649536133e-01 1.577757596969604492e-01 4.829806089401245117e-02 0.000000000000000000e+00 0.000000000000000000e+00 0.000000000000000000e+00
8.545589447021484375e-01 8.252802491188049316e-01 1.764476895332336426e-01 3.742834925651550293e-01 9.603629112243652344e-01 1.688241958618164062e-02 1.663702130317687988e-01 2.321555614471435547e-01 2.622568607330322266e-01 0.000000000000000000e+00 0.000000000000000000e+00 0.000000000000000000e+00
6.811041235923767090e-01 5.206447243690490723e-01 8.666521310806274414e-01 6.841434240341186523e-01 1.911046504974365234e-01 2.779297232627868652e-01 1.384034156799316406e-01 8.867990970611572266e-01 9.251394867897033691e-01 0.000000000000000000e+00 0.000000000000000000e+00 0.000000000000000000e+00
5.163113474845886230e-01 8.068634271621704102e-01 8.649356365203857422e-01 5.514003038406372070e-01 6.217976212501525879e-01 8.141548037528991699e-01 4.480224847793579102e-02 8.592349886894226074e-01 9.054341316223144531e-01 1.000000000000000000e+00 0.000000000000000000e+00 0.000000000000000000e+00
4.726245701313018799e-01 9.627518653869628906e-01 1.735967397689819336e-01 4.223808050155639648e-01 4.576017260551452637e-01 8.150840997695922852e-01 3.693715333938598633e-01 2.386477589607238770e-01 1.916456818580627441e-01 1.000000000000000000e+00 0.000000000000000000e+00 0.000000000000000000e+00
8.747800588607788086e-01 2.270783782005310059e-01 3.449166417121887207e-01 5.479178428649902344e-01 5.181752443313598633e-01 3.120505809783935547e-02 9.766398072242736816e-01 2.215179800987243652e-01 7.300252318382263184e-01 1.000000000000000000e+00 1.000000000000000000e+00 1.000000000000000000e+00
3.442804515361785889e-01 4.949115514755249023e-01 4.450355172157287598e-01 3.724923133850097656e-01 3.004889488220214844e-01 9.865092039108276367e-01 4.745407700538635254e-01 8.522094488143920898e-01 6.098105907440185547e-01 1.000000000000000000e+00 0.000000000000000000e+00 0.000000000000000000e+00
4.114974439144134521e-01 1.951165795326232910e-01 3.641868829727172852e-01 4.257436990737915039e-01 1.500620245933532715e-01 2.922292351722717285e-01 8.694321513175964355e-01 3.253786563873291016e-01 2.081692218780517578e-01 0.000000000000000000e+00 0.000000000000000000e+00 0.000000000000000000e+00
3.008030652999877930e-01 5.376363396644592285e-01 3.175584673881530762e-01 1.752077937126159668e-01 2.906301617622375488e-01 3.205727338790893555e-01 8.667987585067749023e-02 5.378549695014953613e-01 2.260528802871704102e-01 1.000000000000000000e+00 0.000000000000000000e+00 0.000000000000000000e+00
6.270796656608581543e-01 1.884297728538513184e-01 6.788282394409179688e-01 4.101790189743041992e-01 1.710153222084045410e-01 5.021236538887023926e-01 8.892129659652709961e-01 1.696316599845886230e-01 1.663327217102050781e-01 0.000000000000000000e+00 0.000000000000000000e+00 0.000000000000000000e+00
3.879642486572265625e-01 9.525531530380249023e-01 8.551629781723022461e-01 6.711483001708984375e-03 2.840152978897094727e-01 3.208355903625488281e-01 4.020856022834777832e-01 4.186382293701171875e-01 6.531527042388916016e-01 0.000000000000000000e+00 0.000000000000000000e+00 0.000000000000000000e+00
6.473882198333740234e-01 4.020379185676574707e-01 1.256120204925537109e-02 1.779129505157470703e-01 8.908294439315795898e-01 6.611764430999755859e-01 7.732900381088256836e-01 8.990466594696044922e-02 4.190432429313659668e-01 1.000000000000000000e+00 1.000000000000000000e+00 1.000000000000000000e+00
6.709547042846679688e-01 5.652274489402770996e-01 8.083223104476928711e-01 7.022202014923095703e-01 1.430608630180358887e-01 6.737291216850280762e-01 8.573745489120483398e-01 5.000874996185302734e-01 8.947594165802001953e-01 0.000000000000000000e+00 0.000000000000000000e+00 0.000000000000000000e+00
7.105305790901184082e-01 8.312559127807617188e-02 2.288772463798522949e-01 6.099684834480285645e-01 7.666003704071044922e-02 5.211515426635742188e-01 4.441791772842407227e-01 2.966383099555969238e-01 1.344198584556579590e-01 0.000000000000000000e+00 1.000000000000000000e+00 0.000000000000000000e+00
9.032228589057922363e-01 5.634328722953796387e-01 7.161632776260375977e-01 7.000365257263183594e-01 6.268005967140197754e-01 1.670642495155334473e-01 2.538613080978393555e-01 5.480607151985168457e-01 6.776261329650878906e-01 1.000000000000000000e+00 0.000000000000000000e+00 0.000000000000000000e+00
4.415756762027740479e-01 1.986166238784790039e-01 2.123509645462036133e-01 8.811360597610473633e-02 8.199759721755981445e-01 9.092849493026733398e-01 9.894636869430541992e-01 6.024535894393920898e-01 3.561641573905944824e-01 1.000000000000000000e+00 0.000000000000000000e+00 0.000000000000000000e+00
3.748648166656494141e-01 3.135223388671875000e-01 2.740647792816162109e-01 6.444907188415527344e-02 9.661761522293090820e-01 7.013404369354248047e-02 5.785502195358276367e-01 2.822921276092529297e-01 2.279425263404846191e-01 1.000000000000000000e+00 1.000000000000000000e+00 1.000000000000000000e+00
5.313668847084045410e-01 7.707625031471252441e-01 4.864369630813598633e-01 6.248309016227722168e-01 4.863101243972778320e-02 3.486862182617187500e-01 8.282501697540283203e-01 6.377404928207397461e-02 2.571247816085815430e-01 1.000000000000000000e+00 0.000000000000000000e+00 0.000000000000000000e+00
9.438481330871582031e-01 7.922286987304687500e-01 1.538168191909790039e-01 9.353389143943786621e-01 9.908494949340820312e-01 8.008567094802856445e-01 3.606560826301574707e-01 8.497869968414306641e-02 7.248889803886413574e-01 0.000000000000000000e+00 0.000000000000000000e+00 0.000000000000000000e+00
6.084849834442138672e-01 1.842867136001586914e-01 1.017503142356872559e-01 1.740590929985046387e-01 9.744139909744262695e-01 3.602810502052307129e-01 8.221905231475830078e-01 5.984698534011840820e-01 2.168632149696350098e-01 1.000000000000000000e+00 0.000000000000000000e+00 0.000000000000000000e+00
7.788571715354919434e-01 8.643863797187805176e-01 5.011040568351745605e-01 7.927137613296508789e-01 3.379619121551513672e-01 1.541700959205627441e-01 6.011705994606018066e-01 2.373328208923339844e-01 7.657343745231628418e-01 0.000000000000000000e+00 0.000000000000000000e+00 0.000000000000000000e+00
4.354000091552734375e-01 3.700545430183410645e-01 8.977883458137512207e-01 5.894732475280761719e-02 3.589522838592529297e-02 8.206815123558044434e-01 4.189758300781250000e-01 6.356861591339111328e-01 9.498631954193115234e-01 1.000000000000000000e+00 1.000000000000000000e+00 1.000000000000000000e+00
5.944107174873352051e-01 8.748215436935424805e-01 8.572808504104614258e-01 9.652234911918640137e-01 1.890569925308227539e-02 2.953156828880310059e-01 5.688083171844482422e-01 2.874714732170104980e-01 4.027999043464660645e-01 0.000000000000000000e+00 0.000000000000000000e+00 0.000000000000000000e+00
5.059834718704223633e-01 9.397230148315429688e-01 6.980947852134704590e-01 4.083335399627685547e-01 1.092334985733032227e-01 2.190088033676147461e-01 1.536592245101928711e-01 3.471123576164245605e-01 6.102875471115112305e-01 0.000000000000000000e+00 0.000000000000000000e+00 0.000000000000000000e+00
8.988452553749084473e-01 5.129625797271728516e-01 2.933275699615478516e-01 7.050084471702575684e-01 4.779461026191711426e-01 6.548243165016174316e-01 1.769644021987915039e-01 5.532090067863464355e-01 8.966526985168457031e-01 1.000000000000000000e+00 0.000000000000000000e+00 0.000000000000000000e+00
9.395576119422912598e-01 3.665266633033752441e-01 9.403111934661865234e-01 2.756134271621704102e-01 1.976839303970336914e-01 1.126518845558166504e-01 5.069059133529663086e-02 9.095740914344787598e-01 8.297665119171142578e-01 0.000000000000000000e+00 0.000000000000000000e+00 0.000000000000000000e+00
7.869606018066406250e-01 9.367249011993408203e-01 3.836252093315124512e-01 8.483027815818786621e-01 6.076967120170593262e-01 6.530081629753112793e-01 1.900277137756347656e-01 3.082957267761230469e-01 2.330069541931152344e-01 0.000000000000000000e+00 0.000000000000000000e+00 0.000000000000000000e+00
9.589654803276062012e-01 5.364280939102172852e-02 9.395598173141479492e-01 5.312057137489318848e-01 2.924531102180480957e-01 5.253870487213134766e-01 1.374937295913696289e-01 1.937923431396484375e-01 8.518349528312683105e-01 1.000000000000000000e+00 1.000000000000000000e+00 1.000000000000000000e+00
7.060254812240600586e-01 4.294271469116210938e-01 6.888598203659057617e-01 5.341175198554992676e-01 4.872195720672607422e-01 8.830237388610839844e-01 5.816861987113952637e-01 5.910536050796508789e-01 7.920986413955688477e-01 0.000000000000000000e+00 0.000000000000000000e+00 0.000000000000000000e+00
1.577439606189727783e-01 6.596788167953491211e-01 7.396278977394104004e-01 2.817457914352416992e-01 5.810648202896118164e-02 3.641718626022338867e-01 6.277227401733398438e-01 2.569731473922729492e-01 5.772149562835693359e-01 1.000000000000000000e+00 1.000000000000000000e+00 1.000000000000000000e+00
8.749017715454101562e-01 3.303110599517822266e-03 6.430006027221679688e-01 2.382510900497436523e-02 2.963728904724121094e-01 3.039187788963317871e-01 2.874432206153869629e-01 3.385327458381652832e-01 7.915681600570678711e-02 0.000000000000000000e+00 0.000000000000000000e+00 0.000000000000000000e+00
9.325866103172302246e-01 1.106702685356140137e-01 5.286798477172851562e-01 6.704441308975219727e-01 7.471209764480590820e-02 7.316565513610839844e-02 3.437590599060058594e-02 8.089448213577270508e-01 3.520830869674682617e-01 1.000000000000000000e+00 0.000000000000000000e+00 0.000000000000000000e+00
9.825981855392456055e-01 3.525371551513671875e-01 3.170564770698547363e-01 8.427368998527526855e-01 8.672747015953063965e-01 6.708654165267944336e-01 1.785014867782592773e-01 2.818731069564819336e-01 5.318506360054016113e-01 0.000000000000000000e+00 1.000000000000000000e+00 0.000000000000000000e+00
2.032270580530166626e-01 6.711417436599731445e-02 1.029536724090576172e-01 2.015990614891052246e-01 4.111038446426391602e-01 8.974026441574096680e-01 4.359753727912902832e-01 9.910987019538879395e-01 9.586054086685180664e-01 0.000000000000000000e+00 1.000000000000000000e+00 0.000000000000000000e+00
9.757785201072692871e-01 1.319515705108642578e-01 8.371859788894653320e-01 2.063407897949218750e-01 9.100601077079772949e-01 3.165332674980163574e-01 7.239907383918762207e-01 4.677666425704956055e-01 8.057264089584350586e-01 1.000000000000000000e+00 0.000000000000000000e+00 0.000000000000000000e+00
8.729212880134582520e-01 6.056616306304931641e-01 7.557917237281799316e-01 7.872688174247741699e-01 1.947386860847473145e-01 5.041052699089050293e-01 8.873241543769836426e-01 5.976945161819458008e-01 2.882292270660400391e-01 0.000000000000000000e+00 0.000000000000000000e+00 0.000000000000000000e+00
2.210708558559417725e-01 8.923638463020324707e-01 3.932896852493286133e-01 2.264054417610168457e-01 1.765522360801696777e-01 8.989568948745727539e-01 2.629426717758178711e-01 4.896618723869323730e-01 2.110695838928222656e-02 0.000000000000000000e+00 1.000000000000000000e+00 0.000000000000000000e+00
1.008420810103416443e-01 3.633339405059814453e-01 3.500645756721496582e-01 9.960240125656127930e-02 2.614156603813171387e-01 3.153756260871887207e-01 7.324536442756652832e-01 4.028162956237792969e-01 8.611077070236206055e-02 0.000000000000000000e+00 0.000000000000000000e+00 0.000000000000000000e+00
4.672438502311706543e-01 8.116204738616943359e-01 3.214585781097412109e-01 5.308028459548950195e-01 1.466719508171081543e-01 3.199438452720642090e-01 4.302043318748474121e-01 4.897162318229675293e-01 4.030134081840515137e-01 0.000000000000000000e+00 0.000000000000000000e+00 0.000000000000000000e+00
5.279661417007446289e-01 5.184537172317504883e-02 3.598204851150512695e-01 1.282125115394592285e-01 8.689298033714294434e-01 5.754569768905639648e-01 7.877460718154907227e-01 5.527779459953308105e-01 7.184909582138061523e-01 1.000000000000000000e+00 1.000000000000000000e+00 1.000000000000000000e+00
9.138870835304260254e-01 9.395396709442138672e-01 9.128203392028808594e-01 6.680195331573486328e-01 7.045527696609497070e-01 9.554122686386108398e-01 4.991865754127502441e-01 9.202240705490112305e-01 7.910690903663635254e-01 0.000000000000000000e+00 0.000000000000000000e+00 0.000000000000000000e+00
8.221732378005981445e-01 8.142849802970886230e-01 5.410126447677612305e-01 4.538062810897827148e-01 5.662736296653747559e-01 9.211699366569519043e-01 1.529192924499511719e-02 7.650463581085205078e-01 7.530547976493835449e-01 1.000000000000000000e+00 0.000000000000000000e+00 0.000000000000000000e+00
9.837334752082824707e-01 9.774231910705566406e-02 8.790915012359619141e-01 8.739207983016967773e-01 7.516248822212219238e-01 9.289660453796386719e-01 6.931667923927307129e-01 9.242620468139648438e-01 8.288949131965637207e-01 0.000000000000000000e+00 1.000000000000000000e+00 0.000000000000000000e+00
9.223778843879699707e-01 3.213804364204406738e-01 3.996051549911499023e-01 9.142496585845947266e-01 3.255468606948852539e-02 4.712257981300354004e-01 9.746731519699096680e-01 1.363471746444702148e-01 1.246334910392761230e-01 0.000000000000000000e+00 0.000000000000000000e+00 0.000000000000000000e+00
1.526494771242141724e-01 9.184626340866088867e-01 3.766960501670837402e-01 1.267070770263671875e-01 6.112453341484069824e-01 5.219275951385498047e-01 5.222986340522766113e-01 6.768274307250976562e-01 3.286510705947875977e-02 0.000000000000000000e+00 1.000000000000000000e+00 0.000000000000000000e+00
6.511721611022949219e-01 8.608861565589904785e-01 1.865190267562866211e-01 5.978379845619201660e-01 7.266309857368469238e-01 4.736713767051696777e-01 4.873009324073791504e-01 9.297981858253479004e-01 6.839005351066589355e-01 0.000000000000000000e+00 0.000000000000000000e+00 0.000000000000000000e+00
9.018387198448181152e-01 2.112636566162109375e-01 9.045102596282958984e-01 6.375411152839660645e-01 3.054162263870239258e-01 8.693659901618957520e-01 3.605723381042480469e-01 3.513993024826049805e-01 8.236012458801269531e-01 0.000000000000000000e+00 0.000000000000000000e+00 0.000000000000000000e+00
6.445186734199523926e-01 8.082676529884338379e-01 9.916713833808898926e-01 2.816482186317443848e-01 8.726220726966857910e-01 7.317605018615722656e-01 5.920379161834716797e-01 7.854336500167846680e-01 8.009283542633056641e-01 1.000000000000000000e+00 0.000000000000000000e+00 0.000000000000000000e+00
7.088063359260559082e-01 5.833076834678649902e-01 1.513752341270446777e-01 8.097380995750427246e-01 5.610034465789794922e-01 7.930449843406677246e-01 2.224512100219726562e-01 5.079694986343383789e-01 4.043996930122375488e-01 1.000000000000000000e+00 0.000000000000000000e+00 0.000000000000000000e+00
9.297708272933959961e-01 7.364266514778137207e-01 4.792376160621643066e-01 8.269345760345458984e-01 9.600238204002380371e-01 2.083382010459899902e-01 2.739203572273254395e-01 8.830803632736206055e-02 2.751994132995605469e-02 0.000000000000000000e+00 0.000000000000000000e+00 0.000000000000000000e+00
2.769219279289245605e-01 6.413612365722656250e-01 6.030819416046142578e-01 6.379184722900390625e-01 5.161380767822265625e-01 5.327908992767333984e-01 9.742907285690307617e-01 4.260178804397583008e-01 4.001353979110717773e-01 0.000000000000000000e+00 0.000000000000000000e+00 0.000000000000000000e+00
7.387467026710510254e-01 5.066548585891723633e-01 8.049938678741455078e-01 7.058191299438476562e-01 3.917927145957946777e-01 3.385149836540222168e-01 8.446902632713317871e-01 7.726278901100158691e-01 6.612257361412048340e-01 1.000000000000000000e+00 0.000000000000000000e+00 0.000000000000000000e+00
7.989513278007507324e-01 4.831972718238830566e-01 8.384876251220703125e-01 5.164157748222351074e-01 6.829264760017395020e-01 7.639840841293334961e-01 1.702207922935485840e-01 7.122641801834106445e-02 8.428121209144592285e-01 0.000000000000000000e+00 0.000000000000000000e+00 0.000000000000000000e+00
9.580141901969909668e-01 2.023553848266601562e-02 4.400920867919921875e-02 7.485538721084594727e-01 6.619774103164672852e-01 7.219750881195068359e-01 2.314186692237854004e-01 1.884129047393798828e-01 7.975237965583801270e-01 0.000000000000000000e+00 1.000000000000000000e+00 0.000000000000000000e+00
5.369098186492919922e-01 4.784064888954162598e-01 3.438416719436645508e-01 3.546305894851684570e-01 3.528957366943359375e-01 9.060682058334350586e-01 2.334959506988525391e-01 5.450646281242370605e-01 4.589559435844421387e-01 1.000000000000000000e+00 0.000000000000000000e+00 0.000000000000000000e+00
5.889458656311035156e-01 3.888428211212158203e-01 6.305440068244934082e-01 2.717227935791015625e-01 2.470282316207885742e-01 2.701264023780822754e-01 5.202546715736389160e-01 5.164563655853271484e-03 7.376767396926879883e-01 0.000000000000000000e+00 0.000000000000000000e+00 0.000000000000000000e+00
9.949652552604675293e-01 3.809817433357238770e-01 3.299676775932312012e-01 9.133924841880798340e-01 8.376542925834655762e-01 5.473083853721618652e-01 2.070825695991516113e-01 9.540422558784484863e-01 9.162132740020751953e-01 0.000000000000000000e+00 0.000000000000000000e+00 0.000000000000000000e+00
9.904300570487976074e-01 2.085901498794555664e-01 9.608334898948669434e-01 3.444537520408630371e-01 9.487858414649963379e-01 5.382303595542907715e-01 8.450970649719238281e-01 9.811413288116455078e-02 4.778019785881042480e-01 0.000000000000000000e+00 0.000000000000000000e+00 0.000000000000000000e+00
4.423702061176300049e-01 8.752962946891784668e-01 8.910396695137023926e-01 7.148933410644531250e-02 2.960773706436157227e-01 9.845520853996276855e-01 9.926346540451049805e-01 7.584624290466308594e-01 1.547628641128540039e-02 1.000000000000000000e+00 0.000000000000000000e+00 0.000000000000000000e+00
9.432525634765625000e-01 5.396067500114440918e-01 9.667937755584716797e-01 6.169410943984985352e-01 9.981997609138488770e-01 4.390023350715637207e-01 2.948608994483947754e-01 4.643529653549194336e-01 8.226389288902282715e-01 0.000000000000000000e+00 0.000000000000000000e+00 0.000000000000000000e+00
1.801508516073226929e-01 4.100028872489929199e-01 3.453768491744995117e-01 2.821903228759765625e-01 5.432091951370239258e-01 6.412039995193481445e-01 2.352801561355590820e-01 6.189103722572326660e-01 3.712722659111022949e-01 0.000000000000000000e+00 1.000000000000000000e+00 0.000000000000000000e+00
7.231865525245666504e-01 1.382877230644226074e-01 7.306208014488220215e-01 1.322007179260253906e-02 6.437853574752807617e-01 8.096818923950195312e-01 4.621108770370483398e-01 3.902109265327453613e-01 7.522178292274475098e-01 0.000000000000000000e+00 0.000000000000000000e+00 0.000000000000000000e+00
9.914789795875549316e-01 4.723961353302001953e-01 2.577711343765258789e-01 9.150862097740173340e-01 5.992135405540466309e-01 7.853686809539794922e-03 6.729266643524169922e-01 4.922026991844177246e-01 6.727908849716186523e-01 0.000000000000000000e+00 1.000000000000000000e+00 0.000000000000000000e+00
3.796075284481048584e-01 8.161684870719909668e-01 5.421310067176818848e-01 3.543004393577575684e-01 1.089146733283996582e-01 8.713603019714355469e-03 8.448833227157592773e-01 6.312811970710754395e-01 3.683412075042724609e-01 1.000000000000000000e+00 0.000000000000000000e+00 0.000000000000000000e+00
8.043261766433715820e-01 3.587445020675659180e-01 5.054948329925537109e-01 5.254293680191040039e-01 5.714231729507446289e-01 4.813527464866638184e-01 3.305118680000305176e-01 4.673218131065368652e-01 7.434383034706115723e-01 0.000000000000000000e+00 0.000000000000000000e+00 0.000000000000000000e+00
5.211161971092224121e-01 9.527607560157775879e-01 5.929050445556640625e-01 3.916132450103759766e-02 9.050786495208740234e-01 5.002581477165222168e-01 5.613622069358825684e-01 5.078144073486328125e-01 7.833949327468872070e-01 1.000000000000000000e+00 0.000000000000000000e+00 0.000000000000000000e+00
8.102952837944030762e-01 3.688704371452331543e-01 9.467836022377014160e-01 4.987374544143676758e-01 8.564239740371704102e-02 5.704381465911865234e-01 7.895747423171997070e-01 3.322085738182067871e-01 4.150366187095642090e-01 0.000000000000000000e+00 0.000000000000000000e+00 0.000000000000000000e+00
4.471401274204254150e-01 7.266228795051574707e-01 1.856067180633544922e-01 2.073535919189453125e-01 5.694531798362731934e-01 2.947786450386047363e-01 1.080666780471801758e-01 2.120276093482971191e-01 7.898123860359191895e-01 0.000000000000000000e+00 0.000000000000000000e+00 0.000000000000000000e+00
7.447280883789062500e-01 8.110041022300720215e-01 7.466804981231689453e-02 9.568556547164916992e-01 4.299259185791015625e-01 7.068645954132080078e-01 1.336759328842163086e-02 9.561907052993774414e-01 8.445846438407897949e-01 0.000000000000000000e+00 0.000000000000000000e+00 0.000000000000000000e+00
7.014482617378234863e-01 8.768000006675720215e-01 7.787889838218688965e-01 7.859389185905456543e-01 4.174266457557678223e-01 7.969733476638793945e-01 8.051614761352539062e-01 1.834404468536376953e-01 9.240167140960693359e-01 0.000000000000000000e+00 0.000000000000000000e+00 0.000000000000000000e+00
7.998297214508056641e-01 5.719729661941528320e-01 2.267361879348754883e-01 9.392096400260925293e-01 1.824513673782348633e-01 9.348406195640563965e-01 1.905393004417419434e-01 1.012167930603027344e-01 5.164265632629394531e-03 0.000000000000000000e+00 0.000000000000000000e+00 0.000000000000000000e+00
3.326039314270019531e-01 1.314419507980346680e-01 3.035321235656738281e-01 1.929435133934020996e-01 4.400155544281005859e-01 9.468809962272644043e-01 7.817983627319335938e-03 7.291288375854492188e-01 8.396193981170654297e-01 0.000000000000000000e+00 0.000000000000000000e+00 0.000000000000000000e+00
7.319886684417724609e-01 5.346645116806030273e-01 7.674516439437866211e-01 5.463881492614746094e-01 5.952879786491394043e-01 2.513172626495361328e-01 7.347307205200195312e-01 2.793385982513427734e-01 2.479344606399536133e-02 0.000000000000000000e+00 0.000000000000000000e+00 0.000000000000000000e+00
2.218479365110397339e-01 9.239759445190429688e-01 5.040069222450256348e-01 4.363284707069396973e-01 4.468400478363037109e-01 5.872682929039001465e-01 6.632553935050964355e-01 4.044643640518188477e-01 6.994637250900268555e-01 0.000000000000000000e+00 1.000000000000000000e+00 0.000000000000000000e+00
8.645905852317810059e-01 4.681161642074584961e-01 9.227855801582336426e-01 7.478355765342712402e-01 6.396933197975158691e-01 8.599413633346557617e-01 4.126003980636596680e-01 4.993780851364135742e-01 9.052548408508300781e-01 0.000000000000000000e+00 0.000000000000000000e+00 0.000000000000000000e+00
3.402994275093078613e-01 4.772989749908447266e-01 3.072142601013183594e-03 3.700827956199645996e-01 8.681458830833435059e-01 5.899966359138488770e-01 6.521855592727661133e-01 3.790242671966552734e-01 5.321785807609558105e-01 1.000000000000000000e+00 1.000000000000000000e+00 1.000000000000000000e+00
6.698884963989257812e-01 6.659753322601318359e-01 6.944174766540527344e-01 5.783921480178833008e-02 8.314083218574523926e-01 4.016301631927490234e-01 3.741717338562011719e-02 6.187584400177001953e-01 4.537665247917175293e-01 0.000000000000000000e+00 0.000000000000000000e+00 0.000000000000000000e+00
6.424708366394042969e-01 8.369074463844299316e-01 5.811344385147094727e-01 7.027627229690551758e-01 3.399096727371215820e-01 4.553481936454772949e-01 4.914171099662780762e-01 5.058999061584472656e-01 1.258975267410278320e-01 0.000000000000000000e+00 1.000000000000000000e+00 0.000000000000000000e+00
4.768073856830596924e-01 5.281180739402770996e-01 5.995246171951293945e-01 5.707213878631591797e-01 3.951856493949890137e-01 9.925846457481384277e-01 5.806150436401367188e-01 1.090478897094726562e-01 7.519478797912597656e-01 0.000000000000000000e+00 0.000000000000000000e+00 0.000000000000000000e+00
3.635766506195068359e-01 8.012726902961730957e-01 1.774386167526245117e-01 1.805524826049804688e-01 6.965701580047607422e-01 7.787509560585021973e-01 3.277051448822021484e-02 8.349184393882751465e-01 4.998832941055297852e-01 0.000000000000000000e+00 0.000000000000000000e+00 0.000000000000000000e+00
2.575451135635375977e-01 6.587221622467041016e-01 8.966114521026611328e-01 2.352569699287414551e-01 2.151365876197814941e-01 4.830887317657470703e-01 9.283347725868225098e-01 1.873814463615417480e-01 6.825111508369445801e-01 1.000000000000000000e+00 1.000000000000000000e+00 1.000000000000000000e+00
7.580456137657165527e-01 8.043354749679565430e-01 4.290241599082946777e-01 1.985587477684020996e-01 9.319716691970825195e-01 3.718215227127075195e-01 8.894441127777099609e-01 3.199033141136169434e-01 4.944473505020141602e-02 0.000000000000000000e+00 0.000000000000000000e+00 0.000000000000000000e+00
7.817265987396240234e-01 4.147212505340576172e-01 9.767381548881530762e-01 1.268322467803955078e-01 5.498361587524414062e-02 1.298267245292663574e-01 5.579603314399719238e-01 4.640933871269226074e-01 6.197843551635742188e-01 0.000000000000000000e+00 0.000000000000000000e+00 0.000000000000000000e+00
7.630962729454040527e-01 3.860512971878051758e-01 2.265882492065429688e-02 6.932669281959533691e-01 1.000490784645080566e-01 2.690520882606506348e-01 8.374625444412231445e-02 3.999316692352294922e-01 7.753759622573852539e-01 0.000000000000000000e+00 0.000000000000000000e+00 0.000000000000000000e+00
8.400706648826599121e-01 8.951373100280761719e-01 6.846884489059448242e-01 8.015893697738647461e-01 9.489918947219848633e-01 4.412547945976257324e-01 7.181355357170104980e-01 4.737590551376342773e-01 3.549107313156127930e-01 0.000000000000000000e+00 0.000000000000000000e+00 0.000000000000000000e+00
2.042640894651412964e-01 5.764818191528320312e-01 5.459255576133728027e-01 4.185222387313842773e-01 3.425165414810180664e-01 7.542244791984558105e-01 1.228958964347839355e-01 4.063601493835449219e-01 6.573857069015502930e-01 0.000000000000000000e+00 1.000000000000000000e+00 0.000000000000000000e+00
9.140677452087402344e-01 6.038188934326171875e-03 4.462273716926574707e-01 2.794809937477111816e-01 9.914817810058593750e-01 3.460814952850341797e-01 5.915300846099853516e-01 6.753963232040405273e-01 1.443445682525634766e-03 0.000000000000000000e+00 0.000000000000000000e+00 0.000000000000000000e+00
2.917171716690063477e-01 5.476256012916564941e-01 2.658343315124511719e-02 2.050346136093139648e-01 3.284589648246765137e-01 1.762077212333679199e-01 7.929778695106506348e-01 3.019455671310424805e-01 2.660195827484130859e-01 0.000000000000000000e+00 0.000000000000000000e+00 0.000000000000000000e+00
8.838520646095275879e-01 7.226691842079162598e-01 9.867209196090698242e-02 7.668073773384094238e-01 7.014242410659790039e-01 1.937456727027893066e-01 5.719082355499267578e-01 2.689522504806518555e-01 3.857984542846679688e-01 0.000000000000000000e+00 0.000000000000000000e+00 0.000000000000000000e+00
6.308104395866394043e-01 8.625409007072448730e-01 5.323101878166198730e-01 3.025859594345092773e-01 4.907808899879455566e-01 5.106872320175170898e-02 2.690570950508117676e-01 3.170443177223205566e-01 9.708985090255737305e-01 1.000000000000000000e+00 0.000000000000000000e+00 0.000000000000000000e+00
9.802861809730529785e-01 3.925564289093017578e-01 9.280264973640441895e-01 7.911519408226013184e-01 9.464341998100280762e-01 9.976375699043273926e-01 9.384495019912719727e-02 7.032647728919982910e-01 3.900943994522094727e-01 0.000000000000000000e+00 0.000000000000000000e+00 0.000000000000000000e+00
8.349352478981018066e-01 1.780381202697753906e-01 2.293020486831665039e-01 5.292516946792602539e-01 5.296337008476257324e-01 2.944060564041137695e-01 1.972675323486328125e-02 2.186607718467712402e-01 3.455358743667602539e-01 0.000000000000000000e+00 1.000000000000000000e+00 0.000000000000000000e+00
6.401220560073852539e-01 4.731315374374389648e-01 5.753364562988281250e-01 6.289967894554138184e-01 2.739137411117553711e-01 9.995065927505493164e-01 7.626376152038574219e-01 2.830560207366943359e-01 4.202876091003417969e-01 0.000000000000000000e+00 0.000000000000000000e+00 0.000000000000000000e+00
9.651133418083190918e-01 3.521030545234680176e-01 1.716115474700927734e-01 8.264845609664916992e-01 7.867552638053894043e-01 6.293529868125915527e-01 1.063282489776611328e-01 3.826587796211242676e-01 2.799208760261535645e-01 0.000000000000000000e+00 1.000000000000000000e+00 0.000000000000000000e+00
5.434766411781311035e-01 5.247305631637573242e-01 8.169806599617004395e-01 2.797029018402099609e-01 3.132414817810058594e-01 4.534880518913269043e-01 4.646406769752502441e-01 1.843973994255065918e-01 4.504312872886657715e-01 0.000000000000000000e+00 0.000000000000000000e+00 0.000000000000000000e+00
9.538906812667846680e-01 8.877318501472473145e-01 2.170284390449523926e-01 9.996649026870727539e-01 8.120833635330200195e-01 2.047460675239562988e-01 2.378137707710266113e-01 2.313078641891479492e-01 9.627537131309509277e-01 0.000000000000000000e+00 0.000000000000000000e+00 0.000000000000000000e+00
6.131462454795837402e-01 1.647769212722778320e-01 4.565815329551696777e-01 1.119042038917541504e-01 8.740577697753906250e-01 9.070143103599548340e-01 3.001397252082824707e-01 4.817456007003784180e-02 2.045805454254150391e-01 0.000000000000000000e+00 0.000000000000000000e+00 0.000000000000000000e+00
4.396901726722717285e-01 6.389358043670654297e-01 5.111235380172729492e-02 6.263535618782043457e-01 2.467824220657348633e-01 5.564435720443725586e-01 8.553539514541625977e-01 3.774983882904052734e-01 2.862548232078552246e-01 0.000000000000000000e+00 0.000000000000000000e+00 0.000000000000000000e+00
8.904386758804321289e-01 2.609854936599731445e-01 7.481976151466369629e-01 2.320462465286254883e-01 8.623187541961669922e-01 6.666636466979980469e-01 2.874040603637695312e-02 8.462071418762207031e-01 9.079790711402893066e-01 0.000000000000000000e+00 0.000000000000000000e+00 0.000000000000000000e+00
3.581812083721160889e-01 9.038468003273010254e-01 9.505308866500854492e-01 9.344707131385803223e-01 1.211366057395935059e-01 7.765956521034240723e-01 9.375202655792236328e-02 8.688067197799682617e-01 5.363937616348266602e-01 0.000000000000000000e+00 0.000000000000000000e+00 0.000000000000000000e+00
3.250837624073028564e-01 4.919892549514770508e-02 1.011489033699035645e-01 3.961654901504516602e-01 9.141111373901367188e-02 8.968732357025146484e-01 6.226252913475036621e-01 5.396853089332580566e-01 4.087740182876586914e-01 0.000000000000000000e+00 0.000000000000000000e+00 0.000000000000000000e+00
9.550989270210266113e-01 9.060561656951904297e-02 5.249344110488891602e-01 4.791346788406372070e-01 9.165927767753601074e-01 1.339812874794006348e-01 3.099331259727478027e-01 1.728183627128601074e-01 4.264078736305236816e-01 0.000000000000000000e+00 0.000000000000000000e+00 0.000000000000000000e+00
1.345821768045425415e-01 6.528900861740112305e-01 2.158032059669494629e-01 2.710104584693908691e-01 2.708594202995300293e-01 1.278192400932312012e-01 1.984152197837829590e-01 4.162033200263977051e-01 7.732832431793212891e-02 0.000000000000000000e+00 1.000000000000000000e+00 0.000000000000000000e+00
9.972533583641052246e-01 2.637773156166076660e-01 3.163892030715942383e-02 9.702208042144775391e-01 7.011216878890991211e-01 2.638882398605346680e-02 5.311893820762634277e-01 4.452722668647766113e-01 8.704541325569152832e-01 0.000000000000000000e+00 0.000000000000000000e+00 0.000000000000000000e+00
9.827301502227783203e-01 1.498253941535949707e-01 8.540161252021789551e-01 4.438453912734985352e-02 9.966024756431579590e-01 5.111891031265258789e-01 6.528316140174865723e-01 3.763064146041870117e-01 5.169981718063354492e-01 0.000000000000000000e+00 1.000000000000000000e+00 0.000000000000000000e+00
4.373362660408020020e-01 9.334931373596191406e-01 3.570635318756103516e-01 3.475302457809448242e-02 4.784706830978393555e-01 5.351845026016235352e-01 3.175627589225769043e-01 5.699419379234313965e-01 6.062896251678466797e-01 0.000000000000000000e+00 0.000000000000000000e+00 0.000000000000000000e+00
9.254508018493652344e-01 4.168099761009216309e-01 2.321484088897705078e-01 7.232264280319213867e-01 8.973533511161804199e-01 5.770852565765380859e-01 2.637092471122741699e-01 9.873213171958923340e-01 3.994330167770385742e-01 1.000000000000000000e+00 0.000000000000000000e+00 0.000000000000000000e+00
8.217299580574035645e-01 3.136518001556396484e-01 6.543582677841186523e-01 5.207865834236145020e-01 8.786389827728271484e-01 7.630988359451293945e-01 8.505416512489318848e-01 9.793015122413635254e-01 9.266731739044189453e-01 1.000000000000000000e+00 0.000000000000000000e+00 0.000000000000000000e+00
9.298860430717468262e-01 1.139151453971862793e-01 9.169478416442871094e-01 7.615103125572204590e-01 1.483237743377685547e-02 4.526603817939758301e-01 8.979068398475646973e-01 5.341939330101013184e-01 1.769570708274841309e-01 0.000000000000000000e+00 0.000000000000000000e+00 0.000000000000000000e+00
6.283581256866455078e-01 5.804901719093322754e-01 7.726774811744689941e-01 1.419210433959960938e-01 5.749904513359069824e-01 8.306062221527099609e-01 3.332107067108154297e-01 1.411783695220947266e-01 4.134754538536071777e-01 1.000000000000000000e+00 1.000000000000000000e+00 1.000000000000000000e+00
3.912554085254669189e-01 7.530255317687988281e-01 8.244098424911499023e-01 1.276538968086242676e-01 8.958210945129394531e-01 5.814118385314941406e-01 6.051726937294006348e-01 8.343495726585388184e-01 9.735569953918457031e-01 0.000000000000000000e+00 0.000000000000000000e+00 0.000000000000000000e+00
7.902438044548034668e-01 4.853466153144836426e-01 1.969802379608154297e-02 6.913140416145324707e-01 6.371247172355651855e-01 6.544002890586853027e-01 1.192621588706970215e-01 3.767576813697814941e-01 9.043384790420532227e-01 0.000000000000000000e+00 0.000000000000000000e+00 0.000000000000000000e+00
7.841923832893371582e-01 8.021363019943237305e-01 7.935907840728759766e-01 8.926216959953308105e-01 2.593823075294494629e-01 2.761351466178894043e-01 7.037616372108459473e-01 8.018972277641296387e-01 6.863419413566589355e-01 0.000000000000000000e+00 0.000000000000000000e+00 0.000000000000000000e+00
5.866207480430603027e-01 4.625778794288635254e-01 1.755126714706420898e-01 4.757364392280578613e-01 8.518797159194946289e-01 5.029292106628417969e-01 4.415951371192932129e-01 5.039129853248596191e-01 4.997141957283020020e-01 1.000000000000000000e+00 0.000000000000000000e+00 0.000000000000000000e+00
9.060782194137573242e-01 2.137513160705566406e-01 3.662142753601074219e-01 9.360992908477783203e-01 3.685206174850463867e-01 8.491963744163513184e-01 6.287813782691955566e-01 7.301394939422607422e-01 6.985936164855957031e-01 0.000000000000000000e+00 0.000000000000000000e+00 0.000000000000000000e+00
9.342395663261413574e-01 2.889267206192016602e-01 6.120935678482055664e-01 6.900438070297241211e-01 4.815572500228881836e-01 1.231598854064941406e-01 6.186164021492004395e-01 5.478311181068420410e-01 6.448656320571899414e-01 0.000000000000000000e+00 0.000000000000000000e+00 0.000000000000000000e+00
9.150927066802978516e-01 8.863741755485534668e-01 1.997572183609008789e-02 9.401344656944274902e-01 7.544963359832763672e-01 7.695846557617187500e-01 3.087444901466369629e-01 2.429326772689819336e-01 4.379678368568420410e-01 1.000000000000000000e+00 0.000000000000000000e+00 0.000000000000000000e+00
8.857389688491821289e-01 4.109952449798583984e-01 9.759273529052734375e-01 3.232908844947814941e-01 5.256519913673400879e-01 5.321769118309020996e-01 2.973427772521972656e-01 9.823727011680603027e-01 6.619244813919067383e-02 0.000000000000000000e+00 0.000000000000000000e+00 0.000000000000000000e+00
4.522449374198913574e-01 9.196639060974121094e-01 2.668718695640563965e-01 6.397777795791625977e-01 7.607084512710571289e-02 9.827517867088317871e-01 6.659626960754394531e-01 7.369726300239562988e-01 1.664135456085205078e-01 0.000000000000000000e+00 0.000000000000000000e+00 0.000000000000000000e+00
1.700583696365356445e-01 9.949721097946166992e-01 6.358600258827209473e-01 8.177244663238525391e-02 7.574319839477539062e-03 7.030288577079772949e-01 9.627732634544372559e-01 2.288448810577392578e-01 9.861729741096496582e-01 1.000000000000000000e+00 1.000000000000000000e+00 1.000000000000000000e+00
8.610827922821044922e-01 5.786604285240173340e-01 6.891515254974365234e-01 6.406383514404296875e-01 8.456851243972778320e-01 6.170374155044555664e-01 9.337240457534790039e-01 7.554032802581787109e-01 7.187577486038208008e-01 0.000000000000000000e+00 0.000000000000000000e+00 0.000000000000000000e+00
9.019313454627990723e-01 4.513543844223022461e-01 8.976689577102661133e-01 3.839514851570129395e-01 7.001922130584716797e-01 7.504116892814636230e-01 2.697932720184326172e-01 6.019138693809509277e-01 7.516540288925170898e-01 0.000000000000000000e+00 0.000000000000000000e+00 0.000000000000000000e+00
8.995711207389831543e-01 3.449290990829467773e-02 2.339667677879333496e-01 5.958321094512939453e-01 1.848170757293701172e-01 4.369306564331054688e-02 5.304213762283325195e-01 7.198040485382080078e-01 5.697041153907775879e-01 0.000000000000000000e+00 0.000000000000000000e+00 0.000000000000000000e+00
3.251843750476837158e-01 7.774452567100524902e-01 4.713551402091979980e-01 3.330883383750915527e-01 2.155130505561828613e-01 4.009507894515991211e-01 6.983056664466857910e-01 4.076036214828491211e-01 6.184064149856567383e-01 0.000000000000000000e+00 0.000000000000000000e+00 0.000000000000000000e+00
2.486813813447952271e-01 3.485835194587707520e-01 6.901956200599670410e-01 4.650509357452392578e-02 9.758895635604858398e-02 6.565894484519958496e-01 7.897071838378906250e-01 6.070510149002075195e-01 2.372341156005859375e-01 0.000000000000000000e+00 1.000000000000000000e+00 0.000000000000000000e+00
6.286687254905700684e-01 6.749343276023864746e-01 7.464625239372253418e-01 5.544023513793945312e-01 7.333697080612182617e-01 5.428138375282287598e-01 4.147388339042663574e-01 2.793489694595336914e-01 1.435339450836181641e-03 0.000000000000000000e+00 0.000000000000000000e+00 0.000000000000000000e+00
1.337964534759521484e-01 3.497501015663146973e-01 1.688788533210754395e-01 1.487966775894165039e-01 6.796872615814208984e-02 7.680647373199462891e-01 7.242162823677062988e-01 4.960298538208007812e-04 6.026910543441772461e-01 0.000000000000000000e+00 1.000000000000000000e+00 0.000000000000000000e+00
8.299741148948669434e-01 3.030687570571899414e-02 5.541316270828247070e-01 6.419600248336791992e-01 5.076825618743896484e-03 3.354126214981079102e-02 8.348349928855895996e-01 7.176371216773986816e-01 3.907711505889892578e-01 1.000000000000000000e+00 0.000000000000000000e+00 0.000000000000000000e+00
7.623160481452941895e-01 4.642591476440429688e-01 2.471051216125488281e-01 1.833185553550720215e-01 7.127143144607543945e-01 2.119984030723571777e-01 5.894523859024047852e-02 1.657349467277526855e-01 6.539538502693176270e-01 0.000000000000000000e+00 1.000000000000000000e+00 0.000000000000000000e+00
9.743985533714294434e-01 1.093713045120239258e-01 8.217903971672058105e-01 5.236659646034240723e-01 3.371056318283081055e-01 2.940962314605712891e-01 3.812232017517089844e-01 4.105644822120666504e-01 6.559971570968627930e-01 0.000000000000000000e+00 0.000000000000000000e+00 0.000000000000000000e+00
7.903566956520080566e-01 4.355093836784362793e-01 3.630302548408508301e-01 8.040727972984313965e-01 2.447769045829772949e-01 5.284386277198791504e-01 7.427712082862854004e-01 3.024752140045166016e-01 6.185163259506225586e-01 0.000000000000000000e+00 1.000000000000000000e+00 0.000000000000000000e+00
6.201619505882263184e-01 8.915756344795227051e-01 6.009606719017028809e-01 6.891113519668579102e-01 5.021600127220153809e-01 8.406099081039428711e-01 9.851763248443603516e-01 5.204558372497558594e-02 9.870947003364562988e-01 1.000000000000000000e+00 0.000000000000000000e+00 0.000000000000000000e+00
3.910904824733734131e-01 6.398297548294067383e-01 2.622509002685546875e-01 4.356818199157714844e-01 4.738227725028991699e-01 8.000345826148986816e-01 2.619180679321289062e-01 6.968593597412109375e-01 1.393426656723022461e-01 0.000000000000000000e+00 1.000000000000000000e+00 0.000000000000000000e+00
9.973276853561401367e-01 1.480835676193237305e-01 9.302967786788940430e-01 6.279870867729187012e-01 8.166242241859436035e-01 1.683211326599121094e-01 8.437925577163696289e-02 3.569385409355163574e-01 7.990269064903259277e-01 0.000000000000000000e+00 1.000000000000000000e+00 0.000000000000000000e+00
6.018193364143371582e-01 5.267580747604370117e-01 1.050133109092712402e-01 3.925976157188415527e-01 4.721007943153381348e-01 1.458991169929504395e-01 8.626554012298583984e-01 9.295653104782104492e-01 5.352291464805603027e-01 1.000000000000000000e+00 0.000000000000000000e+00 0.000000000000000000e+00
9.253815412521362305e-01 4.248178005218505859e-02 5.737409591674804688e-01 4.646810293197631836e-01 9.101203083992004395e-01 3.052285909652709961e-01 4.494375586509704590e-01 2.795328497886657715e-01 3.546226620674133301e-01 0.000000000000000000e+00 0.000000000000000000e+00 0.000000000000000000e+00
9.461992383003234863e-01 9.235354065895080566e-01 8.828190565109252930e-01 9.281982183456420898e-01 7.481608390808105469e-01 2.119197249412536621e-01 3.415346145629882812e-03 1.549452543258666992e-01 7.318040728569030762e-01 0.000000000000000000e+00 0.000000000000000000e+00 0.000000000000000000e+00
6.724385619163513184e-01 6.935950517654418945e-01 7.661926746368408203e-01 6.270762085914611816e-01 2.382031083106994629e-01 6.519973278045654297e-03 5.528613924980163574e-01 4.489529728889465332e-01 5.999853610992431641e-01 0.000000000000000000e+00 0.000000000000000000e+00 0.000000000000000000e+00
9.933540821075439453e-01 1.592289209365844727e-01 3.172093629837036133e-02 8.432650566101074219e-01 7.600960135459899902e-01 1.269432902336120605e-01 6.515541076660156250e-01 7.446794509887695312e-01 8.653401136398315430e-01 0.000000000000000000e+00 0.000000000000000000e+00 0.000000000000000000e+00
4.372615814208984375e-01 6.729690432548522949e-01 3.512377738952636719e-01 3.636147975921630859e-01 5.190250873565673828e-01 3.427565097808837891e-01 1.714839935302734375e-01 9.843711853027343750e-01 4.737871289253234863e-01 1.000000000000000000e+00 0.000000000000000000e+00 0.000000000000000000e+00
4.312687814235687256e-01 6.455866098403930664e-01 8.964353799819946289e-02 4.593784213066101074e-01 5.300778150558471680e-01 6.849253773689270020e-01 2.178160548210144043e-01 5.623769760131835938e-02 7.555897831916809082e-01 1.000000000000000000e+00 0.000000000000000000e+00 0.000000000000000000e+00
9.792694449424743652e-01 1.093984842300415039e-01 6.695883870124816895e-01 8.287088274955749512e-01 7.064321041107177734e-01 5.313851237297058105e-01 7.289479970932006836e-01 4.043093919754028320e-01 3.040235042572021484e-01 0.000000000000000000e+00 0.000000000000000000e+00 0.000000000000000000e+00
2.200365364551544189e-01 5.041345357894897461e-01 1.368598937988281250e-01 2.055982947349548340e-01 4.304499030113220215e-01 7.705103754997253418e-01 6.231607198715209961e-01 4.283776879310607910e-01 1.396834850311279297e-03 0.000000000000000000e+00 1.000000000000000000e+00 0.000000000000000000e+00
7.029294371604919434e-01 7.871868014335632324e-01 3.466558456420898438e-01 1.773008704185485840e-01 6.629802584648132324e-01 1.009992361068725586e-01 7.956172227859497070e-01 4.246433973312377930e-01 2.390283942222595215e-01 0.000000000000000000e+00 0.000000000000000000e+00 0.000000000000000000e+00
5.221248865127563477e-01 4.183135032653808594e-01 1.505713462829589844e-01 5.640715360641479492e-01 1.978523731231689453e-01 3.888805508613586426e-01 4.462005496025085449e-01 7.417175173759460449e-01 2.579308152198791504e-01 1.000000000000000000e+00 0.000000000000000000e+00 0.000000000000000000e+00
9.735190272331237793e-01 1.615399122238159180e-02 4.602564573287963867e-01 9.445199370384216309e-01 1.893816590309143066e-01 8.463056683540344238e-01 8.167015910148620605e-01 1.574751138687133789e-01 8.887457251548767090e-01 1.000000000000000000e+00 1.000000000000000000e+00 1.000000000000000000e+00
8.597621917724609375e-01 9.065635204315185547e-01 6.018912196159362793e-01 8.481151461601257324e-01 8.951725363731384277e-01 8.675448894500732422e-01 3.411570191383361816e-01 9.275472164154052734e-02 4.354611039161682129e-01 0.000000000000000000e+00 0.000000000000000000e+00 0.000000000000000000e+00
9.901483654975891113e-01 1.884912848472595215e-01 1.186342239379882812e-01 9.725375771522521973e-01 7.389298677444458008e-01 8.602066636085510254e-01 7.280495762825012207e-01 6.285399198532104492e-02 5.391463041305541992e-01 0.000000000000000000e+00 0.000000000000000000e+00 0.000000000000000000e+00
6.431091427803039551e-01 6.143546104431152344e-02 6.951131820678710938e-01 2.681371569633483887e-01 1.388270854949951172e-01 9.490437507629394531e-01 3.279411792755126953e-02 9.293580055236816406e-02 7.741836905479431152e-01 0.000000000000000000e+00 0.000000000000000000e+00 0.000000000000000000e+00
3.348355889320373535e-01 2.052156329154968262e-01 9.274971485137939453e-02 3.441349267959594727e-01 5.939932465553283691e-01 4.898231029510498047e-01 1.491639018058776855e-01 5.551158189773559570e-01 7.109294533729553223e-01 0.000000000000000000e+00 0.000000000000000000e+00 0.000000000000000000e+00
9.692089557647705078e-01 1.012825369834899902e-01 8.274593949317932129e-01 9.611002802848815918e-01 5.778767466545104980e-01 9.086068272590637207e-01 2.925279736518859863e-01 4.183830618858337402e-01 2.854354977607727051e-01 1.000000000000000000e+00 0.000000000000000000e+00 0.000000000000000000e+00
7.814768552780151367e-01 8.639794588088989258e-01 1.540768146514892578e-02 7.988457083702087402e-01 6.685469150543212891e-01 3.270341157913208008e-01 1.009168624877929688e-01 2.353702783584594727e-01 8.003571629524230957e-01 0.000000000000000000e+00 0.000000000000000000e+00 0.000000000000000000e+00
4.383301436901092529e-01 5.955240130424499512e-01 7.987542748451232910e-01 5.499601364135742188e-01 9.746366739273071289e-02 5.413686633110046387e-01 7.260686755180358887e-01 1.143698096275329590e-01 4.310052394866943359e-01 0.000000000000000000e+00 0.000000000000000000e+00 0.000000000000000000e+00
8.834626674652099609e-01 3.758247494697570801e-01 5.091589689254760742e-02 7.591140270233154297e-01 4.311373233795166016e-01 8.656684756278991699e-01 6.356793045997619629e-01 1.567327976226806641e-01 5.608841776847839355e-01 0.000000000000000000e+00 0.000000000000000000e+00 0.000000000000000000e+00
9.699538350105285645e-01 2.507968544960021973e-01 9.638676643371582031e-01 2.090880274772644043e-01 6.473890542984008789e-01 5.935146212577819824e-01 3.722413182258605957e-01 5.394976735115051270e-01 6.266829371452331543e-01 0.000000000000000000e+00 0.000000000000000000e+00 0.000000000000000000e+00
9.664170145988464355e-01 3.174103498458862305e-01 3.054420948028564453e-01 8.661429882049560547e-01 6.742650866508483887e-01 5.518650412559509277e-01 5.040795207023620605e-01 5.319641828536987305e-01 9.662532806396484375e-01 0.000000000000000000e+00 0.000000000000000000e+00 0.000000000000000000e+00
9.566174149513244629e-01 5.393729209899902344e-01 2.753047347068786621e-01 8.749386072158813477e-01 9.233731031417846680e-01 3.587887883186340332e-01 4.835719466209411621e-01 4.697865247726440430e-02 1.735343933105468750e-01 1.000000000000000000e+00 0.000000000000000000e+00 0.000000000000000000e+00
5.593269467353820801e-01 7.640177011489868164e-01 1.758743524551391602e-01 5.499704480171203613e-01 6.445364952087402344e-01 5.834062695503234863e-01 7.517570257186889648e-02 7.132411003112792969e-01 4.371277689933776855e-01 0.000000000000000000e+00 0.000000000000000000e+00 0.000000000000000000e+00
6.628401279449462891e-01 4.177061915397644043e-01 5.597349405288696289e-01 5.811025500297546387e-01 6.943916678428649902e-01 5.725263357162475586e-01 3.393942713737487793e-01 3.661765456199645996e-01 2.605183124542236328e-01 1.000000000000000000e+00 0.000000000000000000e+00 0.000000000000000000e+00
7.039455771446228027e-01 9.813413023948669434e-01 7.990571260452270508e-01 9.765997529029846191e-01 4.533816576004028320e-01 6.580420732498168945e-01 1.976101398468017578e-01 5.532233119010925293e-01 2.101394534111022949e-01 0.000000000000000000e+00 0.000000000000000000e+00 0.000000000000000000e+00
4.082826375961303711e-01 7.425597906112670898e-01 6.168386936187744141e-01 3.733521103858947754e-01 2.512237429618835449e-01 1.673285961151123047e-01 1.296182870864868164e-01 5.999526381492614746e-01 6.396117210388183594e-01 0.000000000000000000e+00 0.000000000000000000e+00 0.000000000000000000e+00
4.912936985492706299e-01 5.988804697990417480e-01 8.274167776107788086e-02 6.227779388427734375e-02 4.493367075920104980e-01 3.327977657318115234e-01 7.969979643821716309e-01 5.762873888015747070e-01 4.050049185752868652e-01 0.000000000000000000e+00 0.000000000000000000e+00 0.000000000000000000e+00
4.151636660099029541e-01 7.346639037132263184e-01 3.508949279785156250e-02 5.724518895149230957e-01 2.486512660980224609e-01 1.910420656204223633e-01 9.174373149871826172e-01 3.912246227264404297e-02 8.596101999282836914e-01 0.000000000000000000e+00 0.000000000000000000e+00 0.000000000000000000e+00
8.935931921005249023e-01 9.501350522041320801e-01 3.395873308181762695e-02 5.264396667480468750e-01 5.514034628868103027e-01 1.012557744979858398e-01 4.546254277229309082e-01 8.909376859664916992e-01 8.505749702453613281e-01 0.000000000000000000e+00 0.000000000000000000e+00 0.000000000000000000e+00
9.459060430526733398e-01 7.079106569290161133e-01 2.533346414566040039e-01 9.852948188781738281e-01 9.272741079330444336e-01 5.256884098052978516e-01 3.181438446044921875e-01 3.037704825401306152e-01 7.352590560913085938e-02 0.000000000000000000e+00 1.000000000000000000e+00 0.000000000000000000e+00
6.653787493705749512e-01 5.020603537559509277e-01 6.608211994171142578e-01 3.423032164573669434e-01 6.038936376571655273e-01 4.475324153900146484e-01 5.345812439918518066e-01 6.919429302215576172e-01 4.115925431251525879e-01 0.000000000000000000e+00 0.000000000000000000e+00 0.000000000000000000e+00
9.438849091529846191e-01 3.648321628570556641e-01 8.539413809776306152e-01 6.138262748718261719e-01 8.959338068962097168e-01 9.540994763374328613e-01 1.736977696418762207e-01 3.967763781547546387e-01 5.911414623260498047e-01 0.000000000000000000e+00 1.000000000000000000e+00 0.000000000000000000e+00
8.404452204704284668e-01 4.142975807189941406e-01 6.811304092407226562e-01 6.951845288276672363e-01 6.780781149864196777e-01 6.289465427398681641e-01 8.069840669631958008e-01 3.439444303512573242e-02 6.554929614067077637e-01 0.000000000000000000e+00 0.000000000000000000e+00 0.000000000000000000e+00
9.782465696334838867e-01 6.597889065742492676e-01 4.729423522949218750e-01 9.300945997238159180e-01 9.719137549400329590e-01 7.567455768585205078e-01 4.071323275566101074e-01 5.623259544372558594e-01 9.684123396873474121e-01 0.000000000000000000e+00 1.000000000000000000e+00 0.000000000000000000e+00
3.460337817668914795e-01 4.578187465667724609e-01 5.480800271034240723e-01 1.220929026603698730e-01 1.910417675971984863e-01 9.126086235046386719e-01 1.378170847892761230e-01 3.928705453872680664e-01 9.311062097549438477e-01 0.000000000000000000e+00 1.000000000000000000e+00 0.000000000000000000e+00
1.350398212671279907e-01 9.606214165687561035e-01 3.512401580810546875e-01 1.605824232101440430e-01 3.377833962440490723e-01 7.889063954353332520e-01 2.209321856498718262e-01 1.887724995613098145e-01 3.147115111351013184e-01 0.000000000000000000e+00 1.000000000000000000e+00 0.000000000000000000e+00
9.656011462211608887e-01 1.900563240051269531e-01 4.732263088226318359e-01 7.802024483680725098e-01 8.428859710693359375e-02 2.102348208427429199e-01 7.561700344085693359e-01 6.559038758277893066e-01 4.031199812889099121e-01 1.000000000000000000e+00 0.000000000000000000e+00 0.000000000000000000e+00
4.002740085124969482e-01 6.654222607612609863e-01 6.890892982482910156e-04 3.667724132537841797e-01 3.438734412193298340e-01 3.377259373664855957e-01 9.076570868492126465e-01 6.256288886070251465e-01 3.848306536674499512e-01 0.000000000000000000e+00 0.000000000000000000e+00 0.000000000000000000e+00
2.575119137763977051e-01 8.100766539573669434e-01 3.813384771347045898e-01 5.342129468917846680e-01 1.345559358596801758e-01 6.567205786705017090e-01 9.343235492706298828e-01 9.608533978462219238e-01 7.931862473487854004e-01 1.000000000000000000e+00 0.000000000000000000e+00 0.000000000000000000e+00
5.717284679412841797e-01 6.221861243247985840e-01 6.453421115875244141e-01 4.364463686943054199e-01 3.610562682151794434e-01 9.896184206008911133e-01 2.001056671142578125e-01 7.306879162788391113e-01 7.710995078086853027e-01 1.000000000000000000e+00 0.000000000000000000e+00 0.000000000000000000e+00
2.484027892351150513e-01 1.708812117576599121e-01 3.870049715042114258e-01 2.672423124313354492e-01 1.169183850288391113e-01 6.936560869216918945e-01 9.871793985366821289e-01 5.544128417968750000e-01 4.810706377029418945e-01 1.000000000000000000e+00 0.000000000000000000e+00 0.000000000000000000e+00
5.835765600204467773e-01 4.543198347091674805e-01 7.088239192962646484e-01 6.753364205360412598e-01 3.118846416473388672e-01 8.487762212753295898e-01 6.935836076736450195e-01 3.523210883140563965e-01 9.017553925514221191e-01 1.000000000000000000e+00 0.000000000000000000e+00 0.000000000000000000e+00
8.177892565727233887e-01 5.865773558616638184e-01 7.904239892959594727e-01 9.948033094406127930e-01 2.485916614532470703e-01 7.309002876281738281e-01 9.662638902664184570e-01 4.167602062225341797e-01 2.624013423919677734e-01 0.000000000000000000e+00 1.000000000000000000e+00 0.000000000000000000e+00
9.990031123161315918e-01 1.135648488998413086e-01 8.789940476417541504e-01 9.998034834861755371e-01 9.570554494857788086e-01 5.825873613357543945e-01 3.955080509185791016e-01 9.534333944320678711e-01 9.640381932258605957e-01 1.000000000000000000e+00 0.000000000000000000e+00 0.000000000000000000e+00
6.094573736190795898e-01 6.123641729354858398e-01 1.693348884582519531e-01 7.803764343261718750e-01 2.470654249191284180e-02 9.344837665557861328e-01 2.563477158546447754e-01 3.977429866790771484e-02 4.270783066749572754e-01 1.000000000000000000e+00 0.000000000000000000e+00 0.000000000000000000e+00
9.384191036224365234e-01 1.545704007148742676e-01 8.861888647079467773e-01 2.719981074333190918e-01 8.010297417640686035e-01 6.020525097846984863e-01 8.216446638107299805e-01 4.837054014205932617e-02 8.142820596694946289e-01 1.000000000000000000e+00 1.000000000000000000e+00 1.000000000000000000e+00
5.304282903671264648e-01 8.072021603584289551e-01 3.632327318191528320e-01 3.660483360290527344e-01 3.529126644134521484e-01 1.905606985092163086e-01 8.453267216682434082e-01 9.908525347709655762e-01 8.196708559989929199e-01 0.000000000000000000e+00 0.000000000000000000e+00 0.000000000000000000e+00
9.638921618461608887e-01 2.837516069412231445e-01 9.211397767066955566e-01 8.810924887657165527e-01 5.947203636169433594e-01 8.750567436218261719e-01 7.059916257858276367e-01 5.204250216484069824e-01 2.615517377853393555e-02 0.000000000000000000e+00 0.000000000000000000e+00 0.000000000000000000e+00
7.105771899223327637e-01 8.799595832824707031e-01 6.476490497589111328e-01 7.882212996482849121e-01 4.914498925209045410e-01 3.543919920921325684e-01 8.103175759315490723e-01 3.856432437896728516e-01 7.884594202041625977e-01 0.000000000000000000e+00 0.000000000000000000e+00 0.000000000000000000e+00
6.187365055084228516e-01 2.875667810440063477e-02 5.727508068084716797e-01 1.276285648345947266e-01 6.457324028015136719e-01 9.405674338340759277e-01 5.050331354141235352e-02 7.696605324745178223e-01 3.014197349548339844e-01 0.000000000000000000e+00 0.000000000000000000e+00 0.000000000000000000e+00
9.251561164855957031e-01 3.715455532073974609e-03 9.350755810737609863e-01 1.839411258697509766e-01 4.643904566764831543e-01 9.114181399345397949e-01 9.175086021423339844e-01 2.928256392478942871e-01 6.778873205184936523e-01 0.000000000000000000e+00 1.000000000000000000e+00 0.000000000000000000e+00
7.697712779045104980e-01 6.459481716156005859e-01 2.743617296218872070e-01 6.325508356094360352e-01 6.746085286140441895e-01 5.560324788093566895e-01 1.730797886848449707e-01 5.184876918792724609e-02 2.869890332221984863e-01 0.000000000000000000e+00 0.000000000000000000e+00 0.000000000000000000e+00
4.130578935146331787e-01 6.198559403419494629e-01 4.527472257614135742e-01 4.065253138542175293e-01 7.729129195213317871e-01 5.502761602401733398e-01 5.043119788169860840e-01 1.060467958450317383e-01 3.388006091117858887e-01 1.000000000000000000e+00 0.000000000000000000e+00 0.000000000000000000e+00
6.302723288536071777e-01 6.308476328849792480e-01 6.255388259887695312e-02 7.263177633285522461e-01 2.422463893890380859e-01 2.754394412040710449e-01 9.993351697921752930e-01 3.316199183464050293e-01 1.356887817382812500e-01 0.000000000000000000e+00 0.000000000000000000e+00 0.000000000000000000e+00
3.577781021595001221e-01 5.950127243995666504e-01 7.756114006042480469e-02 5.188713073730468750e-01 2.742496132850646973e-01 7.055831551551818848e-01 9.654507040977478027e-01 1.807636618614196777e-01 3.910777568817138672e-01 0.000000000000000000e+00 0.000000000000000000e+00 0.000000000000000000e+00
9.306920170783996582e-01 4.106011986732482910e-01 3.861566185951232910e-01 9.768075942993164062e-01 4.231683611869812012e-01 5.467830300331115723e-01 9.887808561325073242e-01 1.583938598632812500e-01 1.392170190811157227e-01 0.000000000000000000e+00 1.000000000000000000e+00 0.000000000000000000e+00
6.735779643058776855e-01 6.311050653457641602e-01 8.310341238975524902e-01 2.612291574478149414e-01 8.422889113426208496e-01 5.622648596763610840e-01 4.510504007339477539e-01 6.830543875694274902e-01 4.260611534118652344e-02 0.000000000000000000e+00 1.000000000000000000e+00 0.000000000000000000e+00
6.917971968650817871e-01 7.483252286911010742e-01 8.369296789169311523e-01 3.740996718406677246e-01 4.322169423103332520e-01 6.634575128555297852e-01 5.537247061729431152e-01 6.751963496208190918e-01 1.849424839019775391e-01 1.000000000000000000e+00 1.000000000000000000e+00 1.000000000000000000e+00
6.960140466690063477e-01 4.449087977409362793e-01 1.400709152221679688e-05 8.002108931541442871e-01 6.245559453964233398e-02 6.770924925804138184e-01 5.075806379318237305e-02 3.261359930038452148e-01 7.582045197486877441e-01 0.000000000000000000e+00 0.000000000000000000e+00 0.000000000000000000e+00
3.883384466171264648e-01 1.725953817367553711e-02 4.069137573242187500e-01 4.491671919822692871e-01 1.431111097335815430e-01 1.903748512268066406e-01 4.329512715339660645e-01 6.943368315696716309e-01 6.654558777809143066e-01 0.000000000000000000e+00 0.000000000000000000e+00 0.000000000000000000e+00
5.879157185554504395e-01 6.118685007095336914e-01 4.671249389648437500e-01 2.586224079132080078e-01 6.807032227516174316e-01 1.963006854057312012e-01 4.912831783294677734e-01 7.454054355621337891e-01 9.823912978172302246e-01 1.000000000000000000e+00 0.000000000000000000e+00 0.000000000000000000e+00
6.838194131851196289e-01 1.600185036659240723e-01 1.141612529754638672e-01 4.704368710517883301e-01 4.840752482414245605e-01 6.692820191383361816e-01 3.473418951034545898e-02 7.437647581100463867e-01 2.691867947578430176e-01 1.000000000000000000e+00 0.000000000000000000e+00 0.000000000000000000e+00
6.652327179908752441e-01 4.570505619049072266e-01 3.899061679840087891e-02 3.190809488296508789e-01 9.202384352684020996e-01 3.180695176124572754e-01 7.139541506767272949e-01 8.980228304862976074e-01 4.493694305419921875e-01 1.000000000000000000e+00 0.000000000000000000e+00 0.000000000000000000e+00
5.426142215728759766e-01 2.729742527008056641e-01 2.800303697586059570e-02 4.861498475074768066e-01 5.117745995521545410e-01 4.453476071357727051e-01 6.185703277587890625e-01 7.028995752334594727e-01 9.262122511863708496e-01 0.000000000000000000e+00 0.000000000000000000e+00 0.000000000000000000e+00
4.095993936061859131e-01 9.049848914146423340e-01 8.316487073898315430e-02 1.846010088920593262e-01 7.935730218887329102e-01 9.754390716552734375e-01 8.159139752388000488e-01 6.267755031585693359e-01 6.737411618232727051e-01 1.000000000000000000e+00 1.000000000000000000e+00 1.000000000000000000e+00
5.913527011871337891e-01 7.496687769889831543e-01 7.765742540359497070e-01 8.224814534187316895e-01 7.864820957183837891e-02 9.310844540596008301e-01 1.267129182815551758e-01 2.130492329597473145e-01 1.348256468772888184e-01 1.000000000000000000e+00 0.000000000000000000e+00 0.000000000000000000e+00
9.568773508071899414e-01 3.049130439758300781e-01 2.820747494697570801e-01 8.729685544967651367e-01 5.811285972595214844e-02 4.582887887954711914e-01 7.240117788314819336e-01 9.563415646553039551e-01 3.598291277885437012e-01 0.000000000000000000e+00 0.000000000000000000e+00 0.000000000000000000e+00
7.111437916755676270e-01 6.741312742233276367e-01 9.822409749031066895e-01 3.057898879051208496e-01 9.766929149627685547e-01 6.338986158370971680e-01 3.896285891532897949e-01 4.953562021255493164e-01 5.170975923538208008e-01 0.000000000000000000e+00 0.000000000000000000e+00 0.000000000000000000e+00
9.432039856910705566e-01 5.303801894187927246e-01 9.548463225364685059e-01 2.043687105178833008e-01 9.520770311355590820e-01 2.861147522926330566e-01 8.584837317466735840e-01 7.118328213691711426e-01 1.487845182418823242e-02 0.000000000000000000e+00 1.000000000000000000e+00 0.000000000000000000e+00
1.127522066235542297e-01 8.555166721343994141e-01 4.330149888992309570e-01 6.329894065856933594e-02 1.580666303634643555e-01 9.920499920845031738e-01 1.949300765991210938e-01 1.226270198822021484e-02 8.214339017868041992e-01 0.000000000000000000e+00 1.000000000000000000e+00 0.000000000000000000e+00
9.649327397346496582e-01 1.446160674095153809e-01 9.120569825172424316e-01 7.756811380386352539e-02 8.366950154304504395e-01 4.905312657356262207e-01 8.807664513587951660e-01 4.594668745994567871e-01 7.909554243087768555e-01 0.000000000000000000e+00 0.000000000000000000e+00 0.000000000000000000e+00
5.909918546676635742e-01 6.627119779586791992e-01 3.011792302131652832e-01 2.347373962402343750e-01 5.095399618148803711e-01 1.783651113510131836e-02 2.060232758522033691e-01 2.127107977867126465e-01 3.931768536567687988e-01 0.000000000000000000e+00 1.000000000000000000e+00 0.000000000000000000e+00
5.238266587257385254e-01 3.147339224815368652e-01 2.334156036376953125e-01 2.871124148368835449e-01 9.524249434471130371e-01 5.881142616271972656e-02 5.152523517608642578e-01 3.547269105911254883e-02 5.128377676010131836e-01 0.000000000000000000e+00 0.000000000000000000e+00 0.000000000000000000e+00
9.308090209960937500e-01 1.401642560958862305e-01 9.766623973846435547e-01 5.167360901832580566e-01 7.976049780845642090e-01 8.360067009925842285e-01 9.743461012840270996e-01 9.777399897575378418e-01 7.305800914764404297e-02 0.000000000000000000e+00 0.000000000000000000e+00 0.000000000000000000e+00
6.080081462860107422e-01 3.321807980537414551e-01 8.752148151397705078e-01 1.103829145431518555e-01 1.357239484786987305e-02 2.021358609199523926e-01 7.815176248550415039e-01 4.400842785835266113e-01 6.159545779228210449e-01 0.000000000000000000e+00 0.000000000000000000e+00 0.000000000000000000e+00
7.867655754089355469e-01 6.575577259063720703e-01 6.306070089340209961e-01 9.841812252998352051e-01 1.406222581863403320e-02 4.255872964859008789e-01 1.950558423995971680e-01 5.341290235519409180e-01 4.477331638336181641e-01 0.000000000000000000e+00 0.000000000000000000e+00 0.000000000000000000e+00
6.740415096282958984e-01 4.379525780677795410e-01 6.093244552612304688e-01 7.071490883827209473e-01 2.206403613090515137e-01 3.065457344055175781e-01 4.088091254234313965e-01 9.144917130470275879e-01 2.350842952728271484e-01 1.000000000000000000e+00 0.000000000000000000e+00 0.000000000000000000e+00
2.944766879081726074e-01 1.796323060989379883e-02 3.419586420059204102e-01 2.930270433425903320e-01 9.741199016571044922e-02 7.073299884796142578e-01 6.651070117950439453e-01 3.532820940017700195e-01 6.737633347511291504e-01 0.000000000000000000e+00 0.000000000000000000e+00 0.000000000000000000e+00
5.129721164703369141e-01 5.884616971015930176e-01 9.702444076538085938e-01 1.526303887367248535e-01 7.514004111289978027e-01 9.995406866073608398e-01 6.491521596908569336e-01 6.551743149757385254e-01 1.802747249603271484e-01 0.000000000000000000e+00 1.000000000000000000e+00 0.000000000000000000e+00
8.293799757957458496e-01 2.800514101982116699e-01 7.695840597152709961e-01 5.077382922172546387e-01 3.426538109779357910e-01 7.633491754531860352e-01 1.516192555427551270e-01 8.655630946159362793e-01 9.641131758689880371e-01 0.000000000000000000e+00 0.000000000000000000e+00 0.000000000000000000e+00
7.068513631820678711e-01 9.205265045166015625e-01 7.886343598365783691e-01 9.087106585502624512e-01 4.944188594818115234e-01 7.740264534950256348e-01 6.548819541931152344e-01 1.437689065933227539e-01 4.053056240081787109e-02 0.000000000000000000e+00 1.000000000000000000e+00 0.000000000000000000e+00
8.849468231201171875e-01 6.104534864425659180e-02 9.464522600173950195e-01 4.499943256378173828e-01 5.320636630058288574e-01 7.678198218345642090e-01 5.510562658309936523e-02 6.978044509887695312e-01 3.512014746665954590e-01 0.000000000000000000e+00 0.000000000000000000e+00 0.000000000000000000e+00
9.330885410308837891e-01 8.724442720413208008e-01 7.280963659286499023e-01 9.684801101684570312e-01 9.484125971794128418e-01 7.365602254867553711e-01 5.209842324256896973e-01 9.332752823829650879e-01 8.467324972152709961e-01 0.000000000000000000e+00 0.000000000000000000e+00 0.000000000000000000e+00
6.215681433677673340e-01 1.257977485656738281e-01 4.916080832481384277e-01 4.134437441825866699e-01 2.728135585784912109e-01 2.525024414062500000e-01 6.779341697692871094e-01 9.751608967781066895e-01 3.587971329689025879e-01 0.000000000000000000e+00 0.000000000000000000e+00 0.000000000000000000e+00
4.033491909503936768e-01 7.040023803710937500e-01 4.331730604171752930e-01 2.231194376945495605e-01 1.438116431236267090e-01 9.583727121353149414e-01 3.500614762306213379e-01 5.867139697074890137e-01 7.260388135910034180e-02 0.000000000000000000e+00 0.000000000000000000e+00 0.000000000000000000e+00
2.741236984729766846e-01 3.087045550346374512e-01 4.268205165863037109e-02 3.729740977287292480e-01 2.153558135032653809e-01 2.591991424560546875e-01 3.212012052536010742e-01 6.165468692779541016e-01 1.664863824844360352e-01 0.000000000000000000e+00 1.000000000000000000e+00 0.000000000000000000e+00
8.216049075126647949e-01 8.781548142433166504e-01 1.388307809829711914e-01 8.147515058517456055e-01 3.862603306770324707e-01 1.234061717987060547e-01 7.965509891510009766e-01 2.308127880096435547e-01 9.956153631210327148e-01 0.000000000000000000e+00 0.000000000000000000e+00 0.000000000000000000e+00
2.828699052333831787e-01 6.262586712837219238e-01 4.820293188095092773e-01 3.500710129737854004e-01 2.494671344757080078e-01 6.753062009811401367e-01 8.756744861602783203e-01 2.367063760757446289e-01 3.197013139724731445e-01 0.000000000000000000e+00 0.000000000000000000e+00 0.000000000000000000e+00
3.313265144824981689e-01 2.234265208244323730e-01 5.274857282638549805e-01 3.795382380485534668e-01 3.031303882598876953e-01 9.620822668075561523e-01 2.972161769866943359e-02 9.819164872169494629e-01 6.622027158737182617e-01 0.000000000000000000e+00 0.000000000000000000e+00 0.000000000000000000e+00
6.735226511955261230e-01 2.970804572105407715e-01 6.354659795761108398e-01 4.793132543563842773e-01 3.003941178321838379e-01 6.661868691444396973e-01 4.984277486801147461e-01 9.989774227142333984e-01 7.555636167526245117e-01 1.000000000000000000e+00 0.000000000000000000e+00 0.000000000000000000e+00
6.867265105247497559e-01 7.105631232261657715e-01 7.542960047721862793e-01 5.162316560745239258e-01 4.980229139328002930e-01 6.195052862167358398e-01 4.926844239234924316e-01 5.215680599212646484e-02 5.070749521255493164e-01 0.000000000000000000e+00 0.000000000000000000e+00 0.000000000000000000e+00
3.289576470851898193e-01 3.182643651962280273e-02 5.281674265861511230e-01 6.119251251220703125e-03 2.526531815528869629e-01 5.773870944976806641e-01 4.627576470375061035e-01 1.155596375465393066e-01 5.792928338050842285e-01 1.000000000000000000e+00 0.000000000000000000e+00 0.000000000000000000e+00
6.555542349815368652e-01 4.784364104270935059e-01 4.042282700538635254e-01 5.028571486473083496e-01 5.456998944282531738e-01 1.049585938453674316e-01 7.519853711128234863e-01 8.220449686050415039e-01 4.388250708580017090e-01 0.000000000000000000e+00 0.000000000000000000e+00 0.000000000000000000e+00
3.085767328739166260e-01 9.697172641754150391e-01 1.395616531372070312e-01 1.220250725746154785e-01 6.234440207481384277e-01 1.255523562431335449e-01 3.190777301788330078e-01 5.718601346015930176e-01 8.239649534225463867e-01 0.000000000000000000e+00 0.000000000000000000e+00 0.000000000000000000e+00
9.744826555252075195e-01 1.752298474311828613e-01 8.479824066162109375e-01 4.793146252632141113e-01 8.639006018638610840e-01 5.126057863235473633e-01 7.459080815315246582e-01 6.069995164871215820e-01 6.853489279747009277e-01 0.000000000000000000e+00 0.000000000000000000e+00 0.000000000000000000e+00
7.648120522499084473e-01 4.332090616226196289e-01 2.259162068367004395e-01 3.978009223937988281e-01 9.147245287895202637e-01 2.263938784599304199e-01 9.556385874748229980e-01 2.499460577964782715e-01 1.869249343872070312e-01 0.000000000000000000e+00 1.000000000000000000e+00 0.000000000000000000e+00
9.819474220275878906e-01 3.497289419174194336e-01 9.730259180068969727e-01 2.130274176597595215e-01 8.434792757034301758e-01 6.855946779251098633e-02 1.262158155441284180e-02 4.265862107276916504e-01 5.607578754425048828e-01 1.000000000000000000e+00 0.000000000000000000e+00 0.000000000000000000e+00
1.388748437166213989e-01 9.854597449302673340e-01 5.487680435180664062e-03 1.295282244682312012e-01 7.498311996459960938e-02 7.442557811737060547e-01 1.810821294784545898e-01 1.600648164749145508e-01 8.216447830200195312e-01 1.000000000000000000e+00 0.000000000000000000e+00 0.000000000000000000e+00
3.205097019672393799e-01 1.067085266113281250e-01 5.643997788429260254e-01 1.972349882125854492e-01 2.588018774986267090e-01 7.887744307518005371e-01 6.281068325042724609e-01 6.533607244491577148e-01 8.639771342277526855e-01 0.000000000000000000e+00 0.000000000000000000e+00 0.000000000000000000e+00
7.649043202400207520e-01 2.689522504806518555e-01 4.221842885017395020e-01 2.009035944938659668e-01 9.729759693145751953e-01 5.066664218902587891e-01 8.912985324859619141e-01 6.013289093971252441e-01 9.190433621406555176e-01 0.000000000000000000e+00 0.000000000000000000e+00 0.000000000000000000e+00
9.747719764709472656e-01 1.241664886474609375e-01 8.972500562667846680e-01 1.487248539924621582e-01 4.147919416427612305e-01 2.420174479484558105e-01 8.100825548171997070e-01 8.851637840270996094e-01 9.944637417793273926e-01 0.000000000000000000e+00 0.000000000000000000e+00 0.000000000000000000e+00
7.901493310928344727e-01 7.037472128868103027e-01 2.176463603973388672e-02 2.980276346206665039e-01 9.341290593147277832e-01 1.114159822463989258e-01 4.653114080429077148e-01 5.649759769439697266e-01 4.306991696357727051e-01 0.000000000000000000e+00 0.000000000000000000e+00 0.000000000000000000e+00
8.691838383674621582e-01 3.798824548721313477e-01 3.700075149536132812e-01 6.943988204002380371e-01 5.837121009826660156e-01 4.270161390304565430e-01 4.952722191810607910e-01 9.045022130012512207e-01 3.313722610473632812e-01 0.000000000000000000e+00 0.000000000000000000e+00 0.000000000000000000e+00
3.199789226055145264e-01 3.970931768417358398e-01 3.510756492614746094e-01 4.022164940834045410e-01 1.865066885948181152e-01 4.619085788726806641e-01 6.557320356369018555e-01 8.003337383270263672e-01 9.776890873908996582e-01 1.000000000000000000e+00 0.000000000000000000e+00 0.000000000000000000e+00
6.564680933952331543e-01 7.122649550437927246e-01 3.335464596748352051e-01 5.262915492057800293e-01 5.326888561248779297e-01 2.383117079734802246e-01 4.114962220191955566e-01 6.420073509216308594e-01 3.309088349342346191e-01 1.000000000000000000e+00 0.000000000000000000e+00 0.000000000000000000e+00
7.368291020393371582e-01 4.205618500709533691e-01 8.146873712539672852e-01 7.218256592750549316e-01 4.371414780616760254e-01 6.767078638076782227e-01 3.659976720809936523e-01 4.261690378189086914e-01 6.062443256378173828e-01 1.000000000000000000e+00 0.000000000000000000e+00 0.000000000000000000e+00
2.422396540641784668e-01 4.365102648735046387e-01 2.816061377525329590e-01 3.114560842514038086e-01 5.805172920227050781e-01 1.794722080230712891e-01 5.511527657508850098e-01 3.771824240684509277e-01 1.952458620071411133e-01 1.000000000000000000e+00 1.000000000000000000e+00 1.000000000000000000e+00
4.469164907932281494e-01 4.168131947517395020e-01 4.458227157592773438e-01 2.273843288421630859e-01 3.163207769393920898e-01 3.784049153327941895e-01 4.071575999259948730e-01 8.630206584930419922e-01 2.355846166610717773e-01 1.000000000000000000e+00 0.000000000000000000e+00 0.000000000000000000e+00
9.752192497253417969e-01 2.222383022308349609e-02 1.302786469459533691e-01 5.678300261497497559e-01 5.846909284591674805e-01 9.375184774398803711e-02 4.197868108749389648e-01 6.571648716926574707e-01 3.872230648994445801e-01 0.000000000000000000e+00 0.000000000000000000e+00 0.000000000000000000e+00
5.143478512763977051e-01 8.036109209060668945e-01 4.463142156600952148e-02 1.798635721206665039e-01 8.421902656555175781e-01 8.187935948371887207e-01 3.119360208511352539e-01 7.056050300598144531e-01 9.369194507598876953e-03 1.000000000000000000e+00 0.000000000000000000e+00 0.000000000000000000e+00
7.906302809715270996e-01 3.670893907546997070e-01 8.639109134674072266e-01 3.013330698013305664e-02 8.592007756233215332e-01 7.520235180854797363e-01 9.450099468231201172e-01 5.281899571418762207e-01 2.583106756210327148e-01 0.000000000000000000e+00 0.000000000000000000e+00 0.000000000000000000e+00
9.441853165626525879e-01 4.747035503387451172e-01 9.765229225158691406e-01 2.033783197402954102e-01 8.164134025573730469e-01 8.980989456176757812e-03 2.943361997604370117e-01 2.920019030570983887e-01 5.552223324775695801e-01 1.000000000000000000e+00 0.000000000000000000e+00 0.000000000000000000e+00
8.981200456619262695e-01 7.619394659996032715e-01 8.529213666915893555e-01 6.584500670433044434e-01 9.162594079971313477e-01 3.630666136741638184e-01 1.146617531776428223e-01 1.721503138542175293e-01 1.385934352874755859e-01 0.000000000000000000e+00 0.000000000000000000e+00 0.000000000000000000e+00
7.036707997322082520e-01 6.095730662345886230e-01 9.317947030067443848e-01 6.327605247497558594e-02 5.037561058998107910e-01 7.022923231124877930e-02 6.737999320030212402e-01 8.849026560783386230e-01 4.583140015602111816e-01 1.000000000000000000e+00 0.000000000000000000e+00 0.000000000000000000e+00
9.705190658569335938e-01 2.451132535934448242e-01 6.307901144027709961e-01 9.585506916046142578e-01 7.821736931800842285e-01 8.503518700599670410e-01 6.200507879257202148e-01 4.694541692733764648e-01 4.876191616058349609e-01 1.000000000000000000e+00 1.000000000000000000e+00 1.000000000000000000e+00
9.840786457061767578e-01 2.686703801155090332e-01 4.869366288185119629e-01 8.145996928215026855e-01 9.374217987060546875e-01 5.873923301696777344e-01 1.347308158874511719e-01 5.250831246376037598e-01 7.457469701766967773e-01 0.000000000000000000e+00 1.000000000000000000e+00 0.000000000000000000e+00
8.123023509979248047e-01 2.736036777496337891e-01 7.563169002532958984e-01 3.632358908653259277e-01 5.024282932281494141e-01 8.563202619552612305e-01 3.289073109626770020e-01 6.617748737335205078e-01 6.287038326263427734e-02 0.000000000000000000e+00 0.000000000000000000e+00 0.000000000000000000e+00
4.222286641597747803e-01 9.007610082626342773e-01 6.820935010910034180e-01 8.680008053779602051e-01 2.395951151847839355e-01 5.820605754852294922e-01 4.146196842193603516e-01 4.867501854896545410e-01 9.537491798400878906e-01 0.000000000000000000e+00 0.000000000000000000e+00 0.000000000000000000e+00
9.582551717758178711e-01 1.466245055198669434e-01 6.665509939193725586e-02 5.162239074707031250e-01 8.164349198341369629e-01 1.424936056137084961e-01 3.139896988868713379e-01 9.660116434097290039e-01 8.103762865066528320e-01 0.000000000000000000e+00 0.000000000000000000e+00 0.000000000000000000e+00
9.947492480278015137e-01 3.809681534767150879e-01 7.015064954757690430e-01 8.277857899665832520e-01 8.856999278068542480e-01 6.569921970367431641e-02 2.149445414543151855e-01 9.284529089927673340e-01 5.146264433860778809e-01 0.000000000000000000e+00 0.000000000000000000e+00 0.000000000000000000e+00
5.256350636482238770e-01 8.899484276771545410e-01 2.915109395980834961e-01 2.217511534690856934e-01 6.768051385879516602e-01 2.474761009216308594e-01 4.069684743881225586e-01 9.645199775695800781e-02 7.936286926269531250e-02 0.000000000000000000e+00 1.000000000000000000e+00 0.000000000000000000e+00
9.480888843536376953e-01 1.883395314216613770e-01 8.066541552543640137e-01 7.886108160018920898e-01 4.197553992271423340e-01 7.618815302848815918e-01 7.401647567749023438e-01 8.605066537857055664e-01 9.566432237625122070e-01 0.000000000000000000e+00 0.000000000000000000e+00 0.000000000000000000e+00
2.454991042613983154e-01 7.732926607131958008e-01 3.540822267532348633e-01 2.365785241127014160e-01 8.519989252090454102e-02 8.571444749832153320e-01 5.815466046333312988e-01 3.356807231903076172e-01 3.066853880882263184e-01 0.000000000000000000e+00 0.000000000000000000e+00 0.000000000000000000e+00
9.274652600288391113e-01 9.377436637878417969e-01 8.732591271400451660e-01 8.548831343650817871e-01 9.088910222053527832e-01 8.902283906936645508e-01 2.628250718116760254e-01 6.630737185478210449e-01 1.943056583404541016e-01 0.000000000000000000e+00 1.000000000000000000e+00 0.000000000000000000e+00
9.799659848213195801e-01 2.157325744628906250e-01 9.170765876770019531e-01 2.550992369651794434e-01 7.655203938484191895e-01 2.069704532623291016e-01 2.688979506492614746e-01 9.016414880752563477e-01 9.822902679443359375e-01 0.000000000000000000e+00 0.000000000000000000e+00 0.000000000000000000e+00
7.559440135955810547e-01 6.956453919410705566e-01 4.003433585166931152e-01 8.532484769821166992e-01 6.369743347167968750e-01 7.701377272605895996e-01 9.845942854881286621e-01 7.385451197624206543e-01 9.355943202972412109e-01 0.000000000000000000e+00 0.000000000000000000e+00 0.000000000000000000e+00
1.725532114505767822e-01 9.793492555618286133e-01 8.314903974533081055e-01 3.118801116943359375e-02 1.013243198394775391e-01 5.828667879104614258e-01 4.895922541618347168e-01 1.417797803878784180e-02 4.284861683845520020e-01 0.000000000000000000e+00 1.000000000000000000e+00 0.000000000000000000e+00
5.759395360946655273e-01 1.653660535812377930e-01 1.806966066360473633e-01 3.657112717628479004e-01 6.154132485389709473e-01 7.260328531265258789e-01 4.343531131744384766e-01 7.103205323219299316e-01 7.113356590270996094e-01 1.000000000000000000e+00 0.000000000000000000e+00 0.000000000000000000e+00
8.364703059196472168e-01 3.638586401939392090e-01 3.036135435104370117e-02 7.023109197616577148e-01 9.977619051933288574e-01 8.229770064353942871e-01 4.413042068481445312e-01 1.260452866554260254e-01 4.963971376419067383e-01 0.000000000000000000e+00 0.000000000000000000e+00 0.000000000000000000e+00
6.549055576324462891e-01 6.827968358993530273e-01 9.475359916687011719e-01 4.517259597778320312e-01 3.359920978546142578e-01 2.589250206947326660e-01 5.369164347648620605e-01 6.390424370765686035e-01 9.009012579917907715e-01 0.000000000000000000e+00 0.000000000000000000e+00 0.000000000000000000e+00
9.878681898117065430e-01 2.610401511192321777e-01 4.155907630920410156e-01 9.003994464874267578e-01 7.512723207473754883e-01 4.482158422470092773e-01 2.953902482986450195e-01 1.353973150253295898e-02 3.712027072906494141e-01 0.000000000000000000e+00 1.000000000000000000e+00 0.000000000000000000e+00
4.467745721340179443e-01 8.885361552238464355e-01 8.190844058990478516e-01 2.113096714019775391e-01 4.037463665008544922e-02 1.515246629714965820e-01 3.353393077850341797e-01 5.146190524101257324e-01 5.290102958679199219e-02 1.000000000000000000e+00 1.000000000000000000e+00 1.000000000000000000e+00
2.746786773204803467e-01 7.435505390167236328e-01 3.606924414634704590e-01 1.320454478263854980e-01 3.393793106079101562e-01 2.920538187026977539e-01 2.752336263656616211e-01 5.779263377189636230e-01 7.168875336647033691e-01 1.000000000000000000e+00 0.000000000000000000e+00 0.000000000000000000e+00
4.828841686248779297e-01 3.439584970474243164e-01 2.725068926811218262e-01 3.494819402694702148e-01 2.941909432411193848e-01 9.793748259544372559e-01 7.670217156410217285e-01 3.344321250915527344e-02 6.584497094154357910e-01 0.000000000000000000e+00 0.000000000000000000e+00 0.000000000000000000e+00
5.426830053329467773e-01 8.816168904304504395e-01 1.410767436027526855e-01 4.572544693946838379e-01 5.429268479347229004e-01 1.206069588661193848e-01 6.764218211174011230e-01 4.540985226631164551e-01 3.034060001373291016e-01 0.000000000000000000e+00 0.000000000000000000e+00 0.000000000000000000e+00
5.665575861930847168e-01 5.009217262268066406e-01 8.212557435035705566e-01 3.738327622413635254e-01 3.391629457473754883e-02 5.412574410438537598e-01 9.893353581428527832e-01 3.030319809913635254e-01 7.992365360260009766e-01 0.000000000000000000e+00 0.000000000000000000e+00 0.000000000000000000e+00
9.724249243736267090e-01 3.244709372520446777e-01 8.404331207275390625e-01 9.528821706771850586e-01 8.048750758171081543e-01 9.427829980850219727e-01 4.228597879409790039e-02 6.356698274612426758e-02 6.113873720169067383e-01 0.000000000000000000e+00 1.000000000000000000e+00 0.000000000000000000e+00
2.614604830741882324e-01 3.066743016242980957e-01 1.678659319877624512e-01 1.432156562805175781e-02 8.653212189674377441e-01 1.189224123954772949e-01 4.814362525939941406e-01 8.963635563850402832e-01 4.951242208480834961e-01 0.000000000000000000e+00 0.000000000000000000e+00 0.000000000000000000e+00
5.838702917098999023e-01 5.981001853942871094e-01 4.776508212089538574e-01 1.001273393630981445e-01 7.016764283180236816e-01 3.734248876571655273e-01 8.024041652679443359e-01 8.370274901390075684e-01 8.655798435211181641e-01 0.000000000000000000e+00 0.000000000000000000e+00 0.000000000000000000e+00
4.572533965110778809e-01 2.585005760192871094e-02 2.555163502693176270e-01 1.011070609092712402e-01 8.586119413375854492e-01 4.794170856475830078e-01 2.897304892539978027e-01 1.384856104850769043e-01 6.223083138465881348e-01 0.000000000000000000e+00 0.000000000000000000e+00 0.000000000000000000e+00
9.713715314865112305e-01 5.426549315452575684e-01 9.318720698356628418e-01 7.138122916221618652e-01 8.495706319808959961e-01 6.473817229270935059e-01 4.511780738830566406e-01 4.187406301498413086e-01 9.702044129371643066e-01 1.000000000000000000e+00 0.000000000000000000e+00 0.000000000000000000e+00
6.526775956153869629e-01 1.466542482376098633e-01 2.512030601501464844e-01 3.003760576248168945e-01 9.950646758079528809e-01 9.811509847640991211e-01 1.532819867134094238e-01 6.983244419097900391e-01 9.568637013435363770e-01 1.000000000000000000e+00 0.000000000000000000e+00 0.000000000000000000e+00
9.750143289566040039e-01 3.367272019386291504e-01 8.515779376029968262e-01 8.916015028953552246e-01 8.544611930847167969e-02 3.578966856002807617e-02 9.522626996040344238e-01 8.985998630523681641e-01 6.004204154014587402e-01 1.000000000000000000e+00 0.000000000000000000e+00 0.000000000000000000e+00
2.132970988750457764e-01 3.899312615394592285e-01 7.032632827758789062e-03 3.861016035079956055e-01 1.459928750991821289e-01 8.414745926856994629e-01 1.185710430145263672e-01 2.085541486740112305e-01 9.355096817016601562e-01 1.000000000000000000e+00 1.000000000000000000e+00 1.000000000000000000e+00
9.472447037696838379e-01 1.134359836578369141e-02 9.652310609817504883e-02 9.015831947326660156e-01 1.469747424125671387e-01 8.657779693603515625e-01 8.627576231956481934e-01 5.159323215484619141e-01 1.615396142005920410e-01 0.000000000000000000e+00 0.000000000000000000e+00 0.000000000000000000e+00
9.086573123931884766e-01 1.731131672859191895e-01 7.740683555603027344e-01 1.590241193771362305e-01 8.455472588539123535e-01 3.650556206703186035e-01 5.256247520446777344e-02 1.740239858627319336e-01 6.950174570083618164e-01 0.000000000000000000e+00 0.000000000000000000e+00 0.000000000000000000e+00
9.938959479331970215e-01 6.802909970283508301e-01 9.793788194656372070e-01 8.962026238441467285e-01 9.523774385452270508e-01 6.675040721893310547e-02 3.243566751480102539e-01 7.347382903099060059e-01 9.567031264305114746e-01 0.000000000000000000e+00 0.000000000000000000e+00 0.000000000000000000e+00
6.195356249809265137e-01 5.073676705360412598e-01 4.216966629028320312e-01 5.488268136978149414e-01 6.086226105690002441e-01 9.839940667152404785e-01 4.063351154327392578e-01 4.737548828125000000e-01 3.205829858779907227e-01 1.000000000000000000e+00 0.000000000000000000e+00 0.000000000000000000e+00
9.464827179908752441e-01 9.718472361564636230e-01 3.514636754989624023e-01 9.126288890838623047e-01 8.146551251411437988e-01 5.949532389640808105e-01 5.336316823959350586e-01 1.407757997512817383e-01 1.893439888954162598e-01 0.000000000000000000e+00 1.000000000000000000e+00 0.000000000000000000e+00
2.552921175956726074e-01 3.894267082214355469e-01 9.333151578903198242e-02 4.082830548286437988e-01 2.022516131401062012e-01 7.618210911750793457e-01 8.393366336822509766e-01 8.573727011680603027e-01 9.698251485824584961e-01 0.000000000000000000e+00 1.000000000000000000e+00 0.000000000000000000e+00
4.427931010723114014e-01 5.528724193572998047e-01 5.386458039283752441e-01 1.416732668876647949e-01 8.293916583061218262e-01 7.535380721092224121e-01 1.641827821731567383e-02 5.087594389915466309e-01 3.438947796821594238e-01 0.000000000000000000e+00 0.000000000000000000e+00 0.000000000000000000e+00
5.768975615501403809e-01 6.955842375755310059e-01 5.416303873062133789e-02 2.603617906570434570e-01 7.823075652122497559e-01 8.015675544738769531e-01 6.673982739448547363e-01 6.879138946533203125e-01 3.454699516296386719e-01 1.000000000000000000e+00 0.000000000000000000e+00 0.000000000000000000e+00
9.959231615066528320e-01 2.849243283271789551e-01 9.855373501777648926e-01 3.837609887123107910e-01 9.349007606506347656e-01 1.914271116256713867e-01 5.248456597328186035e-01 4.037995338439941406e-01 6.317735314369201660e-01 1.000000000000000000e+00 1.000000000000000000e+00 1.000000000000000000e+00
5.839686393737792969e-01 8.847864270210266113e-01 6.295425295829772949e-01 6.394547820091247559e-01 4.324035644531250000e-01 2.178200483322143555e-01 5.977426171302795410e-01 9.967821836471557617e-02 6.872615218162536621e-01 0.000000000000000000e+00 0.000000000000000000e+00 0.000000000000000000e+00
7.503213882446289062e-01 6.278492808341979980e-01 7.448652982711791992e-01 5.236422419548034668e-01 8.685414195060729980e-01 9.473929405212402344e-01 9.067882895469665527e-01 8.195889592170715332e-01 8.086735010147094727e-01 1.000000000000000000e+00 0.000000000000000000e+00 0.000000000000000000e+00
1.138182133436203003e-01 2.120472788810729980e-01 2.749032378196716309e-01 2.045531272888183594e-01 2.478309869766235352e-01 8.665198087692260742e-02 8.109517097473144531e-01 1.201422214508056641e-01 1.694110631942749023e-01 0.000000000000000000e+00 1.000000000000000000e+00 0.000000000000000000e+00
6.597423553466796875e-01 7.442514300346374512e-01 8.427852392196655273e-01 6.645677685737609863e-01 5.183870792388916016e-01 6.067355275154113770e-01 3.433694839477539062e-01 7.500622272491455078e-01 9.897456169128417969e-01 0.000000000000000000e+00 0.000000000000000000e+00 0.000000000000000000e+00
7.705684304237365723e-01 2.220861911773681641e-01 3.944067358970642090e-01 5.185834765434265137e-01 6.927732825279235840e-01 8.086800575256347656e-01 6.744460463523864746e-01 8.467009067535400391e-01 7.733662128448486328e-01 0.000000000000000000e+00 0.000000000000000000e+00 0.000000000000000000e+00
7.822953462600708008e-01 2.788591980934143066e-01 5.947261452674865723e-01 2.200611233711242676e-01 9.447690844535827637e-01 4.182137846946716309e-01 2.283120155334472656e-02 5.483117103576660156e-01 8.003626465797424316e-01 1.000000000000000000e+00 0.000000000000000000e+00 0.000000000000000000e+00
6.852347254753112793e-01 3.179341554641723633e-01 3.800696134567260742e-01 6.781543493270874023e-01 3.196477293968200684e-01 9.826931953430175781e-01 9.701280593872070312e-01 9.183608889579772949e-01 9.785180091857910156e-01 1.000000000000000000e+00 0.000000000000000000e+00 0.000000000000000000e+00
6.300401687622070312e-01 1.271062493324279785e-01 8.384865522384643555e-02 4.265565276145935059e-01 7.618877887725830078e-01 9.837394356727600098e-01 9.387070536613464355e-01 1.473414897918701172e-02 7.316893339157104492e-01 1.000000000000000000e+00 0.000000000000000000e+00 0.000000000000000000e+00
7.555853128433227539e-01 1.896661520004272461e-01 5.699012279510498047e-01 2.220664024353027344e-01 5.665922164916992188e-01 2.404810786247253418e-01 9.618677496910095215e-01 9.508963227272033691e-01 3.465044498443603516e-01 0.000000000000000000e+00 0.000000000000000000e+00 0.000000000000000000e+00
2.349807322025299072e-01 3.701125979423522949e-01 3.190634250640869141e-01 1.014248132705688477e-01 6.809445619583129883e-01 8.187541365623474121e-01 7.126594781875610352e-01 8.419940471649169922e-01 5.354814529418945312e-01 0.000000000000000000e+00 1.000000000000000000e+00 0.000000000000000000e+00
5.594605207443237305e-01 7.016890048980712891e-01 9.724771976470947266e-02 5.207194685935974121e-01 6.384724378585815430e-02 1.479957103729248047e-01 2.125840783119201660e-01 3.416555523872375488e-01 7.328590154647827148e-01 0.000000000000000000e+00 0.000000000000000000e+00 0.000000000000000000e+00
9.760543107986450195e-01 4.554708600044250488e-01 8.938653469085693359e-01 5.493757128715515137e-01 6.224073171615600586e-01 1.415405273437500000e-01 3.939732313156127930e-01 6.112343668937683105e-01 9.682329893112182617e-01 0.000000000000000000e+00 0.000000000000000000e+00 0.000000000000000000e+00
7.031293511390686035e-01 8.615794181823730469e-01 6.846912503242492676e-01 6.438671350479125977e-01 3.749971389770507812e-01 6.494257450103759766e-01 7.209198474884033203e-01 5.622458457946777344e-02 6.838097572326660156e-01 0.000000000000000000e+00 0.000000000000000000e+00 0.000000000000000000e+00
9.820050001144409180e-01 1.447985172271728516e-01 8.301497101783752441e-01 7.744168639183044434e-01 7.281532883644104004e-01 4.009255170822143555e-01 2.871337532997131348e-01 6.702792644500732422e-01 4.703704714775085449e-01 0.000000000000000000e+00 0.000000000000000000e+00 0.000000000000000000e+00
8.768567442893981934e-01 6.501916646957397461e-01 5.058218240737915039e-01 7.375945448875427246e-01 3.211689591407775879e-01 7.253646850585937500e-02 1.039274334907531738e-01 1.667107343673706055e-01 4.916129112243652344e-01 0.000000000000000000e+00 0.000000000000000000e+00 0.000000000000000000e+00
8.426998853683471680e-01 4.331939816474914551e-01 2.570605278015136719e-01 7.990536093711853027e-01 1.192448735237121582e-01 2.190170288085937500e-01 4.719946384429931641e-01 6.921094059944152832e-01 2.924755215644836426e-01 0.000000000000000000e+00 0.000000000000000000e+00 0.000000000000000000e+00
9.659869074821472168e-01 3.947389125823974609e-02 4.136738777160644531e-01 5.717942118644714355e-01 8.545683026313781738e-01 9.479153156280517578e-02 5.555245876312255859e-01 3.514569997787475586e-01 6.922449469566345215e-01 1.000000000000000000e+00 0.000000000000000000e+00 0.000000000000000000e+00
9.850893616676330566e-01 1.077951192855834961e-01 3.840357661247253418e-01 8.429558277130126953e-01 6.468346118927001953e-01 4.408560991287231445e-01 2.886916399002075195e-01 8.026325702667236328e-01 5.924791693687438965e-01 0.000000000000000000e+00 0.000000000000000000e+00 0.000000000000000000e+00
7.375664710998535156e-01 4.736407399177551270e-01 8.805462718009948730e-01 6.038440465927124023e-01 6.725872159004211426e-01 9.962819218635559082e-01 6.579545140266418457e-01 7.418544888496398926e-01 7.002971768379211426e-01 1.000000000000000000e+00 0.000000000000000000e+00 0.000000000000000000e+00
8.314177989959716797e-01 9.863918423652648926e-01 2.863262891769409180e-01 9.441222548484802246e-01 4.013421535491943359e-01 3.191304802894592285e-01 2.582656741142272949e-01 1.345093846321105957e-01 5.113998651504516602e-01 0.000000000000000000e+00 0.000000000000000000e+00 0.000000000000000000e+00
7.116509675979614258e-01 2.211610674858093262e-01 6.073060035705566406e-01 3.318165540695190430e-01 8.369708657264709473e-01 8.703928589820861816e-01 7.617362141609191895e-01 9.623964428901672363e-01 9.274185299873352051e-01 1.000000000000000000e+00 0.000000000000000000e+00 0.000000000000000000e+00
6.252732276916503906e-01 7.439231872558593750e-01 3.315578103065490723e-01 4.906134009361267090e-01 9.711509346961975098e-01 4.816822409629821777e-01 7.478396892547607422e-01 8.206973075866699219e-01 7.732279896736145020e-01 0.000000000000000000e+00 0.000000000000000000e+00 0.000000000000000000e+00
6.319990158081054688e-01 5.157553553581237793e-01 8.922604322433471680e-01 2.782770395278930664e-01 4.921859502792358398e-01 8.022072911262512207e-01 3.737518191337585449e-01 2.638840675354003906e-01 2.776300907135009766e-01 0.000000000000000000e+00 0.000000000000000000e+00 0.000000000000000000e+00
7.334870696067810059e-01 8.952828049659729004e-01 4.477043151855468750e-01 7.420045137405395508e-01 2.052065730094909668e-01 3.112653493881225586e-01 9.302082657814025879e-01 2.380335330963134766e-02 1.649441719055175781e-01 1.000000000000000000e+00 0.000000000000000000e+00 0.000000000000000000e+00
6.061218380928039551e-01 6.559167504310607910e-01 5.793163776397705078e-01 3.607677221298217773e-01 1.793388724327087402e-01 4.102993011474609375e-02 8.136935830116271973e-01 7.913221716880798340e-01 4.891830682754516602e-02 0.000000000000000000e+00 0.000000000000000000e+00 0.000000000000000000e+00
7.770066857337951660e-01 3.398516178131103516e-01 8.080976605415344238e-01 5.318868160247802734e-01 6.310138106346130371e-01 8.737487196922302246e-01 1.856029033660888672e-03 5.547682642936706543e-01 8.002763986587524414e-02 1.000000000000000000e+00 0.000000000000000000e+00 0.000000000000000000e+00
3.944908380508422852e-01 8.360312581062316895e-01 8.551788330078125000e-02 2.752599716186523438e-01 2.561619877815246582e-01 3.188158869743347168e-01 7.098817229270935059e-01 1.145158410072326660e-01 7.363774776458740234e-01 0.000000000000000000e+00 0.000000000000000000e+00 0.000000000000000000e+00
5.499998331069946289e-01 7.542013525962829590e-01 5.680977702140808105e-01 4.573251605033874512e-01 1.077788472175598145e-01 2.406914234161376953e-01 5.002713799476623535e-01 7.557266354560852051e-01 3.519045710563659668e-01 0.000000000000000000e+00 0.000000000000000000e+00 0.000000000000000000e+00
6.851266026496887207e-01 8.050551414489746094e-01 4.241217970848083496e-01 5.514633655548095703e-01 8.635384440422058105e-01 9.436331987380981445e-01 7.371803522109985352e-01 6.891124844551086426e-01 1.320720911026000977e-01 1.000000000000000000e+00 0.000000000000000000e+00 0.000000000000000000e+00
6.885089278221130371e-01 9.401304721832275391e-01 9.445687532424926758e-01 5.817651748657226562e-01 4.914420247077941895e-01 9.351313114166259766e-02 9.636799097061157227e-01 8.441525697708129883e-01 3.276099562644958496e-01 0.000000000000000000e+00 0.000000000000000000e+00 0.000000000000000000e+00
7.968972921371459961e-01 9.214679598808288574e-01 1.896319389343261719e-01 8.789572715759277344e-01 9.114958643913269043e-01 9.425994753837585449e-01 6.386598348617553711e-01 6.838949918746948242e-01 6.868569850921630859e-01 0.000000000000000000e+00 0.000000000000000000e+00 0.000000000000000000e+00
3.280419111251831055e-01 5.607826709747314453e-01 6.654698848724365234e-01 5.114048123359680176e-01 1.344374418258666992e-01 5.613092780113220215e-01 6.846408843994140625e-01 8.588225245475769043e-01 3.220670223236083984e-01 1.000000000000000000e+00 0.000000000000000000e+00 0.000000000000000000e+00
7.601334452629089355e-01 3.310939669609069824e-01 3.289657831192016602e-01 5.861346125602722168e-01 3.023416996002197266e-01 1.398439407348632812e-01 6.940639019012451172e-02 9.155462384223937988e-01 8.945717215538024902e-01 0.000000000000000000e+00 0.000000000000000000e+00 0.000000000000000000e+00
6.092090606689453125e-01 2.010951042175292969e-01 6.088623404502868652e-01 2.328832149505615234e-01 8.066985607147216797e-01 5.837965607643127441e-01 5.806947350502014160e-01 3.303954601287841797e-01 6.225115060806274414e-02 1.000000000000000000e+00 1.000000000000000000e+00 1.000000000000000000e+00
1.440195292234420776e-01 4.495308995246887207e-01 4.720913767814636230e-01 8.663231134414672852e-02 1.474897861480712891e-01 8.997566103935241699e-01 2.106314301490783691e-01 9.016085267066955566e-01 6.348317861557006836e-02 0.000000000000000000e+00 1.000000000000000000e+00 0.000000000000000000e+00
1.912929564714431763e-01 2.869904041290283203e-01 3.740328550338745117e-02 3.482508659362792969e-02 5.456713438034057617e-01 5.607553124427795410e-01 5.721504688262939453e-01 4.815580248832702637e-01 2.731034159660339355e-01 0.000000000000000000e+00 1.000000000000000000e+00 0.000000000000000000e+00
6.358324885368347168e-01 1.598121523857116699e-01 2.575948834419250488e-01 4.207315444946289062e-01 8.948462009429931641e-01 8.951787948608398438e-01 3.702837228775024414e-02 8.319546580314636230e-01 5.698545575141906738e-01 1.000000000000000000e+00 0.000000000000000000e+00 0.000000000000000000e+00
4.399980306625366211e-01 8.537099957466125488e-01 3.025643229484558105e-01 5.717725753784179688e-01 1.830774545669555664e-01 5.139666199684143066e-01 2.902844548225402832e-01 6.526616811752319336e-01 5.771349072456359863e-01 1.000000000000000000e+00 0.000000000000000000e+00 0.000000000000000000e+00
1.937569826841354370e-01 8.927268385887145996e-01 3.462134599685668945e-01 3.130030632019042969e-02 3.236373066902160645e-01 1.137770414352416992e-01 4.473853111267089844e-01 4.835121631622314453e-01 4.627791643142700195e-01 0.000000000000000000e+00 1.000000000000000000e+00 0.000000000000000000e+00
4.708483517169952393e-01 4.346521496772766113e-01 5.464407205581665039e-01 3.435494303703308105e-01 2.538176178932189941e-01 7.833845615386962891e-01 2.800383567810058594e-01 8.512495160102844238e-01 2.263635396957397461e-01 1.000000000000000000e+00 0.000000000000000000e+00 0.000000000000000000e+00
9.589784145355224609e-01 3.717439770698547363e-01 3.540471792221069336e-01 9.311141967773437500e-01 8.012831211090087891e-03 3.807119131088256836e-01 5.758060812950134277e-01 4.188992381095886230e-01 3.278717398643493652e-01 0.000000000000000000e+00 0.000000000000000000e+00 0.000000000000000000e+00
9.817635416984558105e-01 2.716296911239624023e-02 7.401489019393920898e-01 7.993354797363281250e-01 3.510883450508117676e-01 1.731749773025512695e-01 6.374702453613281250e-01 5.727851390838623047e-02 6.248802542686462402e-01 1.000000000000000000e+00 0.000000000000000000e+00 0.000000000000000000e+00
4.528406560420989990e-01 5.525373816490173340e-01 6.103744506835937500e-01 1.686129570007324219e-01 4.031754136085510254e-01 8.651103973388671875e-01 9.563192725181579590e-01 7.842991352081298828e-01 5.949026346206665039e-01 1.000000000000000000e+00 0.000000000000000000e+00 0.000000000000000000e+00
9.765998721122741699e-01 6.715242266654968262e-01 8.726571798324584961e-01 9.810363650321960449e-01 3.532965779304504395e-01 3.217294812202453613e-01 8.580726385116577148e-01 7.363845705986022949e-01 2.023352384567260742e-01 0.000000000000000000e+00 0.000000000000000000e+00 0.000000000000000000e+00
6.845134496688842773e-01 8.093715310096740723e-01 8.020086288452148438e-01 5.755782127380371094e-01 7.717279195785522461e-01 9.773347377777099609e-01 6.666842699050903320e-01 5.811780691146850586e-02 4.796026349067687988e-01 0.000000000000000000e+00 0.000000000000000000e+00 0.000000000000000000e+00
2.037165611982345581e-01 1.672984957695007324e-01 3.409063816070556641e-02 7.555758953094482422e-02 6.296465992927551270e-01 7.285965085029602051e-01 7.107163667678833008e-01 5.616855621337890625e-01 2.737497091293334961e-01 0.000000000000000000e+00 0.000000000000000000e+00 0.000000000000000000e+00
6.611723303794860840e-01 7.559642195701599121e-01 8.906888365745544434e-01 6.667046546936035156e-01 3.502683639526367188e-01 9.065240621566772461e-02 6.273474693298339844e-01 5.296345353126525879e-01 1.379239559173583984e-01 1.000000000000000000e+00 0.000000000000000000e+00 0.000000000000000000e+00
8.666008710861206055e-01 4.978979229927062988e-01 7.822481989860534668e-01 6.061829924583435059e-01 4.124523401260375977e-01 7.664078474044799805e-02 5.453467965126037598e-01 1.711991429328918457e-01 1.691780686378479004e-01 0.000000000000000000e+00 1.000000000000000000e+00 0.000000000000000000e+00
3.570361435413360596e-01 4.316061735153198242e-02 4.897514581680297852e-01 1.393089890480041504e-01 1.276682615280151367e-01 6.123955249786376953e-01 3.488329648971557617e-01 7.756923437118530273e-01 7.752433419227600098e-01 0.000000000000000000e+00 0.000000000000000000e+00 0.000000000000000000e+00
8.562405109405517578e-01 1.239604353904724121e-01 6.484315991401672363e-01 6.650512218475341797e-01 3.754987120628356934e-01 9.832854270935058594e-01 7.681751251220703125e-01 2.613402605056762695e-01 8.882147669792175293e-01 0.000000000000000000e+00 0.000000000000000000e+00 0.000000000000000000e+00
9.024378061294555664e-01 2.547892332077026367e-01 9.948011636734008789e-01 2.736818790435791016e-01 3.250133991241455078e-01 7.800814509391784668e-01 5.691868662834167480e-01 7.760543823242187500e-01 2.811312675476074219e-01 0.000000000000000000e+00 0.000000000000000000e+00 0.000000000000000000e+00
7.916078567504882812e-01 8.861556053161621094e-01 3.374406099319458008e-01 4.047164320945739746e-01 8.958696722984313965e-01 5.462555885314941406e-01 7.329353690147399902e-01 4.819777011871337891e-01 8.258236646652221680e-01 0.000000000000000000e+00 0.000000000000000000e+00 0.000000000000000000e+00
2.525918781757354736e-01 2.514001131057739258e-01 6.415998935699462891e-02 4.377205371856689453e-01 1.220244765281677246e-01 1.335523724555969238e-01 6.584286689758300781e-03 5.668435096740722656e-01 5.743854045867919922e-01 0.000000000000000000e+00 0.000000000000000000e+00 0.000000000000000000e+00
9.189777374267578125e-01 4.392669796943664551e-01 7.896384000778198242e-01 6.681079864501953125e-01 8.194257616996765137e-01 8.476779460906982422e-01 2.308099865913391113e-01 3.426001071929931641e-01 3.326971530914306641e-01 1.000000000000000000e+00 0.000000000000000000e+00 0.000000000000000000e+00
2.028052955865859985e-01 3.842355012893676758e-01 2.845048904418945312e-02 1.065790653228759766e-02 2.077404856681823730e-01 2.967078685760498047e-01 5.559536814689636230e-01 3.986946344375610352e-01 9.005695581436157227e-02 0.000000000000000000e+00 0.000000000000000000e+00 0.000000000000000000e+00
7.983505725860595703e-01 2.015064954757690430e-01 6.361051797866821289e-01 5.114325881004333496e-01 7.966194152832031250e-01 9.049991369247436523e-01 6.626334190368652344e-01 6.384955048561096191e-01 4.244637489318847656e-01 0.000000000000000000e+00 0.000000000000000000e+00 0.000000000000000000e+00
6.614825129508972168e-01 9.467346072196960449e-01 6.935727596282958984e-01 9.498814940452575684e-01 1.517521739006042480e-01 3.770510554313659668e-01 4.068652987480163574e-01 1.205798983573913574e-01 1.547058224678039551e-01 1.000000000000000000e+00 0.000000000000000000e+00 0.000000000000000000e+00
9.722014069557189941e-01 3.935124278068542480e-01 1.530298590660095215e-01 8.464424610137939453e-01 6.588314771652221680e-01 4.324284195899963379e-01 1.695436239242553711e-01 3.616067171096801758e-01 2.519087791442871094e-01 1.000000000000000000e+00 1.000000000000000000e+00 1.000000000000000000e+00
2.218505591154098511e-01 2.452061176300048828e-01 2.208103537559509277e-01 8.880758285522460938e-02 4.427287578582763672e-01 6.742098331451416016e-01 7.029410004615783691e-01 3.087341785430908203e-02 7.006702423095703125e-01 1.000000000000000000e+00 0.000000000000000000e+00 0.000000000000000000e+00
1.491497009992599487e-01 8.413075208663940430e-01 9.812292456626892090e-01 9.313762187957763672e-02 4.798330068588256836e-01 5.819948911666870117e-01 6.155914068222045898e-01 9.883382916450500488e-01 3.826677203178405762e-01 0.000000000000000000e+00 1.000000000000000000e+00 0.000000000000000000e+00
6.265947222709655762e-01 7.063986659049987793e-01 3.145932555198669434e-01 9.014946818351745605e-01 1.316636800765991211e-02 5.816249847412109375e-01 6.058560609817504883e-01 7.688051462173461914e-01 3.732913732528686523e-01 1.000000000000000000e+00 1.000000000000000000e+00 1.000000000000000000e+00
9.865515232086181641e-01 3.580605983734130859e-02 5.806595087051391602e-02 8.312796950340270996e-01 1.802352070808410645e-01 3.319243788719177246e-01 8.990234136581420898e-02 4.861514568328857422e-01 6.744696497917175293e-01 0.000000000000000000e+00 0.000000000000000000e+00 0.000000000000000000e+00
9.742429852485656738e-01 4.192270636558532715e-01 9.990144371986389160e-01 6.663301587104797363e-01 6.365146040916442871e-01 1.184281110763549805e-01 5.343782305717468262e-01 3.731372952461242676e-01 1.304399371147155762e-01 0.000000000000000000e+00 1.000000000000000000e+00 0.000000000000000000e+00
2.862218320369720459e-01 6.094529628753662109e-01 7.060612440109252930e-01 1.858675479888916016e-02 5.736839771270751953e-02 6.038414239883422852e-01 2.059149742126464844e-01 1.202854514122009277e-01 1.115965843200683594e-01 0.000000000000000000e+00 0.000000000000000000e+00 0.000000000000000000e+00
8.010310530662536621e-01 6.956507563591003418e-01 1.294218897819519043e-01 4.811831712722778320e-01 8.748608827590942383e-01 4.217467904090881348e-01 4.358121156692504883e-01 6.918762922286987305e-01 8.509299755096435547e-01 0.000000000000000000e+00 0.000000000000000000e+00 0.000000000000000000e+00
8.389432430267333984e-01 3.537248373031616211e-01 8.761377930641174316e-01 3.357027173042297363e-01 4.246608018875122070e-01 2.468287944793701172e-01 1.398687958717346191e-01 6.866920590400695801e-01 3.924905061721801758e-01 0.000000000000000000e+00 0.000000000000000000e+00 0.000000000000000000e+00
3.618908524513244629e-01 2.628729939460754395e-01 2.640423178672790527e-01 5.540143251419067383e-01 1.407605409622192383e-02 8.446769714355468750e-01 8.565790057182312012e-01 8.669295310974121094e-01 8.791501522064208984e-01 1.000000000000000000e+00 0.000000000000000000e+00 0.000000000000000000e+00
9.414970874786376953e-01 8.494687080383300781e-02 7.908321022987365723e-01 5.142653584480285645e-01 8.493376374244689941e-01 9.160242676734924316e-01 9.597756266593933105e-01 5.186671614646911621e-01 7.839400172233581543e-01 0.000000000000000000e+00 1.000000000000000000e+00 0.000000000000000000e+00
9.992398023605346680e-01 6.573450565338134766e-02 9.592573642730712891e-01 8.598448038101196289e-01 8.734678626060485840e-01 4.010770320892333984e-01 7.962794899940490723e-01 8.141767978668212891e-01 7.858343124389648438e-01 0.000000000000000000e+00 0.000000000000000000e+00 0.000000000000000000e+00
7.463209033012390137e-01 8.069242238998413086e-01 6.464146375656127930e-01 6.065557599067687988e-01 7.475994229316711426e-01 4.159070849418640137e-01 3.206041455268859863e-01 6.396440863609313965e-01 6.668550968170166016e-01 1.000000000000000000e+00 0.000000000000000000e+00 0.000000000000000000e+00
7.833603620529174805e-01 7.829887866973876953e-01 9.810283780097961426e-01 7.241066098213195801e-01 9.875326156616210938e-01 7.519400715827941895e-01 7.793262600898742676e-01 5.827652812004089355e-01 5.116550326347351074e-01 1.000000000000000000e+00 0.000000000000000000e+00 0.000000000000000000e+00
4.243374466896057129e-01 9.055145978927612305e-01 7.832699418067932129e-01 1.574023962020874023e-01 8.419563174247741699e-01 2.571287155151367188e-01 1.318155527114868164e-01 6.303766965866088867e-01 8.760880827903747559e-01 1.000000000000000000e+00 0.000000000000000000e+00 0.000000000000000000e+00
6.842003464698791504e-01 3.022100329399108887e-01 7.216129302978515625e-01 3.931201100349426270e-01 2.964487075805664062e-01 7.041472792625427246e-01 2.187366485595703125e-01 8.651497364044189453e-01 8.939446210861206055e-01 0.000000000000000000e+00 0.000000000000000000e+00 0.000000000000000000e+00
4.502904117107391357e-01 4.702560901641845703e-01 8.884171843528747559e-01 2.205307483673095703e-01 8.078730106353759766e-02 6.038504242897033691e-01 1.629592180252075195e-01 8.273824453353881836e-01 5.968943834304809570e-01 1.000000000000000000e+00 0.000000000000000000e+00 0.000000000000000000e+00
4.528070688247680664e-01 9.116197824478149414e-01 5.939085483551025391e-01 2.001248598098754883e-01 6.746302247047424316e-01 7.803569436073303223e-01 6.607699394226074219e-01 1.660535335540771484e-01 2.652178406715393066e-01 1.000000000000000000e+00 0.000000000000000000e+00 0.000000000000000000e+00
8.605792522430419922e-01 7.797712683677673340e-01 5.712063312530517578e-01 8.415870070457458496e-01 7.894006967544555664e-01 6.481412649154663086e-01 6.027336716651916504e-01 7.078250050544738770e-01 6.976356506347656250e-01 0.000000000000000000e+00 1.000000000000000000e+00 0.000000000000000000e+00
5.021295547485351562e-01 2.934650778770446777e-01 7.998505234718322754e-01 4.931122064590454102e-02 1.568478941917419434e-01 7.053247690200805664e-01 1.244103908538818359e-02 8.331718444824218750e-01 1.769642233848571777e-01 1.000000000000000000e+00 1.000000000000000000e+00 1.000000000000000000e+00
7.119004130363464355e-01 5.765189528465270996e-01 2.178779244422912598e-01 9.154647588729858398e-02 7.754765152931213379e-01 6.510887742042541504e-01 8.200578093528747559e-01 5.447165966033935547e-01 4.556599259376525879e-01 0.000000000000000000e+00 0.000000000000000000e+00 0.000000000000000000e+00
4.612093269824981689e-01 9.107370376586914062e-01 6.646523475646972656e-01 2.115029096603393555e-01 5.285676121711730957e-01 8.792182207107543945e-01 8.426126241683959961e-01 2.536291480064392090e-01 5.608224272727966309e-01 1.000000000000000000e+00 0.000000000000000000e+00 0.000000000000000000e+00
8.436492085456848145e-01 9.742343425750732422e-02 9.006515145301818848e-01 1.133564114570617676e-01 5.591177940368652344e-02 3.488233685493469238e-01 2.936940789222717285e-01 1.689748764038085938e-01 2.136562466621398926e-01 0.000000000000000000e+00 0.000000000000000000e+00 0.000000000000000000e+00
9.278496503829956055e-01 1.999502182006835938e-01 8.475474119186401367e-01 8.646255731582641602e-01 4.778158068656921387e-01 8.128132224082946777e-01 9.857778549194335938e-01 9.279187917709350586e-01 8.382974267005920410e-01 0.000000000000000000e+00 0.000000000000000000e+00 0.000000000000000000e+00
5.471212267875671387e-01 5.525982975959777832e-01 7.345309257507324219e-01 7.476675510406494141e-01 2.741408944129943848e-01 6.586378812789916992e-01 9.094171524047851562e-01 4.501481056213378906e-01 6.964153647422790527e-01 1.000000000000000000e+00 0.000000000000000000e+00 0.000000000000000000e+00
9.663395285606384277e-01 6.095126271247863770e-01 9.908539056777954102e-01 3.512469530105590820e-01 7.299365997314453125e-01 5.404436588287353516e-02 5.583869218826293945e-01 5.193020105361938477e-01 3.371338248252868652e-01 0.000000000000000000e+00 0.000000000000000000e+00 0.000000000000000000e+00
8.968305587768554688e-01 7.128102183341979980e-01 2.725806832313537598e-01 7.606602311134338379e-01 6.008567810058593750e-01 9.700516462326049805e-01 6.803280115127563477e-02 9.511618614196777344e-01 9.060041308403015137e-01 0.000000000000000000e+00 0.000000000000000000e+00 0.000000000000000000e+00
6.460517048835754395e-01 5.399764180183410645e-01 6.582760214805603027e-01 4.766776561737060547e-01 1.243307590484619141e-01 2.470197677612304688e-01 9.824859499931335449e-01 4.011962413787841797e-01 6.582601070404052734e-01 0.000000000000000000e+00 0.000000000000000000e+00 0.000000000000000000e+00
6.364879608154296875e-01 8.777712583541870117e-01 1.142026185989379883e-01 8.513392210006713867e-01 4.604281783103942871e-01 9.894474148750305176e-01 9.847815632820129395e-01 7.385908365249633789e-01 7.706457376480102539e-01 1.000000000000000000e+00 0.000000000000000000e+00 0.000000000000000000e+00
9.707421660423278809e-01 2.981265783309936523e-01 4.589744210243225098e-01 8.886986374855041504e-01 5.391073226928710938e-01 9.480601549148559570e-01 3.655635118484497070e-01 1.244295239448547363e-01 3.441957235336303711e-01 0.000000000000000000e+00 0.000000000000000000e+00 0.000000000000000000e+00
4.671908617019653320e-01 5.048916935920715332e-01 8.437469005584716797e-01 8.298504352569580078e-02 3.287012577056884766e-01 5.917379856109619141e-01 2.639504671096801758e-01 6.067833900451660156e-01 7.933549284934997559e-01 0.000000000000000000e+00 0.000000000000000000e+00 0.000000000000000000e+00
5.894223451614379883e-01 5.672088265419006348e-01 6.128877401351928711e-02 1.566336154937744141e-01 9.328790307044982910e-01 4.073913693428039551e-01 4.010059237480163574e-01 4.038547873497009277e-01 7.984039187431335449e-01 1.000000000000000000e+00 0.000000000000000000e+00 0.000000000000000000e+00
6.819164752960205078e-01 7.441049218177795410e-01 5.070593953132629395e-01 3.825713396072387695e-01 9.564021825790405273e-01 6.670345067977905273e-01 7.687222361564636230e-01 6.778889894485473633e-01 3.440041542053222656e-01 0.000000000000000000e+00 0.000000000000000000e+00 0.000000000000000000e+00
3.397035300731658936e-01 4.161804914474487305e-01 6.369575262069702148e-01 8.927148580551147461e-02 2.265379428863525391e-01 9.043486714363098145e-01 6.517254114151000977e-01 7.499870061874389648e-01 4.687129259109497070e-01 1.000000000000000000e+00 0.000000000000000000e+00 0.000000000000000000e+00
2.734392881393432617e-01 2.654957771301269531e-01 8.481132984161376953e-02 1.459864377975463867e-01 8.658657073974609375e-01 3.454999923706054688e-01 1.113265752792358398e-02 7.210839986801147461e-01 4.493877291679382324e-01 1.000000000000000000e+00 0.000000000000000000e+00 0.000000000000000000e+00
2.968164086341857910e-01 6.092906594276428223e-01 2.048252820968627930e-01 5.822584629058837891e-01 2.198016047477722168e-01 7.375528216361999512e-01 5.026356577873229980e-01 8.006772994995117188e-01 5.310387015342712402e-01 0.000000000000000000e+00 0.000000000000000000e+00 0.000000000000000000e+00
5.561352968215942383e-01 3.601356148719787598e-01 4.824041724205017090e-01 3.853802084922790527e-01 5.666078329086303711e-01 4.096143841743469238e-01 3.610353469848632812e-01 3.708842396736145020e-01 8.086788654327392578e-01 0.000000000000000000e+00 1.000000000000000000e+00 0.000000000000000000e+00
4.323734641075134277e-01 9.094901084899902344e-01 2.742990851402282715e-01 6.857509613037109375e-01 5.896209478378295898e-01 6.539703011512756348e-01 3.986631631851196289e-01 6.337575316429138184e-01 1.358394622802734375e-01 1.000000000000000000e+00 0.000000000000000000e+00 0.000000000000000000e+00
8.112436532974243164e-01 8.614819645881652832e-01 1.170723438262939453e-01 5.095788240432739258e-01 6.880461573600769043e-01 8.890622258186340332e-01 8.112713098526000977e-01 2.862255573272705078e-01 3.442955017089843750e-02 0.000000000000000000e+00 1.000000000000000000e+00 0.000000000000000000e+00
6.061295270919799805e-01 7.805314660072326660e-01 2.819654941558837891e-01 3.743289709091186523e-01 6.326311826705932617e-01 6.333046555519104004e-01 8.415229320526123047e-01 1.076142191886901855e-01 3.082211613655090332e-01 1.000000000000000000e+00 0.000000000000000000e+00 0.000000000000000000e+00
3.578785955905914307e-01 7.934587001800537109e-01 5.259011983871459961e-01 3.280467987060546875e-01 6.372429132461547852e-01 6.693840026855468750e-01 3.483803272247314453e-01 3.917092084884643555e-02 8.393662571907043457e-01 0.000000000000000000e+00 0.000000000000000000e+00 0.000000000000000000e+00
6.087036132812500000e-01 6.128975152969360352e-01 4.758375287055969238e-01 5.492751002311706543e-01 7.618998289108276367e-01 9.716342687606811523e-01 1.910359263420104980e-01 6.779707074165344238e-01 6.836559176445007324e-01 1.000000000000000000e+00 0.000000000000000000e+00 0.000000000000000000e+00
9.986973404884338379e-01 1.370161771774291992e-02 4.432428479194641113e-01 9.854111075401306152e-01 6.011497974395751953e-01 4.830168485641479492e-01 2.103829383850097656e-02 1.569759845733642578e-02 1.020803451538085938e-01 0.000000000000000000e+00 1.000000000000000000e+00 0.000000000000000000e+00
3.311014771461486816e-01 7.646862268447875977e-01 6.928441524505615234e-01 5.007138252258300781e-01 3.571669459342956543e-01 6.691005229949951172e-01 6.586021780967712402e-01 5.805894732475280762e-01 3.897707462310791016e-01 0.000000000000000000e+00 0.000000000000000000e+00 0.000000000000000000e+00
9.859365224838256836e-01 1.918530464172363281e-02 5.954260230064392090e-01 5.200608968734741211e-01 8.224455118179321289e-01 3.387901186943054199e-01 8.380926251411437988e-01 1.127151250839233398e-01 6.137767434120178223e-01 0.000000000000000000e+00 1.000000000000000000e+00 0.000000000000000000e+00
2.386198937892913818e-01 2.745039463043212891e-01 3.066392540931701660e-01 5.340613722801208496e-01 2.676367759704589844e-01 8.143787980079650879e-01 3.804075717926025391e-01 1.219851970672607422e-01 6.998080015182495117e-02 0.000000000000000000e+00 0.000000000000000000e+00 0.000000000000000000e+00
6.850986480712890625e-01 3.163292407989501953e-01 9.883805513381958008e-01 1.512781381607055664e-01 3.113367557525634766e-01 9.291566014289855957e-01 3.301309943199157715e-01 2.976924777030944824e-01 1.319538354873657227e-01 1.000000000000000000e+00 1.000000000000000000e+00 1.000000000000000000e+00
7.846044898033142090e-01 6.917648315429687500e-01 8.787111639976501465e-01 3.043015599250793457e-01 7.312136292457580566e-01 7.196806073188781738e-01 1.436493396759033203e-01 8.947586417198181152e-01 9.492577910423278809e-01 1.000000000000000000e+00 0.000000000000000000e+00 0.000000000000000000e+00
2.763009667396545410e-01 3.900207281112670898e-01 2.978025674819946289e-01 3.715601563453674316e-01 4.500603675842285156e-01 8.604624867439270020e-01 3.958501219749450684e-01 7.685034871101379395e-01 3.148546218872070312e-01 0.000000000000000000e+00 0.000000000000000000e+00 0.000000000000000000e+00
6.864523291587829590e-01 9.765740633010864258e-01 3.669434785842895508e-01 5.064773559570312500e-01 9.299232363700866699e-01 5.530278086662292480e-01 9.579849839210510254e-01 9.935264587402343750e-01 5.489643812179565430e-01 0.000000000000000000e+00 0.000000000000000000e+00 0.000000000000000000e+00
7.983249425888061523e-01 1.554406881332397461e-01 1.677523255348205566e-01 5.390003919601440430e-01 6.130765676498413086e-01 7.638732194900512695e-01 1.650881767272949219e-01 6.740355491638183594e-01 8.319876790046691895e-01 0.000000000000000000e+00 0.000000000000000000e+00 0.000000000000000000e+00
3.255964815616607666e-01 1.971816420555114746e-01 7.271051406860351562e-02 1.708541512489318848e-01 8.059946298599243164e-01 3.262848258018493652e-01 4.452763795852661133e-01 8.745914697647094727e-01 7.845855355262756348e-01 0.000000000000000000e+00 0.000000000000000000e+00 0.000000000000000000e+00
2.876457571983337402e-01 9.781822562217712402e-01 8.938930034637451172e-01 4.439597725868225098e-01 3.211818933486938477e-01 1.740602254867553711e-01 8.807892203330993652e-01 1.828343868255615234e-01 8.052344322204589844e-01 0.000000000000000000e+00 0.000000000000000000e+00 0.000000000000000000e+00
4.609279632568359375e-01 7.564527392387390137e-01 3.361719250679016113e-01 5.866743326187133789e-01 2.273106575012207031e-01 6.335430145263671875e-01 4.730658531188964844e-01 1.667047739028930664e-01 6.980584859848022461e-01 1.000000000000000000e+00 0.000000000000000000e+00 0.000000000000000000e+00
7.415582537651062012e-01 5.933403372764587402e-01 4.940517544746398926e-01 6.830866932868957520e-01 6.927595138549804688e-01 9.951378107070922852e-01 6.967964768409729004e-01 4.529649615287780762e-01 7.707214355468750000e-02 0.000000000000000000e+00 0.000000000000000000e+00 0.000000000000000000e+00
6.610314846038818359e-01 9.663916826248168945e-01 3.276311159133911133e-01 6.599732637405395508e-01 5.632532238960266113e-01 6.424010396003723145e-01 9.610643982887268066e-01 8.838552832603454590e-01 8.050823211669921875e-02 0.000000000000000000e+00 0.000000000000000000e+00 0.000000000000000000e+00
6.089431047439575195e-01 8.594605326652526855e-01 4.408394694328308105e-01 5.529953837394714355e-01 3.033226132392883301e-01 9.959046840667724609e-01 9.785670042037963867e-01 5.631641745567321777e-01 3.703510165214538574e-01 1.000000000000000000e+00 0.000000000000000000e+00 0.000000000000000000e+00
9.859202504158020020e-01 1.590465307235717773e-01 4.840493202209472656e-01 7.956581115722656250e-01 8.188590407371520996e-01 9.808543324470520020e-01 1.152708530426025391e-01 6.345702409744262695e-01 4.117174148559570312e-01 0.000000000000000000e+00 0.000000000000000000e+00 0.000000000000000000e+00
5.811094045639038086e-01 6.760571002960205078e-01 1.004211306571960449e-01 3.706464767456054688e-01 6.335591077804565430e-01 7.446205019950866699e-01 6.541347503662109375e-01 7.896536588668823242e-02 2.470757365226745605e-01 1.000000000000000000e+00 0.000000000000000000e+00 0.000000000000000000e+00
2.075632661581039429e-01 9.536136984825134277e-01 2.284151911735534668e-01 1.080883741378784180e-01 4.290983080863952637e-01 9.352440237998962402e-01 4.924880862236022949e-01 5.634546279907226562e-03 2.212104797363281250e-01 0.000000000000000000e+00 0.000000000000000000e+00 0.000000000000000000e+00
4.360021054744720459e-01 3.070389032363891602e-01 4.733049869537353516e-02 4.153568744659423828e-01 3.615269064903259277e-01 3.804342150688171387e-01 7.958803176879882812e-01 3.259262442588806152e-01 7.513482570648193359e-01 1.000000000000000000e+00 0.000000000000000000e+00 0.000000000000000000e+00
2.740297615528106689e-01 3.146135807037353516e-01 6.224941611289978027e-01 7.843726873397827148e-02 1.836006045341491699e-01 9.478826522827148438e-01 3.626310229301452637e-01 8.098153471946716309e-01 4.891607165336608887e-01 1.000000000000000000e+00 0.000000000000000000e+00 0.000000000000000000e+00
1.069118455052375793e-01 6.102013587951660156e-01 1.365518569946289062e-02 3.654241561889648438e-02 5.178439617156982422e-02 7.927281856536865234e-01 6.099184751510620117e-01 8.417881131172180176e-01 3.508103489875793457e-01 0.000000000000000000e+00 0.000000000000000000e+00 0.000000000000000000e+00
8.222895264625549316e-01 1.815066933631896973e-01 7.197112441062927246e-01 7.067067623138427734e-01 4.435873031616210938e-02 7.474496960639953613e-01 9.714287519454956055e-01 9.649782180786132812e-01 7.463464140892028809e-01 0.000000000000000000e+00 0.000000000000000000e+00 0.000000000000000000e+00
9.478554725646972656e-01 4.173988103866577148e-02 8.450645804405212402e-01 4.515232443809509277e-01 6.945942044258117676e-01 9.073313474655151367e-01 3.172363638877868652e-01 9.478605985641479492e-01 2.483817338943481445e-01 0.000000000000000000e+00 0.000000000000000000e+00 0.000000000000000000e+00
6.425004601478576660e-01 7.570499777793884277e-01 7.854450345039367676e-01 4.750229716300964355e-01 5.748375654220581055e-01 4.269890189170837402e-01 5.308257937431335449e-01 5.131217837333679199e-01 7.876686453819274902e-01 0.000000000000000000e+00 0.000000000000000000e+00 0.000000000000000000e+00
4.954973757266998291e-01 5.642760396003723145e-01 5.498939752578735352e-02 4.916092157363891602e-01 3.722897171974182129e-01 9.758653640747070312e-01 2.421383261680603027e-01 2.110081911087036133e-01 7.689810395240783691e-01 0.000000000000000000e+00 0.000000000000000000e+00 0.000000000000000000e+00
7.594789266586303711e-01 3.280342817306518555e-01 9.015071392059326172e-01 1.135402321815490723e-01 4.719507098197937012e-01 8.111271858215332031e-01 5.828905701637268066e-01 3.202916979789733887e-01 4.976618289947509766e-01 0.000000000000000000e+00 1.000000000000000000e+00 0.000000000000000000e+00
6.845789551734924316e-01 3.564213514328002930e-01 5.840938687324523926e-01 7.395408153533935547e-01 6.035506725311279297e-03 2.948579192161560059e-01 7.253502607345581055e-01 4.700499773025512695e-02 3.781557083129882812e-02 0.000000000000000000e+00 1.000000000000000000e+00 0.000000000000000000e+00
7.915751338005065918e-01 5.649139881134033203e-01 7.057810425758361816e-01 9.544998407363891602e-02 8.233972787857055664e-01 3.507846593856811523e-01 6.240609884262084961e-01 7.216226458549499512e-01 1.999264955520629883e-01 0.000000000000000000e+00 0.000000000000000000e+00 0.000000000000000000e+00
9.884491562843322754e-01 1.504399776458740234e-01 1.943336725234985352e-01 8.909711837768554688e-01 6.412966847419738770e-01 2.827143669128417969e-01 6.121640801429748535e-01 7.331413030624389648e-01 1.229826211929321289e-01 0.000000000000000000e+00 0.000000000000000000e+00 0.000000000000000000e+00
8.814710974693298340e-01 9.705148339271545410e-01 2.611689567565917969e-01 7.576839923858642578e-01 1.573805212974548340e-01 1.906440258026123047e-01 2.627140283584594727e-02 2.293703556060791016e-01 8.660616874694824219e-01 0.000000000000000000e+00 0.000000000000000000e+00 0.000000000000000000e+00
9.458785653114318848e-01 2.524909973144531250e-01 1.506727933883666992e-02 6.617571115493774414e-01 9.710490703582763672e-01 6.375061273574829102e-01 6.373823881149291992e-01 9.443920254707336426e-01 4.086339473724365234e-01 0.000000000000000000e+00 0.000000000000000000e+00 0.000000000000000000e+00
9.320462346076965332e-01 6.933817863464355469e-01 2.169213891029357910e-01 8.703527450561523438e-01 8.319171667098999023e-01 6.161524653434753418e-01 2.778868079185485840e-01 9.085047245025634766e-01 4.732114672660827637e-01 0.000000000000000000e+00 1.000000000000000000e+00 0.000000000000000000e+00
2.163283377885818481e-01 2.155470848083496094e-01 4.495763778686523438e-02 1.322289109230041504e-01 9.211319684982299805e-01 9.124478101730346680e-01 4.688380956649780273e-01 3.158264756202697754e-01 3.854056000709533691e-01 0.000000000000000000e+00 0.000000000000000000e+00 0.000000000000000000e+00
3.945357799530029297e-01 6.634311676025390625e-01 1.688327193260192871e-01 3.399468660354614258e-01 6.948508620262145996e-01 4.540151953697204590e-01 6.344056129455566406e-01 6.298243999481201172e-02 8.491516113281250000e-03 1.000000000000000000e+00 0.000000000000000000e+00 0.000000000000000000e+00
8.865503072738647461e-01 7.171717882156372070e-01 6.054385900497436523e-01 9.571021795272827148e-01 6.535010337829589844e-01 4.279959797859191895e-01 9.674165248870849609e-01 1.617100834846496582e-01 4.580917954444885254e-01 0.000000000000000000e+00 0.000000000000000000e+00 0.000000000000000000e+00
4.133298993110656738e-01 7.902268767356872559e-01 2.571046352386474609e-02 6.918145418167114258e-01 1.306130290031433105e-01 4.750582575798034668e-01 6.725679039955139160e-01 1.759229302406311035e-01 9.279631376266479492e-01 0.000000000000000000e+00 0.000000000000000000e+00 0.000000000000000000e+00
2.786037623882293701e-01 4.498090147972106934e-01 7.051862478256225586e-01 1.256708502769470215e-01 3.361003398895263672e-01 4.999504089355468750e-01 7.169057726860046387e-01 2.878333926200866699e-01 6.008408069610595703e-01 0.000000000000000000e+00 1.000000000000000000e+00 0.000000000000000000e+00
6.742361783981323242e-01 7.022501230239868164e-01 6.148099899291992188e-02 6.491733789443969727e-01 6.086126565933227539e-01 5.498872399330139160e-01 4.279139041900634766e-01 1.965477466583251953e-01 9.519596099853515625e-01 1.000000000000000000e+00 0.000000000000000000e+00 0.000000000000000000e+00
6.375299096107482910e-01 7.714710831642150879e-01 6.322825551033020020e-01 9.288536310195922852e-01 1.618647575378417969e-01 6.775244474411010742e-01 6.669958233833312988e-01 9.043670296669006348e-01 7.439705133438110352e-01 0.000000000000000000e+00 0.000000000000000000e+00 0.000000000000000000e+00
8.087370395660400391e-01 1.437772512435913086e-01 6.052454113960266113e-01 1.849381327629089355e-01 4.162251949310302734e-01 9.534337520599365234e-01 8.468158841133117676e-01 8.170390725135803223e-01 7.420963048934936523e-01 0.000000000000000000e+00 0.000000000000000000e+00 0.000000000000000000e+00
8.866391181945800781e-01 7.173324227333068848e-01 8.844451904296875000e-01 7.041447162628173828e-01 8.103867769241333008e-01 9.960868358612060547e-01 1.711827516555786133e-02 3.225779533386230469e-02 5.631536841392517090e-01 0.000000000000000000e+00 0.000000000000000000e+00 0.000000000000000000e+00
7.487584948539733887e-01 6.613963246345520020e-01 6.042194366455078125e-02 4.680050611495971680e-01 6.735026240348815918e-01 9.809045195579528809e-01 5.028677582740783691e-01 5.990934371948242188e-02 7.022185325622558594e-01 0.000000000000000000e+00 0.000000000000000000e+00 0.000000000000000000e+00
7.619331479072570801e-01 2.830438613891601562e-01 5.440368652343750000e-01 7.607190012931823730e-01 1.292824745178222656e-03 5.886842608451843262e-01 7.083415985107421875e-03 3.382601737976074219e-01 8.218494057655334473e-01 0.000000000000000000e+00 1.000000000000000000e+00 0.000000000000000000e+00
4.472931921482086182e-01 4.070607423782348633e-01 1.294509172439575195e-01 3.489710688591003418e-01 4.971746802330017090e-01 3.924728035926818848e-01 5.798234939575195312e-01 3.103658556938171387e-01 9.063807129859924316e-01 0.000000000000000000e+00 0.000000000000000000e+00 0.000000000000000000e+00
8.001700043678283691e-01 7.403318285942077637e-01 6.318368911743164062e-01 8.229352831840515137e-01 4.684043526649475098e-01 6.432341933250427246e-01 1.646206378936767578e-01 3.221062421798706055e-01 6.599918603897094727e-01 1.000000000000000000e+00 0.000000000000000000e+00 0.000000000000000000e+00
7.692245244979858398e-01 7.974052429199218750e-01 7.036224007606506348e-01 6.827159523963928223e-01 8.886208534240722656e-01 7.499661445617675781e-01 3.463794589042663574e-01 8.375465273857116699e-01 2.676090002059936523e-01 1.000000000000000000e+00 0.000000000000000000e+00 0.000000000000000000e+00
9.225747585296630859e-01 2.937809824943542480e-01 7.856829166412353516e-01 4.032653570175170898e-02 8.162098526954650879e-01 3.003859519958496094e-02 6.149248480796813965e-01 6.609807014465332031e-01 4.238917231559753418e-01 1.000000000000000000e+00 0.000000000000000000e+00 0.000000000000000000e+00
2.636664509773254395e-01 9.930839538574218750e-01 2.589048147201538086e-01 2.105790376663208008e-01 3.052484393119812012e-01 2.580997943878173828e-01 5.617853403091430664e-01 5.729734897613525391e-03 6.941148042678833008e-01 0.000000000000000000e+00 1.000000000000000000e+00 0.000000000000000000e+00
3.320454955101013184e-01 5.553815364837646484e-01 2.766588926315307617e-01 3.993975520133972168e-01 5.366201400756835938e-01 9.672052860260009766e-01 9.575594663619995117e-01 3.320611119270324707e-01 2.467383146286010742e-01 1.000000000000000000e+00 0.000000000000000000e+00 0.000000000000000000e+00
7.940501570701599121e-01 1.078042387962341309e-01 5.862903594970703125e-02 5.742530822753906250e-01 1.854671835899353027e-01 1.274449229240417480e-01 6.064143776893615723e-01 7.270691990852355957e-01 7.536870241165161133e-02 1.000000000000000000e+00 1.000000000000000000e+00 1.000000000000000000e+00
1.222620382905006409e-01 8.646899461746215820e-02 3.342467546463012695e-02 1.347611546516418457e-01 8.072018623352050781e-01 1.154410839080810547e-01 5.572854876518249512e-01 6.175671219825744629e-01 5.771518349647521973e-01 0.000000000000000000e+00 1.000000000000000000e+00 0.000000000000000000e+00
5.362195372581481934e-01 7.474085092544555664e-01 5.614015460014343262e-01 3.779577612876892090e-01 6.462770104408264160e-01 6.962484717369079590e-01 1.536736488342285156e-01 1.290105581283569336e-01 8.380063176155090332e-01 1.000000000000000000e+00 0.000000000000000000e+00 0.000000000000000000e+00
9.193300604820251465e-01 7.050515413284301758e-01 7.880108356475830078e-01 7.347275018692016602e-01 9.799514412879943848e-01 6.781875491142272949e-01 5.462188720703125000e-01 3.036080002784729004e-01 6.396797895431518555e-01 0.000000000000000000e+00 0.000000000000000000e+00 0.000000000000000000e+00
3.177334666252136230e-01 8.897514939308166504e-01 6.248138546943664551e-01 7.601350545883178711e-01 1.786646246910095215e-01 7.412908077239990234e-01 6.536472439765930176e-01 8.420370817184448242e-01 3.870894908905029297e-01 0.000000000000000000e+00 0.000000000000000000e+00 0.000000000000000000e+00
8.942127227783203125e-01 5.735250711441040039e-01 9.699574112892150879e-01 6.847578287124633789e-01 2.935609221458435059e-01 2.805451750755310059e-01 4.453153610229492188e-01 6.170583963394165039e-01 2.854805588722229004e-01 0.000000000000000000e+00 0.000000000000000000e+00 0.000000000000000000e+00
9.182661175727844238e-01 2.438366413116455078e-03 6.690818071365356445e-01 6.794815659523010254e-01 6.202533245086669922e-01 6.403606534004211426e-01 3.342852592468261719e-01 9.268901348114013672e-01 2.854040265083312988e-01 0.000000000000000000e+00 0.000000000000000000e+00 0.000000000000000000e+00
8.248451948165893555e-01 7.189857959747314453e-01 3.542976975440979004e-01 7.841307520866394043e-01 7.121477127075195312e-01 9.534345269203186035e-01 7.263076305389404297e-02 2.320141792297363281e-01 6.626880168914794922e-02 0.000000000000000000e+00 1.000000000000000000e+00 0.000000000000000000e+00
9.867405295372009277e-01 8.334457874298095703e-03 3.960164785385131836e-01 7.417916059494018555e-01 9.295645952224731445e-01 6.918033957481384277e-01 1.982213258743286133e-01 4.110997915267944336e-02 2.027692198753356934e-01 0.000000000000000000e+00 0.000000000000000000e+00 0.000000000000000000e+00
2.943654656410217285e-01 1.345093250274658203e-01 3.344612121582031250e-01 8.699631690979003906e-02 5.107040405273437500e-01 7.392169237136840820e-01 1.749845147132873535e-01 8.049337267875671387e-01 8.658733367919921875e-01 1.000000000000000000e+00 0.000000000000000000e+00 0.000000000000000000e+00
2.344876974821090698e-01 8.486502170562744141e-01 2.260611057281494141e-01 3.396818637847900391e-01 3.162053823471069336e-01 2.579681873321533203e-01 7.499538064002990723e-01 7.006198167800903320e-02 3.259247541427612305e-01 0.000000000000000000e+00 0.000000000000000000e+00 0.000000000000000000e+00
9.148593544960021973e-01 3.403413891792297363e-01 9.820421934127807617e-01 4.804379940032958984e-01 8.583248257637023926e-01 9.411952495574951172e-01 3.561571836471557617e-01 7.860528230667114258e-01 1.296710371971130371e-01 0.000000000000000000e+00 0.000000000000000000e+00 0.000000000000000000e+00
9.897626042366027832e-01 5.310003757476806641e-01 2.792128324508666992e-01 9.660282135009765625e-01 5.887808799743652344e-01 3.205639123916625977e-02 5.321732759475708008e-01 7.187443971633911133e-01 6.110803484916687012e-01 0.000000000000000000e+00 0.000000000000000000e+00 0.000000000000000000e+00
9.824798107147216797e-01 5.909333825111389160e-01 2.747441530227661133e-01 9.730026125907897949e-01 9.282084107398986816e-01 4.723010659217834473e-01 1.108167171478271484e-01 1.686292886734008789e-01 6.651124358177185059e-01 0.000000000000000000e+00 0.000000000000000000e+00 0.000000000000000000e+00
8.509667515754699707e-01 2.948338389396667480e-01 6.290321350097656250e-01 3.195915222167968750e-01 6.435545682907104492e-01 3.727419376373291016e-01 3.056716918945312500e-02 2.911238074302673340e-01 7.710359692573547363e-01 0.000000000000000000e+00 1.000000000000000000e+00 0.000000000000000000e+00
9.945029020309448242e-01 3.874399662017822266e-01 4.995604753494262695e-01 9.451373815536499023e-01 8.723162412643432617e-01 5.894476175308227539e-01 3.880949020385742188e-01 2.895463109016418457e-01 5.798718929290771484e-01 0.000000000000000000e+00 0.000000000000000000e+00 0.000000000000000000e+00
9.991808533668518066e-01 2.396482229232788086e-02 3.899660706520080566e-01 9.726954698562622070e-01 8.845403194427490234e-01 1.995927691459655762e-01 8.731325268745422363e-01 6.902104020118713379e-01 4.119728207588195801e-01 0.000000000000000000e+00 0.000000000000000000e+00 0.000000000000000000e+00
9.502595067024230957e-01 1.510216593742370605e-01 7.304785251617431641e-01 6.419740319252014160e-01 1.661598682403564453e-01 4.995214939117431641e-02 8.034619688987731934e-01 5.235063433647155762e-01 9.809711575508117676e-01 0.000000000000000000e+00 0.000000000000000000e+00 0.000000000000000000e+00
9.888082146644592285e-01 4.237095713615417480e-01 8.826933503150939941e-01 7.579917311668395996e-01 9.109696149826049805e-01 3.376615047454833984e-01 1.668104529380798340e-01 3.443281054496765137e-01 3.025395870208740234e-01 0.000000000000000000e+00 0.000000000000000000e+00 0.000000000000000000e+00
3.215775489807128906e-01 9.585749506950378418e-01 4.357853531837463379e-01 5.411793589591979980e-01 3.794070482254028320e-01 3.878017067909240723e-01 4.357663989067077637e-01 6.404417157173156738e-01 7.355710864067077637e-01 0.000000000000000000e+00 0.000000000000000000e+00 0.000000000000000000e+00
9.154883623123168945e-01 4.173595309257507324e-01 7.196531891822814941e-01 7.050314545631408691e-01 8.489755988121032715e-01 5.004025697708129883e-01 6.534323096275329590e-01 3.293018341064453125e-01 5.955717563629150391e-01 0.000000000000000000e+00 0.000000000000000000e+00 0.000000000000000000e+00
1.512178629636764526e-01 3.159531950950622559e-01 3.176034688949584961e-01 6.245487928390502930e-02 5.385356545448303223e-01 7.162373661994934082e-01 4.386095404624938965e-01 3.602294921875000000e-01 8.778302669525146484e-01 1.000000000000000000e+00 0.000000000000000000e+00 0.000000000000000000e+00
8.742390871047973633e-01 4.153418540954589844e-02 8.199322819709777832e-01 5.529892444610595703e-01 1.894484162330627441e-01 5.828142166137695312e-01 7.751152515411376953e-01 2.018830776214599609e-01 1.480557918548583984e-01 1.000000000000000000e+00 0.000000000000000000e+00 0.000000000000000000e+00
3.454547822475433350e-01 3.460820317268371582e-01 2.008128166198730469e-01 1.190502047538757324e-01 8.625653982162475586e-01 8.111488223075866699e-01 8.351632952690124512e-01 9.923135638236999512e-01 4.588554501533508301e-01 0.000000000000000000e+00 0.000000000000000000e+00 0.000000000000000000e+00
9.321290850639343262e-01 4.138290882110595703e-03 2.335944175720214844e-01 6.005863547325134277e-01 6.410806775093078613e-01 6.301042437553405762e-01 2.722914218902587891e-01 7.746675610542297363e-01 8.215969800949096680e-02 0.000000000000000000e+00 0.000000000000000000e+00 0.000000000000000000e+00
