5.949892997741699219e-01 5.690287947654724121e-01 8.036406040191650391e-01 3.098521828651428223e-01 3.947385549545288086e-01 3.868238925933837891e-01 1.319895386695861816e-01 5.716778635978698730e-01 1.651699542999267578e-01 0.000000000000000000e+00 1.000000000000000000e+00 0.000000000000000000e+00
3.718959391117095947e-01 4.017519354820251465e-01 5.193048119544982910e-01 3.058426380157470703e-01 3.256221413612365723e-01 5.010486841201782227e-01 3.329214453697204590e-01 4.436848163604736328e-01 9.523031711578369141e-01 0.000000000000000000e+00 0.000000000000000000e+00 0.000000000000000000e+00
2.211451828479766846e-01 8.159022331237792969e-01 3.237862586975097656e-01 9.595251083374023438e-02 2.247331142425537109e-01 4.368932843208312988e-01 4.864681959152221680e-01 6.013715267181396484e-01 3.962548971176147461e-01 0.000000000000000000e+00 0.000000000000000000e+00 0.000000000000000000e+00
6.406040787696838379e-01 9.342739582061767578e-01 4.003757834434509277e-01 8.332378864288330078e-01 2.145222425460815430e-01 6.668608188629150391e-01 7.570674419403076172e-01 6.519026756286621094e-01 4.086269736289978027e-01 0.000000000000000000e+00 0.000000000000000000e+00 0.000000000000000000e+00
3.521602451801300049e-01 9.557593464851379395e-01 7.762311697006225586e-01 2.456120252609252930e-01 2.066848278045654297e-01 1.384282708168029785e-01 4.919191598892211914e-01 9.236466884613037109e-02 6.853112578392028809e-01 1.000000000000000000e+00 0.000000000000000000e+00 0.000000000000000000e+00
1.748858839273452759e-01 9.845274090766906738e-01 1.302950382232666016e-01 1.572713851928710938e-01 2.083861827850341797e-02 3.204727768898010254e-01 2.859385013580322266e-01 7.425013780593872070e-01 4.137989282608032227e-01 0.000000000000000000e+00 0.000000000000000000e+00 0.000000000000000000e+00
9.784123301506042480e-01 3.663064837455749512e-01 4.796453118324279785e-01 9.485533237457275391e-01 2.086744308471679688e-01 3.523007035255432129e-01 3.826297521591186523e-01 6.944929361343383789e-01 2.073338627815246582e-01 0.000000000000000000e+00 0.000000000000000000e+00 0.000000000000000000e+00
8.127107620239257812e-01 5.815196037292480469e-01 8.497586846351623535e-01 4.505871534347534180e-01 8.470906615257263184e-01 8.854889273643493652e-01 3.264226317405700684e-01 6.221473217010498047e-03 5.770176053047180176e-01 0.000000000000000000e+00 0.000000000000000000e+00 0.000000000000000000e+00
7.938292026519775391e-01 2.277304530143737793e-01 7.012123465538024902e-01 1.647351384162902832e-01 7.767286896705627441e-01 4.083830714225769043e-01 5.652441382408142090e-01 9.987152218818664551e-01 7.900584936141967773e-01 0.000000000000000000e+00 0.000000000000000000e+00 0.000000000000000000e+00
7.775312066078186035e-01 8.200922012329101562e-01 9.958749413490295410e-01 6.583495140075683594e-01 8.441443443298339844e-01 9.839244484901428223e-01 1.255095601081848145e-01 4.119471907615661621e-01 2.455871701240539551e-01 0.000000000000000000e+00 0.000000000000000000e+00 0.000000000000000000e+00
7.087211608886718750e-01 9.480761885643005371e-01 5.842214822769165039e-02 6.654139757156372070e-01 6.129334568977355957e-01 4.381924867630004883e-01 8.202089667320251465e-01 7.773360013961791992e-01 6.958360671997070312e-01 1.000000000000000000e+00 0.000000000000000000e+00 0.000000000000000000e+00
4.154565632343292236e-01 4.873947501182556152e-01 2.892832756042480469e-01 1.635084152221679688e-01 4.000418186187744141e-01 2.060556411743164062e-02 7.698666453361511230e-01 6.995735168457031250e-01 6.272802948951721191e-01 0.000000000000000000e+00 0.000000000000000000e+00 0.000000000000000000e+00
6.405841708183288574e-01 9.563477635383605957e-01 9.853513240814208984e-01 7.345224618911743164e-01 3.062282800674438477e-01 3.339292407035827637e-01 6.740418076515197754e-01 6.055551767349243164e-01 2.320541739463806152e-01 0.000000000000000000e+00 0.000000000000000000e+00 0.000000000000000000e+00
9.512709975242614746e-01 2.429627776145935059e-01 8.201240897178649902e-01 6.090658903121948242e-01 5.444338917732238770e-01 7.408261299133300781e-04 9.619194865226745605e-01 5.209760665893554688e-01 2.334662675857543945e-01 0.000000000000000000e+00 0.000000000000000000e+00 0.000000000000000000e+00
5.054950714111328125e-01 5.384847521781921387e-01 1.465529203414916992e-02 3.372427225112915039e-01 1.074297428131103516e-01 2.799569964408874512e-01 2.630299329757690430e-02 3.999655246734619141e-01 6.634476780891418457e-01 0.000000000000000000e+00 0.000000000000000000e+00 0.000000000000000000e+00
9.737650156021118164e-01 1.572010517120361328e-01 9.156110286712646484e-01 6.318003535270690918e-01 2.396945953369140625e-01 4.727416038513183594e-01 1.483089923858642578e-01 5.750834941864013672e-01 9.741048216819763184e-01 0.000000000000000000e+00 0.000000000000000000e+00 0.000000000000000000e+00
9.824237823486328125e-01 9.082126617431640625e-02 7.975712418556213379e-01 8.799644708633422852e-01 6.864721775054931641e-01 5.813748240470886230e-01 5.882071256637573242e-01 7.643551230430603027e-01 8.732273578643798828e-01 0.000000000000000000e+00 0.000000000000000000e+00 0.000000000000000000e+00
1.729713678359985352e-01 4.026773571968078613e-01 7.912629842758178711e-02 4.021358489990234375e-02 1.770820617675781250e-01 2.639480829238891602e-01 4.444874525070190430e-01 5.310070514678955078e-02 4.301507472991943359e-01 0.000000000000000000e+00 1.000000000000000000e+00 0.000000000000000000e+00
8.486232757568359375e-01 4.410116076469421387e-01 9.375777840614318848e-01 5.065965652465820312e-02 7.952505350112915039e-01 3.816255331039428711e-01 2.460048198699951172e-01 7.773796319961547852e-01 1.489893794059753418e-01 1.000000000000000000e+00 1.000000000000000000e+00 1.000000000000000000e+00
8.638736605644226074e-01 7.405473589897155762e-01 8.516871333122253418e-01 9.000944495201110840e-01 2.844750881195068359e-01 8.632833361625671387e-01 4.016854763031005859e-01 6.464574337005615234e-01 2.469640970230102539e-01 0.000000000000000000e+00 0.000000000000000000e+00 0.000000000000000000e+00
8.488026261329650879e-01 1.823025941848754883e-01 1.508097648620605469e-01 7.743639349937438965e-01 2.353929877281188965e-01 5.886238217353820801e-01 8.403027653694152832e-01 8.639401793479919434e-01 9.105594158172607422e-01 0.000000000000000000e+00 0.000000000000000000e+00 0.000000000000000000e+00
7.212576270103454590e-01 5.131959915161132812e-01 8.705842494964599609e-01 1.613057851791381836e-01 2.311016321182250977e-01 3.068625926971435547e-03 5.819416642189025879e-01 3.907865881919860840e-01 4.349246621131896973e-01 1.000000000000000000e+00 0.000000000000000000e+00 0.000000000000000000e+00
3.188219666481018066e-01 8.759678006172180176e-01 3.601166009902954102e-01 2.251746654510498047e-01 4.833292961120605469e-01 8.965625166893005371e-01 9.927371144294738770e-01 9.710907936096191406e-03 3.620829582214355469e-01 1.000000000000000000e+00 0.000000000000000000e+00 0.000000000000000000e+00
9.879883527755737305e-01 1.288491487503051758e-02 8.995254635810852051e-01 2.821705937385559082e-01 8.545037508010864258e-01 3.113229274749755859e-01 6.825510859489440918e-01 6.456196904182434082e-01 3.134343624114990234e-01 0.000000000000000000e+00 0.000000000000000000e+00 0.000000000000000000e+00
9.552909135818481445e-01 6.168718338012695312e-01 4.160449504852294922e-01 8.424165248870849609e-01 6.731138825416564941e-01 3.263602256774902344e-01 1.858347654342651367e-02 8.497179746627807617e-01 8.605251908302307129e-01 0.000000000000000000e+00 0.000000000000000000e+00 0.000000000000000000e+00
9.861120581626892090e-01 2.777737975120544434e-01 4.950610399246215820e-01 8.633608818054199219e-01 9.039346575736999512e-01 5.112400650978088379e-01 5.838626027107238770e-01 4.081950187683105469e-01 4.199283719062805176e-01 0.000000000000000000e+00 1.000000000000000000e+00 0.000000000000000000e+00
2.482258230447769165e-01 4.280125498771667480e-01 3.728859424591064453e-01 8.503407239913940430e-02 5.751373767852783203e-01 7.225613594055175781e-01 7.294788360595703125e-01 7.606656551361083984e-01 6.231180429458618164e-01 0.000000000000000000e+00 0.000000000000000000e+00 0.000000000000000000e+00
5.098618865013122559e-01 7.489395141601562500e-01 4.827234745025634766e-01 3.469335436820983887e-01 4.868857860565185547e-01 6.473539471626281738e-01 8.713845014572143555e-01 2.166488766670227051e-01 5.742210745811462402e-01 1.000000000000000000e+00 0.000000000000000000e+00 0.000000000000000000e+00
3.486919701099395752e-01 4.773324728012084961e-01 7.320648431777954102e-01 5.491012930870056152e-01 1.107764244079589844e-02 8.817602992057800293e-01 8.688754439353942871e-01 9.397549629211425781e-01 7.847039103507995605e-01 1.000000000000000000e+00 0.000000000000000000e+00 0.000000000000000000e+00
8.652907609939575195e-01 4.329807162284851074e-01 4.457486271858215332e-01 6.585949659347534180e-01 5.763087272644042969e-01 9.115664362907409668e-01 4.720062017440795898e-02 2.547441720962524414e-01 8.324899673461914062e-01 1.000000000000000000e+00 0.000000000000000000e+00 0.000000000000000000e+00
9.593299031257629395e-01 7.752237915992736816e-01 2.186346054077148438e-01 9.537948369979858398e-01 5.806422233581542969e-01 4.442143440246582031e-02 2.658846378326416016e-01 6.882231235504150391e-01 3.025978803634643555e-01 0.000000000000000000e+00 0.000000000000000000e+00 0.000000000000000000e+00
8.032947778701782227e-01 6.464912295341491699e-01 8.357527256011962891e-01 9.330245256423950195e-01 3.667263984680175781e-01 7.920265793800354004e-01 3.772220015525817871e-01 6.868212223052978516e-01 7.218213081359863281e-01 1.000000000000000000e+00 1.000000000000000000e+00 1.000000000000000000e+00
3.654164373874664307e-01 3.922897577285766602e-02 2.002466320991516113e-01 3.179978132247924805e-01 8.374349474906921387e-01 9.897790551185607910e-01 4.111629128456115723e-01 5.745976567268371582e-01 9.952586889266967773e-01 1.000000000000000000e+00 0.000000000000000000e+00 0.000000000000000000e+00
5.018153190612792969e-01 8.678488731384277344e-01 3.679613471031188965e-01 2.439599633216857910e-01 7.466370463371276855e-01 4.664355516433715820e-01 7.879480719566345215e-01 5.699656605720520020e-01 6.184576153755187988e-01 1.000000000000000000e+00 0.000000000000000000e+00 0.000000000000000000e+00
9.383211731910705566e-01 1.978300213813781738e-01 9.226439595222473145e-01 5.578492879867553711e-01 3.948230147361755371e-01 5.474534034729003906e-01 4.982203841209411621e-01 3.021385669708251953e-01 1.165333986282348633e-01 0.000000000000000000e+00 0.000000000000000000e+00 0.000000000000000000e+00
5.408606529235839844e-01 1.830279827117919922e-01 4.187937378883361816e-01 9.829854965209960938e-02 8.767825961112976074e-01 2.759681940078735352e-01 3.241122364997863770e-01 7.360132336616516113e-01 3.571741580963134766e-01 1.000000000000000000e+00 0.000000000000000000e+00 0.000000000000000000e+00
1.849964708089828491e-01 7.875976562500000000e-01 6.660230159759521484e-01 2.740849256515502930e-01 1.769012212753295898e-01 3.844241499900817871e-01 4.242548942565917969e-01 2.907258272171020508e-01 7.944685816764831543e-01 0.000000000000000000e+00 0.000000000000000000e+00 0.000000000000000000e+00
9.934452772140502930e-01 2.627331018447875977e-01 9.714624285697937012e-01 4.235289096832275391e-01 4.538480639457702637e-01 3.687161207199096680e-02 4.118319749832153320e-01 5.963414311408996582e-01 9.704878330230712891e-01 1.000000000000000000e+00 0.000000000000000000e+00 0.000000000000000000e+00
1.027773991227149963e-01 3.288744688034057617e-01 1.312023401260375977e-01 2.909076213836669922e-01 4.024689197540283203e-01 4.351038932800292969e-01 8.665832877159118652e-01 3.543460965156555176e-01 6.181551814079284668e-01 0.000000000000000000e+00 1.000000000000000000e+00 0.000000000000000000e+00
3.208647370338439941e-01 8.538910746574401855e-01 1.048325300216674805e-01 5.330055952072143555e-02 2.220762968063354492e-01 2.006590366363525391e-02 2.848005294799804688e-02 5.040763020515441895e-01 1.279281377792358398e-01 0.000000000000000000e+00 0.000000000000000000e+00 0.000000000000000000e+00
9.979071617126464844e-01 4.970943927764892578e-02 8.022169470787048340e-01 9.271219372749328613e-01 7.497771978378295898e-01 5.395461320877075195e-01 6.734125018119812012e-01 9.765782356262207031e-01 8.833833932876586914e-01 0.000000000000000000e+00 0.000000000000000000e+00 0.000000000000000000e+00
2.468434125185012817e-01 8.509987592697143555e-01 1.908599138259887695e-01 3.822183012962341309e-01 2.316483855247497559e-01 5.708748698234558105e-01 9.038125872611999512e-01 5.898895859718322754e-01 5.463424324989318848e-01 1.000000000000000000e+00 0.000000000000000000e+00 0.000000000000000000e+00
9.940400123596191406e-01 9.838402271270751953e-02 8.002150058746337891e-01 8.190749883651733398e-01 4.752711057662963867e-01 3.233772516250610352e-02 6.487497091293334961e-01 8.749331235885620117e-01 6.022062897682189941e-01 0.000000000000000000e+00 0.000000000000000000e+00 0.000000000000000000e+00
2.814252078533172607e-01 2.356742620468139648e-01 4.195327758789062500e-01 3.535491228103637695e-02 5.678086876869201660e-01 5.196149945259094238e-01 4.392836689949035645e-01 7.852393984794616699e-01 6.152039766311645508e-01 0.000000000000000000e+00 0.000000000000000000e+00 0.000000000000000000e+00
3.364342749118804932e-01 8.785685896873474121e-01 2.709150314331054688e-02 3.794170618057250977e-01 1.211441159248352051e-01 5.556443333625793457e-01 4.409365057945251465e-01 8.325477838516235352e-01 6.496667861938476562e-02 0.000000000000000000e+00 0.000000000000000000e+00 0.000000000000000000e+00
9.511367678642272949e-01 9.939186573028564453e-01 6.872258186340332031e-01 7.881975173950195312e-01 8.373700976371765137e-01 1.305464506149291992e-01 6.820476651191711426e-01 4.362919926643371582e-01 8.496444225311279297e-01 0.000000000000000000e+00 0.000000000000000000e+00 0.000000000000000000e+00
9.471531510353088379e-01 8.503890037536621094e-02 7.843452095985412598e-01 7.529205679893493652e-01 4.914501309394836426e-01 5.509275794029235840e-01 8.264482021331787109e-01 6.873632669448852539e-01 5.401015281677246094e-01 0.000000000000000000e+00 0.000000000000000000e+00 0.000000000000000000e+00
2.226497679948806763e-01 9.215300679206848145e-01 1.229606866836547852e-01 7.728981971740722656e-02 6.637629866600036621e-01 2.879726886749267578e-01 4.389815330505371094e-01 1.401423811912536621e-01 7.183012366294860840e-01 0.000000000000000000e+00 0.000000000000000000e+00 0.000000000000000000e+00
2.045456916093826294e-01 2.528781294822692871e-01 2.626573443412780762e-01 1.304591894149780273e-01 7.271496653556823730e-01 6.159224510192871094e-01 9.311746358871459961e-01 5.144376754760742188e-01 1.189444065093994141e-01 0.000000000000000000e+00 1.000000000000000000e+00 0.000000000000000000e+00
2.967721819877624512e-01 3.705437779426574707e-01 2.947224378585815430e-01 2.884620428085327148e-01 8.093450069427490234e-01 8.769943118095397949e-01 9.904468059539794922e-02 9.431135654449462891e-01 5.414637327194213867e-01 0.000000000000000000e+00 1.000000000000000000e+00 0.000000000000000000e+00
4.221765697002410889e-01 4.550471901893615723e-01 3.626137375831604004e-01 6.331018805503845215e-01 1.232820749282836914e-02 5.838119983673095703e-01 8.455694913864135742e-01 5.700796842575073242e-02 3.124597668647766113e-01 0.000000000000000000e+00 1.000000000000000000e+00 0.000000000000000000e+00
4.737392961978912354e-01 8.020617961883544922e-01 9.719608426094055176e-01 3.939431309700012207e-01 5.115998983383178711e-01 7.724426984786987305e-01 2.472722530364990234e-01 6.335654854774475098e-01 9.111390709877014160e-01 1.000000000000000000e+00 0.000000000000000000e+00 0.000000000000000000e+00
8.029167652130126953e-01 5.937714576721191406e-01 1.700601577758789062e-01 6.562960147857666016e-01 6.526350975036621094e-01 1.488299369812011719e-01 9.429719448089599609e-01 7.926023006439208984e-02 3.200024962425231934e-01 0.000000000000000000e+00 0.000000000000000000e+00 0.000000000000000000e+00
9.754012823104858398e-01 1.142376661300659180e-02 8.450745344161987305e-01 3.720627427101135254e-01 9.180860519409179688e-01 9.083055853843688965e-01 2.451529502868652344e-01 9.913074970245361328e-02 8.652368783950805664e-01 0.000000000000000000e+00 0.000000000000000000e+00 0.000000000000000000e+00
3.273217976093292236e-01 4.633458852767944336e-01 2.793975472450256348e-01 2.041305303573608398e-01 4.355996847152709961e-01 4.682831168174743652e-01 3.501182198524475098e-01 2.656257152557373047e-02 9.709087610244750977e-01 0.000000000000000000e+00 0.000000000000000000e+00 0.000000000000000000e+00
4.395995736122131348e-01 8.622395992279052734e-01 3.755033016204833984e-03 1.158898472785949707e-01 7.667697668075561523e-01 6.129732131958007812e-01 1.380502581596374512e-01 4.831759333610534668e-01 9.980021119117736816e-01 1.000000000000000000e+00 0.000000000000000000e+00 0.000000000000000000e+00
2.272165119647979736e-01 8.230545520782470703e-01 2.981095910072326660e-01 2.833356261253356934e-01 4.669686555862426758e-01 3.667232394218444824e-01 3.083536028861999512e-01 1.916110515594482422e-03 3.989652991294860840e-01 1.000000000000000000e+00 0.000000000000000000e+00 0.000000000000000000e+00
8.487302660942077637e-01 4.805047512054443359e-01 6.528448462486267090e-01 5.800725221633911133e-01 8.621677160263061523e-01 9.598327875137329102e-01 6.343218088150024414e-01 9.287041425704956055e-02 6.968242526054382324e-01 0.000000000000000000e+00 0.000000000000000000e+00 0.000000000000000000e+00
5.028012990951538086e-01 3.600496053695678711e-01 5.325342416763305664e-01 6.022006273269653320e-02 8.518407344818115234e-01 3.013103008270263672e-01 6.208114027976989746e-01 1.705684065818786621e-01 2.867804765701293945e-01 1.000000000000000000e+00 0.000000000000000000e+00 0.000000000000000000e+00
9.910697937011718750e-01 2.024795413017272949e-01 3.732203245162963867e-01 8.689185976982116699e-01 7.671093940734863281e-01 7.170010805130004883e-01 5.176264047622680664e-02 5.265175104141235352e-01 3.972160816192626953e-01 0.000000000000000000e+00 0.000000000000000000e+00 0.000000000000000000e+00
9.167310595512390137e-01 7.335592508316040039e-01 5.518132448196411133e-02 7.741721868515014648e-01 9.859395623207092285e-01 1.990848779678344727e-02 7.254071235656738281e-01 1.851851344108581543e-01 7.988272905349731445e-01 0.000000000000000000e+00 0.000000000000000000e+00 0.000000000000000000e+00
7.398965954780578613e-01 7.958293557167053223e-01 1.240537166595458984e-01 1.823869943618774414e-01 8.930164575576782227e-01 5.021542310714721680e-02 7.550975084304809570e-01 6.523331999778747559e-01 2.183317542076110840e-01 0.000000000000000000e+00 0.000000000000000000e+00 0.000000000000000000e+00
9.602989554405212402e-01 3.348625898361206055e-01 7.783014774322509766e-01 9.632057547569274902e-01 7.672792077064514160e-01 5.175478458404541016e-01 7.402184009552001953e-01 1.952439546585083008e-01 3.816059231758117676e-01 1.000000000000000000e+00 0.000000000000000000e+00 0.000000000000000000e+00
9.543671011924743652e-01 2.582406401634216309e-01 9.818437099456787109e-01 2.765009403228759766e-01 2.504769563674926758e-01 9.305411577224731445e-02 6.968755125999450684e-01 6.193244457244873047e-02 3.576372265815734863e-01 0.000000000000000000e+00 1.000000000000000000e+00 0.000000000000000000e+00
2.449618875980377197e-01 8.428755402565002441e-01 1.121906638145446777e-01 1.976601481437683105e-01 2.359155416488647461e-01 9.601415991783142090e-01 2.594628930091857910e-01 5.897272825241088867e-01 6.662523746490478516e-02 1.000000000000000000e+00 0.000000000000000000e+00 0.000000000000000000e+00
8.865316510200500488e-01 4.731925129890441895e-01 8.565716147422790527e-01 4.476746320724487305e-01 5.744692087173461914e-01 6.641466021537780762e-01 8.681995272636413574e-01 5.051777958869934082e-01 4.923546910285949707e-01 0.000000000000000000e+00 1.000000000000000000e+00 0.000000000000000000e+00
6.236952543258666992e-01 9.989709854125976562e-01 2.497653365135192871e-01 8.333473205566406250e-01 2.638616561889648438e-01 2.921143770217895508e-01 8.135989308357238770e-01 4.440817236900329590e-01 5.984821319580078125e-01 1.000000000000000000e+00 0.000000000000000000e+00 0.000000000000000000e+00
6.915332078933715820e-01 1.799390912055969238e-01 6.670454144477844238e-01 7.883203029632568359e-02 7.736951112747192383e-01 5.486454367637634277e-01 8.291318416595458984e-01 6.495314836502075195e-02 4.776517152786254883e-01 0.000000000000000000e+00 0.000000000000000000e+00 0.000000000000000000e+00
9.318628311157226562e-01 4.841372966766357422e-01 9.853599071502685547e-01 4.457577466964721680e-01 8.878694772720336914e-01 4.057151079177856445e-01 3.814392685890197754e-01 6.613584756851196289e-01 5.992069840431213379e-01 0.000000000000000000e+00 0.000000000000000000e+00 0.000000000000000000e+00
9.121720790863037109e-01 4.473081231117248535e-01 9.621499180793762207e-01 6.699131727218627930e-01 9.657044410705566406e-01 7.312427163124084473e-01 7.965311408042907715e-01 6.860619783401489258e-02 3.305608034133911133e-02 0.000000000000000000e+00 0.000000000000000000e+00 0.000000000000000000e+00
6.001030802726745605e-01 4.854900836944580078e-01 6.293097734451293945e-01 1.997529864311218262e-01 6.352363824844360352e-01 4.669395685195922852e-01 4.620909094810485840e-01 9.759209752082824707e-01 2.260209321975708008e-01 0.000000000000000000e+00 0.000000000000000000e+00 0.000000000000000000e+00
4.585553109645843506e-01 9.399687051773071289e-01 2.357755303382873535e-01 6.814830303192138672e-01 3.768668174743652344e-01 4.749550223350524902e-01 2.808132767677307129e-01 2.217292785644531250e-02 6.323242187500000000e-01 1.000000000000000000e+00 0.000000000000000000e+00 0.000000000000000000e+00
7.875254154205322266e-01 3.191727399826049805e-01 6.533885002136230469e-02 4.918662309646606445e-01 7.349346280097961426e-01 7.209675312042236328e-01 5.842331051826477051e-01 5.968868136405944824e-01 5.836579203605651855e-01 0.000000000000000000e+00 0.000000000000000000e+00 0.000000000000000000e+00
7.937589287757873535e-01 7.782382965087890625e-01 8.513781428337097168e-01 8.614718317985534668e-01 4.580644369125366211e-01 7.263245582580566406e-01 5.312722921371459961e-02 6.900683641433715820e-01 4.715208411216735840e-01 1.000000000000000000e+00 0.000000000000000000e+00 0.000000000000000000e+00
6.026459932327270508e-01 9.704776406288146973e-01 6.029803752899169922e-01 4.230212569236755371e-01 6.014145612716674805e-01 8.101382851600646973e-01 7.717525362968444824e-01 9.859716296195983887e-01 4.803855419158935547e-01 1.000000000000000000e+00 0.000000000000000000e+00 0.000000000000000000e+00
8.339468240737915039e-01 5.587667226791381836e-02 7.081338763236999512e-01 4.949748516082763672e-03 4.257706999778747559e-01 1.693174839019775391e-01 6.535124182701110840e-01 6.774590611457824707e-01 3.707668185234069824e-01 1.000000000000000000e+00 0.000000000000000000e+00 0.000000000000000000e+00
7.552278041839599609e-01 1.175424456596374512e-01 5.589311122894287109e-01 5.913709402084350586e-01 5.130238533020019531e-01 7.323459982872009277e-01 8.150476217269897461e-02 6.608735918998718262e-01 3.969522714614868164e-01 0.000000000000000000e+00 0.000000000000000000e+00 0.000000000000000000e+00
2.465450316667556763e-01 3.297191262245178223e-01 2.524819374084472656e-01 1.508181691169738770e-01 3.633963465690612793e-01 6.629635095596313477e-01 3.723505735397338867e-01 7.514742016792297363e-01 8.047995567321777344e-01 0.000000000000000000e+00 1.000000000000000000e+00 0.000000000000000000e+00
7.012244462966918945e-01 4.769562482833862305e-01 9.051384925842285156e-01 5.708220601081848145e-01 4.011482596397399902e-01 8.435174226760864258e-01 8.213322162628173828e-01 8.691145181655883789e-01 8.494154810905456543e-01 0.000000000000000000e+00 0.000000000000000000e+00 0.000000000000000000e+00
7.354385852813720703e-01 1.165101528167724609e-01 5.698098540306091309e-01 2.567195296287536621e-01 3.010377883911132812e-01 6.328487396240234375e-02 6.543219089508056641e-03 5.685063004493713379e-01 5.089560151100158691e-01 0.000000000000000000e+00 1.000000000000000000e+00 0.000000000000000000e+00
5.736505985260009766e-01 9.398845434188842773e-01 5.434437990188598633e-01 7.109413743019104004e-01 2.163410186767578125e-02 7.128593325614929199e-01 7.743440866470336914e-01 5.209841132164001465e-01 6.727126240730285645e-01 1.000000000000000000e+00 0.000000000000000000e+00 0.000000000000000000e+00
2.594736814498901367e-01 9.409967064857482910e-01 8.699756264686584473e-01 4.624252915382385254e-01 2.551797628402709961e-01 4.968133568763732910e-01 3.556885123252868652e-01 3.354530334472656250e-01 7.048124074935913086e-01 1.000000000000000000e+00 0.000000000000000000e+00 0.000000000000000000e+00
6.146482825279235840e-01 9.776491522789001465e-01 7.951322197914123535e-01 7.037830948829650879e-01 2.262502312660217285e-01 4.969372153282165527e-01 3.767388463020324707e-01 1.566344499588012695e-02 9.950377345085144043e-01 0.000000000000000000e+00 0.000000000000000000e+00 0.000000000000000000e+00
6.811456680297851562e-01 8.651112914085388184e-01 5.523836612701416016e-01 5.796390771865844727e-01 6.236193776130676270e-01 8.142362236976623535e-01 1.545311212539672852e-01 4.912154078483581543e-01 6.543499231338500977e-01 0.000000000000000000e+00 0.000000000000000000e+00 0.000000000000000000e+00
6.477623581886291504e-01 4.061669707298278809e-01 2.407966256141662598e-01 3.640316128730773926e-01 8.790588974952697754e-01 4.465624094009399414e-01 9.921540021896362305e-01 5.646317601203918457e-01 8.645731806755065918e-01 0.000000000000000000e+00 0.000000000000000000e+00 0.000000000000000000e+00
3.254480063915252686e-01 9.816994071006774902e-01 9.773707389831542969e-02 5.419870018959045410e-01 4.469382762908935547e-02 4.187769293785095215e-01 5.029860734939575195e-01 4.628300070762634277e-01 9.114978313446044922e-01 1.000000000000000000e+00 0.000000000000000000e+00 0.000000000000000000e+00
7.766417264938354492e-01 9.813776016235351562e-01 3.268757462501525879e-01 8.256664276123046875e-01 6.557668447494506836e-01 8.578093647956848145e-01 4.926033616065979004e-01 3.375744223594665527e-01 7.900198698043823242e-01 1.000000000000000000e+00 0.000000000000000000e+00 0.000000000000000000e+00
9.991177916526794434e-01 2.052475214004516602e-01 5.389756560325622559e-01 9.614500999450683594e-01 9.767357707023620605e-01 2.339425086975097656e-01 8.864828348159790039e-01 3.928546905517578125e-01 3.250774741172790527e-01 0.000000000000000000e+00 0.000000000000000000e+00 0.000000000000000000e+00
8.159995675086975098e-01 7.468500137329101562e-01 6.692414879798889160e-01 4.928956031799316406e-01 9.868879914283752441e-01 6.932682991027832031e-01 1.869543194770812988e-01 7.180841565132141113e-01 3.285281658172607422e-01 0.000000000000000000e+00 0.000000000000000000e+00 0.000000000000000000e+00
4.232656061649322510e-01 7.667515277862548828e-01 1.893955469131469727e-02 8.946758508682250977e-02 4.964599609375000000e-01 1.758520007133483887e-01 6.274896860122680664e-01 4.077087640762329102e-01 3.460760116577148438e-01 0.000000000000000000e+00 0.000000000000000000e+00 0.000000000000000000e+00
9.149120450019836426e-01 1.683108210563659668e-01 7.208141684532165527e-01 6.929753422737121582e-01 7.673233747482299805e-01 6.773878335952758789e-01 6.600292921066284180e-01 1.105780601501464844e-01 3.334867358207702637e-01 0.000000000000000000e+00 1.000000000000000000e+00 0.000000000000000000e+00
4.419353902339935303e-01 4.682898521423339844e-03 1.033525466918945312e-01 2.099111676216125488e-01 8.358943462371826172e-01 7.157272100448608398e-01 3.680583238601684570e-01 1.620479226112365723e-01 1.551572680473327637e-01 0.000000000000000000e+00 0.000000000000000000e+00 0.000000000000000000e+00
2.261657267808914185e-01 1.102012395858764648e-01 2.705951929092407227e-01 8.719992637634277344e-02 7.274085879325866699e-01 3.938615322113037109e-03 5.861998200416564941e-01 5.833221077919006348e-01 9.768444299697875977e-01 0.000000000000000000e+00 0.000000000000000000e+00 0.000000000000000000e+00
4.611252546310424805e-01 8.253847360610961914e-01 6.592356562614440918e-01 8.523418903350830078e-01 3.837849497795104980e-01 4.724612236022949219e-01 8.167548775672912598e-01 7.447367310523986816e-01 5.111515522003173828e-01 0.000000000000000000e+00 0.000000000000000000e+00 0.000000000000000000e+00
5.838904380798339844e-01 4.823740720748901367e-01 6.134554743766784668e-01 1.390937566757202148e-01 8.771967291831970215e-01 4.891498684883117676e-01 9.418935179710388184e-01 5.741095542907714844e-01 4.245135784149169922e-01 0.000000000000000000e+00 0.000000000000000000e+00 0.000000000000000000e+00
7.768096327781677246e-01 3.550445437431335449e-01 7.628394961357116699e-01 8.729063868522644043e-01 3.618154525756835938e-01 7.981408238410949707e-01 2.114194631576538086e-02 4.669211506843566895e-01 3.352141380310058594e-01 0.000000000000000000e+00 0.000000000000000000e+00 0.000000000000000000e+00
3.026204407215118408e-01 3.554731607437133789e-01 3.604829311370849609e-02 1.277825832366943359e-01 6.445111036300659180e-01 5.965369939804077148e-01 5.615299344062805176e-01 3.505725860595703125e-01 9.919393062591552734e-01 0.000000000000000000e+00 0.000000000000000000e+00 0.000000000000000000e+00
2.676941156387329102e-01 9.556309580802917480e-01 9.811701774597167969e-01 2.879171371459960938e-01 5.571436882019042969e-02 3.332774043083190918e-01 4.746322631835937500e-01 8.231680393218994141e-01 8.030060529708862305e-01 1.000000000000000000e+00 0.000000000000000000e+00 0.000000000000000000e+00
8.877388238906860352e-01 9.806214570999145508e-01 5.831201076507568359e-01 8.477518558502197266e-01 5.918422341346740723e-01 7.052036523818969727e-01 8.980348706245422363e-01 5.524448156356811523e-01 8.664947152137756348e-01 0.000000000000000000e+00 0.000000000000000000e+00 0.000000000000000000e+00
1.008969768881797791e-01 9.689235687255859375e-02 6.188184022903442383e-02 1.569806337356567383e-01 4.400010704994201660e-01 6.274459958076477051e-01 8.487996459007263184e-01 5.132502317428588867e-01 7.258194684982299805e-01 0.000000000000000000e+00 0.000000000000000000e+00 0.000000000000000000e+00
9.699282646179199219e-01 2.033287286758422852e-01 1.443129777908325195e-01 7.006340622901916504e-01 4.067296981811523438e-01 1.677781939506530762e-01 7.074733972549438477e-01 5.461909174919128418e-01 8.587424755096435547e-01 1.000000000000000000e+00 0.000000000000000000e+00 0.000000000000000000e+00
9.491498470306396484e-01 1.743428111076354980e-01 2.935901284217834473e-01 9.745329022407531738e-01 2.119147777557373047e-01 9.309913516044616699e-01 9.087100028991699219e-01 6.782250404357910156e-01 8.240640163421630859e-01 0.000000000000000000e+00 0.000000000000000000e+00 0.000000000000000000e+00
7.532709836959838867e-01 9.042668342590332031e-01 3.566113114356994629e-01 7.071949839591979980e-01 4.665262103080749512e-01 3.064343929290771484e-01 9.498773217201232910e-01 8.620058298110961914e-01 7.838420867919921875e-01 0.000000000000000000e+00 0.000000000000000000e+00 0.000000000000000000e+00
6.213281750679016113e-01 4.248772859573364258e-01 8.308331966400146484e-01 3.299831151962280273e-01 6.285619139671325684e-01 7.457891702651977539e-01 2.709372639656066895e-01 9.725340008735656738e-01 9.784340858459472656e-02 1.000000000000000000e+00 0.000000000000000000e+00 0.000000000000000000e+00
8.638041019439697266e-01 7.392888665199279785e-01 4.310372471809387207e-01 8.631995320320129395e-01 5.713919401168823242e-01 8.591276407241821289e-01 6.369488239288330078e-01 7.977445125579833984e-01 8.890956640243530273e-01 0.000000000000000000e+00 0.000000000000000000e+00 0.000000000000000000e+00
7.946166992187500000e-01 9.370646476745605469e-01 7.004024982452392578e-01 7.873483300209045410e-01 5.744104385375976562e-01 2.540946006774902344e-04 9.315943717956542969e-01 1.234992146492004395e-01 7.599068880081176758e-01 0.000000000000000000e+00 0.000000000000000000e+00 0.000000000000000000e+00
8.270774483680725098e-01 7.100796699523925781e-01 8.696625828742980957e-01 6.272426843643188477e-01 6.110109090805053711e-01 5.000540614128112793e-01 9.847120642662048340e-01 1.024112105369567871e-01 9.072376489639282227e-01 0.000000000000000000e+00 0.000000000000000000e+00 0.000000000000000000e+00
9.847276210784912109e-01 1.322315335273742676e-01 8.049396872520446777e-01 6.540725827217102051e-01 6.745014190673828125e-01 2.405311465263366699e-01 4.517967700958251953e-01 1.599910855293273926e-01 6.438156366348266602e-01 0.000000000000000000e+00 0.000000000000000000e+00 0.000000000000000000e+00
9.417638778686523438e-01 1.212506890296936035e-01 7.837543487548828125e-01 9.287646412849426270e-01 4.353499412536621094e-02 9.826450347900390625e-01 4.635594487190246582e-01 4.664450287818908691e-01 4.604507088661193848e-01 0.000000000000000000e+00 1.000000000000000000e+00 0.000000000000000000e+00
7.785201072692871094e-01 3.547452688217163086e-01 1.547497510910034180e-02 9.349983930587768555e-01 1.879716515541076660e-01 9.829978942871093750e-01 6.620218157768249512e-01 6.136618256568908691e-01 9.861705899238586426e-01 0.000000000000000000e+00 0.000000000000000000e+00 0.000000000000000000e+00
2.304708510637283325e-01 2.804192304611206055e-01 3.061289191246032715e-01 1.585054397583007812e-01 3.813761472702026367e-01 5.816411972045898438e-01 6.163390874862670898e-01 8.775623440742492676e-01 1.046968102455139160e-01 1.000000000000000000e+00 0.000000000000000000e+00 0.000000000000000000e+00
4.265769720077514648e-01 1.790496110916137695e-01 3.773372173309326172e-01 2.590804100036621094e-01 6.021187305450439453e-01 5.290282368659973145e-01 8.153871297836303711e-01 4.523544907569885254e-01 3.485620021820068359e-01 0.000000000000000000e+00 1.000000000000000000e+00 0.000000000000000000e+00
8.873703479766845703e-01 2.760280370712280273e-01 8.952605724334716797e-01 7.337830066680908203e-01 4.317553639411926270e-01 8.425982594490051270e-01 8.467651009559631348e-01 2.476140260696411133e-01 4.207539558410644531e-02 0.000000000000000000e+00 1.000000000000000000e+00 0.000000000000000000e+00
9.980925917625427246e-01 3.673076629638671875e-02 8.138726949691772461e-01 9.817531108856201172e-01 5.119362473487854004e-01 4.226911664009094238e-01 2.770135402679443359e-01 4.621839523315429688e-01 1.037555932998657227e-02 0.000000000000000000e+00 1.000000000000000000e+00 0.000000000000000000e+00
1.585783809423446655e-01 8.215579986572265625e-01 3.751750588417053223e-01 5.220484733581542969e-02 1.943652033805847168e-01 3.188814520835876465e-01 6.234840154647827148e-01 6.142593622207641602e-01 5.050953626632690430e-01 1.000000000000000000e+00 0.000000000000000000e+00 0.000000000000000000e+00
9.905762672424316406e-01 1.196589469909667969e-01 1.198490262031555176e-01 8.063047528266906738e-01 8.833388090133666992e-01 3.304056525230407715e-01 9.243136644363403320e-01 2.873539924621582031e-04 4.573805332183837891e-01 0.000000000000000000e+00 0.000000000000000000e+00 0.000000000000000000e+00
9.957424998283386230e-01 1.243805885314941406e-02 1.047274470329284668e-01 8.886567354202270508e-01 8.613725304603576660e-01 5.192582011222839355e-01 3.730524182319641113e-01 1.628466844558715820e-01 6.901544928550720215e-01 0.000000000000000000e+00 1.000000000000000000e+00 0.000000000000000000e+00
7.116450071334838867e-01 3.196540474891662598e-01 3.200899362564086914e-01 4.272284507751464844e-01 7.580204606056213379e-01 2.487111091613769531e-02 2.002042531967163086e-02 4.290046095848083496e-01 3.083772659301757812e-01 0.000000000000000000e+00 0.000000000000000000e+00 0.000000000000000000e+00
7.414422631263732910e-01 6.360632181167602539e-01 2.714708447456359863e-01 6.005554795265197754e-01 6.819554567337036133e-01 1.818679571151733398e-01 4.917501211166381836e-01 9.006215929985046387e-01 5.645446181297302246e-01 0.000000000000000000e+00 0.000000000000000000e+00 0.000000000000000000e+00
6.526754498481750488e-01 9.067799448966979980e-01 7.678175568580627441e-01 5.402410030364990234e-01 2.549630403518676758e-01 1.187105178833007812e-01 1.815912723541259766e-01 6.612377166748046875e-01 1.920028328895568848e-01 1.000000000000000000e+00 0.000000000000000000e+00 0.000000000000000000e+00
4.426294863224029541e-01 8.799664974212646484e-01 9.536474347114562988e-01 3.935696482658386230e-01 5.520265102386474609e-01 6.854352355003356934e-01 5.213766098022460938e-01 4.355312585830688477e-01 2.836528420448303223e-01 1.000000000000000000e+00 0.000000000000000000e+00 0.000000000000000000e+00
9.215937256813049316e-01 4.629045724868774414e-02 6.909123063087463379e-01 3.270840644836425781e-02 8.690186142921447754e-01 6.001605391502380371e-01 4.052245020866394043e-01 1.296958923339843750e-01 3.997559547424316406e-01 1.000000000000000000e+00 0.000000000000000000e+00 0.000000000000000000e+00
2.725355625152587891e-01 8.437832593917846680e-01 7.029892802238464355e-01 3.062254190444946289e-01 1.745011210441589355e-01 3.997985124588012695e-01 6.363129615783691406e-02 8.551313877105712891e-01 2.259197235107421875e-01 0.000000000000000000e+00 0.000000000000000000e+00 0.000000000000000000e+00
8.689219355583190918e-01 2.840214967727661133e-01 4.075324535369873047e-01 7.316695451736450195e-01 7.676182985305786133e-01 9.208825230598449707e-01 8.163694739341735840e-01 2.881268262863159180e-01 6.115758419036865234e-02 1.000000000000000000e+00 1.000000000000000000e+00 1.000000000000000000e+00
9.169663190841674805e-01 5.327123403549194336e-02 4.290222525596618652e-01 9.119963645935058594e-02 9.757285118103027344e-01 2.648305892944335938e-01 7.990726828575134277e-01 4.755040407180786133e-01 3.206944465637207031e-01 0.000000000000000000e+00 1.000000000000000000e+00 0.000000000000000000e+00
3.279482126235961914e-01 8.343244791030883789e-01 3.617760539054870605e-01 7.489299774169921875e-02 5.539470314979553223e-01 9.762592315673828125e-01 7.788857221603393555e-01 2.179053425788879395e-01 8.729228377342224121e-01 1.000000000000000000e+00 0.000000000000000000e+00 0.000000000000000000e+00
4.243426620960235596e-01 7.789558172225952148e-01 6.372073888778686523e-01 1.846886873245239258e-01 6.052269339561462402e-01 5.150844454765319824e-01 9.004618525505065918e-01 6.457577347755432129e-01 7.024145126342773438e-02 1.000000000000000000e+00 0.000000000000000000e+00 0.000000000000000000e+00
9.703373312950134277e-01 1.139835715293884277e-01 6.921617388725280762e-01 4.685668349266052246e-01 6.097386479377746582e-01 4.007460474967956543e-01 8.957386016845703125e-03 6.503330469131469727e-01 9.406700134277343750e-01 0.000000000000000000e+00 0.000000000000000000e+00 0.000000000000000000e+00
9.974041581153869629e-01 2.654589414596557617e-01 8.414828777313232422e-01 9.918122887611389160e-01 6.464424729347229004e-01 2.753110527992248535e-01 6.050933003425598145e-01 8.343852162361145020e-01 9.851297736167907715e-01 0.000000000000000000e+00 0.000000000000000000e+00 0.000000000000000000e+00
5.443231463432312012e-01 9.059373736381530762e-01 6.825232505798339844e-01 7.360134124755859375e-01 2.176433205604553223e-01 7.329976558685302734e-02 7.991650104522705078e-01 7.307444214820861816e-01 8.095383644104003906e-02 0.000000000000000000e+00 1.000000000000000000e+00 0.000000000000000000e+00
9.811066389083862305e-01 1.836493611335754395e-01 9.642279148101806641e-01 7.379229068756103516e-01 2.676812410354614258e-01 4.108805656433105469e-01 7.603036761283874512e-01 2.241297960281372070e-01 5.355073809623718262e-01 0.000000000000000000e+00 1.000000000000000000e+00 0.000000000000000000e+00
5.447257757186889648e-01 7.986655235290527344e-01 5.767761468887329102e-01 2.011839747428894043e-01 6.873276829719543457e-01 6.088247895240783691e-01 2.032533288002014160e-01 2.030037045478820801e-01 1.095687150955200195e-01 0.000000000000000000e+00 1.000000000000000000e+00 0.000000000000000000e+00
9.930255413055419922e-01 4.000965952873229980e-01 4.117811918258666992e-01 7.945128083229064941e-01 9.894162416458129883e-01 2.044907212257385254e-01 3.999269604682922363e-01 4.924218654632568359e-01 7.006350159645080566e-01 0.000000000000000000e+00 0.000000000000000000e+00 0.000000000000000000e+00
8.465830683708190918e-01 7.420625090599060059e-01 3.756062984466552734e-01 8.684161305427551270e-01 3.421012759208679199e-01 1.770184040069580078e-01 4.492467045783996582e-01 1.662912964820861816e-01 1.568469405174255371e-01 0.000000000000000000e+00 0.000000000000000000e+00 0.000000000000000000e+00
9.683221578598022461e-01 8.146683573722839355e-01 3.445934057235717773e-01 9.102584719657897949e-01 8.127040266990661621e-01 8.792233467102050781e-01 8.983264565467834473e-01 1.063001155853271484e-01 9.299843311309814453e-01 0.000000000000000000e+00 0.000000000000000000e+00 0.000000000000000000e+00
8.243354558944702148e-01 8.486668467521667480e-01 7.302582263946533203e-03 4.288373589515686035e-01 8.886083960533142090e-01 8.644888997077941895e-01 9.540932178497314453e-01 3.167421221733093262e-01 2.352539300918579102e-01 0.000000000000000000e+00 0.000000000000000000e+00 0.000000000000000000e+00
2.761779129505157471e-01 9.691120386123657227e-01 5.134630203247070312e-01 2.394931912422180176e-01 1.741901636123657227e-01 7.159755825996398926e-01 8.978202939033508301e-01 3.248594403266906738e-01 1.475111842155456543e-01 0.000000000000000000e+00 0.000000000000000000e+00 0.000000000000000000e+00
9.943615198135375977e-01 3.437973260879516602e-01 5.692260265350341797e-01 9.115937352180480957e-01 9.295519590377807617e-01 1.740146279335021973e-01 2.580572962760925293e-01 6.758753061294555664e-01 2.323966622352600098e-01 0.000000000000000000e+00 0.000000000000000000e+00 0.000000000000000000e+00
9.936144351959228516e-01 4.606772065162658691e-01 1.208598613739013672e-01 9.286735653877258301e-01 6.322898268699645996e-01 4.489701986312866211e-02 3.174597024917602539e-01 2.515445351600646973e-01 6.627364158630371094e-01 0.000000000000000000e+00 1.000000000000000000e+00 0.000000000000000000e+00
9.893675446510314941e-01 3.019878268241882324e-01 7.702221274375915527e-01 9.568342566490173340e-01 5.454416275024414062e-01 4.063511490821838379e-01 5.528170466423034668e-01 3.010460138320922852e-01 7.834451794624328613e-01 0.000000000000000000e+00 0.000000000000000000e+00 0.000000000000000000e+00
7.306689023971557617e-01 1.122127771377563477e-01 4.540803432464599609e-01 6.786442399024963379e-01 3.998253345489501953e-01 7.370587587356567383e-01 8.187825679779052734e-01 9.934744834899902344e-01 5.306529998779296875e-01 1.000000000000000000e+00 0.000000000000000000e+00 0.000000000000000000e+00
9.442759752273559570e-01 2.086853981018066406e-01 9.989902377128601074e-01 9.039153456687927246e-01 3.502288460731506348e-01 6.810539364814758301e-01 2.127783298492431641e-01 7.391953468322753906e-01 1.618875861167907715e-01 1.000000000000000000e+00 0.000000000000000000e+00 0.000000000000000000e+00
8.890950083732604980e-01 5.092327594757080078e-01 6.720241904258728027e-01 4.896425008773803711e-01 7.822527289390563965e-01 7.693034410476684570e-02 6.623482704162597656e-02 1.025873422622680664e-02 4.929151535034179688e-01 1.000000000000000000e+00 0.000000000000000000e+00 0.000000000000000000e+00
9.363308548927307129e-01 7.358919978141784668e-01 9.099547266960144043e-01 6.889202594757080078e-01 8.981824517250061035e-01 2.651333212852478027e-01 3.946684002876281738e-01 6.808208823204040527e-01 3.390355706214904785e-01 0.000000000000000000e+00 0.000000000000000000e+00 0.000000000000000000e+00
7.631000876426696777e-01 5.708371400833129883e-01 9.167628884315490723e-01 6.433913111686706543e-01 4.184117317199707031e-01 7.645339965820312500e-01 2.330135703086853027e-01 5.886946320533752441e-01 9.070900082588195801e-01 0.000000000000000000e+00 0.000000000000000000e+00 0.000000000000000000e+00
9.433465003967285156e-01 3.937602043151855469e-01 8.845752477645874023e-02 6.570186614990234375e-01 9.985511898994445801e-01 3.203276395797729492e-01 3.654421567916870117e-01 3.356429934501647949e-01 5.791026353836059570e-02 0.000000000000000000e+00 1.000000000000000000e+00 0.000000000000000000e+00
8.735942244529724121e-01 7.050687670707702637e-01 9.291331768035888672e-01 6.234744787216186523e-01 6.286770105361938477e-01 2.215874791145324707e-01 5.897367000579833984e-02 3.632553219795227051e-01 3.141770362854003906e-01 0.000000000000000000e+00 0.000000000000000000e+00 0.000000000000000000e+00
9.983772039413452148e-01 5.043089389801025391e-02 6.685698628425598145e-01 9.148084521293640137e-01 7.785612940788269043e-01 1.958090066909790039e-01 7.202069759368896484e-01 4.368983507156372070e-01 8.889946341514587402e-01 0.000000000000000000e+00 0.000000000000000000e+00 0.000000000000000000e+00
6.875173449516296387e-01 7.172232866287231445e-01 8.546928167343139648e-01 5.399243235588073730e-01 4.671456217765808105e-01 5.353003144264221191e-01 2.692432999610900879e-01 9.594527482986450195e-01 2.348064780235290527e-01 0.000000000000000000e+00 0.000000000000000000e+00 0.000000000000000000e+00
9.631065726280212402e-01 3.659847974777221680e-01 5.331530570983886719e-01 7.058654427528381348e-01 7.686396837234497070e-01 4.088528156280517578e-01 6.684445142745971680e-01 4.339170455932617188e-01 5.517584681510925293e-01 0.000000000000000000e+00 0.000000000000000000e+00 0.000000000000000000e+00
9.722232818603515625e-01 1.469117403030395508e-01 2.856793999671936035e-01 8.229702115058898926e-01 1.441538929939270020e-01 4.522452950477600098e-01 2.950533628463745117e-01 1.327053904533386230e-01 9.822521805763244629e-01 0.000000000000000000e+00 0.000000000000000000e+00 0.000000000000000000e+00
3.026205599308013916e-01 1.260530352592468262e-01 1.569319963455200195e-01 2.680553197860717773e-01 6.143792867660522461e-01 3.265250325202941895e-01 2.383549809455871582e-01 7.404497265815734863e-01 4.162500500679016113e-01 0.000000000000000000e+00 1.000000000000000000e+00 0.000000000000000000e+00
9.815597534179687500e-01 1.951978802680969238e-01 9.485761523246765137e-01 5.461307764053344727e-01 4.881362915039062500e-01 4.591785073280334473e-01 4.270330071449279785e-01 9.097851514816284180e-01 9.736751317977905273e-01 0.000000000000000000e+00 0.000000000000000000e+00 0.000000000000000000e+00
9.409600496292114258e-01 5.936581492424011230e-01 4.373422861099243164e-01 9.562509655952453613e-01 9.209983944892883301e-01 9.703321456909179688e-01 6.021089553833007812e-01 4.398406744003295898e-01 5.795812606811523438e-01 0.000000000000000000e+00 0.000000000000000000e+00 0.000000000000000000e+00
7.557498812675476074e-01 7.865905165672302246e-01 8.563705086708068848e-01 7.926426529884338379e-01 5.859780907630920410e-01 7.103867530822753906e-01 2.040415406227111816e-01 8.187063336372375488e-01 3.016664385795593262e-01 0.000000000000000000e+00 0.000000000000000000e+00 0.000000000000000000e+00
5.371199846267700195e-01 4.952512979507446289e-01 3.003303408622741699e-01 2.949149608612060547e-01 6.981619596481323242e-01 1.338663101196289062e-01 5.275773406028747559e-01 3.262916803359985352e-01 8.388642072677612305e-01 0.000000000000000000e+00 0.000000000000000000e+00 0.000000000000000000e+00
1.425100266933441162e-01 2.120810151100158691e-01 3.356013894081115723e-01 1.796555519104003906e-02 2.325209975242614746e-01 1.917566657066345215e-01 6.311624646186828613e-01 8.305636048316955566e-01 2.979256510734558105e-01 0.000000000000000000e+00 0.000000000000000000e+00 0.000000000000000000e+00
4.290379881858825684e-01 7.951192855834960938e-01 1.091703176498413086e-01 6.971817612648010254e-01 2.609741687774658203e-02 6.207935810089111328e-01 3.977159261703491211e-01 2.182853221893310547e-02 3.955496549606323242e-01 1.000000000000000000e+00 0.000000000000000000e+00 0.000000000000000000e+00
5.884444713592529297e-01 1.692187190055847168e-01 3.944526314735412598e-01 5.092793703079223633e-02 8.616528511047363281e-01 4.676110148429870605e-01 4.328787922859191895e-01 8.514746427536010742e-01 4.762927889823913574e-01 0.000000000000000000e+00 0.000000000000000000e+00 0.000000000000000000e+00
9.943835735321044922e-01 1.624367237091064453e-01 9.624348878860473633e-01 8.758256435394287109e-01 8.030077219009399414e-01 6.811140775680541992e-01 9.141233563423156738e-01 3.715050220489501953e-01 1.208029389381408691e-01 0.000000000000000000e+00 0.000000000000000000e+00 0.000000000000000000e+00
7.100012302398681641e-01 6.137259602546691895e-01 2.376778721809387207e-01 5.959441661834716797e-01 4.595043659210205078e-01 2.524659037590026855e-01 5.581676363945007324e-01 9.480690956115722656e-02 9.125756025314331055e-01 1.000000000000000000e+00 0.000000000000000000e+00 0.000000000000000000e+00
6.870239973068237305e-01 6.007474660873413086e-01 8.085775971412658691e-01 7.357151508331298828e-01 2.198255062103271484e-02 5.283386111259460449e-01 7.118465304374694824e-01 6.047480106353759766e-01 1.056593060493469238e-01 0.000000000000000000e+00 0.000000000000000000e+00 0.000000000000000000e+00
6.298974752426147461e-01 7.711372375488281250e-01 4.611065387725830078e-01 7.316510677337646484e-01 2.521559596061706543e-01 5.056867599487304688e-01 1.295258998870849609e-01 5.430937409400939941e-01 7.406870722770690918e-01 0.000000000000000000e+00 0.000000000000000000e+00 0.000000000000000000e+00
3.568938374519348145e-01 8.816142678260803223e-01 7.598326206207275391e-01 1.528835296630859375e-01 8.497281670570373535e-01 3.451156616210937500e-01 5.885359644889831543e-01 8.386966586112976074e-01 4.617109298706054688e-01 1.000000000000000000e+00 1.000000000000000000e+00 1.000000000000000000e+00
8.279815912246704102e-01 4.628086686134338379e-01 9.656878113746643066e-01 4.554872512817382812e-01 3.743861317634582520e-01 2.846083045005798340e-01 8.075951933860778809e-01 1.245701909065246582e-01 9.707224369049072266e-02 1.000000000000000000e+00 0.000000000000000000e+00 0.000000000000000000e+00
9.603540301322937012e-01 1.593032479286193848e-01 1.302925348281860352e-01 9.015300273895263672e-01 5.547563433647155762e-01 8.115539550781250000e-01 7.961051464080810547e-01 5.314558148384094238e-01 4.167692661285400391e-01 0.000000000000000000e+00 0.000000000000000000e+00 0.000000000000000000e+00
7.841178774833679199e-01 2.969635725021362305e-01 7.855412960052490234e-01 4.667496681213378906e-01 5.332399606704711914e-01 6.983941793441772461e-01 8.986153602600097656e-01 5.565451979637145996e-01 5.623471140861511230e-01 0.000000000000000000e+00 0.000000000000000000e+00 0.000000000000000000e+00
9.357607960700988770e-01 5.649999976158142090e-01 2.088084816932678223e-01 8.002490997314453125e-01 5.296458601951599121e-01 4.367569684982299805e-01 6.969147920608520508e-01 8.107920885086059570e-01 5.205179452896118164e-01 0.000000000000000000e+00 0.000000000000000000e+00 0.000000000000000000e+00
3.663471341133117676e-01 2.258462905883789062e-01 4.362977743148803711e-01 5.818744301795959473e-01 4.134434461593627930e-02 5.052608251571655273e-01 4.680494070053100586e-01 6.477570533752441406e-02 3.407806158065795898e-01 1.000000000000000000e+00 1.000000000000000000e+00 1.000000000000000000e+00
3.304235935211181641e-01 9.004251360893249512e-01 7.464587092399597168e-01 1.772147417068481445e-02 5.096435546875000000e-01 1.773658990859985352e-01 5.390524864196777344e-02 9.417212605476379395e-01 5.638718605041503906e-02 0.000000000000000000e+00 0.000000000000000000e+00 0.000000000000000000e+00
9.727331995964050293e-01 6.177625656127929688e-01 6.249255537986755371e-01 8.009843230247497559e-01 8.096386790275573730e-01 1.485568284988403320e-02 3.075532317161560059e-01 2.233615517616271973e-01 8.571645021438598633e-01 0.000000000000000000e+00 0.000000000000000000e+00 0.000000000000000000e+00
9.561639428138732910e-01 1.616055965423583984e-01 7.585402727127075195e-01 1.083601117134094238e-01 5.587361454963684082e-01 1.461347341537475586e-01 1.787838935852050781e-01 3.266954421997070312e-01 7.808416485786437988e-01 0.000000000000000000e+00 1.000000000000000000e+00 0.000000000000000000e+00
9.000499844551086426e-01 6.381488442420959473e-01 8.973211050033569336e-01 9.309762120246887207e-01 6.968983411788940430e-01 5.351002216339111328e-01 8.204385638236999512e-01 8.061895370483398438e-01 8.764505386352539062e-02 0.000000000000000000e+00 1.000000000000000000e+00 0.000000000000000000e+00
8.357642590999603271e-02 9.712007641792297363e-01 7.938283085823059082e-01 2.439179420471191406e-01 1.815205812454223633e-02 6.661693453788757324e-01 5.284389853477478027e-01 2.485600709915161133e-01 1.437822580337524414e-01 1.000000000000000000e+00 1.000000000000000000e+00 1.000000000000000000e+00
8.369221687316894531e-01 5.487422347068786621e-01 8.660858869552612305e-01 3.178380131721496582e-01 6.780133843421936035e-01 7.153323888778686523e-01 1.743957400321960449e-01 9.979371428489685059e-01 9.378024339675903320e-01 0.000000000000000000e+00 0.000000000000000000e+00 0.000000000000000000e+00
6.901950240135192871e-01 8.024902343750000000e-01 2.968372702598571777e-01 6.343191266059875488e-01 8.143019080162048340e-01 8.905892372131347656e-01 7.820159196853637695e-02 1.465206742286682129e-01 5.290780067443847656e-01 0.000000000000000000e+00 0.000000000000000000e+00 0.000000000000000000e+00
6.977754831314086914e-01 9.311653971672058105e-01 8.262187838554382324e-01 2.020725011825561523e-01 5.761924386024475098e-01 2.798895835876464844e-01 6.536293029785156250e-02 7.642756104469299316e-01 9.900921583175659180e-01 0.000000000000000000e+00 0.000000000000000000e+00 0.000000000000000000e+00
4.157505929470062256e-01 4.625518918037414551e-01 4.811841249465942383e-01 4.299893379211425781e-01 8.114107251167297363e-01 8.399834036827087402e-01 4.233163595199584961e-02 2.562006115913391113e-01 1.640230417251586914e-01 1.000000000000000000e+00 1.000000000000000000e+00 1.000000000000000000e+00
9.800091981887817383e-01 7.543957233428955078e-02 7.357743382453918457e-01 7.146374583244323730e-01 3.220405578613281250e-01 3.466876745223999023e-01 8.709110021591186523e-01 2.590284347534179688e-01 9.447071552276611328e-01 0.000000000000000000e+00 0.000000000000000000e+00 0.000000000000000000e+00
8.641321659088134766e-01 7.969940304756164551e-01 5.807183980941772461e-01 6.382565498352050781e-01 8.162606954574584961e-01 8.725899457931518555e-01 4.307608008384704590e-01 7.306218147277832031e-03 2.838498353958129883e-02 0.000000000000000000e+00 0.000000000000000000e+00 0.000000000000000000e+00
4.032905101776123047e-01 6.648582220077514648e-01 5.429941415786743164e-02 6.891602277755737305e-02 6.127544045448303223e-01 7.467956542968750000e-01 7.952361106872558594e-01 4.291310310363769531e-01 4.696480631828308105e-01 1.000000000000000000e+00 1.000000000000000000e+00 1.000000000000000000e+00
1.950479596853256226e-01 9.129157066345214844e-01 6.801486015319824219e-03 1.791232228279113770e-01 3.670890331268310547e-01 7.150966525077819824e-01 7.611264586448669434e-01 7.273959517478942871e-01 4.812221527099609375e-01 0.000000000000000000e+00 1.000000000000000000e+00 0.000000000000000000e+00
8.414012193679809570e-01 3.708999156951904297e-01 9.062336087226867676e-01 5.054733753204345703e-01 3.497627973556518555e-01 7.681517004966735840e-01 3.188941478729248047e-01 4.783325195312500000e-01 2.753356099128723145e-01 1.000000000000000000e+00 0.000000000000000000e+00 0.000000000000000000e+00
3.682680726051330566e-01 9.806205630302429199e-01 2.172604799270629883e-01 2.955708503723144531e-01 5.282187461853027344e-01 6.182765960693359375e-01 4.784696102142333984e-01 7.022581100463867188e-01 7.795103788375854492e-01 1.000000000000000000e+00 0.000000000000000000e+00 0.000000000000000000e+00
9.058500528335571289e-01 4.579066038131713867e-01 6.362239718437194824e-01 8.088763952255249023e-01 2.906117439270019531e-01 7.343180775642395020e-01 2.754175662994384766e-02 1.524243950843811035e-01 2.127891182899475098e-01 1.000000000000000000e+00 1.000000000000000000e+00 1.000000000000000000e+00
9.549473226070404053e-02 2.014001607894897461e-01 4.527288675308227539e-02 1.833406090736389160e-01 2.905659675598144531e-01 7.916980981826782227e-02 2.491196393966674805e-01 7.441693544387817383e-02 3.581792116165161133e-02 0.000000000000000000e+00 1.000000000000000000e+00 0.000000000000000000e+00
2.664594650268554688e-01 9.148190021514892578e-01 9.531942605972290039e-01 2.094650268554687500e-02 5.007521510124206543e-01 7.789468169212341309e-01 7.025707364082336426e-01 6.488342285156250000e-01 1.206178665161132812e-01 0.000000000000000000e+00 0.000000000000000000e+00 0.000000000000000000e+00
7.440010905265808105e-01 9.017217159271240234e-02 7.571257948875427246e-01 3.782299160957336426e-01 1.029271483421325684e-01 2.089401483535766602e-01 7.654216289520263672e-01 2.332823872566223145e-01 3.335413932800292969e-01 1.000000000000000000e+00 0.000000000000000000e+00 0.000000000000000000e+00
5.360564589500427246e-01 7.060781717300415039e-01 7.417228817939758301e-01 6.214978098869323730e-01 8.101133704185485840e-01 9.912341237068176270e-01 1.520125865936279297e-01 9.342311024665832520e-01 5.015568137168884277e-01 1.000000000000000000e+00 0.000000000000000000e+00 0.000000000000000000e+00
7.105453610420227051e-01 8.708238601684570312e-05 2.439363598823547363e-01 5.491087436676025391e-01 3.935641050338745117e-01 6.500177383422851562e-01 8.479607105255126953e-01 3.743298649787902832e-01 3.362992405891418457e-01 1.000000000000000000e+00 0.000000000000000000e+00 0.000000000000000000e+00
8.098399639129638672e-01 6.766919493675231934e-01 9.006124734878540039e-02 8.522504568099975586e-01 7.136965394020080566e-01 9.708904623985290527e-01 9.632325172424316406e-02 1.844721436500549316e-01 3.309757113456726074e-01 1.000000000000000000e+00 0.000000000000000000e+00 0.000000000000000000e+00
8.048038482666015625e-01 1.484079360961914062e-01 5.026780962944030762e-01 7.885777950286865234e-01 5.059484839439392090e-01 8.404725193977355957e-01 6.151124238967895508e-01 5.937002301216125488e-01 8.562099933624267578e-02 0.000000000000000000e+00 0.000000000000000000e+00 0.000000000000000000e+00
9.868881106376647949e-01 1.914561986923217773e-01 8.808626532554626465e-01 9.256193041801452637e-01 7.773395180702209473e-01 4.862522482872009277e-01 6.519281268119812012e-01 7.551383376121520996e-01 4.874283075332641602e-02 0.000000000000000000e+00 1.000000000000000000e+00 0.000000000000000000e+00
7.478659749031066895e-01 8.388085365295410156e-01 5.094433426856994629e-01 4.431821703910827637e-01 8.382434248924255371e-01 2.754555940628051758e-01 5.971040725708007812e-01 2.075850963592529297e-03 4.295572042465209961e-01 1.000000000000000000e+00 0.000000000000000000e+00 0.000000000000000000e+00
5.319174528121948242e-01 8.497942090034484863e-01 7.885754704475402832e-01 1.828019618988037109e-01 6.964135169982910156e-01 9.594015479087829590e-01 8.628033995628356934e-01 3.341261744499206543e-01 5.433395504951477051e-01 1.000000000000000000e+00 0.000000000000000000e+00 0.000000000000000000e+00
9.804788231849670410e-01 3.921216130256652832e-01 6.171910166740417480e-01 8.989070057868957520e-01 6.052115559577941895e-01 3.183134794235229492e-01 9.789112806320190430e-01 6.393225789070129395e-01 5.701841115951538086e-01 0.000000000000000000e+00 0.000000000000000000e+00 0.000000000000000000e+00
7.778065800666809082e-01 5.932295918464660645e-01 8.899736404418945312e-01 5.035718083381652832e-01 7.038010954856872559e-01 9.076166152954101562e-01 6.747928857803344727e-01 1.405018568038940430e-01 9.595697522163391113e-01 1.000000000000000000e+00 0.000000000000000000e+00 0.000000000000000000e+00
9.475065469741821289e-01 6.928811669349670410e-01 8.164563179016113281e-01 9.083611369132995605e-01 5.744200348854064941e-01 2.537568211555480957e-01 6.785505414009094238e-01 6.350481510162353516e-01 6.722798347473144531e-01 1.000000000000000000e+00 0.000000000000000000e+00 0.000000000000000000e+00
6.578746438026428223e-01 7.493447065353393555e-01 6.731040477752685547e-01 1.898359060287475586e-01 7.865743041038513184e-01 2.977582812309265137e-01 6.039177775382995605e-01 3.480093479156494141e-01 4.269912838935852051e-01 1.000000000000000000e+00 0.000000000000000000e+00 0.000000000000000000e+00
9.876634478569030762e-01 6.062430143356323242e-02 7.950053215026855469e-01 8.508591651916503906e-01 5.611068606376647949e-01 4.285715818405151367e-01 5.952171683311462402e-01 1.435120105743408203e-01 2.504683732986450195e-01 0.000000000000000000e+00 0.000000000000000000e+00 0.000000000000000000e+00
4.964924752712249756e-01 2.896783351898193359e-01 3.334498405456542969e-02 4.951788783073425293e-01 9.628725051879882812e-02 3.607442975044250488e-01 1.068795919418334961e-01 2.554494142532348633e-01 6.312434077262878418e-01 0.000000000000000000e+00 0.000000000000000000e+00 0.000000000000000000e+00
2.308755218982696533e-01 3.608271479606628418e-01 7.885646820068359375e-02 4.135295748710632324e-01 5.423918962478637695e-01 5.732775926589965820e-01 9.764039516448974609e-01 2.823631763458251953e-01 4.598519802093505859e-01 0.000000000000000000e+00 0.000000000000000000e+00 0.000000000000000000e+00
5.925177335739135742e-01 5.232847332954406738e-01 7.012922763824462891e-01 1.819459199905395508e-01 3.797073364257812500e-01 1.492442488670349121e-01 8.234449625015258789e-01 8.404932618141174316e-01 6.766400337219238281e-01 1.000000000000000000e+00 0.000000000000000000e+00 0.000000000000000000e+00
8.927612900733947754e-01 3.211604356765747070e-01 2.620254158973693848e-01 9.072742462158203125e-01 1.845260858535766602e-01 8.709858655929565430e-01 7.758985757827758789e-01 7.104133963584899902e-01 5.327017903327941895e-01 0.000000000000000000e+00 1.000000000000000000e+00 0.000000000000000000e+00
6.513589024543762207e-01 7.486689686775207520e-01 4.280836582183837891e-01 3.147368431091308594e-01 6.353159546852111816e-01 6.348740458488464355e-01 2.598008513450622559e-01 9.343932867050170898e-01 9.695852398872375488e-01 1.000000000000000000e+00 0.000000000000000000e+00 0.000000000000000000e+00
7.345302700996398926e-01 2.046179175376892090e-01 5.594394803047180176e-01 2.134970426559448242e-01 5.051621198654174805e-01 1.365119218826293945e-02 3.249418735504150391e-02 2.799601554870605469e-01 2.665604352951049805e-01 0.000000000000000000e+00 1.000000000000000000e+00 0.000000000000000000e+00
5.854061841964721680e-01 9.671983718872070312e-01 6.736202836036682129e-01 7.259029746055603027e-01 1.377696394920349121e-01 6.354831457138061523e-01 2.581201791763305664e-01 2.681014537811279297e-01 9.378983378410339355e-01 0.000000000000000000e+00 0.000000000000000000e+00 0.000000000000000000e+00
8.578658103942871094e-01 7.771537303924560547e-01 2.786183357238769531e-02 6.638168096542358398e-01 4.685367345809936523e-01 1.774741411209106445e-01 5.583400726318359375e-01 9.090778827667236328e-01 8.545959591865539551e-01 0.000000000000000000e+00 0.000000000000000000e+00 0.000000000000000000e+00
2.462359219789505005e-01 4.000146389007568359e-01 1.931273341178894043e-01 8.580869436264038086e-02 4.388507604598999023e-01 4.331964254379272461e-02 4.484614133834838867e-01 4.725790619850158691e-01 8.395634293556213379e-01 1.000000000000000000e+00 0.000000000000000000e+00 0.000000000000000000e+00
1.047801449894905090e-01 1.274998784065246582e-01 9.631592035293579102e-02 2.891778945922851562e-01 1.625232696533203125e-01 5.286989212036132812e-01 4.780313372611999512e-01 6.076211929321289062e-01 2.606907486915588379e-01 1.000000000000000000e+00 0.000000000000000000e+00 0.000000000000000000e+00
3.150710165500640869e-01 4.889369010925292969e-01 2.876155972480773926e-01 5.554860830307006836e-01 1.681427359580993652e-01 4.301735162734985352e-01 5.065481662750244141e-01 2.168834209442138672e-03 8.709229826927185059e-01 1.000000000000000000e+00 1.000000000000000000e+00 1.000000000000000000e+00
3.272065520286560059e-01 3.714023232460021973e-01 6.052077412605285645e-01 3.053162693977355957e-01 5.023664236068725586e-02 5.708416104316711426e-01 2.182883620262145996e-01 6.609386801719665527e-01 2.774381041526794434e-01 0.000000000000000000e+00 1.000000000000000000e+00 0.000000000000000000e+00
5.230389237403869629e-01 7.479653358459472656e-01 3.645929098129272461e-01 6.527445912361145020e-01 7.611835002899169922e-02 9.234184026718139648e-02 1.585574150085449219e-01 8.693839311599731445e-01 5.022838711738586426e-01 1.000000000000000000e+00 0.000000000000000000e+00 0.000000000000000000e+00
9.843167066574096680e-01 1.146794557571411133e-01 8.436032533645629883e-01 5.104562044143676758e-01 4.381853938102722168e-01 3.418129682540893555e-02 4.671922326087951660e-01 6.203789114952087402e-01 9.955002069473266602e-01 1.000000000000000000e+00 0.000000000000000000e+00 0.000000000000000000e+00
9.228959083557128906e-01 4.384990334510803223e-01 8.747836351394653320e-01 4.376342892646789551e-01 2.293106317520141602e-01 1.585012674331665039e-01 3.412703871726989746e-01 5.972879528999328613e-01 2.690017223358154297e-01 0.000000000000000000e+00 0.000000000000000000e+00 0.000000000000000000e+00
8.322630524635314941e-01 4.054903984069824219e-01 9.853844642639160156e-01 1.036549210548400879e-01 4.659896492958068848e-01 4.283072948455810547e-01 3.423830270767211914e-01 1.638196706771850586e-01 7.080247402191162109e-01 0.000000000000000000e+00 1.000000000000000000e+00 0.000000000000000000e+00
9.037255048751831055e-01 9.306151270866394043e-01 1.872578263282775879e-01 5.351042151451110840e-01 9.286818504333496094e-01 4.105196595191955566e-01 6.993350982666015625e-01 8.093911409378051758e-02 9.971169829368591309e-01 0.000000000000000000e+00 0.000000000000000000e+00 0.000000000000000000e+00
7.057698369026184082e-01 5.288833379745483398e-02 1.262027025222778320e-01 4.062378406524658203e-01 7.778732180595397949e-01 4.687073230743408203e-01 7.782596945762634277e-01 7.558779716491699219e-01 4.455700516700744629e-01 1.000000000000000000e+00 0.000000000000000000e+00 0.000000000000000000e+00
9.664993286132812500e-01 6.196343898773193359e-02 6.922420263290405273e-01 1.971156001091003418e-01 9.875018596649169922e-01 4.095879793167114258e-01 1.342779397964477539e-01 9.216684699058532715e-01 9.195588231086730957e-01 0.000000000000000000e+00 0.000000000000000000e+00 0.000000000000000000e+00
1.307249665260314941e-01 2.218524813652038574e-01 3.914638757705688477e-01 7.075893878936767578e-02 4.846543073654174805e-01 5.253713130950927734e-01 2.734065055847167969e-01 1.109385490417480469e-02 1.269994974136352539e-01 1.000000000000000000e+00 0.000000000000000000e+00 0.000000000000000000e+00
6.972042918205261230e-01 5.829407572746276855e-01 6.755387783050537109e-02 5.978330969810485840e-01 7.591654062271118164e-01 7.689655423164367676e-01 8.211767673492431641e-02 7.040761709213256836e-01 9.394309520721435547e-01 0.000000000000000000e+00 0.000000000000000000e+00 0.000000000000000000e+00
5.024719834327697754e-01 5.939324498176574707e-01 6.353190541267395020e-01 4.637026786804199219e-02 7.805288434028625488e-01 8.870990872383117676e-01 8.764231204986572266e-02 9.285849332809448242e-02 3.617618680000305176e-01 0.000000000000000000e+00 0.000000000000000000e+00 0.000000000000000000e+00
7.462540864944458008e-01 4.814812541007995605e-01 7.152080535888671875e-03 6.375644207000732422e-01 2.770577073097229004e-01 1.848309040069580078e-01 1.985782980918884277e-01 6.324472427368164062e-01 8.595095276832580566e-01 1.000000000000000000e+00 0.000000000000000000e+00 0.000000000000000000e+00
9.692479968070983887e-01 7.022380828857421875e-03 7.691262960433959961e-01 9.047844409942626953e-01 2.285230159759521484e-01 6.684322953224182129e-01 5.101789832115173340e-01 2.439266443252563477e-02 8.406094908714294434e-01 1.000000000000000000e+00 0.000000000000000000e+00 0.000000000000000000e+00
2.033052034676074982e-02 3.968781232833862305e-02 6.435543298721313477e-02 5.498003959655761719e-02 1.260896325111389160e-01 7.081923484802246094e-01 8.733183145523071289e-02 6.152791976928710938e-01 6.382424831390380859e-01 0.000000000000000000e+00 1.000000000000000000e+00 0.000000000000000000e+00
5.206640958786010742e-01 6.237718462944030762e-01 8.168582916259765625e-01 3.416233658790588379e-01 5.003476142883300781e-01 8.152275085449218750e-01 5.002673268318176270e-01 4.551760554313659668e-01 5.716896057128906250e-01 1.000000000000000000e+00 0.000000000000000000e+00 0.000000000000000000e+00
6.582148075103759766e-01 4.696958661079406738e-01 3.996069431304931641e-01 5.453990697860717773e-01 6.569644808769226074e-01 2.719434499740600586e-01 3.880662918090820312e-01 3.096514940261840820e-02 1.203275918960571289e-01 0.000000000000000000e+00 0.000000000000000000e+00 0.000000000000000000e+00
3.482336997985839844e-01 4.725369215011596680e-01 7.531155347824096680e-01 3.783232569694519043e-01 9.580469131469726562e-02 2.555664181709289551e-01 3.886396884918212891e-01 2.987160086631774902e-01 9.846383333206176758e-02 0.000000000000000000e+00 0.000000000000000000e+00 0.000000000000000000e+00
8.522921800613403320e-01 8.866655230522155762e-01 3.867549896240234375e-01 8.293859958648681641e-01 8.513498306274414062e-01 5.831959247589111328e-01 4.742978811264038086e-01 3.486770391464233398e-02 7.939814329147338867e-01 1.000000000000000000e+00 0.000000000000000000e+00 0.000000000000000000e+00
2.229887843132019043e-01 6.394345164299011230e-01 2.033287286758422852e-02 9.582114219665527344e-02 1.457673907279968262e-01 3.557181954383850098e-01 8.510113954544067383e-01 5.598306655883789062e-03 1.776039600372314453e-03 0.000000000000000000e+00 0.000000000000000000e+00 0.000000000000000000e+00
8.068215847015380859e-01 6.462480425834655762e-01 8.381744027137756348e-01 6.427478790283203125e-01 3.287007212638854980e-01 3.120178580284118652e-01 7.376593947410583496e-01 4.894805550575256348e-01 8.566604256629943848e-01 0.000000000000000000e+00 0.000000000000000000e+00 0.000000000000000000e+00
2.883206903934478760e-01 7.294838428497314453e-01 4.233661293983459473e-01 6.984767317771911621e-01 1.269640922546386719e-01 6.434308290481567383e-01 9.761795997619628906e-01 2.808310985565185547e-01 5.179089307785034180e-02 0.000000000000000000e+00 0.000000000000000000e+00 0.000000000000000000e+00
9.039220213890075684e-01 5.881120562553405762e-01 2.706776857376098633e-01 9.736470580101013184e-01 7.756567001342773438e-02 8.456724286079406738e-01 8.220484256744384766e-01 4.571171998977661133e-01 8.102872371673583984e-01 0.000000000000000000e+00 0.000000000000000000e+00 0.000000000000000000e+00
6.635166406631469727e-01 4.710996150970458984e-01 9.897131919860839844e-01 8.544743061065673828e-02 1.317866444587707520e-01 4.041901826858520508e-01 7.591704130172729492e-01 2.458620071411132812e-02 3.749947547912597656e-01 0.000000000000000000e+00 1.000000000000000000e+00 0.000000000000000000e+00
9.311472773551940918e-01 6.383265256881713867e-01 1.964859366416931152e-01 8.492624759674072266e-01 7.358790636062622070e-01 4.236027002334594727e-01 2.942997217178344727e-02 9.211348891258239746e-01 7.348814606666564941e-01 0.000000000000000000e+00 0.000000000000000000e+00 0.000000000000000000e+00
9.673321843147277832e-01 6.560856103897094727e-02 2.149811983108520508e-01 7.854582667350769043e-01 1.348935961723327637e-01 2.305084466934204102e-02 6.916767954826354980e-01 7.481151819229125977e-01 7.317094802856445312e-01 0.000000000000000000e+00 0.000000000000000000e+00 0.000000000000000000e+00
7.069794535636901855e-01 8.753680586814880371e-01 4.161813855171203613e-01 3.555241227149963379e-01 9.144688844680786133e-01 6.586335301399230957e-01 8.671988248825073242e-01 4.009578227996826172e-01 5.497984290122985840e-01 0.000000000000000000e+00 0.000000000000000000e+00 0.000000000000000000e+00
3.800132870674133301e-01 6.205899715423583984e-01 2.408412694931030273e-01 2.680563330650329590e-01 4.868438243865966797e-01 9.733061790466308594e-01 9.466992616653442383e-01 5.478520989418029785e-01 6.261262297630310059e-01 1.000000000000000000e+00 0.000000000000000000e+00 0.000000000000000000e+00
9.704474806785583496e-01 4.363353848457336426e-01 2.202216982841491699e-01 8.905662894248962402e-01 5.055131912231445312e-01 1.253328323364257812e-01 8.770289421081542969e-01 5.922188162803649902e-01 1.745603680610656738e-01 0.000000000000000000e+00 1.000000000000000000e+00 0.000000000000000000e+00
9.411663413047790527e-01 8.907116055488586426e-01 7.667139768600463867e-01 6.567640900611877441e-01 9.550039768218994141e-01 3.704959154129028320e-02 9.417157173156738281e-01 9.263485670089721680e-02 7.126565575599670410e-01 0.000000000000000000e+00 0.000000000000000000e+00 0.000000000000000000e+00
9.682264924049377441e-01 1.973590850830078125e-01 3.227830529212951660e-01 8.681206703186035156e-01 1.739054322242736816e-01 4.675514101982116699e-01 3.278578519821166992e-01 6.525710225105285645e-01 6.736351847648620605e-01 1.000000000000000000e+00 0.000000000000000000e+00 0.000000000000000000e+00
9.733490347862243652e-01 2.484544515609741211e-01 5.706858634948730469e-01 8.051787614822387695e-01 3.569962382316589355e-01 3.651672005653381348e-01 1.790283322334289551e-01 3.296884298324584961e-01 1.880590915679931641e-01 0.000000000000000000e+00 1.000000000000000000e+00 0.000000000000000000e+00
3.772462606430053711e-01 6.085235476493835449e-01 3.309419751167297363e-01 1.144766211509704590e-01 7.283166646957397461e-01 8.708145618438720703e-01 4.269669055938720703e-01 4.440712928771972656e-01 2.769713997840881348e-01 1.000000000000000000e+00 1.000000000000000000e+00 1.000000000000000000e+00
8.725346922874450684e-01 1.024659872055053711e-01 5.205303430557250977e-01 7.357822060585021973e-01 2.735370397567749023e-01 4.813643097877502441e-01 9.901465773582458496e-01 3.108048439025878906e-02 7.190239429473876953e-02 0.000000000000000000e+00 0.000000000000000000e+00 0.000000000000000000e+00
6.290004253387451172e-01 5.552155971527099609e-01 8.428190350532531738e-01 1.550130844116210938e-01 3.457264304161071777e-01 5.496820807456970215e-01 8.388585448265075684e-01 4.450343251228332520e-01 8.932716250419616699e-01 1.000000000000000000e+00 0.000000000000000000e+00 0.000000000000000000e+00
9.154370427131652832e-01 8.486909270286560059e-01 6.248220205307006836e-01 9.680791497230529785e-01 8.466231226921081543e-01 6.156912446022033691e-01 7.702448964118957520e-01 1.717063784599304199e-01 7.173228263854980469e-02 0.000000000000000000e+00 0.000000000000000000e+00 0.000000000000000000e+00
7.808340787887573242e-01 2.291306257247924805e-01 5.029122233390808105e-01 3.439509868621826172e-02 9.292385578155517578e-01 3.324221372604370117e-01 4.986101388931274414e-02 3.766266107559204102e-01 1.115810871124267578e-02 1.000000000000000000e+00 0.000000000000000000e+00 0.000000000000000000e+00
9.689722657203674316e-01 7.350357770919799805e-01 8.069871068000793457e-01 9.440438747406005859e-01 8.652971982955932617e-01 2.482091188430786133e-01 2.084979414939880371e-01 3.439207077026367188e-01 9.638690948486328125e-01 0.000000000000000000e+00 0.000000000000000000e+00 0.000000000000000000e+00
9.651685357093811035e-01 2.786017060279846191e-01 9.195953607559204102e-01 5.420047044754028320e-01 2.140485048294067383e-01 2.701770663261413574e-01 2.342463731765747070e-01 7.309881448745727539e-01 3.723412156105041504e-01 1.000000000000000000e+00 0.000000000000000000e+00 0.000000000000000000e+00
4.314417243003845215e-01 5.796201229095458984e-01 6.184641122817993164e-01 4.996058940887451172e-01 4.533200860023498535e-01 8.780820369720458984e-01 5.115084052085876465e-01 2.683134078979492188e-01 5.869047045707702637e-01 0.000000000000000000e+00 0.000000000000000000e+00 0.000000000000000000e+00
4.780498147010803223e-01 7.365955114364624023e-01 8.246923685073852539e-01 2.481538653373718262e-01 2.397430539131164551e-01 3.552546501159667969e-01 4.132195115089416504e-01 6.345303654670715332e-01 9.598462581634521484e-01 0.000000000000000000e+00 0.000000000000000000e+00 0.000000000000000000e+00
9.332457184791564941e-01 2.013356685638427734e-01 7.962659597396850586e-01 6.737724542617797852e-01 2.843713164329528809e-01 1.828392148017883301e-01 8.677213191986083984e-01 4.918066263198852539e-01 5.120176076889038086e-02 0.000000000000000000e+00 0.000000000000000000e+00 0.000000000000000000e+00
9.639052152633666992e-01 1.541942358016967773e-02 8.412277698516845703e-01 6.273102760314941406e-02 9.139542579650878906e-01 4.010909795761108398e-02 1.717245578765869141e-02 9.581963419914245605e-01 9.345520734786987305e-01 0.000000000000000000e+00 0.000000000000000000e+00 0.000000000000000000e+00
9.715069532394409180e-01 1.066341996192932129e-01 3.726097941398620605e-01 8.172977566719055176e-01 7.581524252891540527e-01 5.831033587455749512e-01 5.854288339614868164e-01 7.750722169876098633e-01 5.722285509109497070e-01 0.000000000000000000e+00 0.000000000000000000e+00 0.000000000000000000e+00
6.518215537071228027e-01 6.154375076293945312e-01 6.021264791488647461e-01 2.028207182884216309e-01 6.900972723960876465e-01 2.635508775711059570e-02 8.401269316673278809e-01 7.104079127311706543e-01 7.071566581726074219e-02 0.000000000000000000e+00 0.000000000000000000e+00 0.000000000000000000e+00
9.385208487510681152e-01 9.547715187072753906e-01 6.773500442504882812e-01 9.287048578262329102e-01 6.470670700073242188e-01 5.541819334030151367e-02 1.760792732238769531e-02 6.719880700111389160e-01 1.629814505577087402e-01 1.000000000000000000e+00 0.000000000000000000e+00 0.000000000000000000e+00
9.700282216072082520e-01 5.170595645904541016e-01 5.330899953842163086e-01 7.773750424385070801e-01 4.610716700553894043e-01 2.917027473449707031e-02 5.473911762237548828e-02 3.681626319885253906e-01 6.060241460800170898e-01 0.000000000000000000e+00 1.000000000000000000e+00 0.000000000000000000e+00
9.979342222213745117e-01 2.099319696426391602e-01 3.848276138305664062e-01 8.379656672477722168e-01 6.990769505500793457e-01 1.445666551589965820e-01 8.188749551773071289e-01 1.588739752769470215e-01 9.734706878662109375e-01 0.000000000000000000e+00 0.000000000000000000e+00 0.000000000000000000e+00
2.474999278783798218e-01 9.864851236343383789e-01 6.287426948547363281e-01 1.585739850997924805e-01 2.483240365982055664e-01 7.375012636184692383e-01 1.725188493728637695e-01 4.146097302436828613e-01 6.110711693763732910e-01 0.000000000000000000e+00 0.000000000000000000e+00 0.000000000000000000e+00
8.604632616043090820e-01 9.223055839538574219e-02 6.030701398849487305e-01 9.989404678344726562e-02 5.541507601737976074e-01 1.116141676902770996e-01 2.083466053009033203e-01 1.864500641822814941e-01 1.044670939445495605e-01 0.000000000000000000e+00 1.000000000000000000e+00 0.000000000000000000e+00
7.945954799652099609e-01 4.454178810119628906e-01 8.466455340385437012e-01 3.811569213867187500e-01 4.321653842926025391e-01 1.347048282623291016e-01 6.968186497688293457e-01 8.373308181762695312e-01 1.838803291320800781e-01 0.000000000000000000e+00 0.000000000000000000e+00 0.000000000000000000e+00
8.410618305206298828e-01 7.699774503707885742e-01 6.180408000946044922e-01 7.116411924362182617e-01 7.041187882423400879e-01 8.873552680015563965e-01 3.170339465141296387e-01 4.225791096687316895e-01 8.935971260070800781e-01 0.000000000000000000e+00 0.000000000000000000e+00 0.000000000000000000e+00
4.692377448081970215e-01 8.004344701766967773e-01 9.292540550231933594e-01 5.140255093574523926e-01 1.602971553802490234e-01 6.954374313354492188e-01 5.353581905364990234e-01 6.408494114875793457e-01 4.619639515876770020e-01 1.000000000000000000e+00 0.000000000000000000e+00 0.000000000000000000e+00
5.614751577377319336e-01 4.671981930732727051e-01 8.536692261695861816e-01 4.859224557876586914e-01 6.450992822647094727e-02 5.897216200828552246e-01 9.329888224601745605e-01 2.565876245498657227e-01 6.470034718513488770e-01 0.000000000000000000e+00 0.000000000000000000e+00 0.000000000000000000e+00
9.355709552764892578e-01 4.014192819595336914e-01 4.535371065139770508e-02 9.288100004196166992e-01 1.332839131355285645e-01 5.726242065429687500e-01 2.644903659820556641e-01 1.579397916793823242e-02 5.601668357849121094e-01 0.000000000000000000e+00 0.000000000000000000e+00 0.000000000000000000e+00
9.293050169944763184e-01 4.181994199752807617e-01 9.139123558998107910e-01 8.581675887107849121e-01 4.691858291625976562e-01 6.948316693305969238e-01 1.351192593574523926e-01 5.190498828887939453e-01 4.108843803405761719e-01 0.000000000000000000e+00 0.000000000000000000e+00 0.000000000000000000e+00
9.606714248657226562e-01 6.108214259147644043e-01 7.489480376243591309e-01 7.683847546577453613e-01 8.845587372779846191e-01 8.711391687393188477e-02 5.318943858146667480e-01 6.868036985397338867e-01 8.833358287811279297e-01 0.000000000000000000e+00 0.000000000000000000e+00 0.000000000000000000e+00
2.043323069810867310e-01 6.656803488731384277e-01 3.638762235641479492e-02 2.687966823577880859e-02 3.413879275321960449e-01 2.027400135993957520e-01 3.297621607780456543e-01 9.456295371055603027e-01 5.760075449943542480e-01 0.000000000000000000e+00 0.000000000000000000e+00 0.000000000000000000e+00
8.462920784950256348e-01 5.211709737777709961e-01 9.163446426391601562e-01 2.477470636367797852e-01 6.609666347503662109e-01 6.197770237922668457e-01 9.708641767501831055e-01 8.484397530555725098e-01 7.362567186355590820e-01 0.000000000000000000e+00 0.000000000000000000e+00 0.000000000000000000e+00
2.690337300300598145e-01 8.699885010719299316e-01 9.050354957580566406e-01 3.343127965927124023e-01 8.755522966384887695e-02 8.879472017288208008e-01 5.183030366897583008e-01 2.532400488853454590e-01 4.821908473968505859e-02 0.000000000000000000e+00 0.000000000000000000e+00 0.000000000000000000e+00
9.691876769065856934e-01 2.597386837005615234e-01 8.813416361808776855e-01 8.506085276603698730e-01 3.714501857757568359e-02 1.503427028656005859e-01 4.472520351409912109e-01 8.853733539581298828e-01 8.506654500961303711e-01 0.000000000000000000e+00 0.000000000000000000e+00 0.000000000000000000e+00
3.118031620979309082e-01 7.249115109443664551e-01 8.968108892440795898e-01 6.640076637268066406e-03 5.130066871643066406e-01 7.902771234512329102e-01 9.956359267234802246e-01 6.624425053596496582e-01 8.080228567123413086e-01 1.000000000000000000e+00 0.000000000000000000e+00 0.000000000000000000e+00
9.873134493827819824e-01 5.677545070648193359e-02 8.611908555030822754e-01 4.909834265708923340e-01 5.470402240753173828e-01 1.312375068664550781e-01 2.130374312400817871e-01 9.843164086341857910e-01 4.783714413642883301e-01 0.000000000000000000e+00 0.000000000000000000e+00 0.000000000000000000e+00
4.131948053836822510e-01 9.579482674598693848e-01 2.831183075904846191e-01 5.607947707176208496e-01 4.638476371765136719e-01 9.759807586669921875e-01 7.581154108047485352e-01 1.576672792434692383e-01 9.500938653945922852e-02 1.000000000000000000e+00 0.000000000000000000e+00 0.000000000000000000e+00
5.566049218177795410e-01 6.333222985267639160e-01 1.750791072845458984e-01 6.878489851951599121e-01 1.040306687355041504e-01 3.709990382194519043e-01 4.652562141418457031e-01 1.309975385665893555e-01 2.861139178276062012e-01 1.000000000000000000e+00 0.000000000000000000e+00 0.000000000000000000e+00
2.989273071289062500e-01 3.785593509674072266e-01 3.840523958206176758e-01 3.464893698692321777e-01 4.211330413818359375e-01 5.915850400924682617e-01 6.951329708099365234e-01 4.127811789512634277e-01 5.283820033073425293e-01 1.000000000000000000e+00 0.000000000000000000e+00 0.000000000000000000e+00
9.360042810440063477e-01 6.576681137084960938e-02 4.131504297256469727e-01 7.610917091369628906e-01 6.203924417495727539e-01 6.274091601371765137e-01 1.126245856285095215e-01 2.287504076957702637e-01 7.571026682853698730e-01 0.000000000000000000e+00 1.000000000000000000e+00 0.000000000000000000e+00
5.308262109756469727e-01 9.676644206047058105e-01 7.273841500282287598e-01 8.374838829040527344e-01 2.219444513320922852e-01 8.089131712913513184e-01 5.968731641769409180e-01 8.627853393554687500e-01 9.236872196197509766e-02 1.000000000000000000e+00 0.000000000000000000e+00 0.000000000000000000e+00
8.060787916183471680e-01 7.024399042129516602e-01 8.317646384239196777e-01 8.453656435012817383e-01 2.891196608543395996e-01 7.339393496513366699e-01 5.447530746459960938e-02 1.367754340171813965e-01 5.946056842803955078e-01 0.000000000000000000e+00 0.000000000000000000e+00 0.000000000000000000e+00
9.977446794509887695e-01 3.364188671112060547e-01 9.614901542663574219e-01 8.410679697990417480e-01 8.984772562980651855e-01 7.949358224868774414e-02 9.911293983459472656e-01 4.188854098320007324e-01 5.280542373657226562e-01 0.000000000000000000e+00 0.000000000000000000e+00 0.000000000000000000e+00
3.341384828090667725e-01 5.948761105537414551e-01 6.698520779609680176e-01 2.336724996566772461e-01 4.349570870399475098e-01 6.045674085617065430e-01 2.500641942024230957e-01 6.171783208847045898e-01 3.207011818885803223e-01 1.000000000000000000e+00 0.000000000000000000e+00 0.000000000000000000e+00
3.573580682277679443e-01 7.109884023666381836e-01 3.751674294471740723e-01 2.644221186637878418e-01 4.171963334083557129e-01 6.786494851112365723e-01 6.455139517784118652e-01 1.923769116401672363e-01 4.819865822792053223e-01 1.000000000000000000e+00 0.000000000000000000e+00 0.000000000000000000e+00
7.570198178291320801e-01 6.431250572204589844e-01 1.480730175971984863e-01 2.330187559127807617e-01 7.626737356185913086e-01 2.520545125007629395e-01 3.302882313728332520e-01 3.981937766075134277e-01 8.318156599998474121e-01 0.000000000000000000e+00 0.000000000000000000e+00 0.000000000000000000e+00
8.639491200447082520e-01 7.740200161933898926e-01 2.198597192764282227e-01 8.030890822410583496e-01 5.147646665573120117e-01 7.458114027976989746e-01 8.704152703285217285e-01 3.898021578788757324e-01 3.578124046325683594e-01 1.000000000000000000e+00 0.000000000000000000e+00 0.000000000000000000e+00
5.414006710052490234e-01 8.198434710502624512e-01 2.044415473937988281e-01 4.487919807434082031e-01 8.140230774879455566e-01 1.271814703941345215e-01 7.954533696174621582e-01 5.156347155570983887e-01 5.268825888633728027e-01 0.000000000000000000e+00 0.000000000000000000e+00 0.000000000000000000e+00
1.625797599554061890e-01 7.517721056938171387e-01 3.449754714965820312e-01 1.576179265975952148e-02 4.141446352005004883e-01 9.981902241706848145e-01 5.548556447029113770e-01 6.116910576820373535e-01 9.642845988273620605e-01 0.000000000000000000e+00 0.000000000000000000e+00 0.000000000000000000e+00
7.174878716468811035e-01 8.426023125648498535e-01 7.155313491821289062e-01 9.141495823860168457e-01 1.455101370811462402e-01 4.260239601135253906e-01 4.352197647094726562e-01 9.096013307571411133e-01 5.782026052474975586e-02 1.000000000000000000e+00 0.000000000000000000e+00 0.000000000000000000e+00
9.056458473205566406e-01 4.547198414802551270e-01 9.298146367073059082e-01 5.562199950218200684e-01 2.987652420997619629e-01 7.984888553619384766e-02 8.328006863594055176e-01 9.103010296821594238e-01 7.167283892631530762e-01 0.000000000000000000e+00 0.000000000000000000e+00 0.000000000000000000e+00
4.647485315799713135e-01 9.985763430595397949e-01 6.024599075317382812e-03 5.805602073669433594e-01 8.484289050102233887e-01 9.118231534957885742e-01 4.722227454185485840e-01 2.820416688919067383e-01 3.233935236930847168e-01 1.000000000000000000e+00 0.000000000000000000e+00 0.000000000000000000e+00
6.132842302322387695e-01 2.208494544029235840e-01 9.791222214698791504e-01 9.307128190994262695e-02 4.482675790786743164e-01 9.679785966873168945e-01 3.313759565353393555e-01 2.522681355476379395e-01 3.165813684463500977e-01 0.000000000000000000e+00 1.000000000000000000e+00 0.000000000000000000e+00
2.160242795944213867e-01 7.202185392379760742e-01 2.225462794303894043e-01 1.920287013053894043e-01 1.546677947044372559e-01 9.634511470794677734e-01 9.539049267768859863e-01 1.330066919326782227e-01 4.166315197944641113e-01 1.000000000000000000e+00 1.000000000000000000e+00 1.000000000000000000e+00
5.947982668876647949e-01 1.978076100349426270e-01 6.011282801628112793e-01 3.648738861083984375e-01 1.794604063034057617e-01 7.174627780914306641e-01 8.271448612213134766e-01 9.502380490303039551e-01 5.999980568885803223e-01 0.000000000000000000e+00 0.000000000000000000e+00 0.000000000000000000e+00
8.796026706695556641e-01 1.267026066780090332e-01 9.589723348617553711e-01 3.142046928405761719e-02 2.610903978347778320e-01 5.414788126945495605e-01 5.189485549926757812e-01 5.840014219284057617e-01 2.440746426582336426e-01 1.000000000000000000e+00 0.000000000000000000e+00 0.000000000000000000e+00
5.660806894302368164e-01 7.931395769119262695e-01 7.355705499649047852e-01 4.853175282478332520e-01 4.826959371566772461e-01 4.365622997283935547e-03 5.495568513870239258e-01 9.939344525337219238e-01 1.300756931304931641e-01 0.000000000000000000e+00 0.000000000000000000e+00 0.000000000000000000e+00
3.172640502452850342e-01 8.300051689147949219e-01 4.356616735458374023e-01 2.134238481521606445e-01 7.596097588539123535e-01 5.791230201721191406e-01 6.974380612373352051e-01 5.727891921997070312e-01 1.078773140907287598e-01 0.000000000000000000e+00 0.000000000000000000e+00 0.000000000000000000e+00
9.482547640800476074e-01 2.097055912017822266e-01 4.877912998199462891e-02 9.175644516944885254e-01 4.434956908226013184e-01 5.916928052902221680e-01 4.968502521514892578e-01 2.436602115631103516e-01 1.772892475128173828e-02 0.000000000000000000e+00 1.000000000000000000e+00 0.000000000000000000e+00
7.291386127471923828e-01 5.929636359214782715e-01 4.920413494110107422e-01 5.528672337532043457e-01 6.585733890533447266e-01 7.094662189483642578e-01 9.546492099761962891e-01 1.989822983741760254e-01 5.365074872970581055e-01 0.000000000000000000e+00 0.000000000000000000e+00 0.000000000000000000e+00
9.266157746315002441e-01 1.605397462844848633e-02 8.147007226943969727e-01 8.319730758666992188e-01 2.686738967895507812e-03 8.119084239006042480e-01 2.084748148918151855e-01 3.434725999832153320e-01 2.141715288162231445e-01 0.000000000000000000e+00 1.000000000000000000e+00 0.000000000000000000e+00
4.517737329006195068e-01 9.777227640151977539e-01 8.334809541702270508e-01 3.592970371246337891e-01 7.198951244354248047e-01 6.101548671722412109e-01 9.925028085708618164e-01 5.179781317710876465e-01 8.857315778732299805e-01 1.000000000000000000e+00 0.000000000000000000e+00 0.000000000000000000e+00
9.463990926742553711e-01 3.881793618202209473e-01 7.830778360366821289e-01 6.755024194717407227e-01 6.919419169425964355e-01 1.820897459983825684e-01 8.762732148170471191e-01 4.926403760910034180e-01 1.259992122650146484e-01 0.000000000000000000e+00 1.000000000000000000e+00 0.000000000000000000e+00
7.700736522674560547e-01 3.918554782867431641e-01 4.902169704437255859e-01 6.343458890914916992e-01 6.372157335281372070e-01 2.899059653282165527e-01 9.731806516647338867e-01 8.341016769409179688e-01 1.480633020401000977e-02 0.000000000000000000e+00 0.000000000000000000e+00 0.000000000000000000e+00
9.710195660591125488e-01 2.397107481956481934e-01 6.068197488784790039e-01 8.057441711425781250e-01 5.039418339729309082e-01 2.842895388603210449e-01 2.935857176780700684e-01 8.821366429328918457e-01 6.918560862541198730e-01 1.000000000000000000e+00 0.000000000000000000e+00 0.000000000000000000e+00
5.589867234230041504e-01 7.825358510017395020e-01 3.717100620269775391e-01 7.694056034088134766e-01 2.350328564643859863e-01 8.247894644737243652e-01 9.901804924011230469e-01 5.785328745841979980e-01 6.773371100425720215e-01 0.000000000000000000e+00 0.000000000000000000e+00 0.000000000000000000e+00
6.612484455108642578e-01 6.294149160385131836e-01 3.712993264198303223e-01 2.599197030067443848e-01 7.716823220252990723e-01 1.429003477096557617e-02 2.189393639564514160e-01 3.548496961593627930e-01 1.353616714477539062e-01 1.000000000000000000e+00 0.000000000000000000e+00 0.000000000000000000e+00
2.971654832363128662e-01 3.692533373832702637e-01 4.363909363746643066e-01 2.790655493736267090e-01 5.548419356346130371e-01 5.529503226280212402e-01 8.378503322601318359e-01 9.735781550407409668e-01 7.040464878082275391e-01 0.000000000000000000e+00 0.000000000000000000e+00 0.000000000000000000e+00
6.455984711647033691e-01 5.486031770706176758e-01 4.714137315750122070e-02 3.077684640884399414e-01 8.310732245445251465e-01 1.836700439453125000e-01 1.073734760284423828e-01 5.347737073898315430e-01 8.252497315406799316e-01 1.000000000000000000e+00 1.000000000000000000e+00 1.000000000000000000e+00
7.751840353012084961e-01 9.195838570594787598e-01 1.573387384414672852e-01 8.355979323387145996e-01 7.095824480056762695e-01 9.862285256385803223e-01 5.643978714942932129e-01 4.827172160148620605e-01 4.155815243721008301e-01 0.000000000000000000e+00 0.000000000000000000e+00 0.000000000000000000e+00
8.345654606819152832e-01 2.576041221618652344e-01 1.964083313941955566e-01 7.030544281005859375e-01 2.783194184303283691e-01 8.342523574829101562e-01 1.194399595260620117e-01 5.296909809112548828e-02 3.771471977233886719e-02 0.000000000000000000e+00 1.000000000000000000e+00 0.000000000000000000e+00
9.796839952468872070e-01 1.318503618240356445e-01 8.609685897827148438e-01 6.297295689582824707e-01 7.365472316741943359e-01 4.061736464500427246e-01 5.956096053123474121e-01 6.377536654472351074e-01 3.914293050765991211e-01 0.000000000000000000e+00 0.000000000000000000e+00 0.000000000000000000e+00
2.153311669826507568e-01 1.618385910987854004e-01 3.639116287231445312e-01 8.791351318359375000e-02 4.493891000747680664e-01 8.411777615547180176e-01 5.141198635101318359e-03 6.202144622802734375e-01 1.099107861518859863e-01 0.000000000000000000e+00 1.000000000000000000e+00 0.000000000000000000e+00
1.803796589374542236e-01 4.585765600204467773e-01 5.711444616317749023e-01 1.589410305023193359e-01 1.572815775871276855e-01 1.478271484375000000e-01 8.268545866012573242e-01 3.166109323501586914e-01 8.758998513221740723e-01 1.000000000000000000e+00 1.000000000000000000e+00 1.000000000000000000e+00
9.918522238731384277e-01 5.407102704048156738e-01 8.640533089637756348e-01 9.931329488754272461e-01 7.172285318374633789e-01 9.716749191284179688e-02 3.151183128356933594e-01 8.217977285385131836e-01 7.242222428321838379e-01 0.000000000000000000e+00 1.000000000000000000e+00 0.000000000000000000e+00
5.196056365966796875e-01 9.355301260948181152e-01 3.658978343009948730e-01 8.903385996818542480e-01 3.060902953147888184e-01 5.441617369651794434e-01 7.995292544364929199e-01 7.545061111450195312e-01 8.379845619201660156e-01 0.000000000000000000e+00 0.000000000000000000e+00 0.000000000000000000e+00
6.454976201057434082e-01 9.718310236930847168e-01 5.995036363601684570e-01 4.753318428993225098e-01 5.329504609107971191e-01 7.573240399360656738e-01 2.926507592201232910e-01 2.668024301528930664e-01 2.663328647613525391e-01 1.000000000000000000e+00 0.000000000000000000e+00 0.000000000000000000e+00
2.860586941242218018e-01 8.648074865341186523e-01 8.101689815521240234e-01 3.659175038337707520e-01 1.695379018783569336e-01 3.422355651855468750e-01 9.461169838905334473e-01 4.080980420112609863e-01 3.052212595939636230e-01 0.000000000000000000e+00 0.000000000000000000e+00 0.000000000000000000e+00
4.776737391948699951e-01 5.260770320892333984e-01 2.366626262664794922e-01 3.392159342765808105e-01 7.169883847236633301e-01 4.934579730033874512e-01 5.030755996704101562e-01 5.516483187675476074e-01 5.563715696334838867e-01 1.000000000000000000e+00 0.000000000000000000e+00 0.000000000000000000e+00
5.551260113716125488e-01 8.810538053512573242e-01 9.844326972961425781e-01 3.239390850067138672e-01 1.306985616683959961e-01 7.038404345512390137e-01 3.763407468795776367e-02 2.057746648788452148e-01 9.083140492439270020e-01 1.000000000000000000e+00 0.000000000000000000e+00 0.000000000000000000e+00
8.110154867172241211e-01 2.071065306663513184e-01 7.565669417381286621e-01 4.607319831848144531e-03 4.466630220413208008e-01 3.320975303649902344e-01 2.549662590026855469e-01 3.576306700706481934e-01 4.570064544677734375e-01 1.000000000000000000e+00 1.000000000000000000e+00 1.000000000000000000e+00
3.000950515270233154e-01 7.276567220687866211e-01 5.380994081497192383e-02 1.333022117614746094e-02 3.466588258743286133e-02 7.993794083595275879e-01 4.229872822761535645e-01 8.753526210784912109e-02 5.267992615699768066e-01 1.000000000000000000e+00 0.000000000000000000e+00 0.000000000000000000e+00
8.021798133850097656e-01 5.636835098266601562e-02 5.785481333732604980e-01 3.751283884048461914e-02 9.301029443740844727e-01 4.193575978279113770e-01 8.431135416030883789e-01 1.784756183624267578e-01 8.891847133636474609e-01 0.000000000000000000e+00 0.000000000000000000e+00 0.000000000000000000e+00
5.000087022781372070e-01 3.537272810935974121e-01 1.886186003684997559e-01 9.017533063888549805e-02 7.926407456398010254e-01 4.564471840858459473e-01 9.099143147468566895e-01 5.718578696250915527e-01 8.480674028396606445e-02 1.000000000000000000e+00 0.000000000000000000e+00 0.000000000000000000e+00
3.600972294807434082e-01 9.828112125396728516e-01 1.645713448524475098e-01 4.832181930541992188e-01 2.019013762474060059e-01 8.221292495727539062e-02 7.339238524436950684e-01 1.180544495582580566e-01 2.191200256347656250e-01 1.000000000000000000e+00 0.000000000000000000e+00 0.000000000000000000e+00
9.141672253608703613e-01 4.904805421829223633e-01 2.933961749076843262e-01 9.949089884757995605e-01 2.932848930358886719e-01 4.492529034614562988e-01 3.505517840385437012e-01 4.324910640716552734e-01 9.288735985755920410e-01 1.000000000000000000e+00 0.000000000000000000e+00 0.000000000000000000e+00
2.720221579074859619e-01 2.022666335105895996e-01 2.923666238784790039e-01 3.080058097839355469e-02 6.624737977981567383e-01 9.422257542610168457e-01 2.993148565292358398e-02 3.816670179367065430e-02 1.778948903083801270e-01 0.000000000000000000e+00 1.000000000000000000e+00 0.000000000000000000e+00
9.271734356880187988e-01 2.272605895996093750e-01 7.478162646293640137e-01 1.976952552795410156e-01 8.503631353378295898e-01 6.400377154350280762e-01 1.657373309135437012e-01 4.671906828880310059e-01 2.925617694854736328e-01 1.000000000000000000e+00 0.000000000000000000e+00 0.000000000000000000e+00
3.470926284790039062e-01 8.903516530990600586e-01 6.754457354545593262e-01 1.574838757514953613e-01 4.705994129180908203e-01 4.005461931228637695e-01 9.007557034492492676e-01 6.204231977462768555e-01 5.495250225067138672e-02 1.000000000000000000e+00 0.000000000000000000e+00 0.000000000000000000e+00
4.010445177555084229e-01 6.049696207046508789e-01 8.109837770462036133e-01 3.198186755180358887e-01 1.701722145080566406e-01 9.542692899703979492e-01 2.257023453712463379e-01 1.799122095108032227e-01 1.426551938056945801e-01 0.000000000000000000e+00 1.000000000000000000e+00 0.000000000000000000e+00
7.310660481452941895e-01 8.825076818466186523e-01 8.130504488945007324e-01 7.734677791595458984e-01 2.004587054252624512e-01 8.319157361984252930e-02 3.565964102745056152e-01 6.636534929275512695e-01 6.614841222763061523e-01 1.000000000000000000e+00 0.000000000000000000e+00 0.000000000000000000e+00
7.712488174438476562e-01 2.794783115386962891e-01 2.985432147979736328e-01 5.445739626884460449e-01 6.062211394309997559e-01 9.023283720016479492e-01 3.934420347213745117e-01 1.099913120269775391e-01 7.786287665367126465e-01 0.000000000000000000e+00 0.000000000000000000e+00 0.000000000000000000e+00
9.810131192207336426e-01 6.266105175018310547e-02 9.920578002929687500e-01 7.528276443481445312e-01 1.179751157760620117e-01 1.112271547317504883e-01 4.918835163116455078e-01 4.885391592979431152e-01 4.249051809310913086e-01 0.000000000000000000e+00 1.000000000000000000e+00 0.000000000000000000e+00
8.099651336669921875e-01 5.391163825988769531e-01 9.430051445960998535e-01 3.072510957717895508e-01 7.449250221252441406e-01 9.272547364234924316e-01 4.446671009063720703e-01 3.851974606513977051e-01 3.642366528511047363e-01 1.000000000000000000e+00 0.000000000000000000e+00 0.000000000000000000e+00
6.637675762176513672e-01 6.722233891487121582e-01 5.381321907043457031e-01 8.211505413055419922e-01 3.688095211982727051e-01 8.336774706840515137e-01 7.339417934417724609e-03 6.480212807655334473e-01 4.802707433700561523e-01 1.000000000000000000e+00 0.000000000000000000e+00 0.000000000000000000e+00
4.465469121932983398e-01 2.039393782615661621e-01 2.684603333473205566e-01 4.555363655090332031e-01 6.802260875701904297e-02 1.427231431007385254e-01 6.763690710067749023e-01 9.804031252861022949e-01 6.027017235755920410e-01 1.000000000000000000e+00 0.000000000000000000e+00 0.000000000000000000e+00
4.091950953006744385e-01 5.120761394500732422e-01 4.050314426422119141e-02 1.895618438720703125e-02 4.890952110290527344e-01 8.033349514007568359e-01 4.711351394653320312e-01 9.028026461601257324e-01 5.090892314910888672e-03 1.000000000000000000e+00 0.000000000000000000e+00 0.000000000000000000e+00
7.942916750907897949e-01 7.488018870353698730e-01 1.671212911605834961e-01 5.865376591682434082e-01 9.434819221496582031e-01 1.799741983413696289e-01 5.793914198875427246e-01 5.645771622657775879e-01 2.659789919853210449e-01 1.000000000000000000e+00 0.000000000000000000e+00 0.000000000000000000e+00
9.841856360435485840e-01 2.421036958694458008e-01 8.908019065856933594e-01 7.072803378105163574e-01 3.418267965316772461e-01 3.949174880981445312e-01 8.954125642776489258e-02 4.864001870155334473e-01 9.279181361198425293e-01 0.000000000000000000e+00 0.000000000000000000e+00 0.000000000000000000e+00
2.364544421434402466e-01 3.815500140190124512e-01 1.519112586975097656e-01 2.871066331863403320e-02 3.291106224060058594e-01 7.542107105255126953e-01 4.271406531333923340e-01 2.554575800895690918e-01 5.400541424751281738e-01 1.000000000000000000e+00 0.000000000000000000e+00 0.000000000000000000e+00
8.266482949256896973e-01 8.846061825752258301e-01 1.948588490486145020e-01 9.709256291389465332e-01 5.308837294578552246e-01 5.835503935813903809e-01 5.287071466445922852e-01 2.914243936538696289e-02 8.527278304100036621e-01 1.000000000000000000e+00 0.000000000000000000e+00 0.000000000000000000e+00
9.453710317611694336e-01 5.416791439056396484e-01 2.175583839416503906e-01 8.430135250091552734e-01 7.676154375076293945e-01 6.396834850311279297e-01 7.365792393684387207e-01 3.590478301048278809e-01 5.684363245964050293e-01 1.000000000000000000e+00 0.000000000000000000e+00 0.000000000000000000e+00
6.192719936370849609e-01 2.688916325569152832e-01 5.526547431945800781e-01 2.164021730422973633e-01 2.912220358848571777e-01 2.627542018890380859e-01 2.723291516304016113e-01 3.314500451087951660e-01 2.305257320404052734e-01 0.000000000000000000e+00 0.000000000000000000e+00 0.000000000000000000e+00
9.728436470031738281e-01 3.949483036994934082e-01 5.776637792587280273e-02 8.586778044700622559e-01 5.077479481697082520e-01 1.863563060760498047e-01 2.149939537048339844e-01 9.682866930961608887e-01 8.309406042098999023e-01 0.000000000000000000e+00 0.000000000000000000e+00 0.000000000000000000e+00
7.259410619735717773e-01 8.703047633171081543e-01 4.030905365943908691e-01 6.475395560264587402e-01 3.053924441337585449e-01 2.438483834266662598e-01 1.379721164703369141e-01 4.780333638191223145e-01 8.326918482780456543e-01 0.000000000000000000e+00 0.000000000000000000e+00 0.000000000000000000e+00
2.476520240306854248e-01 7.636096477508544922e-01 7.580413818359375000e-01 9.184592962265014648e-02 9.187029600143432617e-01 9.612510204315185547e-01 1.410728096961975098e-01 8.920462727546691895e-01 9.892753958702087402e-01 1.000000000000000000e+00 0.000000000000000000e+00 0.000000000000000000e+00
8.962416648864746094e-01 4.875403642654418945e-02 7.816258668899536133e-01 7.759135961532592773e-02 1.721494793891906738e-01 2.466593384742736816e-01 5.315607786178588867e-02 8.797488808631896973e-01 2.763564586639404297e-01 0.000000000000000000e+00 0.000000000000000000e+00 0.000000000000000000e+00
5.433557033538818359e-01 4.394280910491943359e-02 2.319487333297729492e-01 3.128502368927001953e-01 8.066893219947814941e-01 1.811729073524475098e-01 8.112571239471435547e-01 5.764160752296447754e-01 7.877441644668579102e-01 0.000000000000000000e+00 1.000000000000000000e+00 0.000000000000000000e+00
9.344455003738403320e-01 2.844816446304321289e-01 2.439423203468322754e-01 7.340295314788818359e-01 7.921627759933471680e-01 8.145008087158203125e-01 4.143490195274353027e-01 4.326403141021728516e-02 8.921622037887573242e-01 0.000000000000000000e+00 0.000000000000000000e+00 0.000000000000000000e+00
4.959467649459838867e-01 7.234627008438110352e-01 2.488945722579956055e-01 1.051743030548095703e-01 6.582283973693847656e-01 3.455396294593811035e-01 4.432911872863769531e-01 7.735788822174072266e-02 3.171566724777221680e-01 1.000000000000000000e+00 0.000000000000000000e+00 0.000000000000000000e+00
2.487062811851501465e-01 5.911126136779785156e-01 4.982913136482238770e-01 1.580231189727783203e-01 5.007924437522888184e-01 6.005722284317016602e-02 8.370007872581481934e-01 9.590408205986022949e-01 3.717893362045288086e-02 0.000000000000000000e+00 0.000000000000000000e+00 0.000000000000000000e+00
5.207833051681518555e-01 8.021663427352905273e-01 7.892495393753051758e-02 8.640569448471069336e-01 1.724027991294860840e-01 9.070538878440856934e-01 2.017577886581420898e-01 6.563352942466735840e-01 5.025140643119812012e-01 1.000000000000000000e+00 0.000000000000000000e+00 0.000000000000000000e+00
9.949906468391418457e-01 1.576883196830749512e-01 1.801683306694030762e-01 9.807026982307434082e-01 6.356287002563476562e-01 5.586497187614440918e-01 6.483509540557861328e-01 8.217858672142028809e-01 1.249223947525024414e-01 1.000000000000000000e+00 1.000000000000000000e+00 1.000000000000000000e+00
6.090480089187622070e-01 4.320091009140014648e-01 3.128772974014282227e-01 2.481129169464111328e-01 9.386706948280334473e-01 6.624767184257507324e-01 4.048164486885070801e-01 1.467350125312805176e-01 2.072901725769042969e-01 1.000000000000000000e+00 1.000000000000000000e+00 1.000000000000000000e+00
4.565233290195465088e-01 7.681263685226440430e-01 3.625044226646423340e-01 2.465085983276367188e-01 3.875893354415893555e-01 8.837215304374694824e-01 9.695994853973388672e-01 1.762479543685913086e-02 7.428873777389526367e-01 1.000000000000000000e+00 0.000000000000000000e+00 0.000000000000000000e+00
8.454221487045288086e-01 1.807501912117004395e-01 7.073312997817993164e-01 6.888227462768554688e-01 5.818700790405273438e-02 6.943203806877136230e-01 4.580152034759521484e-02 7.913089394569396973e-01 7.255332469940185547e-01 0.000000000000000000e+00 0.000000000000000000e+00 0.000000000000000000e+00
2.406142801046371460e-01 1.770578026771545410e-01 9.666389226913452148e-02 2.965899705886840820e-01 1.119605302810668945e-01 9.119195342063903809e-01 5.730836391448974609e-01 8.512637019157409668e-01 9.691437482833862305e-01 0.000000000000000000e+00 1.000000000000000000e+00 0.000000000000000000e+00
7.398490905761718750e-01 7.707575559616088867e-01 3.329016566276550293e-01 5.687964558601379395e-01 6.852868199348449707e-01 3.123127222061157227e-01 4.159104824066162109e-01 4.034671187400817871e-01 1.578420400619506836e-02 0.000000000000000000e+00 0.000000000000000000e+00 0.000000000000000000e+00
2.010107189416885376e-01 6.456753015518188477e-01 3.034054040908813477e-01 2.191399931907653809e-01 1.149704456329345703e-01 9.648981690406799316e-01 4.567314386367797852e-01 6.359577775001525879e-01 7.073243260383605957e-01 1.000000000000000000e+00 1.000000000000000000e+00 1.000000000000000000e+00
7.712107300758361816e-01 9.033451080322265625e-01 2.385740280151367188e-01 8.292929530143737793e-01 7.221096754074096680e-01 3.929473757743835449e-01 8.562182784080505371e-01 4.585133790969848633e-01 7.181003689765930176e-01 0.000000000000000000e+00 0.000000000000000000e+00 0.000000000000000000e+00
8.959801793098449707e-01 7.151347398757934570e-02 5.284376144409179688e-01 6.431952714920043945e-01 4.654830694198608398e-02 4.373581409454345703e-01 4.201080203056335449e-01 5.174709558486938477e-01 6.481867432594299316e-01 0.000000000000000000e+00 0.000000000000000000e+00 0.000000000000000000e+00
6.173593997955322266e-01 5.811837911605834961e-01 9.304863214492797852e-01 1.588791608810424805e-01 2.109360694885253906e-01 2.014309763908386230e-01 3.520002961158752441e-01 7.101351022720336914e-01 8.913886547088623047e-01 0.000000000000000000e+00 0.000000000000000000e+00 0.000000000000000000e+00
9.684136509895324707e-01 8.092999458312988281e-03 3.241956233978271484e-01 6.206055879592895508e-01 6.733154654502868652e-01 7.590640783309936523e-01 8.868947625160217285e-01 4.955112338066101074e-01 9.183391332626342773e-01 0.000000000000000000e+00 0.000000000000000000e+00 0.000000000000000000e+00
7.697484493255615234e-01 2.875323891639709473e-01 5.180031061172485352e-01 4.894989728927612305e-01 3.401665687561035156e-01 1.703643202781677246e-01 6.319543719291687012e-01 4.361920952796936035e-01 1.243624091148376465e-01 1.000000000000000000e+00 0.000000000000000000e+00 0.000000000000000000e+00
2.566361427307128906e-01 6.115894317626953125e-01 9.858539104461669922e-01 2.784892916679382324e-01 9.974610805511474609e-02 7.142030000686645508e-01 5.906703472137451172e-01 6.024527549743652344e-01 3.936133980751037598e-01 0.000000000000000000e+00 1.000000000000000000e+00 0.000000000000000000e+00
9.763966202735900879e-01 5.197685956954956055e-02 9.082831144332885742e-01 8.757190704345703125e-01 6.378793120384216309e-01 6.864333152770996094e-01 9.968008399009704590e-01 7.597652077674865723e-01 4.986478090286254883e-01 0.000000000000000000e+00 0.000000000000000000e+00 0.000000000000000000e+00
8.050911426544189453e-01 3.870266079902648926e-01 4.333288669586181641e-01 8.332458138465881348e-01 3.009071350097656250e-01 8.946341276168823242e-01 1.804578304290771484e-01 2.897447347640991211e-01 6.796695590019226074e-01 0.000000000000000000e+00 0.000000000000000000e+00 0.000000000000000000e+00
8.693538308143615723e-01 5.786255002021789551e-01 3.183315396308898926e-01 7.764035463333129883e-02 9.581857323646545410e-01 2.690678834915161133e-02 5.006182193756103516e-01 2.366554737091064453e-02 6.290424466133117676e-01 0.000000000000000000e+00 0.000000000000000000e+00 0.000000000000000000e+00
2.228561639785766602e-01 8.942494392395019531e-01 6.155659556388854980e-01 4.328088164329528809e-01 3.529633283615112305e-01 5.532253384590148926e-01 9.400219917297363281e-01 5.431004166603088379e-01 7.465627789497375488e-01 0.000000000000000000e+00 0.000000000000000000e+00 0.000000000000000000e+00
6.676506400108337402e-01 5.232149362564086914e-02 8.418779969215393066e-01 3.476321101188659668e-01 1.683782935142517090e-01 8.115648627281188965e-01 9.364487528800964355e-01 8.308993577957153320e-01 7.732856273651123047e-01 0.000000000000000000e+00 0.000000000000000000e+00 0.000000000000000000e+00
5.091260075569152832e-01 8.664562106132507324e-01 7.199590206146240234e-01 4.469989538192749023e-01 6.968707442283630371e-01 4.104180335998535156e-01 4.506250619888305664e-01 9.000104069709777832e-01 1.478260755538940430e-01 1.000000000000000000e+00 0.000000000000000000e+00 0.000000000000000000e+00
7.257406115531921387e-01 9.978152513504028320e-01 5.968147516250610352e-01 9.201419949531555176e-01 4.912658929824829102e-01 5.790126919746398926e-01 4.344466924667358398e-01 1.426073908805847168e-01 7.008889317512512207e-01 0.000000000000000000e+00 0.000000000000000000e+00 0.000000000000000000e+00
7.172010540962219238e-01 4.852087497711181641e-01 8.412507176399230957e-01 3.886371850967407227e-02 2.251189351081848145e-01 6.091701984405517578e-02 3.717988729476928711e-02 9.377990961074829102e-01 2.175917625427246094e-01 0.000000000000000000e+00 0.000000000000000000e+00 0.000000000000000000e+00
8.778222203254699707e-01 2.445309758186340332e-01 8.846974968910217285e-01 2.186757326126098633e-01 9.690624475479125977e-02 1.796614527702331543e-01 1.978239417076110840e-01 6.008774042129516602e-02 1.441600322723388672e-01 0.000000000000000000e+00 1.000000000000000000e+00 0.000000000000000000e+00
9.944737553596496582e-01 2.327171564102172852e-01 8.703222274780273438e-01 7.623060345649719238e-01 7.278143167495727539e-01 2.034163475036621094e-02 3.891253471374511719e-01 7.463127970695495605e-01 5.665060877799987793e-01 0.000000000000000000e+00 0.000000000000000000e+00 0.000000000000000000e+00
6.741257309913635254e-01 4.399450421333312988e-01 3.193441033363342285e-01 1.390533447265625000e-01 8.952618837356567383e-01 5.534358620643615723e-01 3.141145706176757812e-01 6.892950534820556641e-01 1.687616109848022461e-02 0.000000000000000000e+00 0.000000000000000000e+00 0.000000000000000000e+00
5.953181385993957520e-01 4.447213411331176758e-01 7.459788322448730469e-01 2.026526331901550293e-01 9.631183743476867676e-01 9.825048446655273438e-01 2.345348596572875977e-01 7.344247698783874512e-01 6.343424916267395020e-01 0.000000000000000000e+00 0.000000000000000000e+00 0.000000000000000000e+00
6.847262978553771973e-01 2.147240042686462402e-01 7.931014895439147949e-01 9.440386295318603516e-02 1.715275645256042480e-01 5.183348655700683594e-01 1.751382946968078613e-01 8.582983613014221191e-01 7.695478796958923340e-01 0.000000000000000000e+00 0.000000000000000000e+00 0.000000000000000000e+00
3.847039043903350830e-01 5.996252298355102539e-01 2.977275252342224121e-01 1.547873020172119141e-01 5.005542039871215820e-01 4.946706891059875488e-01 2.715640068054199219e-01 2.257851958274841309e-01 3.430683016777038574e-01 1.000000000000000000e+00 1.000000000000000000e+00 1.000000000000000000e+00
4.175459444522857666e-01 7.847616672515869141e-01 2.490561604499816895e-01 3.134443759918212891e-01 1.213498711585998535e-01 8.082699775695800781e-02 6.547206640243530273e-01 5.306879878044128418e-01 1.261836290359497070e-01 1.000000000000000000e+00 1.000000000000000000e+00 1.000000000000000000e+00
4.280927777290344238e-01 2.735486626625061035e-01 3.779833316802978516e-01 1.076105237007141113e-01 8.170003294944763184e-01 5.081195235252380371e-01 9.742447733879089355e-01 5.922357439994812012e-01 3.358719348907470703e-01 0.000000000000000000e+00 0.000000000000000000e+00 0.000000000000000000e+00
9.961314201354980469e-01 7.270914316177368164e-02 8.759388923645019531e-01 6.527929306030273438e-01 6.740331053733825684e-01 3.261784911155700684e-01 4.239251613616943359e-01 4.154744744300842285e-01 7.904901504516601562e-01 0.000000000000000000e+00 0.000000000000000000e+00 0.000000000000000000e+00
3.951920866966247559e-01 9.526879191398620605e-01 4.926455616950988770e-01 4.510660171508789062e-01 6.312782764434814453e-01 7.423042654991149902e-01 3.085180521011352539e-01 4.490332007408142090e-01 8.359411358833312988e-01 1.000000000000000000e+00 0.000000000000000000e+00 0.000000000000000000e+00
9.636783599853515625e-01 3.897279500961303711e-02 8.712019920349121094e-01 2.439194321632385254e-01 9.792817831039428711e-01 8.780199885368347168e-01 8.852676153182983398e-01 1.154144406318664551e-01 7.982622981071472168e-01 0.000000000000000000e+00 1.000000000000000000e+00 0.000000000000000000e+00
9.783176183700561523e-01 6.446871757507324219e-01 2.597442865371704102e-01 9.302253127098083496e-01 9.573329687118530273e-01 1.297864913940429688e-01 6.025581359863281250e-01 8.848238587379455566e-01 1.600676774978637695e-01 0.000000000000000000e+00 0.000000000000000000e+00 0.000000000000000000e+00
4.956377744674682617e-01 6.551568508148193359e-01 7.906083464622497559e-01 3.722573518753051758e-01 4.231821894645690918e-01 4.910559654235839844e-01 4.553733468055725098e-01 7.920284271240234375e-01 3.893205523490905762e-01 0.000000000000000000e+00 0.000000000000000000e+00 0.000000000000000000e+00
9.671863913536071777e-01 4.304668307304382324e-01 3.816075325012207031e-01 9.242169260978698730e-01 7.027065753936767578e-01 3.790995478630065918e-01 1.287900805473327637e-01 4.810417294502258301e-01 3.049325942993164062e-02 0.000000000000000000e+00 0.000000000000000000e+00 0.000000000000000000e+00
9.148183465003967285e-01 9.439795017242431641e-01 4.212952256202697754e-01 9.978536367416381836e-01 3.621944785118103027e-01 5.396903157234191895e-01 7.675466537475585938e-01 3.476798534393310547e-01 6.956967115402221680e-01 0.000000000000000000e+00 0.000000000000000000e+00 0.000000000000000000e+00
9.079993367195129395e-01 4.760420322418212891e-02 8.500152826309204102e-01 3.132826089859008789e-02 3.392570018768310547e-01 1.050832271575927734e-01 8.943632245063781738e-01 2.040886878967285156e-01 2.110301256179809570e-01 0.000000000000000000e+00 1.000000000000000000e+00 0.000000000000000000e+00
9.326860308647155762e-01 6.828872561454772949e-01 7.088961601257324219e-01 9.355842471122741699e-01 2.697035670280456543e-01 1.721871495246887207e-01 1.577450037002563477e-01 6.054936051368713379e-01 5.181428194046020508e-01 0.000000000000000000e+00 0.000000000000000000e+00 0.000000000000000000e+00
6.603955030441284180e-01 9.292316436767578125e-02 5.453961491584777832e-01 7.479482889175415039e-02 2.033202052116394043e-01 1.966629624366760254e-01 8.790999650955200195e-01 2.303311228752136230e-01 3.760727047920227051e-01 0.000000000000000000e+00 0.000000000000000000e+00 0.000000000000000000e+00
8.340412378311157227e-01 8.993837237358093262e-01 9.172446131706237793e-01 9.129193425178527832e-01 4.684894680976867676e-01 2.330824136734008789e-01 3.884050846099853516e-01 5.865134000778198242e-01 5.517750382423400879e-01 1.000000000000000000e+00 0.000000000000000000e+00 0.000000000000000000e+00
8.890414834022521973e-01 2.278631925582885742e-02 1.074573397636413574e-01 5.169652104377746582e-01 5.326702594757080078e-01 5.581942796707153320e-01 4.756841063499450684e-01 4.256264567375183105e-01 3.104440569877624512e-01 0.000000000000000000e+00 0.000000000000000000e+00 0.000000000000000000e+00
3.959815502166748047e-01 4.057961702346801758e-01 3.734673261642456055e-01 3.493800759315490723e-01 5.474560856819152832e-01 6.557736992835998535e-01 5.180349349975585938e-01 4.677965044975280762e-01 4.862620830535888672e-01 0.000000000000000000e+00 0.000000000000000000e+00 0.000000000000000000e+00
6.702502369880676270e-01 4.139111042022705078e-01 8.336691856384277344e-01 2.510985136032104492e-01 1.759192943572998047e-01 2.329403162002563477e-02 4.118729233741760254e-01 9.720346927642822266e-01 7.667010426521301270e-01 1.000000000000000000e+00 0.000000000000000000e+00 0.000000000000000000e+00
9.848672747611999512e-01 1.638715863227844238e-01 1.247966289520263672e-01 9.485692977905273438e-01 3.719856142997741699e-01 4.045377969741821289e-01 4.660775661468505859e-01 1.329290866851806641e-01 1.063774824142456055e-01 0.000000000000000000e+00 0.000000000000000000e+00 0.000000000000000000e+00
4.462301731109619141e-01 6.254947781562805176e-01 5.333855748176574707e-01 6.096844673156738281e-01 1.695656776428222656e-02 3.044263720512390137e-01 1.766157746315002441e-01 5.907079577445983887e-01 1.801797151565551758e-01 0.000000000000000000e+00 0.000000000000000000e+00 0.000000000000000000e+00
1.332011520862579346e-01 7.690590620040893555e-01 7.675116062164306641e-01 8.283722400665283203e-02 4.347710013389587402e-01 6.943415999412536621e-01 1.639121770858764648e-01 1.211796998977661133e-01 3.615774512290954590e-01 0.000000000000000000e+00 0.000000000000000000e+00 0.000000000000000000e+00
9.428886771202087402e-01 3.780130743980407715e-01 8.150375485420227051e-01 2.755149006843566895e-01 9.803916215896606445e-01 7.367976307868957520e-01 6.704941391944885254e-01 7.164338231086730957e-01 1.391800045967102051e-01 0.000000000000000000e+00 1.000000000000000000e+00 0.000000000000000000e+00
9.296052455902099609e-01 1.402608752250671387e-01 9.762248396873474121e-01 7.904094457626342773e-01 2.708536386489868164e-01 8.370890617370605469e-01 3.952272534370422363e-01 2.493952512741088867e-01 9.704965353012084961e-01 0.000000000000000000e+00 1.000000000000000000e+00 0.000000000000000000e+00
9.151272177696228027e-01 3.156370520591735840e-01 9.043856859207153320e-01 4.985296726226806641e-02 1.452074050903320312e-01 3.832828998565673828e-01 6.258348226547241211e-01 4.336330294609069824e-01 9.700877070426940918e-01 0.000000000000000000e+00 0.000000000000000000e+00 0.000000000000000000e+00
3.704211711883544922e-01 8.956713080406188965e-01 9.078323841094970703e-02 2.590224146842956543e-01 2.096294760704040527e-01 1.626752018928527832e-01 7.928698658943176270e-01 5.704307556152343750e-01 4.303646087646484375e-01 1.000000000000000000e+00 0.000000000000000000e+00 0.000000000000000000e+00
9.820318222045898438e-01 6.690949797630310059e-01 6.319448947906494141e-01 9.442484974861145020e-01 9.379464983940124512e-01 4.244064688682556152e-01 7.685628533363342285e-01 8.331727981567382812e-01 7.756970524787902832e-01 0.000000000000000000e+00 0.000000000000000000e+00 0.000000000000000000e+00
2.274598479270935059e-01 9.484571218490600586e-02 3.268941044807434082e-01 3.476687669754028320e-01 7.398241758346557617e-02 5.992756485939025879e-01 3.127509355545043945e-01 1.267203688621520996e-01 1.074734330177307129e-01 0.000000000000000000e+00 1.000000000000000000e+00 0.000000000000000000e+00
6.817869544029235840e-01 4.812132120132446289e-01 8.036561012268066406e-01 6.097463369369506836e-01 5.225497484207153320e-02 1.411502361297607422e-01 2.502204775810241699e-01 4.819677472114562988e-01 3.539794087409973145e-01 1.000000000000000000e+00 0.000000000000000000e+00 0.000000000000000000e+00
2.424195110797882080e-01 8.508877158164978027e-01 1.251661777496337891e-01 5.201069116592407227e-01 5.470651388168334961e-02 6.847644448280334473e-01 2.787700295448303223e-01 6.459708213806152344e-01 4.827905297279357910e-01 1.000000000000000000e+00 0.000000000000000000e+00 0.000000000000000000e+00
9.695041179656982422e-01 3.649815320968627930e-01 2.612385749816894531e-01 6.142561435699462891e-01 9.386054873466491699e-01 1.562239527702331543e-01 7.243094444274902344e-01 9.488042593002319336e-01 3.164234757423400879e-01 0.000000000000000000e+00 0.000000000000000000e+00 0.000000000000000000e+00
9.297192692756652832e-01 2.429484128952026367e-01 4.497238993644714355e-01 5.912922024726867676e-01 6.972187161445617676e-01 4.468988776206970215e-01 1.030683517456054688e-01 3.143406510353088379e-01 9.932010769844055176e-01 0.000000000000000000e+00 0.000000000000000000e+00 0.000000000000000000e+00
7.079253196716308594e-01 3.156566023826599121e-01 1.806962490081787109e-01 5.494403839111328125e-01 9.651799798011779785e-01 8.279711604118347168e-01 5.991404056549072266e-01 4.418293237686157227e-01 2.507833838462829590e-01 0.000000000000000000e+00 1.000000000000000000e+00 0.000000000000000000e+00
5.571066737174987793e-01 5.795527696609497070e-01 4.272316694259643555e-01 7.317823171615600586e-01 3.672564029693603516e-02 9.914447665214538574e-01 9.894347190856933594e-01 2.181583046913146973e-01 8.404325246810913086e-01 0.000000000000000000e+00 0.000000000000000000e+00 0.000000000000000000e+00
9.472847580909729004e-01 4.558858871459960938e-01 2.108770012855529785e-01 5.688439011573791504e-01 9.806095361709594727e-01 3.909049034118652344e-01 1.113462448120117188e-01 5.565518140792846680e-01 3.827578425407409668e-01 0.000000000000000000e+00 0.000000000000000000e+00 0.000000000000000000e+00
8.950812220573425293e-01 1.796631813049316406e-01 1.897774338722229004e-01 4.686322212219238281e-01 9.304252862930297852e-01 3.757869601249694824e-01 7.631510496139526367e-01 7.105382084846496582e-01 4.056886434555053711e-01 0.000000000000000000e+00 0.000000000000000000e+00 0.000000000000000000e+00
4.934186935424804688e-01 9.299437999725341797e-01 1.952992081642150879e-01 7.335393428802490234e-01 1.612874865531921387e-01 2.639898657798767090e-01 1.303223371505737305e-01 5.985836982727050781e-01 7.369337081909179688e-01 1.000000000000000000e+00 0.000000000000000000e+00 0.000000000000000000e+00
6.149729490280151367e-01 9.044610857963562012e-01 4.335474371910095215e-01 4.415632486343383789e-01 2.318660020828247070e-01 8.489171266555786133e-01 7.039254903793334961e-01 2.042205333709716797e-01 2.720707654953002930e-01 0.000000000000000000e+00 0.000000000000000000e+00 0.000000000000000000e+00
3.883679211139678955e-01 8.902893662452697754e-01 7.248067259788513184e-01 4.050666093826293945e-02 7.343626022338867188e-01 4.632442593574523926e-01 9.765784740447998047e-01 9.838622212409973145e-01 1.295077204704284668e-01 1.000000000000000000e+00 0.000000000000000000e+00 0.000000000000000000e+00
3.021305799484252930e-01 9.844112396240234375e-01 5.994647741317749023e-02 6.700769662857055664e-01 9.864771366119384766e-02 5.037230253219604492e-02 6.806441545486450195e-01 8.811610937118530273e-02 3.058423399925231934e-01 0.000000000000000000e+00 0.000000000000000000e+00 0.000000000000000000e+00
3.181102573871612549e-01 9.024207592010498047e-01 3.659179210662841797e-01 8.187055587768554688e-02 1.524674296379089355e-01 7.479044795036315918e-01 8.502420186996459961e-01 6.499790549278259277e-01 6.155512928962707520e-01 0.000000000000000000e+00 0.000000000000000000e+00 0.000000000000000000e+00
1.271468698978424072e-01 2.728858590126037598e-01 4.419374465942382812e-02 2.892756462097167969e-01 2.531387805938720703e-01 7.086175084114074707e-01 4.472424387931823730e-01 1.290186047554016113e-01 3.702523112297058105e-01 1.000000000000000000e+00 1.000000000000000000e+00 1.000000000000000000e+00
1.968266516923904419e-01 6.462829709053039551e-01 5.857199430465698242e-01 1.474516391754150391e-01 5.969703197479248047e-03 3.969484567642211914e-02 2.610564231872558594e-03 7.499361038208007812e-01 1.905948519706726074e-01 0.000000000000000000e+00 0.000000000000000000e+00 0.000000000000000000e+00
2.779552340507507324e-01 5.999764800071716309e-01 4.975185394287109375e-01 4.071062803268432617e-02 7.290368676185607910e-01 4.748952388763427734e-01 9.596598148345947266e-02 8.887064456939697266e-01 5.021971464157104492e-02 0.000000000000000000e+00 0.000000000000000000e+00 0.000000000000000000e+00
6.805347800254821777e-01 8.377466797828674316e-01 5.763502717018127441e-01 3.363899588584899902e-01 6.566905975341796875e-01 1.747838854789733887e-01 6.042279005050659180e-01 2.280023694038391113e-01 8.016153573989868164e-01 1.000000000000000000e+00 0.000000000000000000e+00 0.000000000000000000e+00
4.550257027149200439e-01 5.173107981681823730e-01 6.334297060966491699e-01 4.912233352661132812e-02 6.896990537643432617e-01 2.206997871398925781e-01 4.676829576492309570e-01 6.743490695953369141e-01 9.203559160232543945e-02 1.000000000000000000e+00 1.000000000000000000e+00 1.000000000000000000e+00
9.969814419746398926e-01 1.284602880477905273e-01 9.215465188026428223e-01 8.541469573974609375e-01 8.544154167175292969e-01 3.105210661888122559e-01 9.292438030242919922e-01 8.310405611991882324e-01 6.964735388755798340e-01 0.000000000000000000e+00 0.000000000000000000e+00 0.000000000000000000e+00
9.578029513359069824e-01 6.783550381660461426e-01 3.608608841896057129e-01 9.594772458076477051e-01 9.218758344650268555e-01 6.549149155616760254e-01 2.967671751976013184e-01 1.234154701232910156e-01 3.358785510063171387e-01 0.000000000000000000e+00 0.000000000000000000e+00 0.000000000000000000e+00
2.507461011409759521e-01 3.838756680488586426e-01 3.455305099487304688e-01 7.642132043838500977e-02 5.964826941490173340e-01 7.820689082145690918e-01 1.855170726776123047e-02 2.311007976531982422e-01 8.087318539619445801e-01 0.000000000000000000e+00 1.000000000000000000e+00 0.000000000000000000e+00
6.879668235778808594e-01 7.302203774452209473e-01 2.191987633705139160e-01 2.344828248023986816e-01 6.500112414360046387e-01 9.118312597274780273e-02 8.737245202064514160e-01 5.842576026916503906e-01 6.350020766258239746e-01 0.000000000000000000e+00 0.000000000000000000e+00 0.000000000000000000e+00
8.714961409568786621e-01 6.627693772315979004e-01 6.450050473213195801e-01 7.956122756004333496e-01 7.717081308364868164e-01 7.891803383827209473e-01 3.034649491310119629e-01 7.084310054779052734e-03 6.493344306945800781e-01 0.000000000000000000e+00 0.000000000000000000e+00 0.000000000000000000e+00
7.395661473274230957e-01 1.193838119506835938e-01 8.243023753166198730e-01 1.990197896957397461e-01 1.799662709236145020e-01 4.216197133064270020e-01 7.043170332908630371e-01 3.578187227249145508e-01 1.325038075447082520e-01 1.000000000000000000e+00 0.000000000000000000e+00 0.000000000000000000e+00
3.094669878482818604e-01 5.888518691062927246e-01 1.276482343673706055e-01 2.105547785758972168e-01 1.069710850715637207e-01 9.758614301681518555e-01 7.937782406806945801e-01 3.200160861015319824e-01 8.375828862190246582e-01 0.000000000000000000e+00 0.000000000000000000e+00 0.000000000000000000e+00
9.749998450279235840e-01 2.685904502868652344e-03 2.795420885086059570e-01 7.050543427467346191e-01 2.581768035888671875e-01 9.475761651992797852e-02 2.927141189575195312e-01 6.044203639030456543e-01 7.032834887504577637e-01 0.000000000000000000e+00 0.000000000000000000e+00 0.000000000000000000e+00
8.466739654541015625e-01 7.632822394371032715e-01 9.031494259834289551e-01 4.572397470474243164e-01 7.786684632301330566e-01 4.589751958847045898e-01 5.147198438644409180e-01 3.305705785751342773e-01 2.480274438858032227e-01 0.000000000000000000e+00 0.000000000000000000e+00 0.000000000000000000e+00
8.504940271377563477e-01 1.420136690139770508e-01 7.519378066062927246e-01 7.707936167716979980e-01 6.581359505653381348e-01 6.098375320434570312e-01 9.394377470016479492e-01 9.723126888275146484e-01 4.745936393737792969e-02 0.000000000000000000e+00 0.000000000000000000e+00 0.000000000000000000e+00
3.266327679157257080e-01 2.035884261131286621e-01 6.361151337623596191e-01 5.038999319076538086e-01 1.655609607696533203e-01 6.239663958549499512e-01 5.610201358795166016e-01 8.960905671119689941e-01 1.075971126556396484e-02 1.000000000000000000e+00 0.000000000000000000e+00 0.000000000000000000e+00
8.239253163337707520e-01 9.155896902084350586e-01 6.800783872604370117e-01 9.882638454437255859e-01 3.738659024238586426e-01 8.559552431106567383e-01 1.020234823226928711e-01 9.173707962036132812e-01 6.577534675598144531e-01 0.000000000000000000e+00 0.000000000000000000e+00 0.000000000000000000e+00
7.949312329292297363e-01 9.601996541023254395e-01 6.492251753807067871e-01 9.844990372657775879e-01 3.999456167221069336e-01 3.468541502952575684e-01 2.789635062217712402e-01 7.293986678123474121e-01 6.605609059333801270e-01 0.000000000000000000e+00 0.000000000000000000e+00 0.000000000000000000e+00
3.869002312421798706e-02 1.192915439605712891e-01 1.605753898620605469e-01 8.997076749801635742e-02 1.839021444320678711e-01 6.754454970359802246e-01 8.512014746665954590e-01 5.776219367980957031e-01 7.035756111145019531e-01 0.000000000000000000e+00 1.000000000000000000e+00 0.000000000000000000e+00
9.893966913223266602e-01 1.814252734184265137e-01 4.013544321060180664e-01 8.632476925849914551e-01 6.253647804260253906e-01 3.713207840919494629e-01 2.419137954711914062e-01 2.137621641159057617e-01 4.246574640274047852e-01 0.000000000000000000e+00 0.000000000000000000e+00 0.000000000000000000e+00
9.275985956192016602e-01 5.816954374313354492e-02 5.609329342842102051e-01 5.709389448165893555e-01 4.678303003311157227e-01 5.202894806861877441e-01 6.383582353591918945e-01 3.473932743072509766e-01 7.617340087890625000e-01 0.000000000000000000e+00 0.000000000000000000e+00 0.000000000000000000e+00
6.702607274055480957e-01 5.148395299911499023e-01 1.880134940147399902e-01 8.546904921531677246e-01 1.273748874664306641e-01 8.003705739974975586e-01 7.083200812339782715e-01 9.267457127571105957e-01 7.797712087631225586e-02 0.000000000000000000e+00 1.000000000000000000e+00 0.000000000000000000e+00
7.789171934127807617e-01 8.828563094139099121e-01 2.044289112091064453e-01 7.037463784217834473e-01 9.459884762763977051e-01 9.391912221908569336e-01 3.277411460876464844e-01 4.631870985031127930e-02 4.347217679023742676e-01 0.000000000000000000e+00 0.000000000000000000e+00 0.000000000000000000e+00
8.253674507141113281e-01 9.655051827430725098e-01 7.881267070770263672e-01 4.710806012153625488e-01 9.054991602897644043e-01 9.242110848426818848e-01 7.366382479667663574e-01 5.212807655334472656e-01 4.730758070945739746e-01 0.000000000000000000e+00 0.000000000000000000e+00 0.000000000000000000e+00
3.540761768817901611e-01 4.198497533798217773e-01 2.792260050773620605e-01 2.077981829643249512e-01 5.060544610023498535e-01 8.238526582717895508e-01 9.938092827796936035e-01 3.658552765846252441e-01 4.479189515113830566e-01 0.000000000000000000e+00 0.000000000000000000e+00 0.000000000000000000e+00
6.226679086685180664e-01 3.389088511466979980e-01 1.053031086921691895e-01 5.648170709609985352e-01 2.185022830963134766e-01 9.042421579360961914e-01 2.523831725120544434e-01 4.617375135421752930e-01 3.760616779327392578e-01 0.000000000000000000e+00 1.000000000000000000e+00 0.000000000000000000e+00
4.492474496364593506e-01 6.003332734107971191e-01 9.765637516975402832e-01 4.053062796592712402e-01 1.974865198135375977e-01 7.440710067749023438e-01 8.632928729057312012e-01 5.717931985855102539e-01 4.417170286178588867e-01 1.000000000000000000e+00 0.000000000000000000e+00 0.000000000000000000e+00
9.961007833480834961e-01 2.316555380821228027e-01 4.046788215637207031e-01 8.790981769561767578e-01 3.802607059478759766e-01 3.304749727249145508e-02 7.468292713165283203e-01 3.242764472961425781e-01 9.365807771682739258e-01 1.000000000000000000e+00 1.000000000000000000e+00 1.000000000000000000e+00
9.284750819206237793e-01 1.327657103538513184e-01 4.214753508567810059e-01 5.786758661270141602e-01 5.623297095298767090e-01 4.594141244888305664e-02 7.372710108757019043e-01 2.498342990875244141e-01 7.197065949440002441e-01 0.000000000000000000e+00 1.000000000000000000e+00 0.000000000000000000e+00
9.695009589195251465e-01 2.719293236732482910e-01 2.044677734375000000e-02 8.376415371894836426e-01 2.613468766212463379e-01 2.680087089538574219e-01 3.058469295501708984e-01 8.594961762428283691e-01 5.104661583900451660e-01 0.000000000000000000e+00 0.000000000000000000e+00 0.000000000000000000e+00
9.891871809959411621e-01 9.904122352600097656e-02 9.495931267738342285e-01 6.014134287834167480e-01 2.511977553367614746e-01 1.283223032951354980e-01 2.750910520553588867e-01 9.552978277206420898e-01 5.110090374946594238e-01 0.000000000000000000e+00 0.000000000000000000e+00 0.000000000000000000e+00
3.675184249877929688e-01 4.251580834388732910e-01 2.054172754287719727e-02 2.645444869995117188e-01 6.236664652824401855e-01 4.496768712997436523e-01 5.782209038734436035e-01 1.513962149620056152e-01 6.601657867431640625e-01 1.000000000000000000e+00 0.000000000000000000e+00 0.000000000000000000e+00
9.951789379119873047e-01 3.553422689437866211e-01 1.933007836341857910e-01 8.767678141593933105e-01 9.435015916824340820e-01 3.855446577072143555e-01 9.859389662742614746e-01 1.265477538108825684e-01 4.607899785041809082e-01 0.000000000000000000e+00 1.000000000000000000e+00 0.000000000000000000e+00
2.103359997272491455e-01 4.538832902908325195e-01 2.482611536979675293e-01 1.706547141075134277e-01 3.556694984436035156e-01 7.128809690475463867e-01 7.709223031997680664e-02 1.453859210014343262e-01 7.850497961044311523e-02 1.000000000000000000e+00 0.000000000000000000e+00 0.000000000000000000e+00
8.742045164108276367e-01 5.822299718856811523e-01 4.543736577033996582e-01 4.933201670646667480e-01 9.966415166854858398e-01 6.086574792861938477e-01 2.328364253044128418e-01 2.739617228507995605e-01 9.799394607543945312e-01 0.000000000000000000e+00 0.000000000000000000e+00 0.000000000000000000e+00
5.281391739845275879e-01 4.520164728164672852e-01 8.157747387886047363e-01 1.329356431961059570e-02 3.146071434020996094e-01 5.602387189865112305e-01 1.182842850685119629e-01 4.615674018859863281e-01 8.567308187484741211e-01 1.000000000000000000e+00 0.000000000000000000e+00 0.000000000000000000e+00
7.340901494026184082e-01 9.050331711769104004e-01 1.668013930320739746e-01 4.819757938385009766e-01 6.231683492660522461e-01 4.835550189018249512e-01 5.226141214370727539e-02 1.410962343215942383e-01 6.161400675773620605e-01 0.000000000000000000e+00 0.000000000000000000e+00 0.000000000000000000e+00
9.934203028678894043e-01 3.078904151916503906e-01 8.207261562347412109e-01 8.557358384132385254e-01 6.211793422698974609e-01 4.596126675605773926e-01 5.252922177314758301e-01 1.318265795707702637e-01 9.077515602111816406e-01 1.000000000000000000e+00 0.000000000000000000e+00 0.000000000000000000e+00
7.713145017623901367e-01 5.906814932823181152e-01 7.332994937896728516e-01 6.697570681571960449e-01 3.256347775459289551e-01 2.617418169975280762e-01 3.280919790267944336e-02 8.393201828002929688e-01 7.476826310157775879e-01 1.000000000000000000e+00 0.000000000000000000e+00 0.000000000000000000e+00
3.984996080398559570e-01 9.268694519996643066e-01 7.524557709693908691e-01 2.609348893165588379e-01 4.928258657455444336e-01 6.820642352104187012e-01 9.651258587837219238e-01 8.295941948890686035e-01 5.669210553169250488e-01 1.000000000000000000e+00 0.000000000000000000e+00 0.000000000000000000e+00
9.086733460426330566e-01 3.821897506713867188e-02 1.224792003631591797e-01 6.162716746330261230e-01 2.689356803894042969e-01 4.928314685821533203e-02 2.490097880363464355e-01 4.065505266189575195e-01 2.293130755424499512e-01 1.000000000000000000e+00 1.000000000000000000e+00 1.000000000000000000e+00
8.610287308692932129e-01 2.614634037017822266e-01 8.929816484451293945e-01 4.978387951850891113e-01 3.219926357269287109e-01 7.556641101837158203e-01 4.373043775558471680e-01 1.503784656524658203e-01 3.394156694412231445e-01 1.000000000000000000e+00 1.000000000000000000e+00 1.000000000000000000e+00
2.156015932559967041e-01 3.978574275970458984e-01 1.439748406410217285e-01 2.385878562927246094e-01 1.809017658233642578e-01 1.658407449722290039e-01 3.989243507385253906e-01 6.961393356323242188e-01 9.191972613334655762e-01 1.000000000000000000e+00 0.000000000000000000e+00 0.000000000000000000e+00
4.322688579559326172e-01 9.613240957260131836e-01 7.548092603683471680e-01 1.210976839065551758e-01 3.179853558540344238e-01 3.299661278724670410e-01 1.551861166954040527e-01 1.251420974731445312e-01 4.241722822189331055e-01 0.000000000000000000e+00 0.000000000000000000e+00 0.000000000000000000e+00
7.656250000000000000e-01 8.026148080825805664e-01 9.161132574081420898e-02 5.088967680931091309e-01 9.788646101951599121e-01 7.283451557159423828e-01 9.301602244377136230e-01 9.500094652175903320e-01 5.029162168502807617e-01 0.000000000000000000e+00 0.000000000000000000e+00 0.000000000000000000e+00
3.543768823146820068e-01 1.377027034759521484e-01 3.448287248611450195e-01 7.027351856231689453e-02 5.089329481124877930e-01 1.115381717681884766e-03 5.039723515510559082e-01 2.858766317367553711e-01 7.067448496818542480e-01 1.000000000000000000e+00 0.000000000000000000e+00 0.000000000000000000e+00
7.789008617401123047e-01 9.545767903327941895e-01 5.393166542053222656e-01 5.336763262748718262e-01 6.824366450309753418e-01 9.542769789695739746e-01 2.861599922180175781e-01 3.980687260627746582e-01 9.197564125061035156e-01 0.000000000000000000e+00 0.000000000000000000e+00 0.000000000000000000e+00
7.552696466445922852e-01 6.077030301094055176e-01 6.331473588943481445e-01 5.328333377838134766e-02 9.485185742378234863e-01 4.445228576660156250e-01 5.754884481430053711e-01 7.907128334045410156e-01 6.632044911384582520e-01 1.000000000000000000e+00 0.000000000000000000e+00 0.000000000000000000e+00
7.867046594619750977e-01 3.397383093833923340e-01 1.809298992156982422e-03 7.488536834716796875e-01 6.243355870246887207e-01 7.772758603096008301e-01 7.868682146072387695e-01 1.707588434219360352e-01 3.932564854621887207e-01 1.000000000000000000e+00 0.000000000000000000e+00 0.000000000000000000e+00
5.868292450904846191e-01 2.319741249084472656e-01 4.009376168251037598e-01 4.327504038810729980e-01 3.582089543342590332e-01 1.721290349960327148e-01 7.325329780578613281e-01 8.171695470809936523e-01 8.684697747230529785e-01 0.000000000000000000e+00 0.000000000000000000e+00 0.000000000000000000e+00
5.368251204490661621e-01 9.133142232894897461e-01 2.458031177520751953e-01 6.830871701240539551e-01 4.229017496109008789e-01 4.419940114021301270e-01 1.334201693534851074e-01 1.413494944572448730e-01 8.000776767730712891e-01 0.000000000000000000e+00 0.000000000000000000e+00 0.000000000000000000e+00
6.231095790863037109e-01 6.384264826774597168e-01 8.115498423576354980e-01 1.399613022804260254e-01 4.011285305023193359e-01 2.009069919586181641e-01 1.127879023551940918e-01 8.134788274765014648e-02 8.563557863235473633e-01 0.000000000000000000e+00 0.000000000000000000e+00 0.000000000000000000e+00
8.016491532325744629e-01 9.527971744537353516e-01 6.610975265502929688e-01 8.944433927536010742e-02 9.412968158721923828e-01 1.681503653526306152e-01 4.523819684982299805e-02 5.306597948074340820e-01 3.556520938873291016e-01 0.000000000000000000e+00 0.000000000000000000e+00 0.000000000000000000e+00
7.597420215606689453e-01 8.280506134033203125e-01 1.163427829742431641e-01 4.650214314460754395e-01 6.851210594177246094e-01 1.466453075408935547e-01 5.847013592720031738e-01 6.519566774368286133e-01 9.776731133460998535e-01 0.000000000000000000e+00 0.000000000000000000e+00 0.000000000000000000e+00
7.861671447753906250e-01 8.824450969696044922e-01 4.564892649650573730e-01 3.476765751838684082e-01 9.372176527976989746e-01 8.920651674270629883e-01 4.210897088050842285e-01 1.402038335800170898e-02 5.741282105445861816e-01 0.000000000000000000e+00 0.000000000000000000e+00 0.000000000000000000e+00
4.849086403846740723e-01 8.250932097434997559e-01 5.890904068946838379e-01 2.129022479057312012e-01 5.703312754631042480e-01 7.611260414123535156e-01 6.841289997100830078e-02 4.906200766563415527e-01 7.710117697715759277e-01 1.000000000000000000e+00 0.000000000000000000e+00 0.000000000000000000e+00
9.866361021995544434e-01 3.573297262191772461e-01 1.976367235183715820e-01 8.297235965728759766e-01 6.181785464286804199e-01 2.831539511680603027e-01 4.662744402885437012e-01 5.083058476448059082e-01 4.001164436340332031e-01 0.000000000000000000e+00 0.000000000000000000e+00 0.000000000000000000e+00
7.678074240684509277e-01 2.762609124183654785e-01 8.311293125152587891e-01 5.566269159317016602e-02 9.525126218795776367e-01 6.197892427444458008e-01 9.088513255119323730e-01 3.137017488479614258e-01 3.112858533859252930e-01 0.000000000000000000e+00 1.000000000000000000e+00 0.000000000000000000e+00
5.986828207969665527e-01 2.975693345069885254e-01 6.946486234664916992e-01 1.700964570045471191e-01 7.232024073600769043e-01 7.692683935165405273e-01 8.211428523063659668e-01 5.149179697036743164e-02 6.980282664299011230e-01 0.000000000000000000e+00 0.000000000000000000e+00 0.000000000000000000e+00
7.213990688323974609e-01 7.929360866546630859e-02 8.551710844039916992e-02 4.983798861503601074e-01 7.174987792968750000e-01 2.647892236709594727e-01 1.342955827713012695e-01 5.702509880065917969e-01 4.671564698219299316e-01 0.000000000000000000e+00 0.000000000000000000e+00 0.000000000000000000e+00
8.742699623107910156e-01 8.195256590843200684e-01 2.430227398872375488e-01 7.509798407554626465e-01 6.426969766616821289e-01 3.552599549293518066e-01 7.215621471405029297e-01 3.601379394531250000e-01 6.910884380340576172e-01 0.000000000000000000e+00 0.000000000000000000e+00 0.000000000000000000e+00
9.339831471443176270e-01 8.215284347534179688e-01 9.640919566154479980e-01 9.413127899169921875e-01 5.284934043884277344e-01 1.575517654418945312e-02 8.934976458549499512e-01 5.740121006965637207e-01 6.454178690910339355e-01 0.000000000000000000e+00 0.000000000000000000e+00 0.000000000000000000e+00
3.501317799091339111e-01 3.037452101707458496e-01 5.823493003845214844e-02 1.446371078491210938e-01 8.115363717079162598e-01 4.269701838493347168e-01 8.710823655128479004e-01 7.019889950752258301e-01 1.859514117240905762e-01 1.000000000000000000e+00 1.000000000000000000e+00 1.000000000000000000e+00
9.303860664367675781e-01 1.951493024826049805e-01 3.897581696510314941e-01 5.094232559204101562e-01 6.721069812774658203e-01 1.477966904640197754e-01 2.415524125099182129e-01 6.336922049522399902e-01 9.171839356422424316e-01 0.000000000000000000e+00 0.000000000000000000e+00 0.000000000000000000e+00
9.883568882942199707e-01 1.350483894348144531e-01 9.224434494972229004e-01 4.965688586235046387e-01 7.937017679214477539e-01 7.530072927474975586e-01 8.897169828414916992e-01 2.402966022491455078e-01 8.436068892478942871e-01 0.000000000000000000e+00 0.000000000000000000e+00 0.000000000000000000e+00
1.037712022662162781e-01 4.907233715057373047e-01 1.622840762138366699e-01 1.900867223739624023e-01 1.295543313026428223e-01 9.129609465599060059e-01 5.559701323509216309e-01 8.362287878990173340e-01 4.471695423126220703e-02 0.000000000000000000e+00 1.000000000000000000e+00 0.000000000000000000e+00
7.387799024581909180e-01 6.896404027938842773e-01 2.450299263000488281e-01 6.782684922218322754e-01 6.822248101234436035e-01 9.653751850128173828e-01 4.669208526611328125e-01 9.853178262710571289e-01 8.357357382774353027e-01 0.000000000000000000e+00 0.000000000000000000e+00 0.000000000000000000e+00
7.082689404487609863e-01 3.232332468032836914e-01 4.513985514640808105e-01 2.011196017265319824e-01 8.154487013816833496e-01 8.831676840782165527e-01 4.651682972908020020e-01 2.460803389549255371e-01 1.589212417602539062e-01 1.000000000000000000e+00 0.000000000000000000e+00 0.000000000000000000e+00
2.877549827098846436e-01 6.716589927673339844e-01 1.776864528656005859e-01 3.533601760864257812e-03 6.014025807380676270e-01 4.584397673606872559e-01 4.982864856719970703e-02 6.340669393539428711e-01 8.986977338790893555e-01 0.000000000000000000e+00 0.000000000000000000e+00 0.000000000000000000e+00
9.962067604064941406e-01 2.508884668350219727e-01 4.062141180038452148e-01 9.686455726623535156e-01 6.736949086189270020e-01 5.081260204315185547e-01 6.102377772331237793e-01 9.612361788749694824e-01 6.484590172767639160e-01 0.000000000000000000e+00 0.000000000000000000e+00 0.000000000000000000e+00
4.973548650741577148e-01 8.920608162879943848e-01 4.691027998924255371e-01 7.783131003379821777e-01 2.839613556861877441e-01 1.660041213035583496e-01 9.440232515335083008e-01 9.061951041221618652e-01 3.821869492530822754e-01 0.000000000000000000e+00 0.000000000000000000e+00 0.000000000000000000e+00
2.834791541099548340e-01 1.656390428543090820e-01 3.704941272735595703e-02 3.592194914817810059e-01 2.849265933036804199e-01 2.036219835281372070e-02 8.758617043495178223e-01 4.161235690116882324e-01 7.224342823028564453e-01 0.000000000000000000e+00 0.000000000000000000e+00 0.000000000000000000e+00
9.961007833480834961e-01 1.291013360023498535e-01 3.227437138557434082e-01 9.090062975883483887e-01 5.457144975662231445e-01 2.470011711120605469e-01 8.142061829566955566e-01 8.657835721969604492e-01 8.986771106719970703e-02 0.000000000000000000e+00 0.000000000000000000e+00 0.000000000000000000e+00
9.993717074394226074e-01 9.065151214599609375e-03 2.631133794784545898e-02 9.887687563896179199e-01 9.946304559707641602e-01 2.337626814842224121e-01 4.390978813171386719e-02 9.362723827362060547e-01 2.591623663902282715e-01 0.000000000000000000e+00 0.000000000000000000e+00 0.000000000000000000e+00
7.083516716957092285e-01 7.219993472099304199e-01 2.127168178558349609e-01 7.563350200653076172e-01 6.126363277435302734e-01 1.536727547645568848e-01 2.913574576377868652e-01 2.939080595970153809e-01 7.497488260269165039e-01 0.000000000000000000e+00 0.000000000000000000e+00 0.000000000000000000e+00
5.401485562324523926e-01 9.458279609680175781e-02 6.399405598640441895e-01 4.489685893058776855e-01 1.175882220268249512e-01 6.843168735504150391e-01 4.104184508323669434e-01 8.505020737648010254e-01 5.681320428848266602e-01 1.000000000000000000e+00 0.000000000000000000e+00 0.000000000000000000e+00
1.030125692486763000e-01 5.068451762199401855e-01 5.022519826889038086e-01 1.106721162796020508e-01 2.176964879035949707e-01 2.748699784278869629e-01 8.254586458206176758e-01 2.774104475975036621e-01 3.900380730628967285e-01 0.000000000000000000e+00 1.000000000000000000e+00 0.000000000000000000e+00
4.801630973815917969e-01 8.366375565528869629e-01 3.053828477859497070e-01 3.190068602561950684e-01 2.293179631233215332e-01 7.821208834648132324e-01 7.945818305015563965e-01 9.162544608116149902e-01 5.002486705780029297e-01 0.000000000000000000e+00 0.000000000000000000e+00 0.000000000000000000e+00
9.372188448905944824e-01 6.765544414520263672e-02 8.155894279479980469e-01 7.751477360725402832e-01 4.367804527282714844e-01 8.688945770263671875e-01 8.057693839073181152e-01 8.469131588935852051e-01 6.453076004981994629e-01 0.000000000000000000e+00 0.000000000000000000e+00 0.000000000000000000e+00
3.458713293075561523e-01 6.378385424613952637e-01 1.620423197746276855e-01 2.218825221061706543e-01 1.072953939437866211e-01 4.448407888412475586e-02 6.994628310203552246e-01 3.273550271987915039e-01 6.139721870422363281e-01 1.000000000000000000e+00 0.000000000000000000e+00 0.000000000000000000e+00
1.871526986360549927e-01 2.243980169296264648e-01 2.774912118911743164e-01 1.399362683296203613e-01 5.567950606346130371e-01 9.288230538368225098e-01 7.636935710906982422e-01 7.513530254364013672e-01 3.513577580451965332e-01 1.000000000000000000e+00 1.000000000000000000e+00 1.000000000000000000e+00
8.983343243598937988e-01 4.723508954048156738e-01 1.333096027374267578e-01 9.857802391052246094e-01 1.321924328804016113e-01 2.559594511985778809e-01 4.710980653762817383e-01 5.171264410018920898e-01 5.500294566154479980e-01 0.000000000000000000e+00 0.000000000000000000e+00 0.000000000000000000e+00
8.958496451377868652e-01 2.559876441955566406e-01 3.759968280792236328e-01 7.226152420043945312e-01 7.743468284606933594e-01 9.139334559440612793e-01 2.424814105033874512e-01 8.053985834121704102e-01 3.344981074333190918e-01 0.000000000000000000e+00 0.000000000000000000e+00 0.000000000000000000e+00
6.930983662605285645e-01 9.770042300224304199e-01 8.937000036239624023e-01 5.057311058044433594e-01 9.379869699478149414e-01 6.517556309700012207e-01 9.740490317344665527e-01 9.194774031639099121e-01 2.635196447372436523e-01 1.000000000000000000e+00 0.000000000000000000e+00 0.000000000000000000e+00
8.932049870491027832e-01 2.024743556976318359e-01 9.988477826118469238e-01 7.103681564331054688e-04 9.018778800964355469e-01 8.146274089813232422e-01 5.030235052108764648e-01 6.067547202110290527e-01 5.036548376083374023e-01 0.000000000000000000e+00 0.000000000000000000e+00 0.000000000000000000e+00
2.110198587179183960e-01 7.496303319931030273e-01 2.658781409263610840e-01 3.390014171600341797e-03 3.255286216735839844e-01 8.001500368118286133e-01 7.405364513397216797e-01 4.599152207374572754e-01 7.013454437255859375e-01 1.000000000000000000e+00 0.000000000000000000e+00 0.000000000000000000e+00
