{"Vcnet": [0.009582411497831345, 0.01055758073925972], "Vcnet_tr": [0.006738334894180298, 0.00887802429497242]}