{"Vcnet": [[0.0010680300183594227, 0.01550823263823986], [0.0009706051787361503, 0.010697961784899235], [0.0008585011237300932, 0.00604220200330019], [0.0009569249814376235, 0.015281225554645061], [0.0008232473628595471, 0.007401438895612955], [0.00034497716114856303, 0.01055399514734745], [0.0005114325322210789, 0.006300716660916805], [0.0008086871239356697, 0.012548066675662994], [0.0022308477200567722, 0.008267524652183056], [0.0008824453689157963, 0.005475655198097229]], "Vcnet_tr": [[0.0012707578716799617, 0.017819607630372047], [0.0007680082926526666, 0.03317858278751373], [0.000418010720750317, 0.02617291361093521], [0.0012296955101191998, 0.02860758826136589], [0.000539404631126672, 0.018648164346814156], [0.0004572508332785219, 0.01942923665046692], [0.0012223777594044805, 0.02246410958468914], [0.0006190946442075074, 0.018750160932540894], [0.0008724252693355083, 0.024611815810203552], [0.001177690690383315, 0.017405899241566658]]}