4.237714409828186035e-01 5.867034196853637695e-01 6.489388942718505859e-01 1.508216261863708496e-01 1.959004402160644531e-01 9.685399532318115234e-01 2.237293720245361328e-01 5.269358158111572266e-01 4.564006328582763672e-01 1.000000000000000000e+00 0.000000000000000000e+00 0.000000000000000000e+00
4.492461383342742920e-01 8.543711900711059570e-01 9.288899302482604980e-01 4.245096445083618164e-02 4.383893609046936035e-01 7.455099225044250488e-01 1.382654905319213867e-01 3.803339600563049316e-01 2.358117699623107910e-01 1.000000000000000000e+00 0.000000000000000000e+00 0.000000000000000000e+00
3.220317363739013672e-01 3.747492432594299316e-01 1.685389280319213867e-01 1.850222349166870117e-01 8.158646821975708008e-01 9.273427724838256836e-01 3.055152893066406250e-01 4.218646883964538574e-01 9.367083311080932617e-01 0.000000000000000000e+00 0.000000000000000000e+00 0.000000000000000000e+00
7.947089672088623047e-01 3.159789443016052246e-01 7.886761426925659180e-02 4.723147153854370117e-01 9.144280552864074707e-01 1.965259313583374023e-01 6.305688619613647461e-01 6.528714895248413086e-01 5.615985989570617676e-01 0.000000000000000000e+00 0.000000000000000000e+00 0.000000000000000000e+00
5.471007227897644043e-01 8.385944962501525879e-01 1.327570676803588867e-01 9.771863818168640137e-01 6.120157241821289062e-02 6.758401989936828613e-01 2.345930933952331543e-01 8.269342780113220215e-01 2.781028151512145996e-01 0.000000000000000000e+00 0.000000000000000000e+00 0.000000000000000000e+00
2.862742245197296143e-01 4.139506816864013672e-02 3.220327496528625488e-01 3.361319303512573242e-01 4.383501410484313965e-01 3.125184774398803711e-01 8.182021975517272949e-01 4.820014834403991699e-01 3.207896351814270020e-01 0.000000000000000000e+00 1.000000000000000000e+00 0.000000000000000000e+00
4.904356896877288818e-01 6.712498664855957031e-01 6.483298540115356445e-02 5.651369094848632812e-01 7.216250896453857422e-02 2.718699574470520020e-01 8.934492468833923340e-01 5.617679953575134277e-01 9.925535917282104492e-01 0.000000000000000000e+00 0.000000000000000000e+00 0.000000000000000000e+00
1.555276960134506226e-01 9.576460719108581543e-01 9.975756406784057617e-01 1.274177432060241699e-01 1.864528059959411621e-01 4.244225621223449707e-01 9.537664055824279785e-01 9.029182791709899902e-01 8.070556521415710449e-01 0.000000000000000000e+00 1.000000000000000000e+00 0.000000000000000000e+00
7.815443873405456543e-01 7.131603360176086426e-01 6.535381078720092773e-02 9.567690491676330566e-01 2.420665025711059570e-01 1.674872636795043945e-01 3.827934861183166504e-01 2.435753941535949707e-01 3.479338884353637695e-01 1.000000000000000000e+00 1.000000000000000000e+00 1.000000000000000000e+00
3.026744425296783447e-01 8.273947834968566895e-01 1.793473362922668457e-01 5.856798291206359863e-01 1.199177503585815430e-01 5.534624457359313965e-01 9.824693202972412109e-03 2.479583621025085449e-01 1.457877755165100098e-01 0.000000000000000000e+00 1.000000000000000000e+00 0.000000000000000000e+00
8.333476781845092773e-01 4.227659106254577637e-01 6.108458638191223145e-01 6.330733895301818848e-01 7.183392047882080078e-01 8.251306414604187012e-01 1.081603765487670898e-02 3.659002184867858887e-01 6.455566883087158203e-01 0.000000000000000000e+00 0.000000000000000000e+00 0.000000000000000000e+00
9.712051749229431152e-01 9.551167488098144531e-03 9.523350596427917480e-01 3.162577748298645020e-01 4.566101431846618652e-01 5.112600922584533691e-01 1.254555583000183105e-01 1.069265604019165039e-02 4.183223247528076172e-01 1.000000000000000000e+00 0.000000000000000000e+00 0.000000000000000000e+00
9.976524710655212402e-01 2.466624975204467773e-02 9.590038657188415527e-01 9.630759954452514648e-01 4.975499510765075684e-01 1.119005084037780762e-01 4.767167568206787109e-02 8.825844526290893555e-02 2.897680401802062988e-01 1.000000000000000000e+00 0.000000000000000000e+00 0.000000000000000000e+00
9.096893072128295898e-01 3.599281907081604004e-01 8.092223405838012695e-01 3.007922768592834473e-01 9.453983902931213379e-01 6.508755087852478027e-01 6.447381973266601562e-01 9.717024564743041992e-01 3.810858726501464844e-01 0.000000000000000000e+00 0.000000000000000000e+00 0.000000000000000000e+00
7.236709594726562500e-01 6.881024241447448730e-01 6.127983331680297852e-01 9.755891561508178711e-01 1.146434545516967773e-01 9.792838692665100098e-01 1.096975803375244141e-02 2.896124124526977539e-01 4.017479419708251953e-01 1.000000000000000000e+00 1.000000000000000000e+00 1.000000000000000000e+00
6.831164360046386719e-01 6.893552541732788086e-01 2.473173141479492188e-01 7.469801306724548340e-01 5.688266158103942871e-01 8.148975372314453125e-01 8.876385688781738281e-01 7.635819315910339355e-01 6.167269945144653320e-01 1.000000000000000000e+00 0.000000000000000000e+00 0.000000000000000000e+00
4.991539716720581055e-01 5.533490180969238281e-01 5.733406543731689453e-02 7.656401991844177246e-01 1.538807153701782227e-02 4.185741543769836426e-01 2.353985309600830078e-01 3.748950958251953125e-01 2.426299452781677246e-01 1.000000000000000000e+00 0.000000000000000000e+00 0.000000000000000000e+00
1.473217010498046875e-01 5.913361907005310059e-01 9.531526565551757812e-01 2.591234445571899414e-02 1.107998490333557129e-01 8.264078497886657715e-01 3.530964851379394531e-01 9.688815474510192871e-01 8.752991557121276855e-01 0.000000000000000000e+00 1.000000000000000000e+00 0.000000000000000000e+00
4.469168484210968018e-01 2.838578224182128906e-01 3.493648767471313477e-02 1.751483082771301270e-01 9.341880083084106445e-01 1.658462882041931152e-01 3.224009275436401367e-02 7.177577018737792969e-01 4.178242087364196777e-01 0.000000000000000000e+00 0.000000000000000000e+00 0.000000000000000000e+00
2.609211206436157227e-01 4.456183314323425293e-01 2.027142047882080078e-01 6.507158279418945312e-03 7.403882741928100586e-01 7.554197311401367188e-02 2.071824073791503906e-01 2.196895480155944824e-01 4.521625638008117676e-01 0.000000000000000000e+00 1.000000000000000000e+00 0.000000000000000000e+00
9.912220239639282227e-01 1.550551652908325195e-01 4.423908591270446777e-01 8.870954513549804688e-01 2.996439933776855469e-01 3.155079483985900879e-01 7.170299887657165527e-01 9.627609848976135254e-01 5.197409987449645996e-01 0.000000000000000000e+00 0.000000000000000000e+00 0.000000000000000000e+00
9.302566647529602051e-01 2.982300519943237305e-01 3.812034726142883301e-01 7.069933414459228516e-01 9.304895997047424316e-01 9.028181433677673340e-01 1.795178055763244629e-01 7.738365530967712402e-01 3.505320549011230469e-01 0.000000000000000000e+00 0.000000000000000000e+00 0.000000000000000000e+00
4.512655735015869141e-01 9.945430755615234375e-01 2.345308661460876465e-01 6.858074665069580078e-02 3.961704373359680176e-01 2.958688735961914062e-01 8.216869831085205078e-01 5.047692656517028809e-01 1.884626746177673340e-01 0.000000000000000000e+00 0.000000000000000000e+00 0.000000000000000000e+00
3.814957439899444580e-01 5.523850321769714355e-01 7.810794711112976074e-01 2.569792866706848145e-01 8.616149425506591797e-03 4.113777279853820801e-01 5.279450416564941406e-01 2.547166943550109863e-01 2.817963361740112305e-01 0.000000000000000000e+00 1.000000000000000000e+00 0.000000000000000000e+00
9.535436034202575684e-01 2.207066416740417480e-01 8.511878848075866699e-01 8.206378221511840820e-01 7.067001461982727051e-01 5.625314712524414062e-01 5.683397054672241211e-01 1.815125346183776855e-01 2.417330145835876465e-01 0.000000000000000000e+00 1.000000000000000000e+00 0.000000000000000000e+00
8.508571386337280273e-01 9.598708748817443848e-01 5.212326049804687500e-01 5.950877666473388672e-01 9.847428798675537109e-01 7.587130665779113770e-01 1.750929951667785645e-01 7.064219713211059570e-01 6.601659059524536133e-01 0.000000000000000000e+00 0.000000000000000000e+00 0.000000000000000000e+00
3.220044970512390137e-01 8.480921983718872070e-01 7.423267960548400879e-01 3.601204752922058105e-01 2.717459797859191895e-01 3.288167119026184082e-01 4.633622765541076660e-01 5.961136817932128906e-01 3.765174150466918945e-01 0.000000000000000000e+00 0.000000000000000000e+00 0.000000000000000000e+00
4.872826635837554932e-01 9.598329067230224609e-01 2.083880305290222168e-01 3.657464385032653809e-01 6.684502363204956055e-01 9.229295849800109863e-01 9.615558981895446777e-01 2.585123181343078613e-01 3.490392565727233887e-01 0.000000000000000000e+00 0.000000000000000000e+00 0.000000000000000000e+00
4.396687448024749756e-01 8.848679065704345703e-01 5.940275192260742188e-01 9.259754419326782227e-02 5.066716074943542480e-01 1.767524480819702148e-01 8.672833442687988281e-02 7.010260224342346191e-01 6.146125793457031250e-01 1.000000000000000000e+00 0.000000000000000000e+00 0.000000000000000000e+00
4.204468727111816406e-01 9.268194437026977539e-01 8.762651085853576660e-01 7.867928147315979004e-01 1.701096892356872559e-01 8.262864947319030762e-01 8.468257188796997070e-01 2.136295437812805176e-01 1.147034764289855957e-01 0.000000000000000000e+00 0.000000000000000000e+00 0.000000000000000000e+00
1.987766027450561523e-01 6.164306998252868652e-01 6.742699742317199707e-01 1.895040273666381836e-01 5.406404137611389160e-01 8.801416754722595215e-01 8.930474519729614258e-02 3.270908594131469727e-01 4.055063724517822266e-01 0.000000000000000000e+00 1.000000000000000000e+00 0.000000000000000000e+00
3.036032915115356445e-01 6.337084770202636719e-01 3.959023952484130859e-01 2.069808244705200195e-01 2.283676862716674805e-01 4.633548259735107422e-01 8.868066668510437012e-01 9.559713602066040039e-01 6.290096640586853027e-01 1.000000000000000000e+00 0.000000000000000000e+00 0.000000000000000000e+00
5.967171788215637207e-01 9.605929255485534668e-01 6.846011281013488770e-01 7.263193726539611816e-01 4.952237606048583984e-01 4.885287880897521973e-01 7.856453657150268555e-01 8.513343334197998047e-02 6.757835149765014648e-01 0.000000000000000000e+00 0.000000000000000000e+00 0.000000000000000000e+00
5.709658265113830566e-01 3.816019892692565918e-01 7.680813074111938477e-01 6.018244624137878418e-01 3.078948259353637695e-01 9.186201691627502441e-01 8.045618534088134766e-01 6.430492401123046875e-01 4.352844953536987305e-01 1.000000000000000000e+00 0.000000000000000000e+00 0.000000000000000000e+00
5.082249641418457031e-01 6.648833155632019043e-01 4.328739047050476074e-01 5.901213884353637695e-01 6.096265316009521484e-01 2.432420849800109863e-01 6.042620539665222168e-01 6.001367568969726562e-01 1.966414451599121094e-01 0.000000000000000000e+00 0.000000000000000000e+00 0.000000000000000000e+00
8.483319878578186035e-01 2.927548885345458984e-01 2.417135834693908691e-01 5.736219286918640137e-01 3.292269110679626465e-01 2.197837829589843750e-01 2.884874939918518066e-01 8.024566173553466797e-01 9.764494299888610840e-01 0.000000000000000000e+00 0.000000000000000000e+00 0.000000000000000000e+00
5.920903086662292480e-01 7.550681829452514648e-01 2.515468597412109375e-01 4.696723818778991699e-01 6.805520653724670410e-01 9.040418267250061035e-01 4.112530350685119629e-01 1.140347719192504883e-01 6.847407817840576172e-01 0.000000000000000000e+00 0.000000000000000000e+00 0.000000000000000000e+00
9.327352643013000488e-01 7.879972457885742188e-01 3.516457080841064453e-01 9.884008765220642090e-01 8.261116147041320801e-01 6.524212956428527832e-01 6.256470084190368652e-01 2.785663008689880371e-01 3.255906105041503906e-01 1.000000000000000000e+00 0.000000000000000000e+00 0.000000000000000000e+00
2.370611578226089478e-01 9.468791484832763672e-01 7.703343033790588379e-01 2.345086336135864258e-01 2.689835429191589355e-01 3.422470688819885254e-01 2.757308483123779297e-01 9.174205064773559570e-01 8.318368792533874512e-01 0.000000000000000000e+00 0.000000000000000000e+00 0.000000000000000000e+00
6.529061794281005859e-01 7.704493999481201172e-01 9.352334141731262207e-01 7.199027538299560547e-01 5.125505328178405762e-01 6.726082563400268555e-01 7.916060686111450195e-01 7.779325246810913086e-01 3.980828523635864258e-01 0.000000000000000000e+00 0.000000000000000000e+00 0.000000000000000000e+00
6.018370985984802246e-01 3.281556367874145508e-01 5.040764808654785156e-03 6.258286833763122559e-01 2.543224692344665527e-01 8.039939999580383301e-01 1.642498373985290527e-01 3.092479109764099121e-01 5.583106279373168945e-01 1.000000000000000000e+00 0.000000000000000000e+00 0.000000000000000000e+00
6.921942234039306641e-01 8.787820339202880859e-01 8.012185096740722656e-01 1.441698670387268066e-01 7.400457859039306641e-01 5.022733807563781738e-01 2.003552913665771484e-01 6.214629411697387695e-01 1.414293050765991211e-01 1.000000000000000000e+00 0.000000000000000000e+00 0.000000000000000000e+00
6.162393689155578613e-01 4.369938969612121582e-01 4.838938117027282715e-01 4.813342094421386719e-01 3.901104927062988281e-01 1.350828409194946289e-01 7.650306224822998047e-01 9.882139563560485840e-01 1.264932155609130859e-01 0.000000000000000000e+00 0.000000000000000000e+00 0.000000000000000000e+00
6.283310055732727051e-01 8.356587886810302734e-01 3.764594793319702148e-01 9.006125926971435547e-01 7.791221141815185547e-03 4.871368408203125000e-02 9.872415661811828613e-01 6.974399685859680176e-01 2.033348083496093750e-01 1.000000000000000000e+00 0.000000000000000000e+00 0.000000000000000000e+00
3.411916196346282959e-01 6.668930053710937500e-01 1.050788164138793945e-01 8.718907833099365234e-02 2.492753267288208008e-01 9.230270981788635254e-01 4.761499166488647461e-02 4.825865626335144043e-01 3.729737997055053711e-01 1.000000000000000000e+00 1.000000000000000000e+00 1.000000000000000000e+00
7.092638015747070312e-01 5.644623041152954102e-01 8.688108921051025391e-01 4.700473546981811523e-01 5.884788036346435547e-01 6.456682085990905762e-01 1.606230139732360840e-01 6.324155926704406738e-01 2.504235506057739258e-01 0.000000000000000000e+00 0.000000000000000000e+00 0.000000000000000000e+00
9.875659346580505371e-01 4.286358952522277832e-01 4.518085718154907227e-02 9.109196662902832031e-01 6.162049770355224609e-01 4.285442233085632324e-01 5.106535553932189941e-01 8.352636694908142090e-01 5.419528484344482422e-02 0.000000000000000000e+00 1.000000000000000000e+00 0.000000000000000000e+00
5.777096152305603027e-01 5.184611082077026367e-01 6.297370195388793945e-01 6.995761394500732422e-01 4.674054384231567383e-01 8.613661527633666992e-01 5.900216102600097656e-01 1.468961834907531738e-01 6.391295194625854492e-01 1.000000000000000000e+00 0.000000000000000000e+00 0.000000000000000000e+00
8.692116737365722656e-01 6.896706819534301758e-01 3.016082048416137695e-01 9.405032992362976074e-01 3.337258100509643555e-01 6.696387529373168945e-01 4.810404777526855469e-02 3.332633376121520996e-01 5.435791611671447754e-01 0.000000000000000000e+00 0.000000000000000000e+00 0.000000000000000000e+00
5.216270089149475098e-01 6.772490739822387695e-01 4.221325516700744629e-01 1.196344494819641113e-01 6.847518086433410645e-01 9.763815402984619141e-01 3.377858996391296387e-01 4.062228798866271973e-01 6.451894044876098633e-01 1.000000000000000000e+00 0.000000000000000000e+00 0.000000000000000000e+00
4.874210655689239502e-01 9.289293289184570312e-01 9.670787453651428223e-01 5.877279043197631836e-01 3.084696531295776367e-01 8.755401372909545898e-01 1.099958419799804688e-01 3.615974783897399902e-01 9.411522150039672852e-01 1.000000000000000000e+00 0.000000000000000000e+00 0.000000000000000000e+00
9.847930669784545898e-01 4.984675645828247070e-01 2.258672714233398438e-01 9.066134691238403320e-01 7.407259345054626465e-01 1.777675151824951172e-01 7.311859130859375000e-01 5.739147067070007324e-01 3.792130947113037109e-02 0.000000000000000000e+00 1.000000000000000000e+00 0.000000000000000000e+00
9.408308863639831543e-01 5.976414084434509277e-01 7.198361754417419434e-01 9.807890653610229492e-01 8.612548708915710449e-01 7.348558306694030762e-01 5.436550974845886230e-01 8.280197978019714355e-01 6.477891802787780762e-01 0.000000000000000000e+00 0.000000000000000000e+00 0.000000000000000000e+00
1.294513195753097534e-01 8.014832139015197754e-01 3.332852125167846680e-01 2.239644527435302734e-02 5.350645184516906738e-01 4.186580181121826172e-01 8.888806700706481934e-01 1.362734436988830566e-01 6.379071474075317383e-01 0.000000000000000000e+00 1.000000000000000000e+00 0.000000000000000000e+00
8.659355640411376953e-01 4.337898492813110352e-01 9.910002946853637695e-01 1.671742796897888184e-01 3.959965705871582031e-01 2.289206981658935547e-01 5.932626128196716309e-01 5.415703058242797852e-01 3.472262620925903320e-02 1.000000000000000000e+00 0.000000000000000000e+00 0.000000000000000000e+00
9.774023890495300293e-01 3.726750612258911133e-01 8.070703744888305664e-01 8.462449908256530762e-01 4.843325018882751465e-01 1.353302001953125000e-01 6.929065585136413574e-01 1.860655546188354492e-01 9.764356613159179688e-01 0.000000000000000000e+00 0.000000000000000000e+00 0.000000000000000000e+00
7.634072303771972656e-01 2.461737394332885742e-01 1.084543466567993164e-01 6.166982650756835938e-01 4.501231908798217773e-01 8.507654666900634766e-01 1.682242155075073242e-01 4.791263341903686523e-01 4.877843856811523438e-01 1.000000000000000000e+00 0.000000000000000000e+00 0.000000000000000000e+00
3.685187995433807373e-01 2.908938527107238770e-01 7.240833044052124023e-01 3.636759519577026367e-02 1.977017521858215332e-01 8.551660776138305664e-01 3.774629831314086914e-01 6.024377346038818359e-01 6.939171552658081055e-01 0.000000000000000000e+00 1.000000000000000000e+00 0.000000000000000000e+00
4.223029911518096924e-01 1.647576093673706055e-01 1.578186154365539551e-01 1.385867595672607422e-03 7.410377860069274902e-01 7.091321945190429688e-01 8.093078732490539551e-01 6.795031428337097168e-01 1.039709448814392090e-01 1.000000000000000000e+00 1.000000000000000000e+00 1.000000000000000000e+00
3.697947263717651367e-01 1.679804325103759766e-01 5.159766077995300293e-01 2.158643603324890137e-01 1.265060305595397949e-01 4.314094185829162598e-01 5.751706361770629883e-01 7.637990117073059082e-01 7.605639100074768066e-01 0.000000000000000000e+00 0.000000000000000000e+00 0.000000000000000000e+00
4.860313832759857178e-01 1.139879226684570312e-01 2.347919940948486328e-01 3.070892095565795898e-01 6.652435660362243652e-01 2.498906850814819336e-02 2.642087936401367188e-01 1.520144343376159668e-01 1.587966680526733398e-01 1.000000000000000000e+00 1.000000000000000000e+00 1.000000000000000000e+00
8.793504238128662109e-01 6.956216692924499512e-01 8.286482691764831543e-01 9.632695317268371582e-01 1.770749688148498535e-01 3.360184431076049805e-01 6.388142704963684082e-01 8.941367864608764648e-01 5.487447381019592285e-01 0.000000000000000000e+00 0.000000000000000000e+00 0.000000000000000000e+00
3.268683254718780518e-01 4.626202583312988281e-01 7.410556077957153320e-02 3.269439935684204102e-02 7.810395956039428711e-01 9.360014796257019043e-01 6.335482597351074219e-01 2.054581642150878906e-01 8.522073626518249512e-01 0.000000000000000000e+00 0.000000000000000000e+00 0.000000000000000000e+00
8.896845579147338867e-01 7.293286919593811035e-01 8.755937814712524414e-01 9.043112397193908691e-01 3.628098964691162109e-02 1.797294616699218750e-02 5.159713625907897949e-01 7.555997371673583984e-01 9.839701652526855469e-01 1.000000000000000000e+00 0.000000000000000000e+00 0.000000000000000000e+00
6.655091047286987305e-01 6.732504963874816895e-01 6.232368946075439453e-01 3.839546442031860352e-01 3.406533598899841309e-01 2.980530261993408203e-02 3.944905400276184082e-01 4.023658633232116699e-01 6.737571358680725098e-01 0.000000000000000000e+00 0.000000000000000000e+00 0.000000000000000000e+00
6.296294331550598145e-01 9.145298600196838379e-01 5.355624556541442871e-01 4.814667701721191406e-01 4.369515180587768555e-01 9.813575148582458496e-01 7.003404498100280762e-01 3.049294352531433105e-01 2.849413156509399414e-01 0.000000000000000000e+00 0.000000000000000000e+00 0.000000000000000000e+00
2.817679643630981445e-01 8.282456994056701660e-01 4.699099659919738770e-01 9.327501058578491211e-02 6.466472148895263672e-02 7.069649100303649902e-01 8.844597339630126953e-01 1.987802982330322266e-02 2.412616014480590820e-01 0.000000000000000000e+00 0.000000000000000000e+00 0.000000000000000000e+00
6.044140458106994629e-01 5.220740437507629395e-01 4.395575523376464844e-01 1.531020402908325195e-01 7.411044836044311523e-01 9.868128299713134766e-01 4.675060510635375977e-01 5.036282539367675781e-01 2.935763597488403320e-01 0.000000000000000000e+00 1.000000000000000000e+00 0.000000000000000000e+00
9.613603949546813965e-01 3.040543198585510254e-01 2.118045687675476074e-01 8.678450584411621094e-01 7.660856246948242188e-01 4.165391921997070312e-01 5.801075100898742676e-01 4.174402356147766113e-01 5.020852088928222656e-01 1.000000000000000000e+00 1.000000000000000000e+00 1.000000000000000000e+00
9.079495668411254883e-01 5.926016569137573242e-01 9.885306954383850098e-01 4.429411888122558594e-01 2.704296112060546875e-01 1.221928000450134277e-01 4.616808891296386719e-02 5.663508176803588867e-02 7.076273560523986816e-01 0.000000000000000000e+00 0.000000000000000000e+00 0.000000000000000000e+00
9.916700124740600586e-01 7.288777828216552734e-02 6.354066133499145508e-01 7.652246356010437012e-01 7.972114682197570801e-01 6.767749786376953125e-03 4.009531140327453613e-01 7.453655004501342773e-01 4.233697652816772461e-01 0.000000000000000000e+00 0.000000000000000000e+00 0.000000000000000000e+00
9.939058423042297363e-01 4.448597431182861328e-01 6.393202543258666992e-01 9.214934706687927246e-01 8.770332336425781250e-01 2.257327437400817871e-01 6.931864023208618164e-01 6.183390617370605469e-01 2.075952887535095215e-01 0.000000000000000000e+00 1.000000000000000000e+00 0.000000000000000000e+00
5.897959470748901367e-01 6.885936856269836426e-01 1.787894964218139648e-02 1.428326368331909180e-01 1.844863295555114746e-01 3.931641578674316406e-03 5.283361077308654785e-01 4.764069914817810059e-01 1.274796128273010254e-01 0.000000000000000000e+00 1.000000000000000000e+00 0.000000000000000000e+00
9.013408422470092773e-01 3.552978634834289551e-01 3.951209783554077148e-01 7.474227547645568848e-01 6.961538195610046387e-01 4.829915165901184082e-01 1.509892344474792480e-01 7.888984084129333496e-01 7.672464847564697266e-02 0.000000000000000000e+00 0.000000000000000000e+00 0.000000000000000000e+00
6.517963409423828125e-01 6.641243696212768555e-01 1.691182255744934082e-01 4.198852181434631348e-01 6.902552247047424316e-01 6.850010752677917480e-01 1.205247640609741211e-02 9.961174130439758301e-01 7.298253774642944336e-01 0.000000000000000000e+00 0.000000000000000000e+00 0.000000000000000000e+00
9.817780256271362305e-01 3.145274519920349121e-01 8.284185528755187988e-01 7.579012513160705566e-01 1.738539338111877441e-01 1.161205768585205078e-02 4.199074506759643555e-01 7.194758653640747070e-01 5.736169815063476562e-01 0.000000000000000000e+00 0.000000000000000000e+00 0.000000000000000000e+00
9.126091003417968750e-01 7.656798958778381348e-01 9.065760374069213867e-01 4.104024171829223633e-01 9.203724861145019531e-01 1.797463297843933105e-01 2.671763896942138672e-01 3.976458311080932617e-01 2.721870541572570801e-01 0.000000000000000000e+00 0.000000000000000000e+00 0.000000000000000000e+00
4.787054359912872314e-01 3.780294060707092285e-01 7.620215415954589844e-02 4.873729348182678223e-01 3.192833662033081055e-01 4.916186928749084473e-01 6.884134411811828613e-01 4.409672021865844727e-01 5.782777070999145508e-01 1.000000000000000000e+00 0.000000000000000000e+00 0.000000000000000000e+00
6.222062110900878906e-01 5.141503214836120605e-01 1.318364739418029785e-01 2.018182277679443359e-01 6.909968256950378418e-01 7.358387708663940430e-01 8.943417668342590332e-01 8.929426074028015137e-01 3.308475613594055176e-01 0.000000000000000000e+00 0.000000000000000000e+00 0.000000000000000000e+00
4.752373397350311279e-01 2.737144231796264648e-01 5.268346667289733887e-01 1.758285164833068848e-01 6.416864991188049316e-01 5.009913444519042969e-01 1.271088123321533203e-01 7.932102084159851074e-01 8.392000794410705566e-01 1.000000000000000000e+00 0.000000000000000000e+00 0.000000000000000000e+00
8.750224113464355469e-01 1.333143711090087891e-01 1.994431018829345703e-01 4.651665091514587402e-01 7.866637706756591797e-01 7.190363407135009766e-01 6.846155524253845215e-01 5.062603354454040527e-01 6.326169967651367188e-01 0.000000000000000000e+00 0.000000000000000000e+00 0.000000000000000000e+00
8.584195375442504883e-01 5.069856047630310059e-01 8.228466510772705078e-01 6.696978211402893066e-01 6.580173969268798828e-01 5.657564401626586914e-01 4.834113121032714844e-01 7.061702013015747070e-01 8.592674732208251953e-01 0.000000000000000000e+00 0.000000000000000000e+00 0.000000000000000000e+00
9.932835102081298828e-01 4.704691767692565918e-01 7.755314707756042480e-01 8.636379241943359375e-01 4.755778312683105469e-01 3.146374225616455078e-02 4.855733513832092285e-01 5.280277729034423828e-01 6.693484783172607422e-01 0.000000000000000000e+00 1.000000000000000000e+00 0.000000000000000000e+00
5.602053403854370117e-01 9.244596362113952637e-01 8.645240068435668945e-01 3.279509544372558594e-01 8.751894235610961914e-01 6.801288723945617676e-01 8.484520316123962402e-01 8.877177238464355469e-01 6.089037656784057617e-01 1.000000000000000000e+00 0.000000000000000000e+00 0.000000000000000000e+00
2.876322567462921143e-01 2.380943894386291504e-01 3.499442338943481445e-01 3.368278145790100098e-01 6.605457067489624023e-01 5.698951482772827148e-01 2.349606752395629883e-01 8.005195856094360352e-01 4.462946653366088867e-01 0.000000000000000000e+00 0.000000000000000000e+00 0.000000000000000000e+00
2.162551432847976685e-01 5.109023451805114746e-01 4.177602529525756836e-01 2.602484822273254395e-01 5.888676643371582031e-02 6.704791188240051270e-01 5.483635663986206055e-01 5.929509997367858887e-01 8.926873803138732910e-01 0.000000000000000000e+00 0.000000000000000000e+00 0.000000000000000000e+00
6.430786848068237305e-01 3.370004892349243164e-01 9.914833307266235352e-02 2.777872681617736816e-01 8.378605246543884277e-01 4.227979779243469238e-01 3.333066105842590332e-01 4.829913973808288574e-01 2.428047060966491699e-01 0.000000000000000000e+00 0.000000000000000000e+00 0.000000000000000000e+00
6.361272335052490234e-01 1.860173344612121582e-01 4.793447852134704590e-01 4.247800111770629883e-01 6.153435111045837402e-01 3.498071432113647461e-01 3.516089916229248047e-02 1.099401116371154785e-01 3.840502500534057617e-01 0.000000000000000000e+00 0.000000000000000000e+00 0.000000000000000000e+00
3.068082630634307861e-01 5.377614498138427734e-01 3.458875417709350586e-02 4.678546786308288574e-01 2.003474831581115723e-01 1.574658751487731934e-01 1.216409206390380859e-01 5.899777412414550781e-01 8.261902332305908203e-01 1.000000000000000000e+00 0.000000000000000000e+00 0.000000000000000000e+00
5.710287094116210938e-01 6.384548544883728027e-01 8.223229050636291504e-01 1.318311691284179688e-02 9.068592190742492676e-01 7.528678774833679199e-01 4.592047929763793945e-01 6.714543700218200684e-01 3.254702687263488770e-01 1.000000000000000000e+00 1.000000000000000000e+00 1.000000000000000000e+00
9.764580726623535156e-01 3.985359072685241699e-01 4.874067902565002441e-01 9.002534747123718262e-01 3.637213706970214844e-01 3.164431452751159668e-01 9.189237356185913086e-01 6.933779716491699219e-01 5.518578290939331055e-01 0.000000000000000000e+00 0.000000000000000000e+00 0.000000000000000000e+00
9.781030416488647461e-01 1.415556669235229492e-02 7.476303577423095703e-01 6.121901273727416992e-01 2.367789745330810547e-01 2.827502489089965820e-01 1.717897057533264160e-01 9.912125468254089355e-01 1.495232582092285156e-01 0.000000000000000000e+00 0.000000000000000000e+00 0.000000000000000000e+00
9.328019618988037109e-01 4.795504212379455566e-01 8.503340482711791992e-01 5.525511503219604492e-01 5.803878307342529297e-01 5.658972263336181641e-02 9.718128442764282227e-01 2.810274958610534668e-01 9.465260505676269531e-01 0.000000000000000000e+00 0.000000000000000000e+00 0.000000000000000000e+00
6.700713932514190674e-02 1.792975664138793945e-01 2.010316848754882812e-01 2.194364666938781738e-01 1.171427965164184570e-01 2.164428830146789551e-01 7.293735146522521973e-01 4.745792746543884277e-01 5.113315582275390625e-02 0.000000000000000000e+00 1.000000000000000000e+00 0.000000000000000000e+00
3.712721467018127441e-01 8.782448172569274902e-01 2.023370862007141113e-01 8.047310113906860352e-01 1.127308607101440430e-01 8.659359216690063477e-01 4.557387232780456543e-01 8.300043940544128418e-01 2.348273992538452148e-01 0.000000000000000000e+00 0.000000000000000000e+00 0.000000000000000000e+00
3.436661362648010254e-01 5.679912567138671875e-01 9.916856288909912109e-01 1.674915552139282227e-01 5.484652519226074219e-02 7.977117896080017090e-01 7.041509747505187988e-01 8.176511526107788086e-01 2.439188957214355469e-02 1.000000000000000000e+00 0.000000000000000000e+00 0.000000000000000000e+00
9.357373118400573730e-01 4.539861083030700684e-01 2.360051870346069336e-01 7.288776040077209473e-01 9.497154951095581055e-01 9.586153030395507812e-01 8.544132113456726074e-01 7.202304601669311523e-01 1.520938277244567871e-01 0.000000000000000000e+00 1.000000000000000000e+00 0.000000000000000000e+00
6.876285672187805176e-01 2.391850948333740234e-02 5.154230594635009766e-01 1.960390210151672363e-01 4.828505516052246094e-01 8.947324156761169434e-01 2.476566433906555176e-01 2.198246121406555176e-01 2.784981727600097656e-01 1.000000000000000000e+00 0.000000000000000000e+00 0.000000000000000000e+00
9.162060022354125977e-01 2.716279625892639160e-01 7.762336134910583496e-01 5.478627681732177734e-01 6.412042379379272461e-01 3.247015476226806641e-01 6.632310152053833008e-02 1.995037794113159180e-01 4.868960976600646973e-01 0.000000000000000000e+00 0.000000000000000000e+00 0.000000000000000000e+00
9.705955386161804199e-01 3.669073581695556641e-01 4.858701229095458984e-01 7.738892436027526855e-01 9.382833242416381836e-01 8.701496124267578125e-01 2.046967744827270508e-01 7.397627830505371094e-01 7.620674371719360352e-01 0.000000000000000000e+00 0.000000000000000000e+00 0.000000000000000000e+00
6.014416217803955078e-01 4.618223905563354492e-01 7.480143308639526367e-01 1.079655885696411133e-01 8.146020770072937012e-01 2.613811492919921875e-01 8.213147521018981934e-01 2.644280195236206055e-01 6.072666645050048828e-01 0.000000000000000000e+00 0.000000000000000000e+00 0.000000000000000000e+00
9.991629123687744141e-01 6.070792675018310547e-03 8.479973673820495605e-01 9.788255095481872559e-01 6.658665537834167480e-01 3.716398477554321289e-01 9.972457885742187500e-01 1.455783843994140625e-01 1.756607890129089355e-01 0.000000000000000000e+00 1.000000000000000000e+00 0.000000000000000000e+00
6.498702168464660645e-01 7.504091858863830566e-01 8.592066168785095215e-01 3.254923224449157715e-01 9.253954887390136719e-01 6.755339503288269043e-01 7.813233137130737305e-02 2.793575525283813477e-01 8.730681538581848145e-01 0.000000000000000000e+00 0.000000000000000000e+00 0.000000000000000000e+00
4.795678257942199707e-01 7.527295947074890137e-01 4.057969450950622559e-01 3.070670366287231445e-01 6.071145534515380859e-01 4.322232007980346680e-01 4.731565713882446289e-02 9.246911406517028809e-01 9.962633848190307617e-01 0.000000000000000000e+00 0.000000000000000000e+00 0.000000000000000000e+00
1.234255433082580566e-01 5.659016370773315430e-01 3.226853609085083008e-01 1.476139426231384277e-01 6.964038610458374023e-01 8.300961256027221680e-01 6.684851646423339844e-02 3.589171171188354492e-02 7.522763609886169434e-01 0.000000000000000000e+00 0.000000000000000000e+00 0.000000000000000000e+00
9.513475894927978516e-01 6.222935318946838379e-01 6.550071239471435547e-01 7.668684720993041992e-01 7.314448356628417969e-01 8.366745710372924805e-02 2.923857569694519043e-01 9.981723427772521973e-01 5.943418741226196289e-01 0.000000000000000000e+00 0.000000000000000000e+00 0.000000000000000000e+00
7.565538287162780762e-01 3.106620907783508301e-01 5.475791692733764648e-01 3.892698287963867188e-01 7.118604183197021484e-01 1.808413267135620117e-01 5.414732694625854492e-01 2.719344496726989746e-01 2.426632046699523926e-01 0.000000000000000000e+00 0.000000000000000000e+00 0.000000000000000000e+00
9.372838735580444336e-01 4.076997637748718262e-01 2.628392577171325684e-01 7.215748429298400879e-01 7.329415082931518555e-01 3.896130323410034180e-01 1.355885267257690430e-01 6.441450715065002441e-01 3.465811014175415039e-01 1.000000000000000000e+00 0.000000000000000000e+00 0.000000000000000000e+00
2.684458494186401367e-01 8.364081382751464844e-01 2.222238779067993164e-01 4.119414091110229492e-02 2.114813923835754395e-01 3.401938080787658691e-01 3.280999064445495605e-01 7.156255245208740234e-01 3.105348348617553711e-01 0.000000000000000000e+00 1.000000000000000000e+00 0.000000000000000000e+00
8.764828443527221680e-01 6.941026449203491211e-02 3.426719903945922852e-01 2.669630646705627441e-01 8.899079561233520508e-01 9.873353242874145508e-01 9.632694125175476074e-01 3.812689781188964844e-01 9.414499998092651367e-01 0.000000000000000000e+00 0.000000000000000000e+00 0.000000000000000000e+00
9.590302705764770508e-01 1.000159382820129395e-01 9.144158959388732910e-01 4.529363512992858887e-01 2.933028340339660645e-01 7.701218128204345703e-03 7.007716298103332520e-01 7.149400115013122559e-01 8.867251276969909668e-01 0.000000000000000000e+00 0.000000000000000000e+00 0.000000000000000000e+00
2.289879769086837769e-01 7.231556773185729980e-01 3.178979754447937012e-01 1.817961931228637695e-01 5.965421795845031738e-01 9.345954060554504395e-01 4.709084033966064453e-01 1.097571849822998047e-01 6.135612726211547852e-02 0.000000000000000000e+00 1.000000000000000000e+00 0.000000000000000000e+00
8.758037686347961426e-01 3.121627569198608398e-01 6.333504915237426758e-01 3.407410979270935059e-01 8.128099441528320312e-01 1.733273267745971680e-01 7.876459360122680664e-01 1.260662078857421875e-01 6.008192896842956543e-01 0.000000000000000000e+00 0.000000000000000000e+00 0.000000000000000000e+00
7.792766094207763672e-01 6.942459344863891602e-01 1.682220697402954102e-01 6.554769873619079590e-01 7.449086308479309082e-01 8.227140307426452637e-01 2.711874246597290039e-02 5.131595730781555176e-01 6.665930151939392090e-01 0.000000000000000000e+00 0.000000000000000000e+00 0.000000000000000000e+00
3.201147615909576416e-01 5.989071726799011230e-01 3.408110141754150391e-01 3.152216076850891113e-01 3.618177175521850586e-01 3.256427645683288574e-01 2.607125639915466309e-01 3.497288823127746582e-01 7.893225550651550293e-01 1.000000000000000000e+00 1.000000000000000000e+00 1.000000000000000000e+00
1.990389823913574219e-01 9.654372930526733398e-01 7.231739759445190430e-01 3.395711779594421387e-01 5.908012390136718750e-04 7.392612099647521973e-01 4.927600026130676270e-01 2.293766140937805176e-01 6.860768198966979980e-01 0.000000000000000000e+00 0.000000000000000000e+00 0.000000000000000000e+00
6.991395354270935059e-01 6.535272002220153809e-01 8.721666932106018066e-01 4.525468349456787109e-01 4.595797657966613770e-01 3.325135707855224609e-01 1.124403476715087891e-01 7.395412921905517578e-01 9.859173297882080078e-01 0.000000000000000000e+00 0.000000000000000000e+00 0.000000000000000000e+00
6.592364907264709473e-01 3.448504209518432617e-01 6.723828911781311035e-01 5.091878771781921387e-01 2.931361794471740723e-01 2.571396827697753906e-01 4.872602224349975586e-01 7.516086697578430176e-01 6.409395933151245117e-01 0.000000000000000000e+00 0.000000000000000000e+00 0.000000000000000000e+00
4.430895149707794189e-01 6.857820749282836914e-01 9.416532516479492188e-02 1.331561803817749023e-01 4.443279504776000977e-01 1.250345706939697266e-01 8.253693580627441406e-03 2.264595031738281250e-02 2.685388326644897461e-01 0.000000000000000000e+00 0.000000000000000000e+00 0.000000000000000000e+00
4.942999482154846191e-01 8.365445733070373535e-01 7.390557527542114258e-01 1.687858104705810547e-01 9.838941693305969238e-01 8.893066048622131348e-01 5.011062026023864746e-01 1.099498867988586426e-01 5.829358696937561035e-01 1.000000000000000000e+00 0.000000000000000000e+00 0.000000000000000000e+00
4.670591354370117188e-01 8.048790693283081055e-01 2.499791979789733887e-01 7.450930476188659668e-01 9.359842538833618164e-02 4.765631556510925293e-01 6.752011775970458984e-01 2.208707332611083984e-01 5.323962569236755371e-01 0.000000000000000000e+00 0.000000000000000000e+00 0.000000000000000000e+00
5.202070474624633789e-01 8.882489204406738281e-01 5.274545550346374512e-01 5.083346366882324219e-02 8.448579907417297363e-01 5.668106675148010254e-01 7.453746199607849121e-01 5.713323354721069336e-01 5.190134048461914062e-01 1.000000000000000000e+00 0.000000000000000000e+00 0.000000000000000000e+00
3.966628909111022949e-01 4.542109370231628418e-01 4.659532904624938965e-01 2.768950462341308594e-01 4.301375150680541992e-01 6.427302360534667969e-01 2.038081288337707520e-01 2.316490411758422852e-01 7.751958370208740234e-01 1.000000000000000000e+00 1.000000000000000000e+00 1.000000000000000000e+00
7.893645763397216797e-01 2.707672119140625000e-02 8.486300706863403320e-02 4.094347357749938965e-01 6.803719401359558105e-01 9.019706249237060547e-01 5.282123684883117676e-01 7.549179792404174805e-01 3.854151368141174316e-01 0.000000000000000000e+00 0.000000000000000000e+00 0.000000000000000000e+00
3.832909762859344482e-01 5.024262666702270508e-01 3.192410469055175781e-01 5.729323625564575195e-01 1.896637678146362305e-02 3.787895441055297852e-01 5.304080247879028320e-02 2.777884602546691895e-01 5.576310753822326660e-01 0.000000000000000000e+00 0.000000000000000000e+00 0.000000000000000000e+00
5.034081339836120605e-01 4.620529413223266602e-01 7.231641411781311035e-01 5.350967049598693848e-01 1.972221732139587402e-01 4.017054438591003418e-01 5.070457458496093750e-01 3.396124839782714844e-01 8.638288378715515137e-01 1.000000000000000000e+00 0.000000000000000000e+00 0.000000000000000000e+00
7.406258583068847656e-01 6.263900995254516602e-01 1.547613739967346191e-01 7.255443334579467773e-01 4.495598673820495605e-01 2.924950122833251953e-01 4.918399453163146973e-01 3.921438455581665039e-01 7.238299846649169922e-01 0.000000000000000000e+00 0.000000000000000000e+00 0.000000000000000000e+00
5.529493093490600586e-01 8.918793797492980957e-01 2.341434359550476074e-01 6.639876365661621094e-01 4.844636321067810059e-01 8.971685171127319336e-01 6.402885317802429199e-01 5.648213028907775879e-01 8.666801452636718750e-02 0.000000000000000000e+00 1.000000000000000000e+00 0.000000000000000000e+00
9.298126697540283203e-01 4.249754548072814941e-01 6.382569670677185059e-01 8.202864527702331543e-01 3.963461518287658691e-01 4.196161627769470215e-01 6.847928166389465332e-01 4.500596523284912109e-01 6.058132052421569824e-01 1.000000000000000000e+00 0.000000000000000000e+00 0.000000000000000000e+00
8.141898512840270996e-01 9.494913816452026367e-01 4.632164835929870605e-01 3.220973610877990723e-01 9.485023617744445801e-01 1.910580396652221680e-01 8.464019298553466797e-01 9.397440552711486816e-01 5.642436146736145020e-01 0.000000000000000000e+00 0.000000000000000000e+00 0.000000000000000000e+00
7.606908679008483887e-01 8.870373964309692383e-01 5.496939420700073242e-01 8.456269502639770508e-01 2.835509181022644043e-01 3.194575905799865723e-01 4.506844878196716309e-01 8.568711876869201660e-01 4.492124915122985840e-01 0.000000000000000000e+00 0.000000000000000000e+00 0.000000000000000000e+00
9.362606406211853027e-01 3.870313763618469238e-01 8.178415894508361816e-01 5.615372061729431152e-01 4.139017462730407715e-01 1.431671380996704102e-01 2.928206920623779297e-01 2.817705869674682617e-01 1.272882819175720215e-01 1.000000000000000000e+00 1.000000000000000000e+00 1.000000000000000000e+00
5.775110125541687012e-01 3.200792074203491211e-01 8.893676996231079102e-01 5.972734093666076660e-01 7.746398448944091797e-03 9.859930872917175293e-01 3.804986476898193359e-01 8.129706382751464844e-01 2.317779660224914551e-01 0.000000000000000000e+00 0.000000000000000000e+00 0.000000000000000000e+00
9.246234893798828125e-01 7.194913625717163086e-01 4.798853397369384766e-01 7.652006149291992188e-01 7.785089015960693359e-01 1.380459666252136230e-01 5.074551701545715332e-01 7.101863622665405273e-01 4.614577293395996094e-01 0.000000000000000000e+00 0.000000000000000000e+00 0.000000000000000000e+00
7.621099352836608887e-01 5.313478708267211914e-01 7.678108811378479004e-01 4.326710700988769531e-01 8.222752809524536133e-01 8.555091023445129395e-01 4.862610101699829102e-01 4.803089499473571777e-01 2.621715664863586426e-01 0.000000000000000000e+00 0.000000000000000000e+00 0.000000000000000000e+00
9.744799733161926270e-01 1.569204330444335938e-01 9.077622890472412109e-01 5.970809459686279297e-01 6.718230247497558594e-02 1.680240631103515625e-01 4.634925127029418945e-01 6.173017621040344238e-01 7.716872096061706543e-01 0.000000000000000000e+00 0.000000000000000000e+00 0.000000000000000000e+00
9.336467385292053223e-01 1.669069528579711914e-01 7.905900478363037109e-01 3.676859140396118164e-01 6.145560741424560547e-01 4.863053560256958008e-01 1.577481627464294434e-01 1.889827847480773926e-01 2.843737006187438965e-01 1.000000000000000000e+00 1.000000000000000000e+00 1.000000000000000000e+00
7.801686525344848633e-01 3.840990662574768066e-01 7.035748362541198730e-01 8.536838889122009277e-01 1.687791347503662109e-01 5.389739871025085449e-01 2.641236186027526855e-01 7.077553868293762207e-01 8.648074865341186523e-01 1.000000000000000000e+00 0.000000000000000000e+00 0.000000000000000000e+00
5.889880657196044922e-01 6.642781496047973633e-01 9.674740433692932129e-01 1.551449298858642578e-01 7.637565135955810547e-01 3.698900341987609863e-01 8.331881761550903320e-01 5.614058375358581543e-01 5.298424363136291504e-01 0.000000000000000000e+00 0.000000000000000000e+00 0.000000000000000000e+00
7.133201956748962402e-01 6.588875055313110352e-01 4.292656779289245605e-01 4.390780329704284668e-01 7.439468502998352051e-01 1.654982566833496094e-01 5.575519204139709473e-01 7.867739796638488770e-01 4.015055298805236816e-01 1.000000000000000000e+00 0.000000000000000000e+00 0.000000000000000000e+00
6.050019860267639160e-01 4.524071216583251953e-01 6.405963301658630371e-01 6.703616380691528320e-01 7.131534814834594727e-02 1.110596656799316406e-01 9.829490780830383301e-01 7.778607010841369629e-01 4.100674986839294434e-01 1.000000000000000000e+00 0.000000000000000000e+00 0.000000000000000000e+00
7.426228523254394531e-01 1.712739467620849609e-03 6.923809647560119629e-01 8.361661434173583984e-02 1.806813478469848633e-02 1.341282725334167480e-01 9.033436179161071777e-01 2.947270870208740234e-02 1.114462614059448242e-01 1.000000000000000000e+00 0.000000000000000000e+00 0.000000000000000000e+00
9.338166713714599609e-01 3.843024373054504395e-01 2.112250328063964844e-01 9.988022446632385254e-01 1.531884074211120605e-01 9.175031185150146484e-01 6.607258915901184082e-01 3.415302038192749023e-01 8.638262748718261719e-03 0.000000000000000000e+00 0.000000000000000000e+00 0.000000000000000000e+00
9.103582501411437988e-01 6.132822036743164062e-01 9.732675552368164062e-02 8.061206936836242676e-01 9.245437383651733398e-01 8.944365382194519043e-01 7.330951690673828125e-01 5.400643348693847656e-01 3.102046847343444824e-01 0.000000000000000000e+00 0.000000000000000000e+00 0.000000000000000000e+00
3.489446938037872314e-01 9.439918994903564453e-01 1.334271430969238281e-01 4.505414366722106934e-01 1.341866254806518555e-01 2.791361808776855469e-01 8.067339658737182617e-02 4.770095944404602051e-01 8.258914947509765625e-02 0.000000000000000000e+00 1.000000000000000000e+00 0.000000000000000000e+00
9.564333558082580566e-01 3.449815511703491211e-01 6.542968153953552246e-01 7.885336279869079590e-01 8.347057104110717773e-01 5.743377804756164551e-01 9.152980446815490723e-01 9.865093827247619629e-01 8.704692721366882324e-01 0.000000000000000000e+00 0.000000000000000000e+00 0.000000000000000000e+00
6.581782102584838867e-01 3.408895134925842285e-01 6.291952133178710938e-01 9.206652641296386719e-02 4.208073019981384277e-01 5.271999239921569824e-01 3.148052692413330078e-01 2.282567024230957031e-01 8.488533496856689453e-01 1.000000000000000000e+00 0.000000000000000000e+00 0.000000000000000000e+00
9.755858182907104492e-01 4.517043232917785645e-01 9.296554923057556152e-01 8.631510138511657715e-01 6.418339610099792480e-01 3.339505195617675781e-01 6.403391361236572266e-01 4.603552222251892090e-01 6.907962560653686523e-01 0.000000000000000000e+00 1.000000000000000000e+00 0.000000000000000000e+00
5.655022859573364258e-01 4.146103858947753906e-01 3.490638136863708496e-01 8.310129046440124512e-01 5.581957101821899414e-02 5.042482614517211914e-01 4.881501793861389160e-01 7.131955623626708984e-01 4.944796562194824219e-01 1.000000000000000000e+00 0.000000000000000000e+00 0.000000000000000000e+00
9.683293104171752930e-01 2.202151417732238770e-01 8.943231105804443359e-01 7.189230322837829590e-01 7.863091826438903809e-01 6.286999583244323730e-01 9.039632678031921387e-01 9.479178190231323242e-01 6.775140762329101562e-02 1.000000000000000000e+00 1.000000000000000000e+00 1.000000000000000000e+00
9.991131424903869629e-01 2.555739879608154297e-02 9.675997495651245117e-01 8.992339968681335449e-01 6.257297992706298828e-01 2.654491066932678223e-01 8.551347851753234863e-01 5.926709175109863281e-01 5.681719183921813965e-01 0.000000000000000000e+00 0.000000000000000000e+00 0.000000000000000000e+00
6.378134489059448242e-01 3.040700554847717285e-01 2.832199335098266602e-01 3.571609854698181152e-01 8.110406994819641113e-01 4.672231674194335938e-01 9.910110831260681152e-01 3.360998630523681641e-02 2.929556965827941895e-01 1.000000000000000000e+00 0.000000000000000000e+00 0.000000000000000000e+00
7.345503568649291992e-01 5.526511669158935547e-01 6.998223662376403809e-01 4.044108390808105469e-01 3.310497403144836426e-01 3.833270072937011719e-01 9.694620966911315918e-01 1.342623233795166016e-01 7.630602121353149414e-01 0.000000000000000000e+00 0.000000000000000000e+00 0.000000000000000000e+00
7.118866443634033203e-01 6.975730061531066895e-01 7.420585751533508301e-01 6.540930271148681641e-01 2.502140402793884277e-01 9.452837705612182617e-01 9.089487791061401367e-02 9.621252417564392090e-01 5.038236975669860840e-01 1.000000000000000000e+00 0.000000000000000000e+00 0.000000000000000000e+00
9.609684944152832031e-01 4.826256632804870605e-01 8.285230994224548340e-01 4.922156333923339844e-01 9.187207818031311035e-01 2.638987302780151367e-01 9.411031603813171387e-01 8.025162816047668457e-01 5.953086018562316895e-01 1.000000000000000000e+00 0.000000000000000000e+00 0.000000000000000000e+00
5.721518397331237793e-01 9.924463033676147461e-01 4.644771218299865723e-01 6.172078847885131836e-01 5.844492316246032715e-01 1.303704380989074707e-01 9.902201294898986816e-01 4.365193247795104980e-01 4.399119019508361816e-01 1.000000000000000000e+00 0.000000000000000000e+00 0.000000000000000000e+00
9.026508927345275879e-01 3.732807636260986328e-01 3.880000114440917969e-02 6.600704193115234375e-01 8.484250903129577637e-01 6.961221098899841309e-01 1.060513854026794434e-01 8.942926526069641113e-01 8.230970501899719238e-01 0.000000000000000000e+00 0.000000000000000000e+00 0.000000000000000000e+00
3.727430701255798340e-01 6.386054754257202148e-01 4.068964719772338867e-01 3.028659224510192871e-01 3.039386868476867676e-01 2.382699847221374512e-01 7.448731064796447754e-01 1.475552916526794434e-01 3.489105105400085449e-01 1.000000000000000000e+00 0.000000000000000000e+00 0.000000000000000000e+00
1.122737079858779907e-01 1.858144998550415039e-02 2.004990577697753906e-01 1.051071882247924805e-01 3.764842152595520020e-01 4.223417639732360840e-01 9.210204482078552246e-01 3.190669417381286621e-01 9.783062338829040527e-01 0.000000000000000000e+00 0.000000000000000000e+00 0.000000000000000000e+00
6.924841403961181641e-01 2.991400361061096191e-01 5.801737308502197266e-01 7.349460124969482422e-01 1.705628037452697754e-01 5.208100080490112305e-01 7.220099568367004395e-01 9.078256487846374512e-01 6.180241703987121582e-01 0.000000000000000000e+00 0.000000000000000000e+00 0.000000000000000000e+00
5.420623421669006348e-01 8.940961360931396484e-01 8.076733350753784180e-02 7.486228346824645996e-01 7.162261009216308594e-02 4.937937259674072266e-01 9.784076213836669922e-01 4.830466508865356445e-01 8.465260267257690430e-01 0.000000000000000000e+00 0.000000000000000000e+00 0.000000000000000000e+00
4.083718061447143555e-01 3.116801977157592773e-01 4.588586091995239258e-01 5.048758387565612793e-01 2.425462007522583008e-01 7.408589720726013184e-01 9.904672503471374512e-01 4.537388682365417480e-01 3.729943037033081055e-01 1.000000000000000000e+00 0.000000000000000000e+00 0.000000000000000000e+00
6.205894947052001953e-01 8.195969462394714355e-01 3.990874290466308594e-01 3.117074370384216309e-01 4.138754606246948242e-01 1.366467475891113281e-01 3.151396512985229492e-01 2.256240844726562500e-01 8.372174501419067383e-01 0.000000000000000000e+00 0.000000000000000000e+00 0.000000000000000000e+00
3.236602544784545898e-01 9.904853105545043945e-01 7.575862407684326172e-01 6.121356487274169922e-01 2.783243656158447266e-01 4.742659330368041992e-01 1.470141410827636719e-01 1.493457555770874023e-01 4.518589377403259277e-01 0.000000000000000000e+00 0.000000000000000000e+00 0.000000000000000000e+00
9.935430288314819336e-01 1.344285607337951660e-01 1.264350414276123047e-01 8.503987193107604980e-01 9.812297821044921875e-01 6.769344806671142578e-01 2.378861308097839355e-01 5.232098102569580078e-01 2.000115513801574707e-01 0.000000000000000000e+00 0.000000000000000000e+00 0.000000000000000000e+00
8.694806098937988281e-01 4.469895958900451660e-01 6.577381491661071777e-01 8.511778712272644043e-01 5.800480842590332031e-01 9.999096393585205078e-01 8.948730230331420898e-01 6.159995198249816895e-01 8.100997805595397949e-01 0.000000000000000000e+00 0.000000000000000000e+00 0.000000000000000000e+00
9.959264993667602539e-01 1.340029239654541016e-01 3.903315663337707520e-01 9.306687116622924805e-01 2.349116802215576172e-01 3.736554980278015137e-01 6.019353866577148438e-03 9.883273839950561523e-01 6.053529381752014160e-01 0.000000000000000000e+00 0.000000000000000000e+00 0.000000000000000000e+00
9.624361395835876465e-01 8.090882301330566406e-01 9.796699285507202148e-01 9.709999561309814453e-01 7.383072972297668457e-01 1.573625206947326660e-01 1.988101005554199219e-02 2.270606756210327148e-01 8.210806250572204590e-01 0.000000000000000000e+00 0.000000000000000000e+00 0.000000000000000000e+00
8.137189745903015137e-01 7.053933739662170410e-01 2.334883809089660645e-01 7.902657389640808105e-01 6.227104067802429199e-01 6.225344538688659668e-01 5.401294231414794922e-01 2.693075537681579590e-01 9.951450228691101074e-01 1.000000000000000000e+00 0.000000000000000000e+00 0.000000000000000000e+00
4.690421223640441895e-01 6.704872846603393555e-01 4.787915945053100586e-01 1.845067143440246582e-01 6.835147738456726074e-01 5.112437009811401367e-01 5.793218612670898438e-01 9.588478207588195801e-01 8.593565225601196289e-02 0.000000000000000000e+00 0.000000000000000000e+00 0.000000000000000000e+00
9.869402050971984863e-01 1.298084855079650879e-01 5.847811698913574219e-01 6.298400759696960449e-01 7.579273581504821777e-01 2.734148502349853516e-02 9.404110908508300781e-01 6.131484508514404297e-01 4.516540169715881348e-01 0.000000000000000000e+00 1.000000000000000000e+00 0.000000000000000000e+00
3.033087849617004395e-01 5.183089971542358398e-01 5.498657226562500000e-01 3.433857560157775879e-01 4.211219549179077148e-01 8.891127109527587891e-01 9.693822264671325684e-01 2.113045454025268555e-01 1.457489728927612305e-01 1.000000000000000000e+00 0.000000000000000000e+00 0.000000000000000000e+00
3.976263999938964844e-01 7.133143544197082520e-01 3.879181146621704102e-01 4.402029514312744141e-02 5.598337650299072266e-01 8.932425975799560547e-01 2.340424656867980957e-01 3.601102232933044434e-01 1.018117666244506836e-01 0.000000000000000000e+00 0.000000000000000000e+00 0.000000000000000000e+00
8.318060636520385742e-01 2.777858972549438477e-01 6.936128139495849609e-01 4.016906619071960449e-01 6.429479718208312988e-01 9.333272576332092285e-01 9.934765100479125977e-01 3.199820518493652344e-01 4.098243117332458496e-01 0.000000000000000000e+00 0.000000000000000000e+00 0.000000000000000000e+00
9.403884410858154297e-01 5.173535943031311035e-01 4.088515043258666992e-01 9.172770977020263672e-01 4.459746479988098145e-01 2.103096842765808105e-01 2.357760071754455566e-01 1.446705460548400879e-01 8.866139650344848633e-01 0.000000000000000000e+00 1.000000000000000000e+00 0.000000000000000000e+00
9.404663443565368652e-01 4.675426483154296875e-01 5.338248014450073242e-01 7.825338244438171387e-01 6.974745988845825195e-01 5.533679127693176270e-01 8.848001360893249512e-01 8.758041262626647949e-01 8.849295973777770996e-01 0.000000000000000000e+00 0.000000000000000000e+00 0.000000000000000000e+00
8.732368797063827515e-02 1.690971255302429199e-01 1.282675266265869141e-01 1.944787502288818359e-01 2.100162506103515625e-01 6.484715938568115234e-01 5.942831039428710938e-01 2.018284201622009277e-01 5.150054097175598145e-01 0.000000000000000000e+00 0.000000000000000000e+00 0.000000000000000000e+00
4.435507655143737793e-01 2.511762976646423340e-01 4.849556684494018555e-01 1.128864288330078125e-02 4.430472850799560547e-03 1.458249688148498535e-01 9.959643483161926270e-01 9.781681299209594727e-01 8.144427537918090820e-01 0.000000000000000000e+00 0.000000000000000000e+00 0.000000000000000000e+00
8.574815392494201660e-01 2.261418700218200684e-01 1.786377429962158203e-01 8.059816956520080566e-01 4.992641210556030273e-01 9.522579312324523926e-01 7.853367328643798828e-01 6.630845665931701660e-01 1.564323902130126953e-02 0.000000000000000000e+00 0.000000000000000000e+00 0.000000000000000000e+00
4.857787489891052246e-01 2.823245525360107422e-02 3.934800028800964355e-01 2.596670389175415039e-01 4.289689660072326660e-01 7.836464643478393555e-01 6.875410676002502441e-01 2.653512358665466309e-01 2.183665037155151367e-01 1.000000000000000000e+00 0.000000000000000000e+00 0.000000000000000000e+00
9.956087470054626465e-01 4.548466205596923828e-02 9.287734031677246094e-01 4.357023239135742188e-01 6.562651395797729492e-01 2.672880887985229492e-02 2.354437112808227539e-02 5.829908251762390137e-01 8.085349798202514648e-01 0.000000000000000000e+00 0.000000000000000000e+00 0.000000000000000000e+00
6.598493456840515137e-01 4.591971635818481445e-02 2.218985557556152344e-01 5.220195651054382324e-01 3.893474936485290527e-01 9.833219647407531738e-01 3.519017100334167480e-01 6.202968358993530273e-01 8.390091657638549805e-01 1.000000000000000000e+00 0.000000000000000000e+00 0.000000000000000000e+00
4.123987555503845215e-01 4.839921593666076660e-01 7.366480827331542969e-01 4.928611516952514648e-01 1.836217641830444336e-01 6.977262496948242188e-01 2.657865881919860840e-01 8.247628808021545410e-01 4.906781315803527832e-01 0.000000000000000000e+00 0.000000000000000000e+00 0.000000000000000000e+00
2.721330821514129639e-01 7.073101997375488281e-01 2.750037312507629395e-01 2.054294347763061523e-01 4.135288000106811523e-01 8.562183380126953125e-01 5.685317516326904297e-02 9.240074157714843750e-01 4.420301318168640137e-01 1.000000000000000000e+00 0.000000000000000000e+00 0.000000000000000000e+00
7.961310148239135742e-01 7.255943417549133301e-01 3.335537314414978027e-01 9.266115427017211914e-01 2.207761406898498535e-01 6.654555797576904297e-01 5.053074359893798828e-01 5.822573900222778320e-01 8.428246378898620605e-01 1.000000000000000000e+00 0.000000000000000000e+00 0.000000000000000000e+00
9.150679111480712891e-01 3.468866944313049316e-01 2.428490519523620605e-01 8.870497941970825195e-01 5.656206607818603516e-01 7.784712314605712891e-01 6.966499090194702148e-01 6.183041930198669434e-01 4.710914492607116699e-01 1.000000000000000000e+00 0.000000000000000000e+00 0.000000000000000000e+00
6.983975172042846680e-01 9.618449211120605469e-02 2.024454474449157715e-01 4.559639692306518555e-01 4.506549239158630371e-01 6.878845691680908203e-01 5.448501706123352051e-01 7.264803051948547363e-01 4.045605659484863281e-01 0.000000000000000000e+00 0.000000000000000000e+00 0.000000000000000000e+00
3.984510600566864014e-01 6.243329644203186035e-01 7.445868849754333496e-01 1.620731949806213379e-01 5.192009806632995605e-01 2.060407400131225586e-01 7.733143568038940430e-01 9.667796492576599121e-01 7.743521332740783691e-01 1.000000000000000000e+00 0.000000000000000000e+00 0.000000000000000000e+00
9.173482656478881836e-01 9.311982393264770508e-01 1.716909408569335938e-01 9.925118684768676758e-01 6.808640360832214355e-01 1.470243930816650391e-02 7.148538827896118164e-01 5.987835526466369629e-01 3.251468539237976074e-01 1.000000000000000000e+00 1.000000000000000000e+00 1.000000000000000000e+00
8.440405726432800293e-01 4.481588006019592285e-01 9.294428825378417969e-01 2.421241402626037598e-01 4.202947616577148438e-01 9.439313411712646484e-02 8.396736979484558105e-01 8.616780042648315430e-01 1.080655455589294434e-01 0.000000000000000000e+00 1.000000000000000000e+00 0.000000000000000000e+00
9.829749464988708496e-01 3.412344455718994141e-01 6.254196763038635254e-01 9.385090470314025879e-01 2.086289525032043457e-01 2.501658797264099121e-01 6.718222498893737793e-01 6.318994164466857910e-01 1.287510395050048828e-01 0.000000000000000000e+00 0.000000000000000000e+00 0.000000000000000000e+00
8.382109552621841431e-02 1.726687550544738770e-01 1.707098484039306641e-01 2.616375684738159180e-02 6.527304649353027344e-01 6.208240389823913574e-01 3.348797559738159180e-01 3.130071163177490234e-01 5.577472448348999023e-01 0.000000000000000000e+00 0.000000000000000000e+00 0.000000000000000000e+00
6.829204559326171875e-01 6.852139830589294434e-01 1.758134365081787109e-02 6.650550961494445801e-01 5.170205235481262207e-01 5.100080966949462891e-01 1.206047534942626953e-01 4.473425149917602539e-01 6.278318166732788086e-02 0.000000000000000000e+00 0.000000000000000000e+00 0.000000000000000000e+00
5.518665909767150879e-01 7.246981263160705566e-01 8.535780906677246094e-01 7.465100288391113281e-02 4.783257842063903809e-01 8.051313161849975586e-01 4.230862855911254883e-01 3.895807266235351562e-01 7.299928069114685059e-01 0.000000000000000000e+00 0.000000000000000000e+00 0.000000000000000000e+00
8.769692182540893555e-01 1.652166247367858887e-01 4.040581583976745605e-01 4.276379346847534180e-01 9.542340636253356934e-01 2.237824797630310059e-01 4.685265421867370605e-01 1.125785708427429199e-01 6.283464431762695312e-01 0.000000000000000000e+00 0.000000000000000000e+00 0.000000000000000000e+00
7.278344631195068359e-01 7.846875190734863281e-01 5.865744948387145996e-01 4.563243389129638672e-01 6.652193665504455566e-01 1.350271105766296387e-01 4.083667993545532227e-01 8.478862047195434570e-01 3.303335309028625488e-01 0.000000000000000000e+00 0.000000000000000000e+00 0.000000000000000000e+00
2.914969921112060547e-01 9.447245001792907715e-01 1.034975647926330566e-01 2.361486554145812988e-01 2.380772829055786133e-01 3.829498291015625000e-01 9.207760095596313477e-01 9.188543558120727539e-01 2.641896009445190430e-01 0.000000000000000000e+00 0.000000000000000000e+00 0.000000000000000000e+00
8.911671638488769531e-01 9.735686779022216797e-01 2.128113508224487305e-01 8.433748483657836914e-01 2.502998709678649902e-01 1.443110704421997070e-01 1.427644491195678711e-02 7.935118675231933594e-01 9.537822008132934570e-01 1.000000000000000000e+00 0.000000000000000000e+00 0.000000000000000000e+00
9.812976121902465820e-01 2.195446491241455078e-01 6.810986995697021484e-02 9.228243231773376465e-01 4.090662002563476562e-01 7.512633204460144043e-01 6.818497180938720703e-02 7.058497071266174316e-01 9.608217477798461914e-01 0.000000000000000000e+00 0.000000000000000000e+00 0.000000000000000000e+00
5.392500162124633789e-01 4.851138591766357422e-01 4.572051763534545898e-01 1.555123925209045410e-01 6.980783939361572266e-01 5.795234441757202148e-01 2.545065283775329590e-01 9.732754826545715332e-01 7.175068855285644531e-01 1.000000000000000000e+00 0.000000000000000000e+00 0.000000000000000000e+00
4.877512753009796143e-01 4.968556761741638184e-01 6.294439435005187988e-01 3.893083930015563965e-01 1.664822101593017578e-01 5.196464061737060547e-02 6.748294830322265625e-01 5.067476630210876465e-01 8.370468020439147949e-01 1.000000000000000000e+00 1.000000000000000000e+00 1.000000000000000000e+00
9.054286479949951172e-01 3.263560533523559570e-01 9.724024534225463867e-01 2.192839980125427246e-01 3.401909470558166504e-01 2.733058333396911621e-01 5.284696221351623535e-01 4.399547576904296875e-01 8.297744393348693848e-01 0.000000000000000000e+00 1.000000000000000000e+00 0.000000000000000000e+00
7.200179100036621094e-01 9.024771451950073242e-01 1.711694598197937012e-01 6.620368957519531250e-01 5.603616237640380859e-01 7.930804491043090820e-01 1.391015052795410156e-01 1.964707374572753906e-01 9.332897663116455078e-01 0.000000000000000000e+00 0.000000000000000000e+00 0.000000000000000000e+00
6.927618980407714844e-01 4.925537109375000000e-02 6.940699815750122070e-01 1.651744842529296875e-01 9.190773963928222656e-02 6.592407822608947754e-01 8.429145216941833496e-01 8.738795518875122070e-01 9.390527009963989258e-01 0.000000000000000000e+00 0.000000000000000000e+00 0.000000000000000000e+00
8.147698640823364258e-01 2.109025120735168457e-01 7.758893370628356934e-01 1.168693304061889648e-01 7.724782228469848633e-01 8.672859668731689453e-01 3.237789869308471680e-01 6.387770175933837891e-02 9.422671198844909668e-01 0.000000000000000000e+00 0.000000000000000000e+00 0.000000000000000000e+00
4.831117093563079834e-01 8.669741749763488770e-01 3.099462985992431641e-01 9.200167059898376465e-01 2.306640148162841797e-01 6.287748217582702637e-01 3.056652545928955078e-01 1.272761821746826172e-01 3.211008906364440918e-01 1.000000000000000000e+00 0.000000000000000000e+00 0.000000000000000000e+00
9.165984392166137695e-01 6.555903553962707520e-01 9.747402071952819824e-01 6.900947093963623047e-01 7.670986652374267578e-01 2.435256838798522949e-01 6.819111108779907227e-01 4.763965606689453125e-01 6.377418637275695801e-01 0.000000000000000000e+00 0.000000000000000000e+00 0.000000000000000000e+00
8.714978098869323730e-01 7.886546850204467773e-02 8.223613500595092773e-01 6.973707675933837891e-02 5.856096744537353516e-02 4.646156430244445801e-01 9.500360488891601562e-01 1.695206165313720703e-01 7.085013389587402344e-02 1.000000000000000000e+00 0.000000000000000000e+00 0.000000000000000000e+00
4.167108237743377686e-01 3.971939682960510254e-01 2.930952906608581543e-01 5.378285646438598633e-01 9.882402420043945312e-02 2.735566496849060059e-01 3.169177770614624023e-01 2.411883473396301270e-01 3.821445703506469727e-01 1.000000000000000000e+00 0.000000000000000000e+00 0.000000000000000000e+00
2.726903259754180908e-01 6.876081228256225586e-01 3.451150655746459961e-01 4.467412233352661133e-01 2.067915201187133789e-01 7.234275341033935547e-01 3.856012821197509766e-01 2.295206189155578613e-01 1.643511652946472168e-01 1.000000000000000000e+00 1.000000000000000000e+00 1.000000000000000000e+00
8.048773407936096191e-01 4.001609086990356445e-01 2.130688428878784180e-01 7.229294180870056152e-01 1.096001863479614258e-01 3.605907559394836426e-01 7.736339569091796875e-01 1.747767925262451172e-01 6.842496991157531738e-01 0.000000000000000000e+00 0.000000000000000000e+00 0.000000000000000000e+00
9.397392868995666504e-01 8.586346507072448730e-01 7.518243789672851562e-02 8.936103582382202148e-01 8.320253491401672363e-01 1.490024924278259277e-01 5.153548121452331543e-01 7.369558811187744141e-01 1.491701006889343262e-01 0.000000000000000000e+00 0.000000000000000000e+00 0.000000000000000000e+00
7.235342264175415039e-01 4.559728503227233887e-01 9.385630488395690918e-01 3.121119141578674316e-01 3.211942315101623535e-01 4.960697889328002930e-01 9.973166584968566895e-01 7.015180587768554688e-01 9.612202048301696777e-01 0.000000000000000000e+00 0.000000000000000000e+00 0.000000000000000000e+00
8.623837232589721680e-01 6.182357668876647949e-01 6.910800933837890625e-02 4.826849699020385742e-01 9.157608747482299805e-01 3.937619924545288086e-01 3.167935609817504883e-01 3.606319427490234375e-02 8.551412820816040039e-02 1.000000000000000000e+00 0.000000000000000000e+00 0.000000000000000000e+00
6.145740151405334473e-01 6.742406487464904785e-01 8.445302248001098633e-01 1.707669496536254883e-01 9.045166969299316406e-01 8.203960657119750977e-01 4.582586884498596191e-01 7.768017053604125977e-01 7.294064760208129883e-02 1.000000000000000000e+00 0.000000000000000000e+00 0.000000000000000000e+00
7.129995226860046387e-01 9.950955510139465332e-01 2.953151464462280273e-01 8.457387089729309082e-01 4.152004122734069824e-01 7.843187451362609863e-01 1.558122634887695312e-01 1.433795690536499023e-01 9.385001659393310547e-01 1.000000000000000000e+00 0.000000000000000000e+00 0.000000000000000000e+00
3.091090321540832520e-01 8.945293426513671875e-01 1.929503083229064941e-01 6.815534830093383789e-02 3.269594311714172363e-01 8.179650902748107910e-01 4.823703169822692871e-01 6.702556610107421875e-01 9.658530950546264648e-01 1.000000000000000000e+00 0.000000000000000000e+00 0.000000000000000000e+00
4.020003974437713623e-01 6.646384596824645996e-01 7.831627130508422852e-02 3.040271997451782227e-01 5.190811753273010254e-01 8.530434370040893555e-01 8.850538730621337891e-01 6.872275471687316895e-01 7.288936376571655273e-01 1.000000000000000000e+00 0.000000000000000000e+00 0.000000000000000000e+00
1.559682041406631470e-01 9.952567815780639648e-01 1.089595556259155273e-01 1.194956302642822266e-01 8.366006612777709961e-02 7.212420105934143066e-01 3.003795146942138672e-01 7.527156472206115723e-01 1.643323898315429688e-02 0.000000000000000000e+00 0.000000000000000000e+00 0.000000000000000000e+00
3.029195070266723633e-01 3.574697971343994141e-01 5.803692340850830078e-02 1.396450400352478027e-01 4.391967654228210449e-01 9.918908476829528809e-01 3.498888015747070312e-01 2.606831192970275879e-01 5.971028208732604980e-01 1.000000000000000000e+00 0.000000000000000000e+00 0.000000000000000000e+00
5.887293219566345215e-01 3.966245651245117188e-01 1.367637515068054199e-01 1.335564851760864258e-01 9.326312541961669922e-01 2.943688035011291504e-01 4.093408584594726562e-03 9.743347167968750000e-01 1.425250172615051270e-01 1.000000000000000000e+00 0.000000000000000000e+00 0.000000000000000000e+00
9.764541387557983398e-01 6.642256379127502441e-01 6.714366078376770020e-01 9.796773195266723633e-01 2.363083362579345703e-01 7.026869058609008789e-02 3.049521446228027344e-01 4.391118288040161133e-01 4.590319395065307617e-01 0.000000000000000000e+00 0.000000000000000000e+00 0.000000000000000000e+00
8.271284699440002441e-01 7.508374452590942383e-01 6.893693208694458008e-01 5.630497932434082031e-01 8.769658803939819336e-01 7.531954646110534668e-01 4.936581850051879883e-02 3.957338929176330566e-01 2.447932958602905273e-01 0.000000000000000000e+00 0.000000000000000000e+00 0.000000000000000000e+00
5.413406491279602051e-01 9.546941518783569336e-01 7.911192774772644043e-01 4.998275041580200195e-01 3.796759247779846191e-01 2.146374583244323730e-01 6.458493471145629883e-01 3.853416442871093750e-01 6.273502111434936523e-01 1.000000000000000000e+00 0.000000000000000000e+00 0.000000000000000000e+00
3.904066979885101318e-01 2.740711569786071777e-01 4.768118858337402344e-01 4.753910303115844727e-01 8.983147144317626953e-02 3.634491562843322754e-01 6.527227759361267090e-01 3.770140409469604492e-01 8.593822717666625977e-01 0.000000000000000000e+00 0.000000000000000000e+00 0.000000000000000000e+00
9.700254201889038086e-01 1.004201173782348633e-02 4.165951013565063477e-01 8.183888792991638184e-01 7.919247746467590332e-01 7.837483882904052734e-01 4.650431275367736816e-01 9.837673306465148926e-01 7.313641309738159180e-01 0.000000000000000000e+00 0.000000000000000000e+00 0.000000000000000000e+00
8.264648914337158203e-01 5.776752233505249023e-01 1.737576723098754883e-01 8.029573559761047363e-01 2.969545125961303711e-01 4.681383967399597168e-01 7.957152724266052246e-01 7.747945785522460938e-01 3.840834498405456543e-01 0.000000000000000000e+00 0.000000000000000000e+00 0.000000000000000000e+00
9.164223670959472656e-01 3.430249691009521484e-01 6.814134716987609863e-01 8.962957859039306641e-01 5.305586457252502441e-01 9.429479837417602539e-01 8.407686948776245117e-01 4.758892655372619629e-01 4.819327592849731445e-02 0.000000000000000000e+00 0.000000000000000000e+00 0.000000000000000000e+00
6.923109889030456543e-01 4.203428030014038086e-01 1.831813454627990723e-01 7.745636701583862305e-01 1.001774668693542480e-01 7.100544571876525879e-01 3.778113722801208496e-01 6.874959468841552734e-01 1.162568330764770508e-01 1.000000000000000000e+00 0.000000000000000000e+00 0.000000000000000000e+00
6.879036426544189453e-01 5.472725629806518555e-01 4.111084938049316406e-01 7.159419059753417969e-01 2.327060699462890625e-01 7.335879802703857422e-01 1.790198683738708496e-01 3.337746858596801758e-02 5.398982763290405273e-02 0.000000000000000000e+00 1.000000000000000000e+00 0.000000000000000000e+00
1.622989773750305176e-01 7.187676429748535156e-02 2.555430531501770020e-01 2.771377563476562500e-03 2.243552803993225098e-01 7.545229792594909668e-01 2.291050553321838379e-01 3.980376124382019043e-01 6.278251409530639648e-01 0.000000000000000000e+00 0.000000000000000000e+00 0.000000000000000000e+00
3.516992926597595215e-01 5.095651149749755859e-01 2.015657424926757812e-01 6.304442882537841797e-02 3.729226589202880859e-01 6.757615804672241211e-01 9.393920898437500000e-01 8.823822736740112305e-01 3.851106166839599609e-01 0.000000000000000000e+00 0.000000000000000000e+00 0.000000000000000000e+00
5.380146503448486328e-01 7.632826566696166992e-01 4.610779881477355957e-01 3.339425325393676758e-01 5.179839134216308594e-01 3.794963359832763672e-01 9.476638436317443848e-01 1.619580984115600586e-01 1.922868490219116211e-01 1.000000000000000000e+00 0.000000000000000000e+00 0.000000000000000000e+00
7.811688780784606934e-01 7.056288123130798340e-01 3.805011510848999023e-01 7.251728177070617676e-01 8.703358173370361328e-01 7.306466102600097656e-01 5.006013512611389160e-01 1.304353475570678711e-01 2.715499401092529297e-01 0.000000000000000000e+00 0.000000000000000000e+00 0.000000000000000000e+00
9.800472855567932129e-01 3.090632557868957520e-01 9.358699917793273926e-01 9.255585670471191406e-01 6.916813850402832031e-01 5.440716743469238281e-01 7.050158977508544922e-01 2.867020368576049805e-01 5.885695219039916992e-01 0.000000000000000000e+00 0.000000000000000000e+00 0.000000000000000000e+00
3.534359335899353027e-01 9.772608280181884766e-01 6.427702903747558594e-01 7.609156966209411621e-01 1.521053910255432129e-01 9.744064211845397949e-01 4.478493332862854004e-01 5.115663409233093262e-01 6.674491763114929199e-01 0.000000000000000000e+00 0.000000000000000000e+00 0.000000000000000000e+00
9.120988845825195312e-01 2.240290641784667969e-01 7.847298979759216309e-01 8.316890597343444824e-01 4.841597080230712891e-01 8.486316204071044922e-01 2.804137468338012695e-01 4.779389500617980957e-01 4.086133241653442383e-01 0.000000000000000000e+00 0.000000000000000000e+00 0.000000000000000000e+00
4.897533357143402100e-02 1.048793196678161621e-01 1.435600519180297852e-01 1.063308715820312500e-01 2.016757726669311523e-01 5.199411511421203613e-01 8.256256580352783203e-01 2.355037331581115723e-01 1.976947784423828125e-01 0.000000000000000000e+00 1.000000000000000000e+00 0.000000000000000000e+00
3.858215510845184326e-01 6.855576038360595703e-01 1.671910285949707031e-03 4.178439974784851074e-01 4.673632383346557617e-01 9.960693717002868652e-01 3.224098682403564453e-01 3.370491862297058105e-01 7.246400117874145508e-01 0.000000000000000000e+00 1.000000000000000000e+00 0.000000000000000000e+00
2.038915455341339111e-01 5.009874105453491211e-01 1.871955990791320801e-01 2.157433032989501953e-01 8.287942409515380859e-02 1.394068598747253418e-01 5.710014104843139648e-01 5.562138557434082031e-02 8.034526705741882324e-01 0.000000000000000000e+00 0.000000000000000000e+00 0.000000000000000000e+00
2.038654834032058716e-01 5.513989925384521484e-02 3.658501505851745605e-01 3.775357604026794434e-01 1.756207346916198730e-01 6.062235236167907715e-01 5.156087279319763184e-01 5.495230555534362793e-01 5.001682043075561523e-02 0.000000000000000000e+00 0.000000000000000000e+00 0.000000000000000000e+00
6.481398940086364746e-01 4.611693620681762695e-01 4.945719242095947266e-02 3.804847598075866699e-01 8.068333864212036133e-01 1.511816382408142090e-01 1.613515019416809082e-01 1.376811861991882324e-01 9.235201478004455566e-01 0.000000000000000000e+00 1.000000000000000000e+00 0.000000000000000000e+00
7.619593143463134766e-01 7.546300292015075684e-01 1.514609456062316895e-01 9.212487936019897461e-01 2.380602955818176270e-01 8.940291404724121094e-02 9.218066334724426270e-01 1.162859797477722168e-01 3.677306175231933594e-01 0.000000000000000000e+00 0.000000000000000000e+00 0.000000000000000000e+00
7.732874155044555664e-01 4.145065546035766602e-01 2.125309705734252930e-01 4.969739913940429688e-01 6.589807271957397461e-01 2.222174406051635742e-01 4.354897737503051758e-01 8.608164191246032715e-01 2.325993776321411133e-02 0.000000000000000000e+00 1.000000000000000000e+00 0.000000000000000000e+00
6.849077939987182617e-01 5.690099596977233887e-01 7.009627223014831543e-01 6.251246333122253418e-01 4.614990949630737305e-02 1.401304006576538086e-01 6.430289745330810547e-01 6.222122907638549805e-01 7.802656292915344238e-01 0.000000000000000000e+00 0.000000000000000000e+00 0.000000000000000000e+00
7.517531514167785645e-01 7.594529390335083008e-01 7.502850294113159180e-01 7.835859656333923340e-01 5.391474366188049316e-01 8.043759465217590332e-01 9.522484540939331055e-01 5.996390581130981445e-01 6.680541038513183594e-01 0.000000000000000000e+00 0.000000000000000000e+00 0.000000000000000000e+00
1.814422011375427246e-01 2.855265140533447266e-01 3.377670049667358398e-01 1.239233613014221191e-01 4.300603270530700684e-01 4.100074768066406250e-01 7.891730070114135742e-01 8.068245649337768555e-02 4.816166162490844727e-01 0.000000000000000000e+00 1.000000000000000000e+00 0.000000000000000000e+00
8.008197546005249023e-01 5.879719853401184082e-01 1.008025407791137695e-01 3.596460819244384766e-01 9.638842940330505371e-01 1.415703892707824707e-01 6.305397152900695801e-01 8.709293007850646973e-01 4.368411302566528320e-01 1.000000000000000000e+00 0.000000000000000000e+00 0.000000000000000000e+00
6.321238875389099121e-01 5.620543360710144043e-01 9.136909842491149902e-01 4.302749037742614746e-01 6.857411265373229980e-01 8.359829783439636230e-01 9.465297460556030273e-01 9.186850190162658691e-01 4.518950581550598145e-01 0.000000000000000000e+00 0.000000000000000000e+00 0.000000000000000000e+00
9.744375944137573242e-01 2.794369459152221680e-01 7.796118855476379395e-01 9.603791832923889160e-01 4.791575670242309570e-02 2.961078882217407227e-01 5.949740409851074219e-01 4.887579083442687988e-01 8.100153207778930664e-01 0.000000000000000000e+00 0.000000000000000000e+00 0.000000000000000000e+00
5.612954497337341309e-01 8.922288417816162109e-01 3.156418204307556152e-01 7.908612489700317383e-01 2.455270290374755859e-02 5.105819702148437500e-01 4.852994084358215332e-01 4.358699321746826172e-01 5.263686776161193848e-01 0.000000000000000000e+00 0.000000000000000000e+00 0.000000000000000000e+00
7.306892871856689453e-01 7.733323574066162109e-01 9.712272882461547852e-01 5.467807650566101074e-01 1.613325476646423340e-01 9.033303856849670410e-01 1.795790791511535645e-01 4.689598679542541504e-01 5.769358873367309570e-01 0.000000000000000000e+00 0.000000000000000000e+00 0.000000000000000000e+00
9.684209823608398438e-01 4.108351469039916992e-02 8.054770231246948242e-01 5.669358372688293457e-01 6.314394474029541016e-01 3.860262632369995117e-01 2.457028627395629883e-01 9.374845027923583984e-02 5.012384653091430664e-01 0.000000000000000000e+00 1.000000000000000000e+00 0.000000000000000000e+00
4.042269885540008545e-01 8.010506033897399902e-01 1.817827224731445312e-01 5.522766709327697754e-01 9.726315736770629883e-02 3.850611448287963867e-01 1.998881101608276367e-01 8.582549691200256348e-01 4.019676446914672852e-01 0.000000000000000000e+00 0.000000000000000000e+00 0.000000000000000000e+00
8.868478983640670776e-02 8.638918399810791016e-01 8.880175352096557617e-01 1.421627402305603027e-01 4.228138923645019531e-02 5.904062390327453613e-01 7.625607848167419434e-01 4.738023877143859863e-01 1.787272095680236816e-01 0.000000000000000000e+00 1.000000000000000000e+00 0.000000000000000000e+00
2.753350138664245605e-01 3.064111471176147461e-01 1.500419378280639648e-01 3.514192104339599609e-01 3.504295945167541504e-01 8.929088711738586426e-01 1.222769618034362793e-01 4.234350919723510742e-01 6.691318154335021973e-01 0.000000000000000000e+00 0.000000000000000000e+00 0.000000000000000000e+00
5.378516912460327148e-01 9.285767078399658203e-01 5.488096475601196289e-01 5.527906417846679688e-01 5.455844402313232422e-01 3.386594057083129883e-01 2.876129150390625000e-01 7.990202903747558594e-01 3.551130890846252441e-01 0.000000000000000000e+00 0.000000000000000000e+00 0.000000000000000000e+00
1.777125298976898193e-01 1.133880019187927246e-01 1.154279708862304688e-01 2.393101453781127930e-01 3.682935237884521484e-01 2.589353322982788086e-01 7.086191177368164062e-01 7.389914393424987793e-01 6.953533887863159180e-01 0.000000000000000000e+00 0.000000000000000000e+00 0.000000000000000000e+00
3.950849473476409912e-01 8.171252608299255371e-01 4.388386011123657227e-01 2.682917714118957520e-01 7.357656955718994141e-02 8.822485208511352539e-01 3.109325170516967773e-01 4.037990570068359375e-01 9.515825510025024414e-01 1.000000000000000000e+00 0.000000000000000000e+00 0.000000000000000000e+00
3.919042348861694336e-01 7.435235381126403809e-01 9.167640209197998047e-01 2.479327321052551270e-01 1.497611999511718750e-01 2.988243699073791504e-01 2.677243351936340332e-01 2.225021719932556152e-01 5.553913116455078125e-01 1.000000000000000000e+00 0.000000000000000000e+00 0.000000000000000000e+00
5.306625962257385254e-01 4.046255350112915039e-02 1.046472191810607910e-01 3.885329961776733398e-01 2.163262963294982910e-01 6.578093767166137695e-01 8.041554093360900879e-01 2.975227832794189453e-01 8.364429473876953125e-01 1.000000000000000000e+00 0.000000000000000000e+00 0.000000000000000000e+00
9.744526743888854980e-01 1.217777729034423828e-01 9.267933368682861328e-01 6.049495935440063477e-01 5.364493727684020996e-01 4.046126008033752441e-01 1.482519507408142090e-01 6.280947923660278320e-01 9.858481884002685547e-01 0.000000000000000000e+00 0.000000000000000000e+00 0.000000000000000000e+00
5.319423675537109375e-01 7.803346514701843262e-01 1.331025362014770508e-02 9.928935766220092773e-02 7.084578871726989746e-01 2.909707427024841309e-01 4.059025049209594727e-01 4.068127274513244629e-01 9.584397673606872559e-01 0.000000000000000000e+00 0.000000000000000000e+00 0.000000000000000000e+00
7.530739307403564453e-01 6.434392333030700684e-01 1.064070463180541992e-01 3.802509307861328125e-01 8.859576582908630371e-01 8.916950225830078125e-01 2.328014373779296875e-02 9.714705944061279297e-01 4.110525250434875488e-01 0.000000000000000000e+00 0.000000000000000000e+00 0.000000000000000000e+00
9.047211408615112305e-01 8.570277690887451172e-01 1.779589653015136719e-01 4.861821532249450684e-01 9.545808434486389160e-01 6.392968893051147461e-01 6.207469701766967773e-01 4.864950180053710938e-01 8.315737843513488770e-01 0.000000000000000000e+00 0.000000000000000000e+00 0.000000000000000000e+00
3.217840194702148438e-01 3.679084777832031250e-01 4.974396824836730957e-01 1.030683517456054688e-01 4.918025732040405273e-01 3.551411628723144531e-02 4.861062765121459961e-01 8.994461894035339355e-01 1.765943169593811035e-01 0.000000000000000000e+00 1.000000000000000000e+00 0.000000000000000000e+00
4.088532924652099609e-01 2.471870779991149902e-01 6.655502319335937500e-02 4.229568839073181152e-01 4.612622857093811035e-01 7.606552243232727051e-01 1.145933866500854492e-01 6.425199508666992188e-01 8.821470141410827637e-01 0.000000000000000000e+00 0.000000000000000000e+00 0.000000000000000000e+00
3.778962790966033936e-01 6.770353913307189941e-01 3.437444567680358887e-01 4.094207882881164551e-01 2.873005270957946777e-01 4.134601354598999023e-01 4.610997438430786133e-01 6.504151821136474609e-01 1.453542709350585938e-01 1.000000000000000000e+00 1.000000000000000000e+00 1.000000000000000000e+00
9.854642748832702637e-01 3.954577445983886719e-02 4.934645891189575195e-01 9.441779255867004395e-01 2.482926845550537109e-01 5.865169763565063477e-01 2.973707914352416992e-01 5.006214380264282227e-01 1.909004449844360352e-01 0.000000000000000000e+00 0.000000000000000000e+00 0.000000000000000000e+00
5.642829537391662598e-01 5.526782274246215820e-01 2.119651436805725098e-01 7.350743412971496582e-01 1.521874666213989258e-01 4.650441408157348633e-01 3.874995708465576172e-01 2.415418624877929688e-03 6.268451213836669922e-01 0.000000000000000000e+00 0.000000000000000000e+00 0.000000000000000000e+00
3.342298269271850586e-01 5.101727247238159180e-01 1.094889640808105469e-02 1.806269884109497070e-01 7.082144021987915039e-01 4.151625633239746094e-01 2.150321602821350098e-01 1.420317888259887695e-01 2.156791687011718750e-01 1.000000000000000000e+00 0.000000000000000000e+00 0.000000000000000000e+00
8.856979012489318848e-01 2.134380936622619629e-01 2.278184294700622559e-01 8.527033925056457520e-01 4.723021984100341797e-01 9.080082178115844727e-01 1.240774989128112793e-01 7.906263470649719238e-01 9.804388284683227539e-01 0.000000000000000000e+00 0.000000000000000000e+00 0.000000000000000000e+00
9.515131115913391113e-01 3.271842598915100098e-01 1.106523275375366211e-01 7.377566695213317871e-01 9.425467252731323242e-01 5.982913374900817871e-01 7.545667290687561035e-01 9.320783615112304688e-02 9.330335259437561035e-01 0.000000000000000000e+00 1.000000000000000000e+00 0.000000000000000000e+00
9.916853904724121094e-01 1.088989973068237305e-01 2.836349606513977051e-01 7.379915714263916016e-01 7.788110375404357910e-01 3.097823262214660645e-01 7.195070981979370117e-01 5.812355875968933105e-01 5.822680592536926270e-01 0.000000000000000000e+00 0.000000000000000000e+00 0.000000000000000000e+00
9.322094321250915527e-01 2.039406299591064453e-01 6.037766933441162109e-01 7.336741685867309570e-02 9.464007616043090820e-01 3.485929965972900391e-02 9.612930417060852051e-01 6.546921730041503906e-01 3.150629997253417969e-01 0.000000000000000000e+00 1.000000000000000000e+00 0.000000000000000000e+00
4.941231310367584229e-01 8.231300115585327148e-01 9.359847903251647949e-01 3.258506059646606445e-01 5.660717487335205078e-01 9.697396755218505859e-01 1.529676914215087891e-01 7.131108045578002930e-01 7.490442395210266113e-01 0.000000000000000000e+00 0.000000000000000000e+00 0.000000000000000000e+00
7.728593945503234863e-01 7.439095973968505859e-01 9.107244014739990234e-02 2.642381191253662109e-01 7.861986756324768066e-01 4.355357885360717773e-01 6.699663400650024414e-02 9.288335442543029785e-01 9.359210729598999023e-02 1.000000000000000000e+00 0.000000000000000000e+00 0.000000000000000000e+00
9.472793936729431152e-01 1.653917431831359863e-01 7.786282300949096680e-01 3.049600124359130859e-01 8.520493507385253906e-01 7.632064819335937500e-01 3.505284190177917480e-01 7.476216554641723633e-01 6.514722704887390137e-01 1.000000000000000000e+00 0.000000000000000000e+00 0.000000000000000000e+00
9.439042210578918457e-01 1.821535825729370117e-02 7.027375102043151855e-01 4.465933442115783691e-01 7.883760333061218262e-01 3.322517275810241699e-01 7.302582859992980957e-01 2.254449725151062012e-01 6.016033291816711426e-01 0.000000000000000000e+00 1.000000000000000000e+00 0.000000000000000000e+00
3.317824602127075195e-01 6.596829891204833984e-01 4.380914568901062012e-01 1.548801660537719727e-01 4.933630228042602539e-01 4.386017918586730957e-01 8.887439966201782227e-01 2.584055066108703613e-01 4.461354613304138184e-01 0.000000000000000000e+00 1.000000000000000000e+00 0.000000000000000000e+00
9.102052450180053711e-01 5.365373492240905762e-01 1.433932781219482422e-01 8.388597965240478516e-01 8.392184972763061523e-01 8.343249559402465820e-01 8.724377155303955078e-01 7.266055345535278320e-01 1.508603096008300781e-01 0.000000000000000000e+00 0.000000000000000000e+00 0.000000000000000000e+00
5.977453589439392090e-01 4.081721305847167969e-01 6.746118068695068359e-01 1.064692735671997070e-01 8.448298573493957520e-01 7.939407229423522949e-01 3.879604339599609375e-01 8.538356423377990723e-01 9.052535891532897949e-01 1.000000000000000000e+00 0.000000000000000000e+00 0.000000000000000000e+00
8.201548457145690918e-01 8.301612734794616699e-01 5.493424534797668457e-01 7.849312424659729004e-01 3.340682983398437500e-01 2.145307660102844238e-01 5.287737846374511719e-01 5.263246893882751465e-01 8.652873635292053223e-01 0.000000000000000000e+00 0.000000000000000000e+00 0.000000000000000000e+00
9.279188513755798340e-01 4.354252815246582031e-01 3.900215029716491699e-01 9.424262046813964844e-01 2.178103923797607422e-01 6.499279737472534180e-01 3.103520870208740234e-01 5.721437931060791016e-02 9.546844363212585449e-01 0.000000000000000000e+00 1.000000000000000000e+00 0.000000000000000000e+00
7.985121607780456543e-01 4.104554057121276855e-01 7.260504961013793945e-01 5.131982564926147461e-01 2.190100550651550293e-01 2.104209661483764648e-01 2.147197723388671875e-03 7.391864061355590820e-01 3.283966779708862305e-01 0.000000000000000000e+00 0.000000000000000000e+00 0.000000000000000000e+00
1.813484281301498413e-01 4.770189523696899414e-02 2.655985951423645020e-01 1.022099256515502930e-01 1.776194572448730469e-01 7.915419340133666992e-02 4.914456605911254883e-02 4.278593063354492188e-01 6.014224886894226074e-01 0.000000000000000000e+00 1.000000000000000000e+00 0.000000000000000000e+00
9.262336492538452148e-01 9.622391462326049805e-01 7.150591611862182617e-01 5.769811272621154785e-01 9.884737133979797363e-01 7.422458529472351074e-01 9.067902565002441406e-01 8.926964998245239258e-01 9.415115118026733398e-01 0.000000000000000000e+00 0.000000000000000000e+00 0.000000000000000000e+00
9.537026286125183105e-01 3.825427889823913574e-01 6.174764037132263184e-01 9.796036481857299805e-01 3.754928708076477051e-01 6.298823952674865723e-01 5.454059243202209473e-01 3.359133005142211914e-01 7.939119935035705566e-01 0.000000000000000000e+00 1.000000000000000000e+00 0.000000000000000000e+00
9.011768102645874023e-01 4.326776266098022461e-01 6.101229786872863770e-01 8.769335746765136719e-01 6.209897994995117188e-01 9.272671341896057129e-01 5.081869363784790039e-01 9.242779016494750977e-01 1.723427772521972656e-01 0.000000000000000000e+00 0.000000000000000000e+00 0.000000000000000000e+00
2.232225537300109863e-01 9.325273036956787109e-01 5.802328586578369141e-01 4.117852449417114258e-01 2.984885573387145996e-01 4.186686277389526367e-01 2.983835935592651367e-01 6.894643902778625488e-01 2.042257785797119141e-02 0.000000000000000000e+00 0.000000000000000000e+00 0.000000000000000000e+00
5.710696578025817871e-01 5.756328105926513672e-01 5.159645080566406250e-01 7.642087936401367188e-01 1.615956425666809082e-01 7.888002395629882812e-01 1.337270140647888184e-01 3.132027387619018555e-01 4.307917356491088867e-01 0.000000000000000000e+00 0.000000000000000000e+00 0.000000000000000000e+00
3.462698161602020264e-01 6.792837381362915039e-01 6.117516756057739258e-01 2.284197211265563965e-01 3.824384808540344238e-01 4.456599950790405273e-01 4.874901771545410156e-01 8.267909288406372070e-02 3.877846598625183105e-01 1.000000000000000000e+00 0.000000000000000000e+00 0.000000000000000000e+00
8.671005368232727051e-01 6.583791971206665039e-02 8.701326847076416016e-01 3.149940371513366699e-01 4.474366903305053711e-01 8.968757390975952148e-01 5.750335454940795898e-01 1.587563157081604004e-01 5.610836148262023926e-01 1.000000000000000000e+00 1.000000000000000000e+00 1.000000000000000000e+00
3.138641715049743652e-01 8.977376222610473633e-01 9.295205473899841309e-01 1.070886850357055664e-02 2.663434743881225586e-01 1.191814541816711426e-01 4.871117472648620605e-01 5.360651016235351562e-02 2.849337458610534668e-01 0.000000000000000000e+00 0.000000000000000000e+00 0.000000000000000000e+00
8.598291277885437012e-01 1.859509348869323730e-01 3.860276937484741211e-02 6.102563738822937012e-01 7.658402323722839355e-01 6.957570910453796387e-01 4.066738486289978027e-01 9.194421768188476562e-01 5.409004092216491699e-01 0.000000000000000000e+00 0.000000000000000000e+00 0.000000000000000000e+00
9.955353736877441406e-01 2.483360767364501953e-01 5.789760351181030273e-01 8.527801632881164551e-01 7.731263041496276855e-01 4.653197526931762695e-02 1.907395124435424805e-01 3.748879432678222656e-01 6.813311576843261719e-02 0.000000000000000000e+00 0.000000000000000000e+00 0.000000000000000000e+00
4.034162163734436035e-01 8.114139437675476074e-01 1.568620204925537109e-01 2.934737205505371094e-01 9.757459163665771484e-02 1.132661104202270508e-01 5.744958519935607910e-01 5.501595139503479004e-01 3.721290230751037598e-01 0.000000000000000000e+00 0.000000000000000000e+00 0.000000000000000000e+00
7.761958837509155273e-01 9.332774281501770020e-01 1.858037710189819336e-01 5.554299354553222656e-01 5.463631749153137207e-01 3.267246484756469727e-02 9.621018767356872559e-01 4.189136624336242676e-01 2.504714131355285645e-01 1.000000000000000000e+00 0.000000000000000000e+00 0.000000000000000000e+00
9.114444255828857422e-01 6.085109710693359375e-02 4.291438460350036621e-01 4.782196879386901855e-01 7.894194722175598145e-01 6.328147649765014648e-02 6.220684647560119629e-01 9.164907336235046387e-01 5.540372133255004883e-01 0.000000000000000000e+00 0.000000000000000000e+00 0.000000000000000000e+00
8.280898332595825195e-01 4.038171768188476562e-01 6.962515711784362793e-01 7.639166712760925293e-01 2.225344777107238770e-01 4.087734222412109375e-01 3.037356138229370117e-01 1.873770356178283691e-01 4.703996181488037109e-01 1.000000000000000000e+00 1.000000000000000000e+00 1.000000000000000000e+00
5.547107458114624023e-01 6.957967281341552734e-01 2.560315728187561035e-01 8.960975408554077148e-01 5.398929119110107422e-03 8.855628371238708496e-01 3.313551545143127441e-01 9.811756014823913574e-01 2.242403030395507812e-01 0.000000000000000000e+00 0.000000000000000000e+00 0.000000000000000000e+00
9.972420930862426758e-01 5.027514696121215820e-02 7.542349100112915039e-01 8.603127598762512207e-01 6.695179939270019531e-01 3.168275356292724609e-01 6.416998505592346191e-01 8.828530311584472656e-01 3.444910049438476562e-03 0.000000000000000000e+00 0.000000000000000000e+00 0.000000000000000000e+00
5.486069321632385254e-01 2.966411113739013672e-01 7.013396024703979492e-01 1.867377161979675293e-01 9.380638599395751953e-02 8.373389244079589844e-01 7.625411152839660645e-01 2.196519970893859863e-01 1.658636331558227539e-01 0.000000000000000000e+00 0.000000000000000000e+00 0.000000000000000000e+00
8.679772615432739258e-01 8.635501861572265625e-01 2.653928995132446289e-01 6.611974239349365234e-01 9.175099730491638184e-01 2.015399932861328125e-01 9.181862473487854004e-01 4.842082262039184570e-01 6.086003780364990234e-02 0.000000000000000000e+00 1.000000000000000000e+00 0.000000000000000000e+00
6.189150214195251465e-01 2.260494232177734375e-01 4.897086620330810547e-01 1.551305651664733887e-01 8.044806122779846191e-01 6.378353238105773926e-01 3.754934072494506836e-01 2.005175352096557617e-01 3.063310384750366211e-01 0.000000000000000000e+00 1.000000000000000000e+00 0.000000000000000000e+00
9.466062784194946289e-01 5.786901712417602539e-01 6.278918385505676270e-01 6.891843676567077637e-01 7.140439152717590332e-01 1.286852359771728516e-02 8.889345526695251465e-01 8.053360581398010254e-01 7.804617285728454590e-01 0.000000000000000000e+00 0.000000000000000000e+00 0.000000000000000000e+00
4.999669790267944336e-01 8.517723679542541504e-01 5.198557376861572266e-01 2.562910318374633789e-01 7.394029498100280762e-01 4.329548478126525879e-01 8.662514090538024902e-01 9.565201997756958008e-01 6.929212212562561035e-01 0.000000000000000000e+00 0.000000000000000000e+00 0.000000000000000000e+00
4.518580734729766846e-01 8.252294659614562988e-01 2.021514773368835449e-01 3.268235325813293457e-01 1.186564564704895020e-01 6.142680048942565918e-01 3.124756813049316406e-01 3.375091552734375000e-01 4.881548285484313965e-01 0.000000000000000000e+00 0.000000000000000000e+00 0.000000000000000000e+00
2.976025044918060303e-01 9.820250868797302246e-01 3.914160132408142090e-01 7.868170738220214844e-03 5.520706176757812500e-01 1.293413639068603516e-01 8.240077495574951172e-01 2.280607223510742188e-01 8.673621416091918945e-01 1.000000000000000000e+00 0.000000000000000000e+00 0.000000000000000000e+00
9.856740832328796387e-01 3.145265579223632812e-01 4.342713952064514160e-01 9.648732542991638184e-01 6.649505496025085449e-01 7.339985966682434082e-01 8.868833780288696289e-01 1.706553697586059570e-01 9.624935388565063477e-01 0.000000000000000000e+00 1.000000000000000000e+00 0.000000000000000000e+00
5.009429454803466797e-01 9.707425832748413086e-01 7.081803679466247559e-01 4.422134757041931152e-01 6.299248337745666504e-01 2.554740309715270996e-01 8.452029824256896973e-01 2.726480960845947266e-01 7.665759921073913574e-01 1.000000000000000000e+00 0.000000000000000000e+00 0.000000000000000000e+00
6.062205433845520020e-01 8.772092461585998535e-01 7.179182767868041992e-01 6.239476203918457031e-01 4.962360858917236328e-01 1.058847308158874512e-01 4.718122482299804688e-01 6.503258943557739258e-01 6.259310245513916016e-02 0.000000000000000000e+00 0.000000000000000000e+00 0.000000000000000000e+00
4.161283373832702637e-01 5.118422508239746094e-01 6.920342445373535156e-01 7.848833203315734863e-01 3.949421048164367676e-01 8.622832894325256348e-01 8.823624253273010254e-01 6.222038269042968750e-01 1.787937879562377930e-01 1.000000000000000000e+00 0.000000000000000000e+00 0.000000000000000000e+00
5.574719905853271484e-01 3.281250596046447754e-01 3.977862000465393066e-01 2.114557623863220215e-01 8.638038635253906250e-01 7.581772208213806152e-01 2.566574811935424805e-01 5.992168188095092773e-02 2.272386550903320312e-01 1.000000000000000000e+00 0.000000000000000000e+00 0.000000000000000000e+00
3.978898525238037109e-01 9.215026497840881348e-01 1.183670759201049805e-02 1.036632061004638672e-01 8.348470330238342285e-01 1.183583736419677734e-01 4.930999279022216797e-01 6.098554134368896484e-01 3.745879530906677246e-01 0.000000000000000000e+00 0.000000000000000000e+00 0.000000000000000000e+00
2.506823539733886719e-01 7.453323602676391602e-01 1.550937294960021973e-01 8.980476856231689453e-02 2.534846067428588867e-01 7.570194005966186523e-01 7.263373732566833496e-01 1.694238185882568359e-01 3.456302881240844727e-01 1.000000000000000000e+00 1.000000000000000000e+00 1.000000000000000000e+00
9.496762156486511230e-01 5.402320623397827148e-01 9.876971840858459473e-01 7.916777729988098145e-01 7.295099496841430664e-01 8.314810991287231445e-01 8.086871504783630371e-01 1.654396057128906250e-01 8.148229718208312988e-01 1.000000000000000000e+00 0.000000000000000000e+00 0.000000000000000000e+00
6.858534812927246094e-01 6.543433070182800293e-01 9.462368488311767578e-01 1.646371483802795410e-01 2.141364812850952148e-01 6.801180243492126465e-01 9.821162223815917969e-01 8.807508349418640137e-01 6.728345751762390137e-01 0.000000000000000000e+00 0.000000000000000000e+00 0.000000000000000000e+00
8.599493503570556641e-01 5.396943688392639160e-01 4.860215187072753906e-01 7.034187316894531250e-01 5.091121196746826172e-01 9.738385677337646484e-03 7.527321577072143555e-02 3.170883655548095703e-01 2.302064895629882812e-01 0.000000000000000000e+00 0.000000000000000000e+00 0.000000000000000000e+00
9.544129967689514160e-01 4.777812361717224121e-01 6.106396913528442383e-01 8.161250948905944824e-01 8.400039076805114746e-01 7.923637628555297852e-01 1.374899148941040039e-01 3.971450328826904297e-01 3.472006916999816895e-01 1.000000000000000000e+00 1.000000000000000000e+00 1.000000000000000000e+00
7.527772784233093262e-01 5.718287229537963867e-01 7.508169412612915039e-01 6.043656468391418457e-01 2.514761090278625488e-01 7.890993356704711914e-02 9.034020900726318359e-01 7.866364121437072754e-01 3.864923119544982910e-01 1.000000000000000000e+00 0.000000000000000000e+00 0.000000000000000000e+00
9.603417515754699707e-01 8.624237775802612305e-02 3.896141648292541504e-01 6.548318862915039062e-01 9.427734017372131348e-01 6.822996735572814941e-01 7.333484888076782227e-01 7.162975072860717773e-01 3.746128678321838379e-01 0.000000000000000000e+00 0.000000000000000000e+00 0.000000000000000000e+00
4.908553659915924072e-01 4.407898187637329102e-01 3.599898815155029297e-01 4.914359450340270996e-01 4.848103523254394531e-01 3.592338562011718750e-01 2.504239082336425781e-01 3.503996729850769043e-01 7.353720664978027344e-01 1.000000000000000000e+00 0.000000000000000000e+00 0.000000000000000000e+00
6.361384987831115723e-01 3.239358663558959961e-01 6.469171047210693359e-01 1.338490843772888184e-01 8.339504599571228027e-01 8.404578566551208496e-01 8.194436430931091309e-01 1.737505793571472168e-01 7.220131158828735352e-02 0.000000000000000000e+00 1.000000000000000000e+00 0.000000000000000000e+00
4.003179669380187988e-01 4.052724242210388184e-01 2.665675878524780273e-01 1.245290040969848633e-01 8.854586482048034668e-01 9.287618398666381836e-01 1.162492632865905762e-01 4.962539672851562500e-01 6.753314733505249023e-01 1.000000000000000000e+00 0.000000000000000000e+00 0.000000000000000000e+00
7.572522759437561035e-01 9.219851493835449219e-01 3.229634165763854980e-01 7.409130334854125977e-01 5.693269371986389160e-01 8.791430592536926270e-01 7.194021344184875488e-01 4.287380576133728027e-01 2.163660526275634766e-01 0.000000000000000000e+00 0.000000000000000000e+00 0.000000000000000000e+00
4.447354078292846680e-01 9.038175344467163086e-01 3.055459260940551758e-01 1.387615203857421875e-01 2.826975584030151367e-01 8.165901899337768555e-01 8.799760937690734863e-01 9.942141771316528320e-01 7.850438356399536133e-02 0.000000000000000000e+00 1.000000000000000000e+00 0.000000000000000000e+00
8.717181086540222168e-01 3.856353163719177246e-01 3.060477375984191895e-01 6.996539235115051270e-01 5.077461004257202148e-01 9.734003543853759766e-01 7.586703896522521973e-01 5.279080271720886230e-01 8.750337362289428711e-02 0.000000000000000000e+00 0.000000000000000000e+00 0.000000000000000000e+00
9.712428450584411621e-01 6.535204052925109863e-01 8.215402364730834961e-01 4.764764904975891113e-01 8.834961056709289551e-01 7.035911083221435547e-02 1.117045879364013672e-01 7.465823292732238770e-01 8.744584918022155762e-01 0.000000000000000000e+00 0.000000000000000000e+00 0.000000000000000000e+00
9.609629511833190918e-01 5.704199671745300293e-01 2.148459553718566895e-01 8.665636777877807617e-01 6.549347043037414551e-01 4.215325117111206055e-01 2.278444766998291016e-01 6.618512272834777832e-01 9.138656854629516602e-01 0.000000000000000000e+00 0.000000000000000000e+00 0.000000000000000000e+00
6.834985017776489258e-01 7.069706916809082031e-01 7.714118361473083496e-01 8.860870599746704102e-01 2.659443020820617676e-01 7.664827704429626465e-01 6.072928905487060547e-01 2.519522905349731445e-01 8.106618523597717285e-01 0.000000000000000000e+00 0.000000000000000000e+00 0.000000000000000000e+00
6.997344493865966797e-01 1.549832224845886230e-01 6.195922493934631348e-01 4.853251576423645020e-01 8.294045925140380859e-02 6.710800528526306152e-01 5.123728513717651367e-02 4.895977973937988281e-01 2.567138671875000000e-01 1.000000000000000000e+00 0.000000000000000000e+00 0.000000000000000000e+00
3.502789437770843506e-01 9.428030252456665039e-01 1.739586591720581055e-01 3.022086024284362793e-01 7.200535535812377930e-01 9.802241325378417969e-01 2.411965727806091309e-01 3.538517951965332031e-01 6.246697306632995605e-01 0.000000000000000000e+00 0.000000000000000000e+00 0.000000000000000000e+00
3.702079355716705322e-01 9.107487201690673828e-01 1.071394681930541992e-01 3.376387953758239746e-01 8.277673125267028809e-01 8.422627449035644531e-01 8.040881156921386719e-02 6.535108089447021484e-01 1.690998077392578125e-01 0.000000000000000000e+00 0.000000000000000000e+00 0.000000000000000000e+00
6.463161110877990723e-01 4.568876028060913086e-01 6.687170267105102539e-02 6.781821250915527344e-01 1.721351742744445801e-01 5.655679106712341309e-01 9.771162271499633789e-01 7.645004987716674805e-02 1.867413520812988281e-03 1.000000000000000000e+00 1.000000000000000000e+00 1.000000000000000000e+00
9.899253845214843750e-01 4.640963673591613770e-01 1.669152975082397461e-01 9.636650681495666504e-01 5.323511958122253418e-01 2.428560853004455566e-01 3.852942585945129395e-01 4.211244583129882812e-01 7.152536511421203613e-01 0.000000000000000000e+00 1.000000000000000000e+00 0.000000000000000000e+00
2.911732792854309082e-01 9.534580707550048828e-01 5.366141200065612793e-01 3.101859688758850098e-01 3.542041778564453125e-01 5.735351443290710449e-01 2.508923411369323730e-01 5.520138740539550781e-01 8.881475925445556641e-01 0.000000000000000000e+00 0.000000000000000000e+00 0.000000000000000000e+00
1.244650557637214661e-01 5.256332755088806152e-01 5.724304914474487305e-01 3.913205862045288086e-01 1.327244043350219727e-01 8.510908484458923340e-01 2.521691322326660156e-01 8.074771761894226074e-01 6.052730679512023926e-01 1.000000000000000000e+00 1.000000000000000000e+00 1.000000000000000000e+00
6.203766465187072754e-01 8.131503462791442871e-01 6.848652958869934082e-01 6.040793657302856445e-01 2.214140295982360840e-01 3.958069086074829102e-01 9.194263219833374023e-01 1.858115196228027344e-03 7.436870336532592773e-01 1.000000000000000000e+00 0.000000000000000000e+00 0.000000000000000000e+00
8.254519104957580566e-01 6.035655736923217773e-01 4.405646920204162598e-01 7.585181593894958496e-01 7.104142904281616211e-01 9.959627389907836914e-01 9.212416410446166992e-02 9.882649779319763184e-01 5.773830413818359375e-02 0.000000000000000000e+00 1.000000000000000000e+00 0.000000000000000000e+00
5.114849805831909180e-01 8.571624159812927246e-01 7.749280333518981934e-01 9.225578308105468750e-01 2.928858995437622070e-02 8.979187011718750000e-01 8.227280378341674805e-01 2.717125415802001953e-01 5.746654272079467773e-01 1.000000000000000000e+00 0.000000000000000000e+00 0.000000000000000000e+00
6.805621385574340820e-01 7.123504877090454102e-01 7.634645700454711914e-01 4.101179242134094238e-01 9.031261205673217773e-01 1.617237925529479980e-01 2.102224230766296387e-01 4.126818776130676270e-01 4.389841556549072266e-01 0.000000000000000000e+00 0.000000000000000000e+00 0.000000000000000000e+00
5.362778306007385254e-01 8.141966462135314941e-01 7.459318637847900391e-01 4.938300251960754395e-01 5.271391272544860840e-01 5.903856754302978516e-01 5.134643912315368652e-01 4.060134887695312500e-01 4.030067920684814453e-01 0.000000000000000000e+00 0.000000000000000000e+00 0.000000000000000000e+00
9.682258367538452148e-01 4.090750217437744141e-02 9.636218547821044922e-01 5.166162848472595215e-01 7.273957729339599609e-01 8.845772147178649902e-01 1.431211829185485840e-01 1.795023083686828613e-01 8.132166862487792969e-01 0.000000000000000000e+00 1.000000000000000000e+00 0.000000000000000000e+00
8.035705685615539551e-01 8.851064443588256836e-01 2.767282724380493164e-02 5.386672019958496094e-01 5.850232839584350586e-01 2.183175086975097656e-02 5.739644169807434082e-01 6.445139050483703613e-01 4.299318790435791016e-02 1.000000000000000000e+00 1.000000000000000000e+00 1.000000000000000000e+00
9.230470061302185059e-01 7.013565301895141602e-01 8.287739157676696777e-01 6.571395397186279297e-01 7.433451414108276367e-01 4.096627235412597656e-03 5.230273008346557617e-01 3.870077133178710938e-01 6.222807168960571289e-01 0.000000000000000000e+00 0.000000000000000000e+00 0.000000000000000000e+00
9.904006123542785645e-01 3.554213047027587891e-02 1.790598630905151367e-01 9.298472404479980469e-01 1.208419799804687500e-01 6.009113788604736328e-02 8.943780660629272461e-01 7.011097073554992676e-01 7.878432869911193848e-01 0.000000000000000000e+00 0.000000000000000000e+00 0.000000000000000000e+00
6.774957180023193359e-01 9.462504386901855469e-01 5.360730290412902832e-01 1.609414815902709961e-02 8.502807021141052246e-01 1.330807209014892578e-01 2.445468306541442871e-01 4.032608270645141602e-01 8.106490969657897949e-01 0.000000000000000000e+00 0.000000000000000000e+00 0.000000000000000000e+00
7.179999351501464844e-01 4.775355458259582520e-01 7.798916697502136230e-01 6.920807361602783203e-01 3.955838084220886230e-01 4.100504517555236816e-01 2.814768552780151367e-01 3.251371383666992188e-01 3.642266392707824707e-01 0.000000000000000000e+00 0.000000000000000000e+00 0.000000000000000000e+00
2.432593554258346558e-01 8.708327412605285645e-01 4.640535712242126465e-01 1.388174295425415039e-02 1.796625256538391113e-01 9.169631600379943848e-01 4.562121629714965820e-01 1.446457505226135254e-01 6.465269923210144043e-01 0.000000000000000000e+00 1.000000000000000000e+00 0.000000000000000000e+00
3.762723505496978760e-01 8.674173951148986816e-01 7.715344429016113281e-02 2.009267807006835938e-01 2.497618794441223145e-01 5.659830570220947266e-02 2.698016762733459473e-01 9.532806873321533203e-01 8.665152788162231445e-01 1.000000000000000000e+00 0.000000000000000000e+00 0.000000000000000000e+00
9.523394703865051270e-01 6.967944502830505371e-01 9.798114299774169922e-01 9.442535042762756348e-01 5.036031603813171387e-01 5.232154130935668945e-01 3.749240636825561523e-01 9.304870963096618652e-01 7.994723916053771973e-01 0.000000000000000000e+00 0.000000000000000000e+00 0.000000000000000000e+00
8.064995408058166504e-01 8.761090636253356934e-01 7.624964714050292969e-01 4.355970621109008789e-01 8.925676345825195312e-01 9.262425303459167480e-01 6.995777487754821777e-01 8.638773560523986816e-01 4.797321557998657227e-01 0.000000000000000000e+00 0.000000000000000000e+00 0.000000000000000000e+00
9.211762547492980957e-01 5.903543829917907715e-01 1.299139857292175293e-01 9.669299125671386719e-01 4.394108057022094727e-02 3.585653901100158691e-01 8.078790307044982910e-01 2.542895674705505371e-01 6.820632219314575195e-01 0.000000000000000000e+00 0.000000000000000000e+00 0.000000000000000000e+00
8.133763074874877930e-01 5.986514091491699219e-01 9.635016918182373047e-01 2.126389741897583008e-01 5.040113329887390137e-01 3.073568344116210938e-01 4.844250679016113281e-01 3.348507881164550781e-01 2.092865705490112305e-01 0.000000000000000000e+00 0.000000000000000000e+00 0.000000000000000000e+00
3.923271000385284424e-01 5.963261127471923828e-01 7.057547569274902344e-01 5.229230523109436035e-01 1.251084804534912109e-01 9.273502230644226074e-01 8.418152332305908203e-01 3.081744313240051270e-01 7.345887422561645508e-01 1.000000000000000000e+00 0.000000000000000000e+00 0.000000000000000000e+00
2.609971761703491211e-01 5.682134628295898438e-01 3.241261243820190430e-01 5.243211984634399414e-01 1.377875804901123047e-01 4.586392045021057129e-01 2.028320431709289551e-01 4.804762005805969238e-01 6.263135671615600586e-01 0.000000000000000000e+00 0.000000000000000000e+00 0.000000000000000000e+00
3.570323884487152100e-01 8.269059062004089355e-01 7.661011815071105957e-01 1.636320352554321289e-02 4.371614456176757812e-01 2.454281449317932129e-01 5.045584440231323242e-01 5.253365039825439453e-01 4.903076887130737305e-01 1.000000000000000000e+00 1.000000000000000000e+00 1.000000000000000000e+00
5.403767824172973633e-01 6.631802320480346680e-01 4.308046102523803711e-01 5.512437820434570312e-01 5.128604173660278320e-01 2.602468729019165039e-01 3.062829971313476562e-01 9.923798441886901855e-01 3.265794515609741211e-01 0.000000000000000000e+00 0.000000000000000000e+00 0.000000000000000000e+00
3.541486859321594238e-01 9.751599431037902832e-01 3.809218406677246094e-01 2.323305606842041016e-02 6.259753108024597168e-01 9.648501276969909668e-01 7.454877495765686035e-01 6.143265366554260254e-01 5.829725861549377441e-01 1.000000000000000000e+00 0.000000000000000000e+00 0.000000000000000000e+00
9.982384443283081055e-01 1.004338264465332031e-02 8.500153422355651855e-01 9.906113147735595703e-01 3.929949402809143066e-01 1.892012953758239746e-01 2.758973836898803711e-01 4.220865964889526367e-01 5.642949342727661133e-01 1.000000000000000000e+00 0.000000000000000000e+00 0.000000000000000000e+00
5.561106801033020020e-01 9.979944229125976562e-01 2.033424377441406250e-02 8.347582221031188965e-01 3.600284457206726074e-01 2.696425914764404297e-01 1.404564976692199707e-01 3.372627496719360352e-01 8.230940699577331543e-01 0.000000000000000000e+00 0.000000000000000000e+00 0.000000000000000000e+00
6.740632057189941406e-01 4.140223264694213867e-01 8.619042634963989258e-01 5.460919141769409180e-01 2.592368125915527344e-01 6.909856796264648438e-01 2.893894910812377930e-01 5.194271802902221680e-01 5.962502360343933105e-01 0.000000000000000000e+00 0.000000000000000000e+00 0.000000000000000000e+00
5.834096670150756836e-01 2.094801664352416992e-01 5.124312639236450195e-01 4.082893729209899902e-01 8.506357669830322266e-02 4.199254512786865234e-01 6.493316292762756348e-01 4.866737127304077148e-01 4.377782344818115234e-01 0.000000000000000000e+00 0.000000000000000000e+00 0.000000000000000000e+00
4.206206798553466797e-01 8.937720060348510742e-01 2.130515575408935547e-01 3.824377059936523438e-01 6.211560964584350586e-01 8.026193976402282715e-01 5.234360694885253906e-01 6.879025101661682129e-01 7.204186916351318359e-01 0.000000000000000000e+00 0.000000000000000000e+00 0.000000000000000000e+00
9.938879609107971191e-01 1.180326938629150391e-01 3.028301000595092773e-01 8.725320696830749512e-01 7.072471976280212402e-01 5.250266194343566895e-01 8.544123172760009766e-01 7.635055184364318848e-01 5.816631317138671875e-01 1.000000000000000000e+00 0.000000000000000000e+00 0.000000000000000000e+00
6.390869617462158203e-01 7.800780534744262695e-01 2.216752767562866211e-01 3.875498771667480469e-01 3.018922805786132812e-01 2.012252807617187500e-03 2.274283766746520996e-01 9.788906574249267578e-02 8.610123395919799805e-01 1.000000000000000000e+00 0.000000000000000000e+00 0.000000000000000000e+00
2.593312859535217285e-01 3.553473949432373047e-01 6.750470399856567383e-02 5.675131082534790039e-02 4.194343090057373047e-01 6.968888640403747559e-01 4.673374295234680176e-01 9.379583001136779785e-01 1.726002097129821777e-01 1.000000000000000000e+00 0.000000000000000000e+00 0.000000000000000000e+00
4.912749528884887695e-01 9.465815424919128418e-01 4.881576299667358398e-01 1.044243574142456055e-01 6.145255565643310547e-01 7.852965593338012695e-01 3.309899568557739258e-02 2.237842082977294922e-01 9.143046140670776367e-01 1.000000000000000000e+00 0.000000000000000000e+00 0.000000000000000000e+00
4.050807058811187744e-01 9.956932663917541504e-01 3.629068136215209961e-01 1.315915584564208984e-01 2.326755523681640625e-01 2.857697010040283203e-01 3.064075708389282227e-01 1.616105437278747559e-01 7.370935678482055664e-01 1.000000000000000000e+00 0.000000000000000000e+00 0.000000000000000000e+00
3.174931406974792480e-01 5.534555912017822266e-01 9.016125798225402832e-01 9.686768054962158203e-02 6.337469816207885742e-02 7.751443982124328613e-01 3.379869461059570312e-02 9.416872262954711914e-02 1.175537109375000000e-01 0.000000000000000000e+00 0.000000000000000000e+00 0.000000000000000000e+00
9.215105175971984863e-01 2.719897031784057617e-02 7.956128120422363281e-01 5.728193521499633789e-01 9.330356121063232422e-02 2.142162919044494629e-01 6.728268861770629883e-01 7.610186934471130371e-01 2.274897098541259766e-01 0.000000000000000000e+00 0.000000000000000000e+00 0.000000000000000000e+00
3.089703619480133057e-01 3.949292302131652832e-01 1.418315172195434570e-01 5.086064338684082031e-04 8.714695572853088379e-01 7.644267678260803223e-01 9.334418773651123047e-01 8.047709465026855469e-01 6.282345056533813477e-01 0.000000000000000000e+00 0.000000000000000000e+00 0.000000000000000000e+00
2.130751162767410278e-01 6.699035167694091797e-01 1.697362065315246582e-01 1.659263372421264648e-01 4.506190419197082520e-01 4.975351095199584961e-01 7.977768778800964355e-01 1.253870129585266113e-01 6.906096935272216797e-01 0.000000000000000000e+00 0.000000000000000000e+00 0.000000000000000000e+00
9.927423000335693359e-01 5.817312002182006836e-02 7.965892553329467773e-02 8.965877890586853027e-01 4.710419178009033203e-01 5.556027293205261230e-01 7.755197882652282715e-01 3.070417046546936035e-01 4.214652776718139648e-01 0.000000000000000000e+00 1.000000000000000000e+00 0.000000000000000000e+00
9.151387214660644531e-01 4.562017321586608887e-01 1.536735296249389648e-01 6.283393502235412598e-01 4.589682817459106445e-01 1.922706365585327148e-01 6.456989049911499023e-01 4.420562982559204102e-01 9.690725803375244141e-01 0.000000000000000000e+00 0.000000000000000000e+00 0.000000000000000000e+00
9.398090839385986328e-01 8.067376017570495605e-01 2.713801860809326172e-01 8.613407015800476074e-01 9.863185882568359375e-01 8.031913638114929199e-01 9.518539905548095703e-01 2.749210000038146973e-01 4.597827196121215820e-01 0.000000000000000000e+00 0.000000000000000000e+00 0.000000000000000000e+00
7.227959632873535156e-01 4.104766249656677246e-01 6.824803352355957031e-02 6.269342899322509766e-01 5.767039060592651367e-01 4.931123852729797363e-01 6.405879855155944824e-01 2.299668788909912109e-01 2.398539781570434570e-01 1.000000000000000000e+00 0.000000000000000000e+00 0.000000000000000000e+00
8.979507088661193848e-01 6.679966449737548828e-01 2.829292416572570801e-01 9.429561495780944824e-01 6.714260578155517578e-02 9.924587607383728027e-01 1.198738813400268555e-01 4.207468032836914062e-02 4.823296070098876953e-01 0.000000000000000000e+00 1.000000000000000000e+00 0.000000000000000000e+00
4.746627807617187500e-01 6.818423271179199219e-01 2.890256047248840332e-01 3.469178080558776855e-01 2.627945542335510254e-01 4.869263172149658203e-01 2.849161624908447266e-03 1.853885054588317871e-01 5.491452813148498535e-01 0.000000000000000000e+00 0.000000000000000000e+00 0.000000000000000000e+00
4.315989911556243896e-01 8.047605752944946289e-01 7.109419107437133789e-01 4.880455136299133301e-01 2.312717437744140625e-01 7.093155980110168457e-01 9.891680479049682617e-01 7.865422368049621582e-01 9.778544306755065918e-01 1.000000000000000000e+00 0.000000000000000000e+00 0.000000000000000000e+00
2.068835198879241943e-01 9.930959939956665039e-01 2.982785105705261230e-01 6.216430664062500000e-01 5.482518672943115234e-02 8.355587124824523926e-01 3.313754796981811523e-01 1.605331897735595703e-01 8.262619376182556152e-01 1.000000000000000000e+00 1.000000000000000000e+00 1.000000000000000000e+00
7.324443459510803223e-01 4.548792839050292969e-01 7.451294064521789551e-01 2.337366938591003418e-01 3.595581054687500000e-01 3.224992752075195312e-02 6.398295760154724121e-01 6.857169866561889648e-01 5.970883369445800781e-02 0.000000000000000000e+00 0.000000000000000000e+00 0.000000000000000000e+00
9.965806603431701660e-01 1.595428586006164551e-01 6.041396856307983398e-01 9.635021686553955078e-01 9.877426624298095703e-01 6.696053147315979004e-01 1.449833512306213379e-01 8.249893784523010254e-01 9.256853461265563965e-01 0.000000000000000000e+00 0.000000000000000000e+00 0.000000000000000000e+00
4.341582059860229492e-01 4.300222396850585938e-01 8.049261569976806641e-02 6.491959095001220703e-03 8.491402268409729004e-01 1.184656620025634766e-01 4.207530021667480469e-01 5.709691047668457031e-01 2.492232918739318848e-01 0.000000000000000000e+00 1.000000000000000000e+00 0.000000000000000000e+00
7.966371178627014160e-01 9.816956520080566406e-01 8.369336724281311035e-01 5.640507340431213379e-01 9.604362845420837402e-01 8.673988580703735352e-01 2.428026199340820312e-01 6.466684341430664062e-01 9.007878899574279785e-01 0.000000000000000000e+00 0.000000000000000000e+00 0.000000000000000000e+00
5.873837471008300781e-01 8.536008596420288086e-01 4.772184491157531738e-01 4.854796528816223145e-01 5.130690336227416992e-01 7.453409433364868164e-01 8.177796006202697754e-01 7.277053594589233398e-01 4.516810178756713867e-02 0.000000000000000000e+00 1.000000000000000000e+00 0.000000000000000000e+00
7.518766522407531738e-01 6.464021205902099609e-01 1.852944493293762207e-01 8.266805410385131836e-01 3.172374367713928223e-01 8.993856310844421387e-01 1.306986808776855469e-02 7.589396834373474121e-01 8.923053145408630371e-01 0.000000000000000000e+00 0.000000000000000000e+00 0.000000000000000000e+00
7.022610306739807129e-01 3.063741922378540039e-01 5.132386088371276855e-01 5.123626589775085449e-01 7.093821763992309570e-01 9.765055775642395020e-01 7.717171907424926758e-01 7.286089658737182617e-02 6.068842411041259766e-01 1.000000000000000000e+00 0.000000000000000000e+00 0.000000000000000000e+00
4.752228856086730957e-01 5.885342359542846680e-01 9.798169136047363281e-03 4.228520393371582031e-01 4.496661424636840820e-01 5.638141036033630371e-01 1.957401037216186523e-01 5.682613253593444824e-01 2.919204831123352051e-01 1.000000000000000000e+00 0.000000000000000000e+00 0.000000000000000000e+00
9.322695732116699219e-01 3.039085865020751953e-01 3.317735791206359863e-01 8.827790021896362305e-01 9.075787663459777832e-01 8.229708671569824219e-01 7.831032276153564453e-01 3.933151364326477051e-01 1.006304025650024414e-01 1.000000000000000000e+00 0.000000000000000000e+00 0.000000000000000000e+00
7.704769372940063477e-01 8.264794945716857910e-01 4.831972122192382812e-01 2.794400453567504883e-01 7.324985265731811523e-01 3.047596216201782227e-01 5.966855883598327637e-01 8.090527057647705078e-01 1.654664874076843262e-01 0.000000000000000000e+00 1.000000000000000000e+00 0.000000000000000000e+00
1.432590633630752563e-01 4.924488067626953125e-01 5.813421607017517090e-01 1.577781438827514648e-01 3.075582385063171387e-01 8.271899819374084473e-01 9.734752178192138672e-01 2.732930183410644531e-01 8.961691260337829590e-01 0.000000000000000000e+00 0.000000000000000000e+00 0.000000000000000000e+00
5.418891906738281250e-01 9.884867668151855469e-01 2.755004763603210449e-01 8.123208880424499512e-01 3.297361731529235840e-01 6.559950709342956543e-01 2.242065072059631348e-01 4.518969655036926270e-01 3.784745931625366211e-01 0.000000000000000000e+00 0.000000000000000000e+00 0.000000000000000000e+00
8.194265365600585938e-01 8.760322928428649902e-01 6.561247110366821289e-01 5.194890499114990234e-01 8.698596358299255371e-01 3.447887301445007324e-01 7.306843400001525879e-01 1.256136894226074219e-01 5.629841089248657227e-01 0.000000000000000000e+00 0.000000000000000000e+00 0.000000000000000000e+00
3.890163600444793701e-01 6.993901133537292480e-01 4.585303664207458496e-01 3.848996758460998535e-01 4.771552681922912598e-01 2.217835187911987305e-01 1.387498974800109863e-01 1.663235425949096680e-01 4.066570997238159180e-01 1.000000000000000000e+00 0.000000000000000000e+00 0.000000000000000000e+00
4.305712580680847168e-01 6.933116316795349121e-01 3.510540723800659180e-01 6.061041355133056641e-02 5.157283544540405273e-01 4.115896821022033691e-01 5.993002653121948242e-01 5.234355330467224121e-01 3.984542489051818848e-01 0.000000000000000000e+00 0.000000000000000000e+00 0.000000000000000000e+00
9.497901201248168945e-01 2.077265977859497070e-01 2.675945162773132324e-01 8.758831024169921875e-01 8.050234317779541016e-01 7.929962873458862305e-01 2.663218379020690918e-01 7.147911190986633301e-01 1.584799885749816895e-01 0.000000000000000000e+00 0.000000000000000000e+00 0.000000000000000000e+00
9.729691147804260254e-01 2.422845959663391113e-01 7.015837430953979492e-01 6.792783141136169434e-01 8.321824073791503906e-01 3.442096710205078125e-01 5.828884840011596680e-01 1.799682974815368652e-01 7.449697852134704590e-01 1.000000000000000000e+00 1.000000000000000000e+00 1.000000000000000000e+00
9.168276190757751465e-01 2.073908448219299316e-01 9.804225564002990723e-01 5.248573422431945801e-01 4.791277647018432617e-01 4.813272356986999512e-01 1.160832643508911133e-01 9.637421369552612305e-01 6.744833588600158691e-01 0.000000000000000000e+00 0.000000000000000000e+00 0.000000000000000000e+00
6.189022064208984375e-01 2.483859062194824219e-01 2.149732708930969238e-01 5.132818222045898438e-01 3.937979936599731445e-01 1.619020104408264160e-01 2.705551981925964355e-01 1.782112121582031250e-01 6.734781861305236816e-01 1.000000000000000000e+00 1.000000000000000000e+00 1.000000000000000000e+00
2.946848571300506592e-01 2.302859425544738770e-01 1.094305515289306641e-01 4.369400739669799805e-01 1.964879035949707031e-02 3.993402123451232910e-01 5.335845351219177246e-01 7.688987255096435547e-02 7.630013227462768555e-01 1.000000000000000000e+00 0.000000000000000000e+00 0.000000000000000000e+00
9.256170392036437988e-01 1.673990488052368164e-02 4.611504077911376953e-02 3.775141239166259766e-01 9.151462316513061523e-01 7.566455602645874023e-01 3.312332034111022949e-01 8.016538619995117188e-01 5.486452579498291016e-01 0.000000000000000000e+00 0.000000000000000000e+00 0.000000000000000000e+00
6.019797325134277344e-01 9.063951969146728516e-01 3.429148197174072266e-01 7.873373627662658691e-01 4.928815364837646484e-02 6.314639449119567871e-01 2.956558465957641602e-01 1.328601837158203125e-01 7.897982597351074219e-01 1.000000000000000000e+00 0.000000000000000000e+00 0.000000000000000000e+00
9.092399477958679199e-01 1.668691635131835938e-01 7.609738111495971680e-01 5.455896258354187012e-01 4.252585172653198242e-01 7.976586818695068359e-01 9.527779817581176758e-01 1.239015460014343262e-01 9.777294993400573730e-01 0.000000000000000000e+00 0.000000000000000000e+00 0.000000000000000000e+00
2.372488081455230713e-01 9.627844691276550293e-01 9.138863086700439453e-01 9.033226966857910156e-02 3.490450382232666016e-01 5.292570590972900391e-01 7.501220703125000000e-02 6.009029746055603027e-01 3.616178631782531738e-01 1.000000000000000000e+00 0.000000000000000000e+00 0.000000000000000000e+00
9.382149577140808105e-01 4.160388708114624023e-01 3.783380389213562012e-01 6.261786222457885742e-01 7.145518064498901367e-01 1.969877481460571289e-01 8.921453952789306641e-01 3.515164256095886230e-01 8.409652709960937500e-01 0.000000000000000000e+00 0.000000000000000000e+00 0.000000000000000000e+00
6.788059473037719727e-01 7.708109021186828613e-01 6.204338669776916504e-01 4.169465899467468262e-01 7.977886199951171875e-01 3.645455837249755859e-01 4.145622253417968750e-03 4.487289786338806152e-01 5.570804476737976074e-01 1.000000000000000000e+00 0.000000000000000000e+00 0.000000000000000000e+00
5.368801355361938477e-01 9.688070416450500488e-01 7.415791153907775879e-01 7.195099592208862305e-01 3.599140048027038574e-01 4.346997737884521484e-01 8.211321234703063965e-01 6.675485372543334961e-01 8.439254760742187500e-02 1.000000000000000000e+00 0.000000000000000000e+00 0.000000000000000000e+00
5.665060877799987793e-01 1.125432848930358887e-01 4.971109628677368164e-01 8.747696876525878906e-03 5.110895037651062012e-01 7.911527156829833984e-02 9.067938327789306641e-01 5.326547622680664062e-01 2.727891802787780762e-01 1.000000000000000000e+00 1.000000000000000000e+00 1.000000000000000000e+00
4.891454577445983887e-01 9.561123251914978027e-01 9.432921409606933594e-01 7.875277996063232422e-01 1.851041316986083984e-01 3.620833158493041992e-01 6.545178294181823730e-01 9.880315065383911133e-01 4.453526139259338379e-01 0.000000000000000000e+00 0.000000000000000000e+00 0.000000000000000000e+00
6.475469470024108887e-01 7.871596217155456543e-01 5.523321032524108887e-01 9.328747391700744629e-01 2.933387756347656250e-01 4.251393675804138184e-01 7.067409753799438477e-01 6.500848531723022461e-01 2.475049495697021484e-01 1.000000000000000000e+00 1.000000000000000000e+00 1.000000000000000000e+00
3.474373519420623779e-01 5.147148370742797852e-01 2.562285661697387695e-01 2.618331313133239746e-01 2.429818511009216309e-01 1.324968338012695312e-01 1.530876159667968750e-01 6.061923503875732422e-02 6.320525407791137695e-01 1.000000000000000000e+00 1.000000000000000000e+00 1.000000000000000000e+00
8.278775215148925781e-01 4.122759699821472168e-01 4.652967453002929688e-01 6.948800086975097656e-01 1.790478825569152832e-01 5.812056660652160645e-01 1.886526346206665039e-01 2.038288116455078125e-02 6.969085931777954102e-01 0.000000000000000000e+00 0.000000000000000000e+00 0.000000000000000000e+00
8.687880039215087891e-01 1.037929058074951172e-01 3.219096660614013672e-01 8.820013403892517090e-01 2.416601181030273438e-01 9.998959898948669434e-01 7.423420548439025879e-01 8.144721388816833496e-01 1.330999732017517090e-01 1.000000000000000000e+00 0.000000000000000000e+00 0.000000000000000000e+00
9.194192886352539062e-01 6.094741821289062500e-01 3.518583178520202637e-01 8.258758783340454102e-01 7.759030461311340332e-01 6.743637323379516602e-01 9.197075366973876953e-01 9.810395240783691406e-01 4.117509722709655762e-01 0.000000000000000000e+00 0.000000000000000000e+00 0.000000000000000000e+00
8.920651674270629883e-01 4.251870512962341309e-01 9.473061561584472656e-02 6.837339997291564941e-01 6.554347872734069824e-01 6.504970788955688477e-01 8.577859401702880859e-02 4.623621702194213867e-01 8.955126404762268066e-01 1.000000000000000000e+00 0.000000000000000000e+00 0.000000000000000000e+00
6.111028194427490234e-01 9.565206766128540039e-01 1.036974191665649414e-01 6.572769284248352051e-01 3.808631300926208496e-01 2.412384748458862305e-01 8.687717318534851074e-01 5.296592116355895996e-01 8.901960849761962891e-01 0.000000000000000000e+00 0.000000000000000000e+00 0.000000000000000000e+00
1.537638455629348755e-01 5.668507218360900879e-01 7.499510049819946289e-02 3.716546297073364258e-02 1.501153111457824707e-01 4.222837686538696289e-01 9.193084239959716797e-01 8.846421241760253906e-01 1.441515088081359863e-01 0.000000000000000000e+00 0.000000000000000000e+00 0.000000000000000000e+00
5.026431083679199219e-01 9.158599972724914551e-01 8.827869296073913574e-01 3.164732456207275391e-02 5.667147040367126465e-01 4.684066772460937500e-02 9.459011554718017578e-01 9.805440902709960938e-02 7.191933989524841309e-01 0.000000000000000000e+00 0.000000000000000000e+00 0.000000000000000000e+00
7.843268513679504395e-01 1.775122880935668945e-01 1.879392862319946289e-01 6.665303707122802734e-01 5.365385413169860840e-01 7.595053911209106445e-01 6.527739763259887695e-02 8.002355098724365234e-01 6.500633955001831055e-01 1.000000000000000000e+00 0.000000000000000000e+00 0.000000000000000000e+00
7.396672964096069336e-01 4.231600165367126465e-01 8.063392043113708496e-01 1.033682227134704590e-01 5.658600330352783203e-01 9.782344102859497070e-02 3.788048624992370605e-01 6.061362028121948242e-01 1.999908089637756348e-01 0.000000000000000000e+00 0.000000000000000000e+00 0.000000000000000000e+00
3.402960896492004395e-01 9.429368376731872559e-01 4.640159606933593750e-01 6.138966083526611328e-01 8.737331628799438477e-02 3.228027820587158203e-01 9.797240495681762695e-01 9.395718574523925781e-03 5.305397510528564453e-01 1.000000000000000000e+00 0.000000000000000000e+00 0.000000000000000000e+00
8.919882178306579590e-01 3.641042113304138184e-01 4.232484698295593262e-01 6.719880104064941406e-01 5.616541504859924316e-01 2.115752696990966797e-01 4.948900938034057617e-01 7.248520851135253906e-01 2.172427773475646973e-01 0.000000000000000000e+00 0.000000000000000000e+00 0.000000000000000000e+00
4.916651546955108643e-01 5.845715403556823730e-01 3.797094821929931641e-01 4.808327555656433105e-01 7.773067951202392578e-01 4.250695109367370605e-01 4.022800922393798828e-02 1.674393415451049805e-01 1.072133183479309082e-01 0.000000000000000000e+00 0.000000000000000000e+00 0.000000000000000000e+00
3.131177723407745361e-01 7.637961506843566895e-01 7.441138625144958496e-01 3.197463154792785645e-01 3.287112712860107422e-01 5.368043780326843262e-01 8.442993164062500000e-01 7.659597992897033691e-01 6.961191892623901367e-01 1.000000000000000000e+00 0.000000000000000000e+00 0.000000000000000000e+00
6.423599123954772949e-01 9.242854714393615723e-01 4.167047142982482910e-01 7.832527756690979004e-01 5.498117208480834961e-02 9.628322720527648926e-01 7.020780444145202637e-01 6.180438995361328125e-01 1.485878229141235352e-01 1.000000000000000000e+00 0.000000000000000000e+00 0.000000000000000000e+00
9.516381025314331055e-01 2.131842374801635742e-01 7.139050364494323730e-01 2.357512712478637695e-01 9.774240851402282715e-01 7.128505110740661621e-01 1.258829236030578613e-01 3.302884101867675781e-02 5.256554484367370605e-01 0.000000000000000000e+00 1.000000000000000000e+00 0.000000000000000000e+00
5.326909422874450684e-01 3.708825111389160156e-01 4.610387086868286133e-01 3.191131949424743652e-01 8.799416422843933105e-01 9.633838534355163574e-01 2.225751876831054688e-01 6.387758851051330566e-01 3.921151757240295410e-01 1.000000000000000000e+00 0.000000000000000000e+00 0.000000000000000000e+00
8.628793954849243164e-01 3.749734163284301758e-02 6.155066490173339844e-01 5.405567288398742676e-01 1.499288082122802734e-01 3.034221529960632324e-01 9.383934736251831055e-01 8.240065574645996094e-01 2.083674073219299316e-01 0.000000000000000000e+00 0.000000000000000000e+00 0.000000000000000000e+00
8.307730555534362793e-01 8.129202723503112793e-01 4.286077022552490234e-01 9.960229396820068359e-01 6.879655718803405762e-01 2.658333182334899902e-01 6.717440485954284668e-01 9.564946889877319336e-01 6.726707816123962402e-01 0.000000000000000000e+00 0.000000000000000000e+00 0.000000000000000000e+00
6.881486177444458008e-01 3.298034071922302246e-01 5.132288336753845215e-01 5.117169022560119629e-01 3.990187644958496094e-01 1.237354874610900879e-01 5.928804874420166016e-01 6.064426302909851074e-01 8.688450455665588379e-01 1.000000000000000000e+00 0.000000000000000000e+00 0.000000000000000000e+00
6.215617060661315918e-01 6.555400490760803223e-01 5.559512376785278320e-01 5.171195268630981445e-01 7.782741189002990723e-01 3.936003446578979492e-01 7.230127453804016113e-01 9.051721096038818359e-01 6.561869382858276367e-02 1.000000000000000000e+00 0.000000000000000000e+00 0.000000000000000000e+00
2.322899550199508667e-01 6.094115376472473145e-01 7.682682871818542480e-01 9.526121616363525391e-02 1.003308296203613281e-01 3.925599455833435059e-01 5.549687743186950684e-01 2.840229272842407227e-01 4.974002838134765625e-01 0.000000000000000000e+00 1.000000000000000000e+00 0.000000000000000000e+00
1.785405725240707397e-01 9.625642299652099609e-01 2.152262330055236816e-01 2.723062038421630859e-02 2.760374546051025391e-02 4.391900897026062012e-01 3.349234461784362793e-01 5.486134886741638184e-01 5.443650484085083008e-02 0.000000000000000000e+00 0.000000000000000000e+00 0.000000000000000000e+00
6.005244255065917969e-01 8.413833379745483398e-01 7.583082914352416992e-01 1.186556816101074219e-01 9.533635377883911133e-01 3.126659989356994629e-01 4.333665966987609863e-01 3.364987373352050781e-01 3.217831254005432129e-01 0.000000000000000000e+00 0.000000000000000000e+00 0.000000000000000000e+00
4.778675734996795654e-01 5.797699689865112305e-01 4.257182478904724121e-01 5.055441260337829590e-01 4.726248383522033691e-01 2.119976878166198730e-01 3.205991983413696289e-01 7.053548097610473633e-01 6.538183689117431641e-01 0.000000000000000000e+00 0.000000000000000000e+00 0.000000000000000000e+00
9.804068207740783691e-01 4.064631462097167969e-01 6.541229486465454102e-01 9.459866285324096680e-01 5.390213131904602051e-01 3.706328868865966797e-01 2.357360124588012695e-01 2.700753211975097656e-01 1.767645478248596191e-01 0.000000000000000000e+00 1.000000000000000000e+00 0.000000000000000000e+00
6.465953588485717773e-01 7.302290201187133789e-02 1.780133247375488281e-01 3.096899390220642090e-01 9.544786810874938965e-01 9.556343555450439453e-01 8.254238963127136230e-01 4.678252339363098145e-01 3.043635487556457520e-01 1.000000000000000000e+00 0.000000000000000000e+00 0.000000000000000000e+00
3.567815721035003662e-01 7.649551630020141602e-01 2.577382922172546387e-01 2.549546957015991211e-02 3.910361528396606445e-01 1.694718599319458008e-01 6.076414585113525391e-01 2.710418701171875000e-01 8.108103275299072266e-01 1.000000000000000000e+00 0.000000000000000000e+00 0.000000000000000000e+00
8.938974142074584961e-01 2.535099387168884277e-01 4.826523661613464355e-01 7.977338433265686035e-01 1.905536651611328125e-01 5.547033548355102539e-01 9.640486240386962891e-01 4.087238907814025879e-01 4.037001729011535645e-01 0.000000000000000000e+00 0.000000000000000000e+00 0.000000000000000000e+00
2.898792922496795654e-01 9.172228574752807617e-01 7.385873198509216309e-01 8.493083715438842773e-02 1.715266704559326172e-02 8.382037281990051270e-01 1.726919412612915039e-01 5.427700877189636230e-01 8.015429973602294922e-02 0.000000000000000000e+00 1.000000000000000000e+00 0.000000000000000000e+00
9.686162471771240234e-01 2.787606716156005859e-01 9.587740302085876465e-01 3.164154887199401855e-01 2.888296842575073242e-01 9.131032228469848633e-02 5.010992288589477539e-02 4.249842762947082520e-01 9.103280305862426758e-01 0.000000000000000000e+00 1.000000000000000000e+00 0.000000000000000000e+00
6.835253238677978516e-01 6.654896736145019531e-01 5.802033543586730957e-01 7.717402577400207520e-01 2.281431555747985840e-01 8.809318542480468750e-01 7.975852489471435547e-02 5.280410647392272949e-01 8.981705307960510254e-01 1.000000000000000000e+00 0.000000000000000000e+00 0.000000000000000000e+00
4.045061767101287842e-01 7.319402694702148438e-02 3.560616970062255859e-01 2.154543995857238770e-01 1.385096907615661621e-01 4.022050499916076660e-01 7.408334016799926758e-01 3.921404480934143066e-01 5.001723170280456543e-01 0.000000000000000000e+00 0.000000000000000000e+00 0.000000000000000000e+00
8.459227085113525391e-01 2.781541347503662109e-01 7.275552153587341309e-01 8.689584732055664062e-01 6.122142076492309570e-02 7.802320122718811035e-01 9.858396649360656738e-01 9.076741933822631836e-01 1.621890664100646973e-01 0.000000000000000000e+00 0.000000000000000000e+00 0.000000000000000000e+00
2.484247088432312012e-01 9.181249737739562988e-01 3.593470454216003418e-01 2.574206590652465820e-01 9.844166040420532227e-02 4.876642823219299316e-01 5.640190839767456055e-01 7.214735150337219238e-01 8.408729434013366699e-01 0.000000000000000000e+00 0.000000000000000000e+00 0.000000000000000000e+00
9.957228899002075195e-01 7.207036018371582031e-03 9.521385431289672852e-01 8.627878427505493164e-01 6.263098716735839844e-01 4.413417577743530273e-01 4.235976934432983398e-02 9.461810588836669922e-01 1.544784903526306152e-01 0.000000000000000000e+00 1.000000000000000000e+00 0.000000000000000000e+00
4.081138074398040771e-01 8.492955565452575684e-01 1.638331413269042969e-01 6.686486601829528809e-01 3.005643486976623535e-01 3.480724096298217773e-01 2.508115172386169434e-01 3.305214643478393555e-01 2.234150767326354980e-01 1.000000000000000000e+00 0.000000000000000000e+00 0.000000000000000000e+00
7.520756125450134277e-01 8.434897661209106445e-01 7.276737689971923828e-01 6.388026475906372070e-01 6.939764022827148438e-01 4.464100003242492676e-01 7.050318717956542969e-01 4.153794050216674805e-02 7.480034828186035156e-01 0.000000000000000000e+00 0.000000000000000000e+00 0.000000000000000000e+00
7.545080184936523438e-01 4.691500663757324219e-01 6.104472875595092773e-01 3.796219825744628906e-01 8.065834045410156250e-01 3.174586892127990723e-01 5.065793991088867188e-01 8.692289590835571289e-01 7.310804724693298340e-01 1.000000000000000000e+00 0.000000000000000000e+00 0.000000000000000000e+00
6.660704016685485840e-01 8.564985394477844238e-01 1.688834428787231445e-01 2.024625539779663086e-01 9.575513601303100586e-01 1.773604154586791992e-01 5.561628937721252441e-01 3.372737765312194824e-01 2.864478826522827148e-01 1.000000000000000000e+00 0.000000000000000000e+00 0.000000000000000000e+00
6.498721241950988770e-01 6.496679782867431641e-01 8.596622943878173828e-01 2.239680290222167969e-01 7.764689922332763672e-01 4.561728835105895996e-01 1.975821852684020996e-01 5.688149929046630859e-01 4.954143762588500977e-01 0.000000000000000000e+00 0.000000000000000000e+00 0.000000000000000000e+00
5.460786223411560059e-01 4.108619689941406250e-01 2.713955044746398926e-01 4.782234430313110352e-01 6.754144430160522461e-01 3.175485730171203613e-01 9.822579622268676758e-01 3.023419976234436035e-01 3.782349824905395508e-01 0.000000000000000000e+00 0.000000000000000000e+00 0.000000000000000000e+00
1.309452056884765625e-01 8.584856390953063965e-01 4.471932053565979004e-01 1.028226613998413086e-01 1.007481813430786133e-01 5.913720726966857910e-01 2.871026396751403809e-01 2.662685513496398926e-01 4.966167211532592773e-01 0.000000000000000000e+00 1.000000000000000000e+00 0.000000000000000000e+00
9.520621299743652344e-01 7.699083089828491211e-01 7.167655825614929199e-01 7.840875983238220215e-01 7.368251085281372070e-01 7.330018281936645508e-02 5.200446844100952148e-01 2.844528555870056152e-01 3.938803076744079590e-01 0.000000000000000000e+00 1.000000000000000000e+00 0.000000000000000000e+00
4.983178675174713135e-01 5.275884866714477539e-01 2.197011113166809082e-01 2.203721404075622559e-01 7.697041034698486328e-01 2.855402231216430664e-02 7.894732356071472168e-01 3.359109759330749512e-01 5.662373900413513184e-01 1.000000000000000000e+00 0.000000000000000000e+00 0.000000000000000000e+00
4.687917232513427734e-01 4.829265475273132324e-01 7.923880815505981445e-01 5.246781110763549805e-01 9.715014696121215820e-02 4.666238427162170410e-01 6.485773324966430664e-01 8.264029026031494141e-02 2.793305516242980957e-01 0.000000000000000000e+00 1.000000000000000000e+00 0.000000000000000000e+00
9.844449758529663086e-01 1.375165581703186035e-01 7.755212783813476562e-01 8.082500100135803223e-01 9.868279695510864258e-01 6.608075499534606934e-01 7.000252604484558105e-01 2.787061333656311035e-01 5.406544208526611328e-01 0.000000000000000000e+00 1.000000000000000000e+00 0.000000000000000000e+00
2.140104770660400391e-01 2.068396806716918945e-01 2.816224098205566406e-02 2.688828110694885254e-01 5.776397585868835449e-01 3.893163204193115234e-01 8.530941605567932129e-01 2.823290228843688965e-01 7.336277961730957031e-01 0.000000000000000000e+00 0.000000000000000000e+00 0.000000000000000000e+00
5.901873707771301270e-01 5.871561169624328613e-01 2.442547678947448730e-01 5.276536941528320312e-02 8.484920859336853027e-01 2.792352437973022461e-02 5.190448164939880371e-01 1.863617897033691406e-01 4.841464161872863770e-01 1.000000000000000000e+00 0.000000000000000000e+00 0.000000000000000000e+00
9.741041660308837891e-01 2.546390295028686523e-01 9.221423864364624023e-01 6.953347921371459961e-01 2.228665351867675781e-01 4.915447831153869629e-01 3.433058857917785645e-01 7.984554767608642578e-01 7.308576107025146484e-01 0.000000000000000000e+00 0.000000000000000000e+00 0.000000000000000000e+00
2.262251824140548706e-01 3.499110937118530273e-01 7.807785272598266602e-02 3.890281915664672852e-01 2.752623558044433594e-01 6.333142518997192383e-02 3.678679466247558594e-03 6.248413920402526855e-01 6.476866602897644043e-01 1.000000000000000000e+00 0.000000000000000000e+00 0.000000000000000000e+00
3.725088238716125488e-01 8.118746280670166016e-01 3.654657602310180664e-01 4.232005476951599121e-01 3.401016592979431152e-01 5.970209836959838867e-02 1.994248628616333008e-01 7.510660290718078613e-01 1.525150537490844727e-01 0.000000000000000000e+00 0.000000000000000000e+00 0.000000000000000000e+00
6.738624572753906250e-01 6.876680850982666016e-01 6.340901255607604980e-01 5.116810798645019531e-01 8.638394474983215332e-01 6.634836792945861816e-01 9.978137612342834473e-01 2.699522376060485840e-01 3.588046431541442871e-01 1.000000000000000000e+00 0.000000000000000000e+00 0.000000000000000000e+00
5.025320053100585938e-01 1.495881676673889160e-01 8.387428522109985352e-02 4.309267401695251465e-01 2.916756272315979004e-01 1.173497438430786133e-01 2.513056397438049316e-01 5.436252951622009277e-01 5.946637392044067383e-01 0.000000000000000000e+00 1.000000000000000000e+00 0.000000000000000000e+00
5.673853754997253418e-01 8.210134506225585938e-01 7.483026385307312012e-01 9.209185838699340820e-02 6.147319078445434570e-01 1.000533103942871094e-01 9.893403649330139160e-01 3.879610896110534668e-01 6.772696375846862793e-01 1.000000000000000000e+00 0.000000000000000000e+00 0.000000000000000000e+00
9.225201010704040527e-01 3.082095980644226074e-01 8.903464674949645996e-01 7.279741168022155762e-01 2.719128131866455078e-02 9.328407049179077148e-02 4.066256284713745117e-01 7.197632789611816406e-01 1.285508275032043457e-01 0.000000000000000000e+00 0.000000000000000000e+00 0.000000000000000000e+00
3.590121269226074219e-01 7.520115375518798828e-01 9.929440617561340332e-01 1.969186067581176758e-01 5.567255020141601562e-01 4.338330030441284180e-01 2.313040494918823242e-01 8.626340627670288086e-01 3.177465796470642090e-01 1.000000000000000000e+00 0.000000000000000000e+00 0.000000000000000000e+00
9.775537848472595215e-01 2.727010846138000488e-01 3.063095211982727051e-01 9.459952712059020996e-01 4.141907095909118652e-01 4.885876178741455078e-01 6.298679113388061523e-01 2.826148867607116699e-01 4.824153780937194824e-01 0.000000000000000000e+00 1.000000000000000000e+00 0.000000000000000000e+00
5.595577359199523926e-01 6.520089507102966309e-01 4.425948858261108398e-02 1.213665604591369629e-01 7.115033864974975586e-01 9.695343375205993652e-01 2.906636595726013184e-01 1.057776212692260742e-01 3.704171180725097656e-01 0.000000000000000000e+00 0.000000000000000000e+00 0.000000000000000000e+00
3.559008836746215820e-01 4.222156405448913574e-01 3.716979026794433594e-01 5.138828158378601074e-01 2.966367006301879883e-01 5.636861324310302734e-01 3.558742403984069824e-01 8.143231272697448730e-01 3.459957242012023926e-01 1.000000000000000000e+00 0.000000000000000000e+00 0.000000000000000000e+00
1.881593763828277588e-01 7.297259569168090820e-02 3.001868128776550293e-01 1.300587058067321777e-01 4.023011326789855957e-01 6.923842430114746094e-01 8.371521830558776855e-01 4.949470162391662598e-01 7.195472717285156250e-02 1.000000000000000000e+00 1.000000000000000000e+00 1.000000000000000000e+00
3.728474676609039307e-01 9.383005499839782715e-01 7.335779070854187012e-01 5.736842155456542969e-01 1.194421052932739258e-01 3.484076261520385742e-02 6.558588147163391113e-01 3.132085204124450684e-01 6.376964449882507324e-01 0.000000000000000000e+00 0.000000000000000000e+00 0.000000000000000000e+00
9.986900687217712402e-01 4.566842317581176758e-02 8.358580470085144043e-01 6.611763238906860352e-01 9.761168360710144043e-01 2.534472346305847168e-01 2.647185325622558594e-01 3.061384558677673340e-01 4.140297770500183105e-01 0.000000000000000000e+00 0.000000000000000000e+00 0.000000000000000000e+00
7.302177548408508301e-01 7.614507675170898438e-01 6.757022738456726074e-01 3.363225460052490234e-01 9.506627917289733887e-01 6.892727613449096680e-01 2.000026702880859375e-01 4.134531021118164062e-01 6.866691112518310547e-01 0.000000000000000000e+00 0.000000000000000000e+00 0.000000000000000000e+00
7.310174107551574707e-01 4.333797693252563477e-01 2.602494955062866211e-01 6.989878416061401367e-01 4.077798128128051758e-02 5.529289245605468750e-01 3.798207044601440430e-01 9.706285595893859863e-01 2.382081151008605957e-01 0.000000000000000000e+00 0.000000000000000000e+00 0.000000000000000000e+00
7.233014106750488281e-01 5.224831104278564453e-01 1.233650445938110352e-01 7.150024175643920898e-01 7.331165075302124023e-01 6.067625880241394043e-01 9.556914567947387695e-01 4.537028074264526367e-01 2.837768793106079102e-01 0.000000000000000000e+00 0.000000000000000000e+00 0.000000000000000000e+00
2.813600599765777588e-01 8.252015113830566406e-01 6.748359799385070801e-01 1.679682731628417969e-01 1.087950468063354492e-01 6.742602586746215820e-01 4.671531915664672852e-01 6.904541850090026855e-01 5.194567441940307617e-01 1.000000000000000000e+00 0.000000000000000000e+00 0.000000000000000000e+00
2.838164567947387695e-01 8.022962212562561035e-01 1.503425836563110352e-02 2.746106386184692383e-01 2.927124500274658203e-02 7.754688262939453125e-01 6.012748479843139648e-01 4.385837316513061523e-01 9.669504165649414062e-01 0.000000000000000000e+00 0.000000000000000000e+00 0.000000000000000000e+00
7.801445722579956055e-01 1.555978059768676758e-01 5.319025516510009766e-01 2.864088416099548340e-01 5.945269465446472168e-01 4.687374234199523926e-01 6.564660072326660156e-01 9.313827753067016602e-01 5.830943584442138672e-02 1.000000000000000000e+00 1.000000000000000000e+00 1.000000000000000000e+00
3.872677385807037354e-01 9.154551625251770020e-01 6.738160252571105957e-01 1.824631094932556152e-01 6.302769184112548828e-01 7.360418438911437988e-01 8.788911700248718262e-01 8.789346218109130859e-01 5.068910121917724609e-02 0.000000000000000000e+00 1.000000000000000000e+00 0.000000000000000000e+00
5.857304930686950684e-01 2.097551226615905762e-01 3.021275997161865234e-01 4.240561127662658691e-01 8.169859647750854492e-02 7.226884365081787109e-02 2.295066118240356445e-01 7.655172944068908691e-01 9.553593993186950684e-01 1.000000000000000000e+00 0.000000000000000000e+00 0.000000000000000000e+00
9.354669451713562012e-01 3.824930787086486816e-01 8.405899405479431152e-01 9.832983613014221191e-01 1.388853192329406738e-01 6.958687901496887207e-01 4.289113283157348633e-01 5.178630352020263672e-03 6.869804263114929199e-01 0.000000000000000000e+00 0.000000000000000000e+00 0.000000000000000000e+00
9.965636134147644043e-01 1.161162853240966797e-01 5.949334502220153809e-01 9.116665720939636230e-01 6.037473678588867188e-01 2.502437829971313477e-01 3.616046905517578125e-01 6.382633447647094727e-01 3.459762334823608398e-01 1.000000000000000000e+00 1.000000000000000000e+00 1.000000000000000000e+00
2.742994725704193115e-01 6.533752083778381348e-01 5.503289103507995605e-01 5.655911564826965332e-01 7.754069566726684570e-02 8.488359451293945312e-01 9.008631110191345215e-01 5.030552744865417480e-01 2.044454216957092285e-01 0.000000000000000000e+00 0.000000000000000000e+00 0.000000000000000000e+00
9.028459191322326660e-01 1.287717819213867188e-01 7.152299284934997559e-01 1.957710981369018555e-01 3.541162610054016113e-01 4.739581346511840820e-01 2.538607120513916016e-01 3.957986831665039062e-02 9.652734994888305664e-01 0.000000000000000000e+00 0.000000000000000000e+00 0.000000000000000000e+00
8.694424629211425781e-01 1.436861157417297363e-01 6.989240050315856934e-01 7.891428470611572266e-02 8.819906115531921387e-01 1.976321339607238770e-01 1.831361055374145508e-01 3.503522276878356934e-01 8.746089935302734375e-01 1.000000000000000000e+00 0.000000000000000000e+00 0.000000000000000000e+00
2.862879633903503418e-01 4.810079932212829590e-01 3.972153067588806152e-01 7.528954744338989258e-02 1.309562325477600098e-01 4.849535226821899414e-02 8.605439066886901855e-01 4.752267599105834961e-01 5.044407844543457031e-01 1.000000000000000000e+00 0.000000000000000000e+00 0.000000000000000000e+00
4.324192404747009277e-01 1.390177011489868164e-01 4.901170134544372559e-01 2.582847476005554199e-01 3.036126494407653809e-01 4.074984788894653320e-01 1.725655794143676758e-02 7.760099172592163086e-01 3.657613992691040039e-01 1.000000000000000000e+00 0.000000000000000000e+00 0.000000000000000000e+00
4.673633873462677002e-01 2.903513312339782715e-01 3.013792037963867188e-01 3.020988106727600098e-01 4.003719687461853027e-01 9.189251065254211426e-01 5.013473629951477051e-01 2.210102081298828125e-01 1.330612897872924805e-01 0.000000000000000000e+00 0.000000000000000000e+00 0.000000000000000000e+00
9.301880598068237305e-01 5.363649129867553711e-02 2.913417816162109375e-01 5.772908926010131836e-01 7.553588151931762695e-01 5.639691352844238281e-01 4.459933638572692871e-01 6.412433981895446777e-01 7.182356715202331543e-01 0.000000000000000000e+00 0.000000000000000000e+00 0.000000000000000000e+00
8.781797289848327637e-01 6.796954870223999023e-01 3.143540620803833008e-01 7.071074843406677246e-01 8.110176920890808105e-01 7.568488717079162598e-01 3.323125839233398438e-01 1.198332309722900391e-01 5.866261720657348633e-01 0.000000000000000000e+00 0.000000000000000000e+00 0.000000000000000000e+00
2.411453127861022949e-01 5.344990491867065430e-01 2.493455410003662109e-01 1.616575717926025391e-01 1.747301816940307617e-01 4.705728292465209961e-01 7.597406506538391113e-01 7.705456614494323730e-01 5.651049017906188965e-01 0.000000000000000000e+00 1.000000000000000000e+00 0.000000000000000000e+00
4.579741954803466797e-01 1.471419334411621094e-01 5.058349967002868652e-01 1.998444795608520508e-01 4.513831734657287598e-01 5.213698744773864746e-01 4.727565646171569824e-01 9.311696290969848633e-01 7.909308075904846191e-01 0.000000000000000000e+00 0.000000000000000000e+00 0.000000000000000000e+00
8.904496431350708008e-01 4.433604478836059570e-01 2.831446528434753418e-01 9.053026437759399414e-01 3.709530830383300781e-02 8.562812805175781250e-01 1.633257865905761719e-01 9.528517723083496094e-01 7.286261916160583496e-01 1.000000000000000000e+00 0.000000000000000000e+00 0.000000000000000000e+00
8.939170837402343750e-01 3.218417167663574219e-01 6.407866477966308594e-01 8.617768287658691406e-01 3.308779001235961914e-02 4.439894556999206543e-01 6.994345784187316895e-01 9.324379563331604004e-01 1.500900983810424805e-01 0.000000000000000000e+00 0.000000000000000000e+00 0.000000000000000000e+00
5.145450830459594727e-01 3.879657387733459473e-01 2.208349704742431641e-01 2.259552478790283203e-03 8.781429529190063477e-01 1.287530660629272461e-01 1.683298349380493164e-01 4.660687446594238281e-01 1.571253538131713867e-01 0.000000000000000000e+00 1.000000000000000000e+00 0.000000000000000000e+00
2.376786321401596069e-01 4.597926139831542969e-01 6.235616207122802734e-01 4.668465852737426758e-01 1.743482351303100586e-01 6.912557482719421387e-01 2.946226000785827637e-01 1.300684809684753418e-01 8.609595894813537598e-01 1.000000000000000000e+00 1.000000000000000000e+00 1.000000000000000000e+00
9.354018568992614746e-01 4.190421104431152344e-02 2.062408328056335449e-01 8.916818499565124512e-01 7.106256484985351562e-02 6.442030668258666992e-01 3.278650045394897461e-01 5.281372070312500000e-01 5.622357726097106934e-01 0.000000000000000000e+00 0.000000000000000000e+00 0.000000000000000000e+00
