8.548463582992553711e-01 8.203645944595336914e-01 7.818943262100219727e-02 1.915093660354614258e-01 9.530076980590820312e-01 1.689523458480834961e-02 7.369319796562194824e-01 8.306407332420349121e-01 6.020735502243041992e-01 0.000000000000000000e+00 0.000000000000000000e+00 0.000000000000000000e+00
2.596300244331359863e-01 6.162840127944946289e-01 5.895727872848510742e-02 6.227039694786071777e-01 1.022412776947021484e-01 4.669208526611328125e-01 3.676590919494628906e-01 4.553565382957458496e-01 3.326169252395629883e-01 1.000000000000000000e+00 0.000000000000000000e+00 0.000000000000000000e+00
9.690166711807250977e-01 2.407649159431457520e-01 5.592920780181884766e-01 6.861218214035034180e-01 9.959008097648620605e-01 8.169555664062500000e-02 6.610198616981506348e-01 3.393028378486633301e-01 1.483899950981140137e-01 0.000000000000000000e+00 1.000000000000000000e+00 0.000000000000000000e+00
9.964327812194824219e-01 4.182951450347900391e-01 6.099783778190612793e-01 9.504590630531311035e-01 8.837727308273315430e-01 1.782680749893188477e-01 5.398443341255187988e-01 4.096208214759826660e-01 2.013016343116760254e-01 1.000000000000000000e+00 1.000000000000000000e+00 1.000000000000000000e+00
6.955454349517822266e-01 7.813960909843444824e-01 1.773405075073242188e-02 4.256829023361206055e-01 7.712504863739013672e-01 1.170904636383056641e-01 5.112636089324951172e-02 8.958578109741210938e-04 4.487413167953491211e-02 1.000000000000000000e+00 0.000000000000000000e+00 0.000000000000000000e+00
9.617224931716918945e-01 1.704875826835632324e-01 8.604171872138977051e-01 1.881397962570190430e-01 5.770573616027832031e-01 2.234326601028442383e-01 7.836586833000183105e-01 2.895256280899047852e-01 8.889586925506591797e-01 0.000000000000000000e+00 1.000000000000000000e+00 0.000000000000000000e+00
8.036160469055175781e-01 5.587365627288818359e-01 6.405879855155944824e-01 1.669918894767761230e-01 7.786180973052978516e-01 1.873899698257446289e-01 4.476572871208190918e-01 3.847635388374328613e-01 6.553532481193542480e-01 0.000000000000000000e+00 0.000000000000000000e+00 0.000000000000000000e+00
9.623059630393981934e-01 3.165470957756042480e-01 2.534435987472534180e-01 9.394960403442382812e-01 8.075103759765625000e-01 7.489645481109619141e-01 4.829108715057373047e-03 3.304942846298217773e-01 1.548017859458923340e-01 0.000000000000000000e+00 1.000000000000000000e+00 0.000000000000000000e+00
1.846314221620559692e-01 8.874485492706298828e-01 7.389529943466186523e-01 7.331871986389160156e-02 2.157124280929565430e-01 9.641717076301574707e-01 2.244621515274047852e-01 3.273975253105163574e-01 3.133468627929687500e-01 0.000000000000000000e+00 1.000000000000000000e+00 0.000000000000000000e+00
9.322517514228820801e-01 5.092453956604003906e-01 2.809038758277893066e-01 9.135810136795043945e-01 1.120234131813049316e-01 4.323470592498779297e-02 5.202749371528625488e-01 2.072331905364990234e-01 9.942361116409301758e-01 0.000000000000000000e+00 0.000000000000000000e+00 0.000000000000000000e+00
5.835654139518737793e-01 5.073212981224060059e-01 7.907562851905822754e-01 1.635971665382385254e-01 5.877999663352966309e-01 9.063847064971923828e-01 9.004372358322143555e-02 8.976691961288452148e-02 1.362115740776062012e-01 0.000000000000000000e+00 0.000000000000000000e+00 0.000000000000000000e+00
9.930917024612426758e-01 4.706668853759765625e-02 9.957131147384643555e-01 9.623683094978332520e-01 7.787649035453796387e-01 7.806016206741333008e-01 5.770936608314514160e-01 7.910500764846801758e-01 5.297847986221313477e-01 0.000000000000000000e+00 0.000000000000000000e+00 0.000000000000000000e+00
9.215239882469177246e-01 9.448121786117553711e-01 2.290451526641845703e-01 8.321195244789123535e-01 9.370450377464294434e-01 7.135680317878723145e-01 9.151086211204528809e-01 4.989224672317504883e-02 5.057997703552246094e-01 0.000000000000000000e+00 0.000000000000000000e+00 0.000000000000000000e+00
6.365035772323608398e-01 9.385033249855041504e-01 9.049115777015686035e-01 8.630722761154174805e-01 4.793154597282409668e-01 2.811362147331237793e-01 3.521388769149780273e-01 6.531558632850646973e-01 3.021728992462158203e-02 1.000000000000000000e+00 0.000000000000000000e+00 0.000000000000000000e+00
4.668652713298797607e-01 8.376973271369934082e-01 2.236494421958923340e-01 6.004692912101745605e-01 2.323199510574340820e-01 3.292239904403686523e-01 8.028548359870910645e-01 5.919051170349121094e-01 8.865594863891601562e-01 1.000000000000000000e+00 0.000000000000000000e+00 0.000000000000000000e+00
3.701103031635284424e-01 2.096780538558959961e-01 4.507124423980712891e-02 5.107456445693969727e-01 1.954138278961181641e-03 5.071612000465393066e-01 4.306778907775878906e-01 4.058420658111572266e-03 6.962807774543762207e-01 0.000000000000000000e+00 1.000000000000000000e+00 0.000000000000000000e+00
2.913247346878051758e-01 9.023425579071044922e-01 4.993537068367004395e-01 1.794612407684326172e-02 7.742472887039184570e-01 8.151018023490905762e-01 3.613636493682861328e-01 9.424087405204772949e-01 1.832219362258911133e-01 1.000000000000000000e+00 0.000000000000000000e+00 0.000000000000000000e+00
3.423355519771575928e-01 9.953508973121643066e-01 2.080966234207153320e-01 4.588345885276794434e-01 2.863550186157226562e-01 5.857498645782470703e-01 4.268936514854431152e-01 6.317154169082641602e-01 2.137511968612670898e-01 0.000000000000000000e+00 0.000000000000000000e+00 0.000000000000000000e+00
1.491717845201492310e-01 3.652155399322509766e-03 1.342917680740356445e-01 2.720761895179748535e-01 4.408057928085327148e-01 5.080032348632812500e-01 7.388907670974731445e-02 4.703313112258911133e-01 2.714741230010986328e-01 1.000000000000000000e+00 1.000000000000000000e+00 1.000000000000000000e+00
9.679668545722961426e-01 2.397587299346923828e-01 5.193598270416259766e-01 8.339582681655883789e-01 6.313087344169616699e-01 5.829620957374572754e-01 7.327864170074462891e-01 8.524203300476074219e-02 5.307438969612121582e-01 0.000000000000000000e+00 0.000000000000000000e+00 0.000000000000000000e+00
8.183188438415527344e-01 8.670862913131713867e-01 7.510948181152343750e-02 9.126773476600646973e-01 8.859878778457641602e-02 1.546066999435424805e-02 6.274157762527465820e-01 4.519169330596923828e-01 3.481479883193969727e-01 0.000000000000000000e+00 0.000000000000000000e+00 0.000000000000000000e+00
8.827341198921203613e-01 5.094357728958129883e-01 8.415864706039428711e-01 9.357047677040100098e-01 3.092929124832153320e-01 7.527748942375183105e-01 9.476995468139648438e-02 2.053633332252502441e-01 7.841454148292541504e-01 0.000000000000000000e+00 0.000000000000000000e+00 0.000000000000000000e+00
5.046254396438598633e-01 8.859062790870666504e-01 4.223167300224304199e-01 6.388170719146728516e-01 6.838661432266235352e-02 2.209708690643310547e-01 6.681477427482604980e-01 1.247881054878234863e-01 5.337967872619628906e-01 0.000000000000000000e+00 0.000000000000000000e+00 0.000000000000000000e+00
3.059635758399963379e-01 9.303361773490905762e-01 9.749340415000915527e-01 3.444101810455322266e-01 7.136803865432739258e-02 3.901990652084350586e-01 3.000634312629699707e-01 3.874123692512512207e-01 1.897398233413696289e-01 1.000000000000000000e+00 1.000000000000000000e+00 1.000000000000000000e+00
5.113080739974975586e-01 8.533961772918701172e-01 8.864021897315979004e-01 5.207735300064086914e-02 4.599283337593078613e-01 1.004105210304260254e-01 2.093172073364257812e-01 7.663893699645996094e-01 3.749085068702697754e-01 1.000000000000000000e+00 0.000000000000000000e+00 0.000000000000000000e+00
8.050913214683532715e-01 1.014899015426635742e-01 6.884247064590454102e-01 1.057196259498596191e-01 2.354577779769897461e-01 5.159473419189453125e-01 3.791505694389343262e-01 4.424094557762145996e-01 4.619008302688598633e-02 0.000000000000000000e+00 1.000000000000000000e+00 0.000000000000000000e+00
9.932328462600708008e-01 1.177078485488891602e-02 7.294584512710571289e-01 9.460438489913940430e-01 7.946682572364807129e-01 8.332116603851318359e-01 5.689815878868103027e-01 8.587783575057983398e-01 7.321190834045410156e-01 0.000000000000000000e+00 0.000000000000000000e+00 0.000000000000000000e+00
1.404348313808441162e-01 2.605658173561096191e-01 1.349490880966186523e-02 1.211297512054443359e-01 4.364687800407409668e-01 6.964381337165832520e-01 7.122256159782409668e-01 5.535470247268676758e-01 4.320853948593139648e-01 0.000000000000000000e+00 0.000000000000000000e+00 0.000000000000000000e+00
9.557482600212097168e-01 5.404368638992309570e-01 9.080735445022583008e-01 8.771306276321411133e-01 8.275034427642822266e-01 8.861141800880432129e-01 4.250237941741943359e-01 4.510258436203002930e-01 7.090563774108886719e-01 0.000000000000000000e+00 0.000000000000000000e+00 0.000000000000000000e+00
5.348190069198608398e-01 6.643937826156616211e-01 5.115973949432373047e-01 5.415412187576293945e-01 1.705639362335205078e-01 9.871622323989868164e-01 7.644286155700683594e-01 9.476065039634704590e-01 8.185378909111022949e-01 0.000000000000000000e+00 0.000000000000000000e+00 0.000000000000000000e+00
3.517484962940216064e-01 6.183521747589111328e-01 6.708115935325622559e-01 4.021090865135192871e-01 1.308705806732177734e-01 8.154484033584594727e-01 5.524919033050537109e-01 5.485001206398010254e-01 6.100732684135437012e-01 0.000000000000000000e+00 0.000000000000000000e+00 0.000000000000000000e+00
3.483353555202484131e-01 9.857630133628845215e-01 3.605759143829345703e-01 3.842818140983581543e-01 2.984629869461059570e-01 8.634337186813354492e-01 8.319745063781738281e-01 7.314473986625671387e-01 1.686810851097106934e-01 0.000000000000000000e+00 0.000000000000000000e+00 0.000000000000000000e+00
8.869225978851318359e-01 2.393200397491455078e-01 9.721834659576416016e-01 1.946163177490234375e-01 5.331579446792602539e-01 4.066005945205688477e-01 5.888957977294921875e-01 4.482424855232238770e-01 1.114982366561889648e-02 0.000000000000000000e+00 0.000000000000000000e+00 0.000000000000000000e+00
4.820322096347808838e-01 6.981534957885742188e-01 5.631677508354187012e-01 6.522522568702697754e-01 1.314916610717773438e-01 2.831215262413024902e-01 6.995228528976440430e-01 3.529483079910278320e-01 6.034372448921203613e-01 0.000000000000000000e+00 0.000000000000000000e+00 0.000000000000000000e+00
9.400853514671325684e-01 3.857809305191040039e-01 8.332887887954711914e-01 9.372409582138061523e-01 5.361596345901489258e-01 9.201815724372863770e-01 6.106835603713989258e-02 5.828396677970886230e-01 2.025003433227539062e-01 0.000000000000000000e+00 0.000000000000000000e+00 0.000000000000000000e+00
9.802614450454711914e-01 3.140186667442321777e-01 5.741258859634399414e-01 7.964400649070739746e-01 9.393855333328247070e-01 4.615304470062255859e-01 3.924804925918579102e-01 6.599055528640747070e-01 3.426654338836669922e-01 0.000000000000000000e+00 0.000000000000000000e+00 0.000000000000000000e+00
5.850027203559875488e-01 6.742623448371887207e-01 1.883992552757263184e-01 3.065630793571472168e-01 8.758966922760009766e-01 2.721128463745117188e-01 3.762851953506469727e-01 2.962279915809631348e-01 5.562703013420104980e-01 1.000000000000000000e+00 0.000000000000000000e+00 0.000000000000000000e+00
7.786613702774047852e-01 8.938934206962585449e-01 2.599037885665893555e-01 7.732878327369689941e-01 6.174547076225280762e-01 8.933613896369934082e-01 6.972318887710571289e-02 6.754968762397766113e-01 2.323291301727294922e-01 0.000000000000000000e+00 0.000000000000000000e+00 0.000000000000000000e+00
5.001730918884277344e-01 6.154840588569641113e-01 2.389603853225708008e-02 2.761030197143554688e-02 5.555412173271179199e-01 2.474455833435058594e-01 6.917625069618225098e-01 8.357495069503784180e-01 6.474280357360839844e-02 0.000000000000000000e+00 1.000000000000000000e+00 0.000000000000000000e+00
5.845183134078979492e-01 1.971176862716674805e-01 6.672859787940979004e-01 2.103843688964843750e-01 2.746117711067199707e-01 9.498867988586425781e-01 2.423769831657409668e-01 4.146042466163635254e-01 3.969280719757080078e-01 0.000000000000000000e+00 0.000000000000000000e+00 0.000000000000000000e+00
5.068579912185668945e-01 8.589263558387756348e-01 1.489943265914916992e-01 1.329310536384582520e-01 8.397644162178039551e-01 7.212179899215698242e-01 2.556672692298889160e-01 1.793275475502014160e-01 8.420739769935607910e-01 1.000000000000000000e+00 0.000000000000000000e+00 0.000000000000000000e+00
5.207714438438415527e-01 9.344770908355712891e-01 3.679462075233459473e-01 8.313770890235900879e-01 1.185633540153503418e-01 4.196918010711669922e-01 6.642878651618957520e-01 2.054131031036376953e-02 5.209373235702514648e-01 0.000000000000000000e+00 0.000000000000000000e+00 0.000000000000000000e+00
9.918496608734130859e-01 3.127309679985046387e-01 2.990813255310058594e-01 8.205558061599731445e-01 9.873189330101013184e-01 4.363450407981872559e-01 3.699218630790710449e-01 6.420822739601135254e-01 7.283774018287658691e-01 0.000000000000000000e+00 0.000000000000000000e+00 0.000000000000000000e+00
2.589874267578125000e-01 7.389920949935913086e-01 9.166520237922668457e-01 6.238662600517272949e-01 3.554129600524902344e-02 6.772081255912780762e-01 7.734462022781372070e-01 3.364750146865844727e-01 5.672596693038940430e-01 0.000000000000000000e+00 0.000000000000000000e+00 0.000000000000000000e+00
9.830880761146545410e-01 2.078751921653747559e-01 4.745302796363830566e-01 6.333830356597900391e-01 8.718552589416503906e-01 4.964495897293090820e-01 9.594929814338684082e-01 8.546172976493835449e-01 9.702628850936889648e-01 0.000000000000000000e+00 0.000000000000000000e+00 0.000000000000000000e+00
8.644418120384216309e-01 2.822863459587097168e-01 9.651153683662414551e-01 1.658379435539245605e-01 4.635313749313354492e-01 6.647509932518005371e-01 6.471518278121948242e-01 1.038824915885925293e-01 8.675621747970581055e-01 1.000000000000000000e+00 1.000000000000000000e+00 1.000000000000000000e+00
8.161798715591430664e-01 4.659451246261596680e-01 7.508640289306640625e-01 9.534022808074951172e-01 2.273594737052917480e-01 9.445614814758300781e-01 6.743426322937011719e-01 8.752555251121520996e-01 9.581244587898254395e-01 0.000000000000000000e+00 0.000000000000000000e+00 0.000000000000000000e+00
7.559261918067932129e-01 6.032323837280273438e-01 8.085865974426269531e-01 7.296420931816101074e-01 8.028109669685363770e-01 5.205266475677490234e-01 1.902421712875366211e-01 3.747755289077758789e-02 2.864164710044860840e-01 0.000000000000000000e+00 0.000000000000000000e+00 0.000000000000000000e+00
7.871319055557250977e-01 7.663829922676086426e-01 2.315985560417175293e-01 6.155228018760681152e-01 8.442756533622741699e-01 1.539267301559448242e-01 9.152288436889648438e-01 2.042763829231262207e-01 9.137162566184997559e-01 0.000000000000000000e+00 0.000000000000000000e+00 0.000000000000000000e+00
5.973092913627624512e-01 9.861450195312500000e-01 6.750709414482116699e-01 8.876762390136718750e-01 2.601641416549682617e-02 3.345535397529602051e-01 4.669896364212036133e-01 7.874062657356262207e-01 4.186814427375793457e-01 0.000000000000000000e+00 0.000000000000000000e+00 0.000000000000000000e+00
9.762591123580932617e-01 4.444137215614318848e-01 4.258620142936706543e-01 8.030719161033630371e-01 9.957666397094726562e-01 2.736233472824096680e-01 9.337259531021118164e-01 5.640989542007446289e-02 5.730793476104736328e-01 0.000000000000000000e+00 0.000000000000000000e+00 0.000000000000000000e+00
9.652596116065979004e-01 3.450168371200561523e-01 8.377650976181030273e-01 5.621403455734252930e-01 1.380036473274230957e-01 1.259033679962158203e-01 1.466557383537292480e-01 9.412400722503662109e-01 7.691371440887451172e-02 0.000000000000000000e+00 0.000000000000000000e+00 0.000000000000000000e+00
4.148442149162292480e-01 6.076257824897766113e-01 2.999172806739807129e-01 4.896568655967712402e-01 2.952769398689270020e-01 8.240538835525512695e-01 4.043569564819335938e-01 2.505491971969604492e-01 7.593534588813781738e-01 1.000000000000000000e+00 0.000000000000000000e+00 0.000000000000000000e+00
7.961686253547668457e-01 6.216872930526733398e-01 6.087150573730468750e-01 8.572051525115966797e-01 5.560480356216430664e-01 4.516353011131286621e-01 2.420945167541503906e-01 7.635334730148315430e-01 2.342277169227600098e-01 1.000000000000000000e+00 0.000000000000000000e+00 0.000000000000000000e+00
7.230504155158996582e-01 7.500793933868408203e-01 7.504057884216308594e-02 3.941519856452941895e-01 9.974609017372131348e-01 9.041962027549743652e-01 4.942376017570495605e-01 6.616833806037902832e-01 2.160969972610473633e-01 1.000000000000000000e+00 0.000000000000000000e+00 0.000000000000000000e+00
8.378416299819946289e-01 3.400236368179321289e-02 6.432701945304870605e-01 4.445550441741943359e-01 3.876063227653503418e-01 6.487902402877807617e-01 3.216083645820617676e-01 3.994768261909484863e-01 6.001900434494018555e-01 0.000000000000000000e+00 0.000000000000000000e+00 0.000000000000000000e+00
6.898779273033142090e-01 8.865238428115844727e-01 4.153491854667663574e-01 5.111384987831115723e-01 6.071085333824157715e-01 1.026213765144348145e-01 5.770007967948913574e-01 6.072605252265930176e-01 2.214471101760864258e-01 0.000000000000000000e+00 0.000000000000000000e+00 0.000000000000000000e+00
9.584247469902038574e-01 6.970024108886718750e-02 9.483386874198913574e-01 8.899838328361511230e-01 2.821444869041442871e-01 8.486892580986022949e-01 3.526323437690734863e-01 4.513862729072570801e-01 1.232504844665527344e-02 0.000000000000000000e+00 0.000000000000000000e+00 0.000000000000000000e+00
9.616140127182006836e-01 5.940258502960205078e-01 2.131422758102416992e-01 8.505333662033081055e-01 6.554973721504211426e-01 1.788137555122375488e-01 9.430090188980102539e-01 5.175192952156066895e-01 6.901320815086364746e-01 0.000000000000000000e+00 0.000000000000000000e+00 0.000000000000000000e+00
1.633785218000411987e-01 7.324338555335998535e-01 7.658880949020385742e-01 3.523763418197631836e-01 8.520382642745971680e-02 2.006385922431945801e-01 5.787628889083862305e-01 5.177686810493469238e-01 2.074596881866455078e-01 1.000000000000000000e+00 0.000000000000000000e+00 0.000000000000000000e+00
8.524065613746643066e-01 6.082803010940551758e-01 3.362928628921508789e-01 7.188010215759277344e-01 6.159090399742126465e-01 2.200909256935119629e-01 5.158670544624328613e-01 9.651052951812744141e-02 3.454396724700927734e-01 1.000000000000000000e+00 0.000000000000000000e+00 0.000000000000000000e+00
5.045985579490661621e-01 7.616201043128967285e-01 5.260329246520996094e-01 5.297535657882690430e-01 5.599548816680908203e-01 2.812480926513671875e-01 9.903433322906494141e-01 4.464173913002014160e-01 3.553591966629028320e-01 1.000000000000000000e+00 0.000000000000000000e+00 0.000000000000000000e+00
3.791427016258239746e-01 3.760760426521301270e-01 3.683339357376098633e-01 2.654691934585571289e-01 7.088226675987243652e-01 8.106690645217895508e-01 8.519825339317321777e-01 6.054292321205139160e-01 8.178821206092834473e-01 1.000000000000000000e+00 0.000000000000000000e+00 0.000000000000000000e+00
3.870693743228912354e-01 7.438206672668457031e-01 7.147723436355590820e-02 3.653849959373474121e-01 4.794184565544128418e-01 4.206061363220214844e-02 2.008070945739746094e-01 8.202606439590454102e-02 5.250290632247924805e-01 1.000000000000000000e+00 0.000000000000000000e+00 0.000000000000000000e+00
4.188260436058044434e-01 3.189271688461303711e-01 2.195110321044921875e-01 2.482827305793762207e-01 8.875206112861633301e-01 1.608921289443969727e-01 7.686454057693481445e-01 2.627293467521667480e-01 4.068008065223693848e-01 1.000000000000000000e+00 0.000000000000000000e+00 0.000000000000000000e+00
1.630058884620666504e-01 4.779449701309204102e-01 6.501851081848144531e-01 1.266479492187500000e-02 2.095264792442321777e-01 8.681358695030212402e-01 2.306811213493347168e-01 4.246571063995361328e-01 7.034009695053100586e-01 0.000000000000000000e+00 1.000000000000000000e+00 0.000000000000000000e+00
9.846490025520324707e-01 2.529237270355224609e-01 3.815622329711914062e-01 8.580843210220336914e-01 9.511356949806213379e-01 9.936696290969848633e-01 8.917037844657897949e-01 3.283339738845825195e-01 3.088893294334411621e-01 0.000000000000000000e+00 0.000000000000000000e+00 0.000000000000000000e+00
5.790667533874511719e-01 7.794752120971679688e-01 7.173717021942138672e-02 2.573754191398620605e-01 3.784956932067871094e-01 1.591991186141967773e-01 9.334774017333984375e-01 2.633860111236572266e-01 9.488937854766845703e-01 0.000000000000000000e+00 0.000000000000000000e+00 0.000000000000000000e+00
6.438004374504089355e-01 9.794087409973144531e-01 2.004601955413818359e-01 1.239975690841674805e-01 8.509023189544677734e-01 4.160609841346740723e-01 2.650359869003295898e-01 9.405302405357360840e-01 5.272482037544250488e-01 1.000000000000000000e+00 0.000000000000000000e+00 0.000000000000000000e+00
6.959227323532104492e-01 2.136576175689697266e-01 6.351574659347534180e-01 4.843294620513916016e-02 8.009805679321289062e-01 5.045651197433471680e-01 7.453104257583618164e-01 3.642475008964538574e-01 1.121646165847778320e-01 1.000000000000000000e+00 0.000000000000000000e+00 0.000000000000000000e+00
2.122993916273117065e-01 7.069851756095886230e-01 7.544253468513488770e-01 9.520769119262695312e-02 4.559745788574218750e-01 1.970501542091369629e-01 5.444087982177734375e-01 2.034204602241516113e-01 7.108804583549499512e-01 0.000000000000000000e+00 1.000000000000000000e+00 0.000000000000000000e+00
9.972593784332275391e-01 9.637659788131713867e-02 3.552573919296264648e-01 9.335855245590209961e-01 5.137746334075927734e-01 2.723422646522521973e-01 7.586553692817687988e-01 4.378990530967712402e-01 8.273444771766662598e-01 0.000000000000000000e+00 1.000000000000000000e+00 0.000000000000000000e+00
8.799428492784500122e-02 1.211599707603454590e-01 1.313462257385253906e-01 2.252329587936401367e-01 1.066632270812988281e-01 1.552956104278564453e-01 8.123243451118469238e-01 6.237572431564331055e-02 8.545424342155456543e-01 0.000000000000000000e+00 1.000000000000000000e+00 0.000000000000000000e+00
9.721053242683410645e-01 2.855470180511474609e-01 8.652277588844299316e-01 7.870877981185913086e-01 6.929992437362670898e-01 8.283208012580871582e-01 9.157838821411132812e-01 1.267690658569335938e-01 8.294297456741333008e-01 0.000000000000000000e+00 1.000000000000000000e+00 0.000000000000000000e+00
4.027534425258636475e-01 6.852522492408752441e-01 9.701506495475769043e-01 1.762732863426208496e-01 2.204132080078125000e-02 7.247346639633178711e-02 4.766052365303039551e-01 4.935953021049499512e-01 5.439994335174560547e-01 1.000000000000000000e+00 0.000000000000000000e+00 0.000000000000000000e+00
5.910484194755554199e-01 9.122938513755798340e-01 9.689037799835205078e-01 5.524984002113342285e-01 7.969430685043334961e-01 8.433672189712524414e-01 2.523696422576904297e-01 7.035489082336425781e-01 1.275714635848999023e-01 0.000000000000000000e+00 0.000000000000000000e+00 0.000000000000000000e+00
9.498615264892578125e-01 4.234043955802917480e-01 2.635162472724914551e-01 9.151414036750793457e-01 7.336849570274353027e-01 7.892317771911621094e-01 1.384959816932678223e-01 7.208775281906127930e-01 2.045558691024780273e-01 0.000000000000000000e+00 0.000000000000000000e+00 0.000000000000000000e+00
8.616496920585632324e-01 6.852472424507141113e-01 4.161394834518432617e-01 8.257559537887573242e-01 8.285894989967346191e-01 9.514700770378112793e-01 4.079568982124328613e-01 6.196683645248413086e-02 6.089279651641845703e-01 1.000000000000000000e+00 0.000000000000000000e+00 0.000000000000000000e+00
8.253818750381469727e-01 6.960552334785461426e-01 6.383084654808044434e-01 8.731184601783752441e-01 9.057378768920898438e-02 1.838848590850830078e-01 9.886359572410583496e-01 1.365375518798828125e-01 3.981420397758483887e-01 0.000000000000000000e+00 0.000000000000000000e+00 0.000000000000000000e+00
3.566687405109405518e-01 8.723556995391845703e-01 4.849903583526611328e-01 1.856545805931091309e-01 7.646393775939941406e-01 3.120166659355163574e-01 8.888925909996032715e-01 3.830821514129638672e-01 7.890450954437255859e-02 0.000000000000000000e+00 0.000000000000000000e+00 0.000000000000000000e+00
8.310265541076660156e-01 4.109365940093994141e-01 9.509754776954650879e-01 3.167698979377746582e-01 3.545907139778137207e-01 4.993268251419067383e-01 6.252689361572265625e-01 1.343608498573303223e-01 5.951386094093322754e-01 0.000000000000000000e+00 1.000000000000000000e+00 0.000000000000000000e+00
5.096095800399780273e-01 9.167699217796325684e-01 8.192992210388183594e-02 6.479990482330322266e-02 4.623079895973205566e-01 5.274191498756408691e-01 8.731305599212646484e-02 9.929568767547607422e-01 2.105666399002075195e-01 0.000000000000000000e+00 0.000000000000000000e+00 0.000000000000000000e+00
6.093506813049316406e-01 7.010279893875122070e-01 7.662079930305480957e-01 3.159904479980468750e-02 8.260718584060668945e-01 8.631184101104736328e-01 1.506522893905639648e-01 4.538304209709167480e-01 1.017146706581115723e-01 1.000000000000000000e+00 0.000000000000000000e+00 0.000000000000000000e+00
9.901165366172790527e-01 1.991683244705200195e-02 9.514625072479248047e-01 3.151735663414001465e-01 6.022624969482421875e-01 2.289863824844360352e-01 8.435556292533874512e-01 3.326528668403625488e-01 5.778302550315856934e-01 0.000000000000000000e+00 0.000000000000000000e+00 0.000000000000000000e+00
6.265123486518859863e-01 1.200253963470458984e-01 4.853975772857666016e-01 2.830585837364196777e-01 5.286398530006408691e-01 4.372836947441101074e-01 2.941139936447143555e-01 7.834571003913879395e-01 3.236567974090576172e-01 1.000000000000000000e+00 0.000000000000000000e+00 0.000000000000000000e+00
4.084610939025878906e-01 8.118546009063720703e-01 1.978747844696044922e-01 4.164130687713623047e-01 2.785785198211669922e-01 8.701416254043579102e-01 7.584363222122192383e-02 7.370728850364685059e-01 2.277200222015380859e-01 0.000000000000000000e+00 0.000000000000000000e+00 0.000000000000000000e+00
7.798368334770202637e-01 4.417919516563415527e-01 8.375322818756103516e-02 7.758137583732604980e-01 3.305935859680175781e-01 5.553772449493408203e-01 6.991809606552124023e-01 9.394498467445373535e-01 4.760189652442932129e-01 0.000000000000000000e+00 0.000000000000000000e+00 0.000000000000000000e+00
9.969732761383056641e-01 3.812897801399230957e-01 5.377892255783081055e-01 9.890913367271423340e-01 8.274440169334411621e-01 4.117020368576049805e-01 2.313427329063415527e-01 7.802178263664245605e-01 7.534012794494628906e-01 1.000000000000000000e+00 0.000000000000000000e+00 0.000000000000000000e+00
8.252562284469604492e-01 7.246153354644775391e-01 2.413955926895141602e-01 9.053116440773010254e-01 6.924350261688232422e-01 6.979441046714782715e-01 8.005652427673339844e-01 4.389417171478271484e-01 6.315464973449707031e-01 0.000000000000000000e+00 0.000000000000000000e+00 0.000000000000000000e+00
9.905996918678283691e-01 5.022536516189575195e-01 9.170374274253845215e-01 8.458012938499450684e-01 7.610072493553161621e-01 8.701282739639282227e-02 6.666004657745361328e-02 1.492912769317626953e-01 1.520020961761474609e-01 0.000000000000000000e+00 0.000000000000000000e+00 0.000000000000000000e+00
9.313619732856750488e-01 3.225851058959960938e-02 7.462838888168334961e-01 6.405248641967773438e-01 2.126738429069519043e-01 4.933677315711975098e-01 8.943226933479309082e-01 4.526770114898681641e-01 7.549118995666503906e-01 0.000000000000000000e+00 0.000000000000000000e+00 0.000000000000000000e+00
6.577071547508239746e-01 1.951254606246948242e-01 6.416751146316528320e-01 2.715671658515930176e-01 3.697392940521240234e-01 3.002641201019287109e-01 7.406771183013916016e-03 3.791493177413940430e-01 6.118622422218322754e-01 1.000000000000000000e+00 0.000000000000000000e+00 0.000000000000000000e+00
5.786789059638977051e-01 5.871359109878540039e-01 2.623534202575683594e-01 6.163132190704345703e-01 1.753147840499877930e-01 1.964218020439147949e-01 2.302970290184020996e-01 8.166319131851196289e-02 5.011942386627197266e-01 0.000000000000000000e+00 0.000000000000000000e+00 0.000000000000000000e+00
2.386647611856460571e-01 8.813656568527221680e-01 9.066830873489379883e-01 2.957171201705932617e-01 1.995412111282348633e-01 5.510879755020141602e-01 1.140874624252319336e-02 5.476689338684082031e-01 5.805098414421081543e-01 0.000000000000000000e+00 0.000000000000000000e+00 0.000000000000000000e+00
6.683402061462402344e-01 2.204727530479431152e-01 8.363829851150512695e-01 5.404224395751953125e-01 3.140515089035034180e-02 4.060844779014587402e-01 6.552106142044067383e-01 8.786169886589050293e-01 6.679257154464721680e-01 0.000000000000000000e+00 0.000000000000000000e+00 0.000000000000000000e+00
9.955627918243408203e-01 9.544759988784790039e-02 6.008589267730712891e-02 9.663864374160766602e-01 8.185620903968811035e-01 6.045315861701965332e-01 9.265418648719787598e-01 8.300204277038574219e-01 3.687159419059753418e-01 1.000000000000000000e+00 1.000000000000000000e+00 1.000000000000000000e+00
9.951078891754150391e-01 3.538560867309570312e-02 7.695503830909729004e-01 7.717315554618835449e-01 7.812383770942687988e-01 2.456721663475036621e-01 2.174754142761230469e-01 1.878208518028259277e-01 5.704960227012634277e-01 1.000000000000000000e+00 1.000000000000000000e+00 1.000000000000000000e+00
7.741785049438476562e-01 9.653120636940002441e-01 1.318849325180053711e-01 5.158872604370117188e-01 9.890768527984619141e-01 4.465397000312805176e-01 6.162254810333251953e-01 1.038982868194580078e-01 6.596318483352661133e-01 0.000000000000000000e+00 0.000000000000000000e+00 0.000000000000000000e+00
9.808534383773803711e-01 3.102205395698547363e-01 2.227118611335754395e-01 7.666187286376953125e-01 9.065802097320556641e-01 4.217593073844909668e-01 9.012275934219360352e-01 1.584320068359375000e-01 7.594395875930786133e-01 1.000000000000000000e+00 0.000000000000000000e+00 0.000000000000000000e+00
7.852527499198913574e-01 4.926934242248535156e-01 5.369377136230468750e-02 5.762400031089782715e-01 9.364683628082275391e-01 9.763973355293273926e-01 8.631000518798828125e-01 5.146924853324890137e-01 2.898845672607421875e-01 1.000000000000000000e+00 0.000000000000000000e+00 0.000000000000000000e+00
9.157465100288391113e-01 5.663067698478698730e-01 5.487111806869506836e-01 7.734872698783874512e-01 9.928566217422485352e-01 8.880854249000549316e-01 1.117459535598754883e-01 7.806591987609863281e-01 6.486074924468994141e-01 0.000000000000000000e+00 0.000000000000000000e+00 0.000000000000000000e+00
8.698385953903198242e-01 5.884422063827514648e-01 5.188822150230407715e-01 8.834647536277770996e-01 3.946071863174438477e-01 4.493744969367980957e-01 8.632529377937316895e-01 9.399241209030151367e-01 5.422611236572265625e-01 0.000000000000000000e+00 0.000000000000000000e+00 0.000000000000000000e+00
8.563292026519775391e-01 4.187228679656982422e-01 8.328732252120971680e-01 8.730993270874023438e-01 2.005687355995178223e-01 4.434901475906372070e-01 9.694052934646606445e-01 5.831700563430786133e-01 9.033822417259216309e-01 0.000000000000000000e+00 0.000000000000000000e+00 0.000000000000000000e+00
9.526521563529968262e-01 2.098701596260070801e-01 6.915131807327270508e-01 4.372439980506896973e-01 8.668593168258666992e-01 8.709931373596191406e-02 1.465127468109130859e-01 8.511946797370910645e-01 5.015662908554077148e-01 1.000000000000000000e+00 0.000000000000000000e+00 0.000000000000000000e+00
8.353437781333923340e-01 7.723842859268188477e-01 9.028073549270629883e-01 3.132705092430114746e-01 7.914528250694274902e-01 4.644119739532470703e-01 2.093347907066345215e-01 7.857273221015930176e-01 5.256870388984680176e-01 0.000000000000000000e+00 0.000000000000000000e+00 0.000000000000000000e+00
5.576047301292419434e-01 9.911684989929199219e-01 6.017687916755676270e-01 8.044889569282531738e-01 5.864710807800292969e-01 5.470780730247497559e-01 1.883216500282287598e-01 9.634408354759216309e-01 1.791903972625732422e-01 0.000000000000000000e+00 0.000000000000000000e+00 0.000000000000000000e+00
5.338098406791687012e-01 7.670076489448547363e-01 7.947850227355957031e-01 1.221575736999511719e-01 8.199054598808288574e-01 3.113991022109985352e-01 2.527138590812683105e-01 8.899596929550170898e-01 7.135765552520751953e-01 1.000000000000000000e+00 0.000000000000000000e+00 0.000000000000000000e+00
8.896238803863525391e-01 6.041291952133178711e-01 7.201169133186340332e-01 7.063916921615600586e-01 9.126000404357910156e-01 7.130823731422424316e-01 7.438953518867492676e-01 2.619528770446777344e-02 7.642335295677185059e-01 0.000000000000000000e+00 0.000000000000000000e+00 0.000000000000000000e+00
6.602051854133605957e-01 7.209000587463378906e-01 7.823756337165832520e-01 7.376520037651062012e-01 6.236714720726013184e-01 9.852034449577331543e-01 5.688512921333312988e-01 5.450274348258972168e-01 9.758692979812622070e-01 0.000000000000000000e+00 0.000000000000000000e+00 0.000000000000000000e+00
6.881773471832275391e-01 2.330621480941772461e-01 8.660058975219726562e-01 2.984800338745117188e-01 1.937999129295349121e-01 7.258907556533813477e-01 9.594448208808898926e-01 6.531872153282165527e-01 6.124199032783508301e-01 1.000000000000000000e+00 0.000000000000000000e+00 0.000000000000000000e+00
2.058156579732894897e-01 6.556053757667541504e-01 4.020594358444213867e-01 3.796544075012207031e-01 1.798007488250732422e-01 9.739979505538940430e-01 9.252595901489257812e-02 6.967528462409973145e-01 3.668929934501647949e-01 0.000000000000000000e+00 1.000000000000000000e+00 0.000000000000000000e+00
6.541670560836791992e-01 5.078741908073425293e-01 5.339252948760986328e-01 4.329102039337158203e-01 7.075734734535217285e-01 7.186177372932434082e-01 7.297211885452270508e-02 7.443284392356872559e-01 5.081653594970703125e-01 1.000000000000000000e+00 0.000000000000000000e+00 0.000000000000000000e+00
1.433876603841781616e-01 8.367009162902832031e-01 9.716579318046569824e-01 1.464204788208007812e-01 4.410862922668457031e-03 7.738266587257385254e-01 2.994960546493530273e-02 8.796202540397644043e-01 4.411776661872863770e-01 0.000000000000000000e+00 1.000000000000000000e+00 0.000000000000000000e+00
3.270168602466583252e-01 4.099601507186889648e-01 3.960742950439453125e-01 1.524358391761779785e-01 8.641679286956787109e-01 6.179064512252807617e-02 2.443029284477233887e-01 9.449782967567443848e-01 4.441227912902832031e-01 0.000000000000000000e+00 0.000000000000000000e+00 0.000000000000000000e+00
9.726340770721435547e-01 2.873003482818603516e-03 8.751065135002136230e-01 5.218418240547180176e-01 5.436527729034423828e-01 6.588277220726013184e-01 1.610559821128845215e-01 7.145505547523498535e-01 5.906978845596313477e-01 0.000000000000000000e+00 0.000000000000000000e+00 0.000000000000000000e+00
6.998443007469177246e-01 7.837251424789428711e-01 5.853285789489746094e-01 2.496795654296875000e-01 7.514231204986572266e-01 1.206234693527221680e-01 5.594850778579711914e-01 7.781575918197631836e-01 5.282810330390930176e-01 0.000000000000000000e+00 0.000000000000000000e+00 0.000000000000000000e+00
1.712838560342788696e-01 7.464796900749206543e-01 7.143857479095458984e-01 3.154864907264709473e-01 5.039672851562500000e-01 4.967997670173645020e-01 1.090661287307739258e-01 9.759166240692138672e-01 4.951716065406799316e-01 0.000000000000000000e+00 0.000000000000000000e+00 0.000000000000000000e+00
3.586774170398712158e-01 6.430996656417846680e-01 4.674819111824035645e-01 7.908648252487182617e-02 7.561064958572387695e-01 9.956168532371520996e-01 5.137400031089782715e-01 2.263230681419372559e-01 6.558412909507751465e-01 1.000000000000000000e+00 1.000000000000000000e+00 1.000000000000000000e+00
7.367342114448547363e-01 3.059227466583251953e-01 7.594799995422363281e-02 4.417200684547424316e-01 9.123997092247009277e-01 2.803484797477722168e-01 6.222809553146362305e-01 3.969765305519104004e-01 8.026307821273803711e-02 0.000000000000000000e+00 0.000000000000000000e+00 0.000000000000000000e+00
4.141211211681365967e-01 5.666778087615966797e-01 1.745247840881347656e-02 2.243310213088989258e-01 3.465791344642639160e-01 5.595418810844421387e-01 6.280387043952941895e-01 8.074854612350463867e-01 2.065311670303344727e-01 1.000000000000000000e+00 0.000000000000000000e+00 0.000000000000000000e+00
7.629958987236022949e-01 2.442737817764282227e-01 6.696909666061401367e-02 6.563792824745178223e-01 1.134482026100158691e-01 1.108602285385131836e-01 7.997745275497436523e-01 2.096867561340332031e-02 3.062461614608764648e-01 0.000000000000000000e+00 0.000000000000000000e+00 0.000000000000000000e+00
8.372278809547424316e-01 1.431192159652709961e-01 7.958955764770507812e-01 4.554233551025390625e-01 1.992648243904113770e-01 5.567339658737182617e-01 2.948511838912963867e-01 2.649399638175964355e-01 3.279131650924682617e-01 0.000000000000000000e+00 1.000000000000000000e+00 0.000000000000000000e+00
8.641473054885864258e-01 7.100340127944946289e-01 9.578124880790710449e-01 6.710512042045593262e-01 9.918696284294128418e-01 9.470932483673095703e-01 1.547570824623107910e-01 2.441996335983276367e-02 2.009728550910949707e-01 0.000000000000000000e+00 0.000000000000000000e+00 0.000000000000000000e+00
9.724032878875732422e-01 4.925267100334167480e-01 2.884715795516967773e-02 8.170661926269531250e-01 7.880282998085021973e-01 3.477814793586730957e-01 5.429492592811584473e-01 5.042676925659179688e-01 5.978639721870422363e-01 0.000000000000000000e+00 0.000000000000000000e+00 0.000000000000000000e+00
9.987164735794067383e-01 1.707582473754882812e-01 8.156729936599731445e-01 8.081869482994079590e-01 9.429309368133544922e-01 1.054728031158447266e-02 2.272421121597290039e-02 2.896590828895568848e-01 3.909511566162109375e-01 0.000000000000000000e+00 0.000000000000000000e+00 0.000000000000000000e+00
9.821076989173889160e-01 2.954091429710388184e-01 3.990322351455688477e-02 9.367349147796630859e-01 5.452430248260498047e-01 6.709579229354858398e-01 1.902155876159667969e-01 6.902313828468322754e-01 2.939680218696594238e-01 0.000000000000000000e+00 0.000000000000000000e+00 0.000000000000000000e+00
9.020977616310119629e-01 4.584221243858337402e-01 1.522299051284790039e-01 6.851726174354553223e-01 2.648566961288452148e-01 1.981119513511657715e-01 6.751800179481506348e-01 5.210760235786437988e-01 6.781692504882812500e-01 0.000000000000000000e+00 0.000000000000000000e+00 0.000000000000000000e+00
9.224585294723510742e-01 6.626200079917907715e-01 8.861404061317443848e-01 9.497860670089721680e-01 5.517943501472473145e-01 3.485391736030578613e-01 4.420580863952636719e-01 2.790384292602539062e-01 4.703904390335083008e-01 0.000000000000000000e+00 0.000000000000000000e+00 0.000000000000000000e+00
3.674737811088562012e-01 1.768523454666137695e-02 2.415590286254882812e-01 2.490037083625793457e-01 3.884667158126831055e-01 5.374774932861328125e-01 3.841803669929504395e-01 1.484200954437255859e-01 9.449656605720520020e-01 1.000000000000000000e+00 0.000000000000000000e+00 0.000000000000000000e+00
9.394635558128356934e-01 1.234728693962097168e-01 3.721415400505065918e-01 8.484125137329101562e-01 2.457178235054016113e-01 7.081319689750671387e-01 1.635431051254272461e-01 9.379677176475524902e-01 3.238754272460937500e-01 1.000000000000000000e+00 0.000000000000000000e+00 0.000000000000000000e+00
9.904567599296569824e-01 1.089022755622863770e-01 2.068808674812316895e-01 7.024229168891906738e-01 7.012656331062316895e-01 2.560970783233642578e-01 1.931119561195373535e-01 4.227380156517028809e-01 8.460353016853332520e-01 0.000000000000000000e+00 0.000000000000000000e+00 0.000000000000000000e+00
4.615421593189239502e-01 8.649616241455078125e-01 9.413059949874877930e-01 4.470380544662475586e-01 4.877669811248779297e-01 8.418866395950317383e-01 6.255777478218078613e-01 4.978749155998229980e-01 2.375531196594238281e-01 1.000000000000000000e+00 0.000000000000000000e+00 0.000000000000000000e+00
6.926276683807373047e-01 5.066404342651367188e-01 8.835566043853759766e-01 6.092083454132080078e-02 5.623605847358703613e-01 7.162514925003051758e-01 7.160336971282958984e-01 6.724870800971984863e-01 6.659874916076660156e-01 0.000000000000000000e+00 0.000000000000000000e+00 0.000000000000000000e+00
6.152664422988891602e-01 6.135137677192687988e-01 3.449137806892395020e-01 8.043426275253295898e-02 8.944547176361083984e-01 2.655977606773376465e-01 4.890534281730651855e-01 2.341161966323852539e-01 4.982872009277343750e-01 0.000000000000000000e+00 1.000000000000000000e+00 0.000000000000000000e+00
1.945608854293823242e-01 5.416422486305236816e-01 6.680635213851928711e-01 3.192365169525146484e-03 1.184740066528320312e-01 7.406962513923645020e-01 3.343343138694763184e-01 4.473344683647155762e-01 5.065078139305114746e-01 0.000000000000000000e+00 0.000000000000000000e+00 0.000000000000000000e+00
2.372490912675857544e-01 7.939111590385437012e-01 5.028363466262817383e-01 9.259045124053955078e-02 3.294413089752197266e-01 8.045949339866638184e-01 6.704915761947631836e-01 8.835498690605163574e-01 1.224396824836730957e-01 1.000000000000000000e+00 1.000000000000000000e+00 1.000000000000000000e+00
5.950865745544433594e-01 5.228646993637084961e-01 2.279925346374511719e-02 5.717041492462158203e-01 5.690463781356811523e-01 4.003942012786865234e-01 4.461992979049682617e-01 1.123778820037841797e-01 8.172439932823181152e-01 0.000000000000000000e+00 0.000000000000000000e+00 0.000000000000000000e+00
1.509127765893936157e-01 9.662738442420959473e-01 3.138315677642822266e-02 4.527407884597778320e-02 2.109419107437133789e-01 7.069798707962036133e-01 7.593703269958496094e-01 1.982807517051696777e-01 9.252004027366638184e-01 0.000000000000000000e+00 1.000000000000000000e+00 0.000000000000000000e+00
8.638126254081726074e-01 3.125119805335998535e-01 5.529827475547790527e-01 7.377021908760070801e-01 1.305722594261169434e-01 2.637344598770141602e-01 9.468845129013061523e-01 3.392933607101440430e-01 6.797065138816833496e-01 0.000000000000000000e+00 1.000000000000000000e+00 0.000000000000000000e+00
3.941397070884704590e-01 8.411118984222412109e-01 9.575071930885314941e-01 4.664896130561828613e-01 8.018648624420166016e-02 4.530819058418273926e-01 1.316021084785461426e-01 2.828907966613769531e-02 7.965985536575317383e-01 0.000000000000000000e+00 0.000000000000000000e+00 0.000000000000000000e+00
8.301412463188171387e-01 8.786673545837402344e-01 4.113669991493225098e-01 6.441575288772583008e-01 9.853748083114624023e-01 2.400237917900085449e-01 1.336693763732910156e-02 6.503827571868896484e-01 3.034987449645996094e-01 0.000000000000000000e+00 0.000000000000000000e+00 0.000000000000000000e+00
1.163206100463867188e-01 1.078751087188720703e-01 5.328261852264404297e-02 1.559714078903198242e-01 1.655153036117553711e-01 9.038482904434204102e-01 8.276106119155883789e-01 5.452772378921508789e-01 7.128109931945800781e-01 0.000000000000000000e+00 1.000000000000000000e+00 0.000000000000000000e+00
8.038432002067565918e-01 1.819990873336791992e-01 7.355355024337768555e-01 3.021939992904663086e-01 1.045107841491699219e-01 5.351085066795349121e-01 8.693432807922363281e-01 4.862332344055175781e-01 7.441550493240356445e-02 0.000000000000000000e+00 0.000000000000000000e+00 0.000000000000000000e+00
6.357395052909851074e-01 7.926706075668334961e-01 1.284049153327941895e-01 3.771350979804992676e-01 6.364391446113586426e-01 4.871569871902465820e-01 7.744488716125488281e-01 3.270936012268066406e-01 5.041986703872680664e-02 0.000000000000000000e+00 0.000000000000000000e+00 0.000000000000000000e+00
8.541287183761596680e-01 8.081001043319702148e-01 2.680747509002685547e-01 5.962527990341186523e-01 6.736122369766235352e-01 9.108889102935791016e-02 2.106416225433349609e-02 4.847784042358398438e-01 2.533535361289978027e-01 0.000000000000000000e+00 0.000000000000000000e+00 0.000000000000000000e+00
7.124839425086975098e-01 6.937726736068725586e-01 6.308667659759521484e-01 4.542460441589355469e-01 9.774832129478454590e-01 8.764923214912414551e-01 2.210860848426818848e-01 4.521079659461975098e-01 3.699847459793090820e-01 1.000000000000000000e+00 0.000000000000000000e+00 0.000000000000000000e+00
1.033158823847770691e-01 3.699764609336853027e-01 1.607970595359802246e-01 2.757647037506103516e-01 5.366599559783935547e-02 5.439572334289550781e-01 3.858625292778015137e-01 1.142960190773010254e-01 7.494084835052490234e-01 0.000000000000000000e+00 0.000000000000000000e+00 0.000000000000000000e+00
6.951715946197509766e-01 8.313450217247009277e-01 1.127852797508239746e-01 6.659564971923828125e-01 5.574750304222106934e-01 9.977335333824157715e-01 1.516237854957580566e-01 8.350541591644287109e-01 2.283521890640258789e-01 0.000000000000000000e+00 0.000000000000000000e+00 0.000000000000000000e+00
2.567107379436492920e-01 6.269770860671997070e-01 1.768134832382202148e-01 6.152874231338500977e-02 3.663206100463867188e-01 6.265220642089843750e-01 3.154081106185913086e-01 5.341729521751403809e-01 9.173275232315063477e-01 0.000000000000000000e+00 0.000000000000000000e+00 0.000000000000000000e+00
6.543006300926208496e-01 7.966125607490539551e-01 5.844922661781311035e-01 2.356251478195190430e-01 9.630618095397949219e-01 9.292874336242675781e-01 7.921308279037475586e-02 2.285088896751403809e-01 4.665464162826538086e-02 0.000000000000000000e+00 0.000000000000000000e+00 0.000000000000000000e+00
7.237871885299682617e-01 9.218195676803588867e-01 1.816881299018859863e-01 4.750806689262390137e-01 9.204220771789550781e-01 9.158049225807189941e-01 2.428219318389892578e-01 1.230160593986511230e-01 1.609563827514648438e-03 1.000000000000000000e+00 0.000000000000000000e+00 0.000000000000000000e+00
9.213521480560302734e-01 2.555961012840270996e-01 2.300419807434082031e-01 6.576479077339172363e-01 5.752288103103637695e-01 6.604101061820983887e-01 9.259127378463745117e-01 3.703632950782775879e-01 2.832393050193786621e-01 0.000000000000000000e+00 1.000000000000000000e+00 0.000000000000000000e+00
8.356386423110961914e-01 1.785832643508911133e-02 5.409451127052307129e-01 5.997532606124877930e-01 2.605723738670349121e-01 9.925900101661682129e-01 2.124513387680053711e-01 5.597210526466369629e-01 2.806889414787292480e-01 0.000000000000000000e+00 0.000000000000000000e+00 0.000000000000000000e+00
9.000742435455322266e-01 6.608842611312866211e-01 7.278374433517456055e-01 5.662521123886108398e-01 8.081675171852111816e-01 4.810118675231933594e-02 4.691574573516845703e-01 8.157834410667419434e-01 2.951496839523315430e-01 0.000000000000000000e+00 0.000000000000000000e+00 0.000000000000000000e+00
8.130194544792175293e-01 3.982941508293151855e-01 8.351101279258728027e-01 6.173934340476989746e-01 3.506850600242614746e-01 7.450876832008361816e-01 3.903282880783081055e-01 1.041760444641113281e-01 1.817969083786010742e-01 1.000000000000000000e+00 1.000000000000000000e+00 1.000000000000000000e+00
4.388918280601501465e-01 6.166684031486511230e-01 1.696566343307495117e-01 7.495182752609252930e-02 5.313272476196289062e-01 2.756276130676269531e-01 5.668116211891174316e-01 6.120149493217468262e-01 9.540911316871643066e-01 1.000000000000000000e+00 0.000000000000000000e+00 0.000000000000000000e+00
4.580617845058441162e-01 8.837887644767761230e-01 7.386378049850463867e-01 7.719293832778930664e-01 6.477588415145874023e-02 3.333514928817749023e-01 5.658748745918273926e-01 6.071305274963378906e-02 8.031298518180847168e-01 0.000000000000000000e+00 0.000000000000000000e+00 0.000000000000000000e+00
7.674905061721801758e-01 2.113320231437683105e-01 9.445166587829589844e-01 2.026434540748596191e-01 1.655417680740356445e-02 2.373805046081542969e-01 5.253702402114868164e-01 1.702949404716491699e-01 5.512475967407226562e-02 0.000000000000000000e+00 0.000000000000000000e+00 0.000000000000000000e+00
9.324646592140197754e-01 7.405203580856323242e-01 2.204142212867736816e-01 8.802250623703002930e-01 8.225259780883789062e-01 9.193959832191467285e-01 3.225976824760437012e-01 2.688593864440917969e-01 5.930517315864562988e-01 0.000000000000000000e+00 0.000000000000000000e+00 0.000000000000000000e+00
7.058451175689697266e-01 8.289843201637268066e-01 1.131829619407653809e-01 6.000487208366394043e-01 7.726699709892272949e-01 7.926344871520996094e-01 3.113085031509399414e-02 3.762305974960327148e-01 7.173496484756469727e-02 1.000000000000000000e+00 0.000000000000000000e+00 0.000000000000000000e+00
7.154571413993835449e-01 5.805014371871948242e-01 8.791878819465637207e-01 4.151412844657897949e-01 3.933308124542236328e-01 9.019418358802795410e-01 5.957031846046447754e-01 6.485939621925354004e-01 3.805304765701293945e-01 0.000000000000000000e+00 0.000000000000000000e+00 0.000000000000000000e+00
3.884611427783966064e-01 2.033877372741699219e-02 3.629013895988464355e-01 1.482557058334350586e-01 5.840182304382324219e-01 4.607956409454345703e-01 8.137674331665039062e-01 9.352076649665832520e-01 6.872326135635375977e-01 1.000000000000000000e+00 0.000000000000000000e+00 0.000000000000000000e+00
7.915577888488769531e-01 4.392091035842895508e-01 9.533415436744689941e-01 3.394038081169128418e-01 6.795691847801208496e-01 6.030867695808410645e-01 6.864930391311645508e-01 9.853590130805969238e-01 8.182747960090637207e-01 0.000000000000000000e+00 0.000000000000000000e+00 0.000000000000000000e+00
8.565168380737304688e-01 5.196902155876159668e-01 8.306248188018798828e-01 4.745188951492309570e-01 5.764383673667907715e-01 3.611362576484680176e-01 3.243978619575500488e-01 1.792094707489013672e-01 7.265065908432006836e-01 0.000000000000000000e+00 0.000000000000000000e+00 0.000000000000000000e+00
3.756702840328216553e-01 3.212214708328247070e-01 5.109118819236755371e-01 3.962156772613525391e-01 6.784206628799438477e-02 7.151669263839721680e-01 7.695005536079406738e-01 1.209084987640380859e-01 4.737424850463867188e-02 0.000000000000000000e+00 1.000000000000000000e+00 0.000000000000000000e+00
4.307130277156829834e-01 6.121787428855895996e-01 9.742236137390136719e-02 4.827933907508850098e-01 5.176997184753417969e-02 2.016606926918029785e-01 9.552353620529174805e-02 8.157277107238769531e-02 7.925373315811157227e-02 0.000000000000000000e+00 0.000000000000000000e+00 0.000000000000000000e+00
5.124961137771606445e-01 3.474453687667846680e-01 5.208657383918762207e-01 1.104300022125244141e-01 3.016564249992370605e-01 2.011984586715698242e-02 1.140440106391906738e-01 7.266250252723693848e-01 2.920722961425781250e-01 1.000000000000000000e+00 0.000000000000000000e+00 0.000000000000000000e+00
8.182695508003234863e-01 6.244634985923767090e-01 9.808135032653808594e-01 1.966302990913391113e-01 1.466245651245117188e-01 6.591087579727172852e-02 5.983190536499023438e-01 6.417822837829589844e-02 1.464827060699462891e-01 1.000000000000000000e+00 1.000000000000000000e+00 1.000000000000000000e+00
9.928815364837646484e-01 1.006650924682617188e-01 9.273983836174011230e-01 4.481912255287170410e-01 4.982215762138366699e-01 2.909234166145324707e-01 3.324746489524841309e-01 3.438336253166198730e-01 8.326211571693420410e-01 1.000000000000000000e+00 1.000000000000000000e+00 1.000000000000000000e+00
6.216996312141418457e-01 4.218748211860656738e-01 6.607342958450317383e-01 2.059988379478454590e-01 8.530889749526977539e-01 6.369603872299194336e-01 9.447939991950988770e-01 8.246959447860717773e-01 8.513432741165161133e-02 1.000000000000000000e+00 1.000000000000000000e+00 1.000000000000000000e+00
3.037020266056060791e-01 3.424805402755737305e-01 3.090602755546569824e-01 2.856718301773071289e-01 4.905636906623840332e-01 4.241443276405334473e-01 7.104992866516113281e-01 6.207374334335327148e-01 4.602462053298950195e-02 1.000000000000000000e+00 1.000000000000000000e+00 1.000000000000000000e+00
5.555724501609802246e-01 2.647092938423156738e-01 4.520685672760009766e-01 3.336229920387268066e-01 4.490336179733276367e-01 1.058427691459655762e-01 3.793656826019287109e-02 5.498114824295043945e-01 1.063026189804077148e-01 1.000000000000000000e+00 0.000000000000000000e+00 0.000000000000000000e+00
4.108592867851257324e-01 7.725809216499328613e-01 5.982944369316101074e-01 8.365444540977478027e-01 2.154606580734252930e-01 6.543856263160705566e-01 3.729289770126342773e-02 3.761410713195800781e-01 3.082302212715148926e-01 0.000000000000000000e+00 0.000000000000000000e+00 0.000000000000000000e+00
9.893280863761901855e-01 2.952386736869812012e-01 1.556015014648437500e-02 9.079194068908691406e-01 3.472083806991577148e-01 5.417019128799438477e-02 9.821921586990356445e-02 4.526464343070983887e-01 3.324071764945983887e-01 1.000000000000000000e+00 0.000000000000000000e+00 0.000000000000000000e+00
9.826298952102661133e-01 5.188159346580505371e-01 2.725973129272460938e-01 9.650751352310180664e-01 4.378885626792907715e-01 1.485940217971801758e-01 8.400422334671020508e-02 6.611162424087524414e-01 3.377244472503662109e-01 1.000000000000000000e+00 0.000000000000000000e+00 0.000000000000000000e+00
9.564539194107055664e-01 3.744162321090698242e-01 1.141132712364196777e-01 7.123318314552307129e-01 9.492594003677368164e-01 7.551448345184326172e-01 1.061218380928039551e-01 2.256032228469848633e-01 7.118343114852905273e-01 1.000000000000000000e+00 0.000000000000000000e+00 0.000000000000000000e+00
4.692061245441436768e-01 6.025602817535400391e-01 4.990531206130981445e-01 1.214281916618347168e-01 2.625308632850646973e-01 2.137685418128967285e-01 9.306507110595703125e-01 5.293082594871520996e-01 3.743242025375366211e-01 0.000000000000000000e+00 0.000000000000000000e+00 0.000000000000000000e+00
6.613477468490600586e-01 6.814352869987487793e-01 4.921092391014099121e-01 9.206172823905944824e-01 2.410627007484436035e-01 7.477476596832275391e-01 1.705457568168640137e-01 2.105290293693542480e-01 6.256019473075866699e-01 0.000000000000000000e+00 1.000000000000000000e+00 0.000000000000000000e+00
9.605981707572937012e-01 1.620884537696838379e-01 9.388422966003417969e-01 3.425835967063903809e-01 2.996560931205749512e-01 3.654239177703857422e-01 5.332288146018981934e-01 5.177162289619445801e-01 7.783964872360229492e-01 0.000000000000000000e+00 1.000000000000000000e+00 0.000000000000000000e+00
4.131779372692108154e-01 5.715684890747070312e-01 3.003599047660827637e-01 1.582035422325134277e-01 7.778714299201965332e-01 8.552693128585815430e-01 4.220917224884033203e-01 6.714199781417846680e-01 2.104479074478149414e-02 1.000000000000000000e+00 0.000000000000000000e+00 0.000000000000000000e+00
7.902557253837585449e-01 9.715038537979125977e-02 9.631279110908508301e-01 1.955592036247253418e-01 1.994067430496215820e-01 7.348921895027160645e-01 9.044944643974304199e-01 6.690651774406433105e-01 5.851910114288330078e-01 1.000000000000000000e+00 0.000000000000000000e+00 0.000000000000000000e+00
7.888664603233337402e-01 7.302692532539367676e-01 5.620300173759460449e-01 8.005267977714538574e-01 8.452774286270141602e-01 2.922523617744445801e-01 8.580276966094970703e-01 9.069365262985229492e-02 1.580834388732910156e-02 0.000000000000000000e+00 1.000000000000000000e+00 0.000000000000000000e+00
6.834741234779357910e-01 5.764868855476379395e-01 4.348688125610351562e-01 5.202543735504150391e-01 7.528818845748901367e-01 8.534604310989379883e-02 3.400939106941223145e-01 4.732483625411987305e-01 5.755654573440551758e-01 0.000000000000000000e+00 0.000000000000000000e+00 0.000000000000000000e+00
6.549166440963745117e-01 5.411128401756286621e-01 9.839010834693908691e-01 5.879936218261718750e-01 1.557607650756835938e-01 4.415681958198547363e-01 1.018313169479370117e-01 3.412396907806396484e-01 4.224070310592651367e-01 0.000000000000000000e+00 0.000000000000000000e+00 0.000000000000000000e+00
5.054187774658203125e-01 6.109959483146667480e-01 6.068934202194213867e-01 1.646117568016052246e-01 4.186292886734008789e-01 8.160373568534851074e-01 5.284150838851928711e-01 1.984248757362365723e-01 1.598665714263916016e-01 1.000000000000000000e+00 1.000000000000000000e+00 1.000000000000000000e+00
3.822172582149505615e-01 7.217105627059936523e-01 8.002625107765197754e-01 3.813691735267639160e-01 3.635193109512329102e-01 9.648903012275695801e-01 3.575819134712219238e-01 3.277120590209960938e-01 7.477812767028808594e-01 1.000000000000000000e+00 0.000000000000000000e+00 0.000000000000000000e+00
3.118482828140258789e-01 5.937719345092773438e-01 7.604004740715026855e-01 2.320291399955749512e-01 6.641060113906860352e-02 4.109133481979370117e-01 4.328952431678771973e-01 1.121271848678588867e-01 9.529483318328857422e-02 0.000000000000000000e+00 1.000000000000000000e+00 0.000000000000000000e+00
8.204110860824584961e-01 3.424696922302246094e-01 6.849845647811889648e-01 3.317536115646362305e-01 6.801777482032775879e-01 1.470171809196472168e-01 4.109833836555480957e-01 3.453600406646728516e-02 4.639374017715454102e-01 1.000000000000000000e+00 0.000000000000000000e+00 0.000000000000000000e+00
2.330167889595031738e-01 3.394291400909423828e-01 5.991916656494140625e-01 1.498962044715881348e-01 5.012005567550659180e-02 7.058845162391662598e-01 3.099617958068847656e-01 3.461694121360778809e-01 5.354723334312438965e-01 0.000000000000000000e+00 1.000000000000000000e+00 0.000000000000000000e+00
6.351962685585021973e-01 9.077933430671691895e-01 5.449620485305786133e-01 9.064057469367980957e-01 1.971628069877624512e-01 3.713234066963195801e-01 5.409314036369323730e-01 4.797017574310302734e-01 9.546577930450439453e-02 0.000000000000000000e+00 1.000000000000000000e+00 0.000000000000000000e+00
5.714491009712219238e-01 5.664789080619812012e-01 9.706122279167175293e-01 2.985590696334838867e-02 2.236484289169311523e-01 3.340898752212524414e-01 3.607568144798278809e-01 8.811801671981811523e-01 2.016971707344055176e-01 0.000000000000000000e+00 0.000000000000000000e+00 0.000000000000000000e+00
6.936222314834594727e-01 4.551920890808105469e-01 7.757121324539184570e-02 7.768456339836120605e-01 2.800059914588928223e-01 8.960030674934387207e-01 2.592877149581909180e-01 5.063361525535583496e-01 8.082022666931152344e-01 0.000000000000000000e+00 1.000000000000000000e+00 0.000000000000000000e+00
9.620724320411682129e-01 5.295051932334899902e-01 3.998367786407470703e-01 8.680516481399536133e-01 7.979902029037475586e-01 4.471253156661987305e-01 7.986284494400024414e-01 7.800478339195251465e-01 9.155892729759216309e-01 0.000000000000000000e+00 0.000000000000000000e+00 0.000000000000000000e+00
2.820585668087005615e-01 9.677238464355468750e-01 8.784279823303222656e-01 5.003222823143005371e-01 1.285911202430725098e-01 3.636040687561035156e-01 2.112171649932861328e-01 7.464249730110168457e-01 3.572508692741394043e-01 1.000000000000000000e+00 0.000000000000000000e+00 0.000000000000000000e+00
3.893280029296875000e-01 1.244601011276245117e-01 2.587162852287292480e-01 4.708065986633300781e-01 4.025046229362487793e-01 3.242757916450500488e-01 3.184634447097778320e-02 2.786338329315185547e-03 1.068340539932250977e-01 0.000000000000000000e+00 0.000000000000000000e+00 0.000000000000000000e+00
8.735361695289611816e-01 2.897213101387023926e-01 6.102647781372070312e-01 1.802226305007934570e-01 6.136010885238647461e-01 1.446207165718078613e-01 3.625111579895019531e-01 1.469776034355163574e-01 4.841114878654479980e-01 0.000000000000000000e+00 0.000000000000000000e+00 0.000000000000000000e+00
3.395429849624633789e-01 7.546290755271911621e-01 8.966960906982421875e-01 1.791221499443054199e-01 5.030907988548278809e-01 4.292764067649841309e-01 9.156764745712280273e-01 9.012886881828308105e-01 3.077436089515686035e-01 1.000000000000000000e+00 0.000000000000000000e+00 0.000000000000000000e+00
9.980444908142089844e-01 1.209499835968017578e-01 4.022417068481445312e-01 9.282704591751098633e-01 3.679699897766113281e-01 1.187078356742858887e-01 6.432890892028808594e-03 5.454130172729492188e-01 4.662751555442810059e-01 0.000000000000000000e+00 0.000000000000000000e+00 0.000000000000000000e+00
5.051990747451782227e-01 1.240321993827819824e-01 5.484502911567687988e-01 4.730286598205566406e-01 2.074673771858215332e-01 5.304709076881408691e-01 5.660222768783569336e-01 2.506255507469177246e-01 2.099090814590454102e-01 0.000000000000000000e+00 1.000000000000000000e+00 0.000000000000000000e+00
8.585127592086791992e-01 3.679466247558593750e-02 6.748378872871398926e-01 3.868186473846435547e-02 3.075183629989624023e-01 1.132919192314147949e-01 3.617492318153381348e-01 7.575702667236328125e-01 7.542969584465026855e-01 0.000000000000000000e+00 0.000000000000000000e+00 0.000000000000000000e+00
9.909653663635253906e-01 2.585110068321228027e-01 3.613405227661132812e-01 7.510024905204772949e-01 6.695265173912048340e-01 2.998572587966918945e-02 6.242048740386962891e-02 1.118872761726379395e-01 1.392374634742736816e-01 0.000000000000000000e+00 0.000000000000000000e+00 0.000000000000000000e+00
8.319002985954284668e-01 6.740164756774902344e-02 1.112846136093139648e-01 5.346828103065490723e-01 3.513182997703552246e-01 8.306865096092224121e-01 3.897105455398559570e-01 4.324078559875488281e-02 8.242889046669006348e-01 1.000000000000000000e+00 0.000000000000000000e+00 0.000000000000000000e+00
4.947507679462432861e-01 1.301763057708740234e-01 5.896005034446716309e-01 3.519992828369140625e-01 4.837095737457275391e-02 4.805700182914733887e-01 2.673591971397399902e-01 1.040006279945373535e-01 1.773781180381774902e-01 1.000000000000000000e+00 1.000000000000000000e+00 1.000000000000000000e+00
9.388359189033508301e-01 1.052148342132568359e-01 8.908526897430419922e-01 6.318790912628173828e-01 3.818473815917968750e-01 4.571991562843322754e-01 6.098672747611999512e-01 4.230411052703857422e-01 2.849545478820800781e-01 0.000000000000000000e+00 1.000000000000000000e+00 0.000000000000000000e+00
1.668845266103744507e-01 5.999704003334045410e-01 3.289561867713928223e-01 4.188299179077148438e-03 2.665866613388061523e-01 5.847795009613037109e-01 7.785554528236389160e-01 5.391404628753662109e-01 2.840864062309265137e-01 0.000000000000000000e+00 0.000000000000000000e+00 0.000000000000000000e+00
6.124555468559265137e-01 9.827162027359008789e-01 8.870199322700500488e-01 8.291005492210388184e-01 4.053143858909606934e-01 8.293566703796386719e-01 6.095894575119018555e-01 8.079728484153747559e-01 6.341294050216674805e-01 1.000000000000000000e+00 0.000000000000000000e+00 0.000000000000000000e+00
5.015172958374023438e-01 7.202941775321960449e-01 8.055901527404785156e-02 1.397867798805236816e-01 7.548158764839172363e-01 7.791743874549865723e-01 8.292022347450256348e-01 4.505620598793029785e-01 8.544262051582336426e-01 0.000000000000000000e+00 0.000000000000000000e+00 0.000000000000000000e+00
9.367001652717590332e-01 5.685338377952575684e-01 4.837267398834228516e-01 8.544328808784484863e-01 4.609055519104003906e-01 2.623189687728881836e-01 9.592140316963195801e-01 2.788438796997070312e-01 6.027113795280456543e-01 0.000000000000000000e+00 1.000000000000000000e+00 0.000000000000000000e+00
5.284792184829711914e-01 3.797889947891235352e-01 4.188423752784729004e-01 3.674134612083435059e-01 5.582945942878723145e-01 7.715331912040710449e-01 7.126644253730773926e-01 3.719088435173034668e-01 1.069148182868957520e-01 0.000000000000000000e+00 0.000000000000000000e+00 0.000000000000000000e+00
9.885284304618835449e-01 3.335307836532592773e-01 2.988564372062683105e-01 7.616969943046569824e-01 7.474634051322937012e-01 1.837562322616577148e-01 8.534693717956542969e-02 5.543283224105834961e-01 9.882463216781616211e-01 0.000000000000000000e+00 0.000000000000000000e+00 0.000000000000000000e+00
8.672901391983032227e-01 9.017629623413085938e-01 4.881434440612792969e-01 8.511937260627746582e-01 8.457038402557373047e-01 6.318690180778503418e-01 4.352075457572937012e-01 7.104586958885192871e-01 5.493995547294616699e-01 0.000000000000000000e+00 0.000000000000000000e+00 0.000000000000000000e+00
5.043147802352905273e-01 4.467065930366516113e-01 5.351108312606811523e-02 3.304393887519836426e-01 8.471453785896301270e-01 4.055130481719970703e-01 6.818126440048217773e-01 8.503795862197875977e-01 1.290597319602966309e-01 1.000000000000000000e+00 0.000000000000000000e+00 0.000000000000000000e+00
4.163438081741333008e-01 9.166771769523620605e-01 4.725946784019470215e-01 4.940166473388671875e-01 3.862994909286499023e-01 2.204077839851379395e-01 6.082766056060791016e-01 9.333528876304626465e-01 3.541762232780456543e-01 0.000000000000000000e+00 0.000000000000000000e+00 0.000000000000000000e+00
8.594909310340881348e-01 9.043562412261962891e-01 6.114025712013244629e-01 8.205244541168212891e-01 5.714041590690612793e-01 3.755372762680053711e-01 3.898372650146484375e-01 3.935253024101257324e-01 5.093948841094970703e-01 1.000000000000000000e+00 0.000000000000000000e+00 0.000000000000000000e+00
7.018561959266662598e-01 5.935976505279541016e-01 6.181606650352478027e-01 3.028992414474487305e-01 6.294603347778320312e-01 9.708306193351745605e-01 3.595679998397827148e-02 6.092233657836914062e-01 6.154739260673522949e-01 1.000000000000000000e+00 0.000000000000000000e+00 0.000000000000000000e+00
1.428545117378234863e-01 3.777336478233337402e-01 4.701583385467529297e-01 3.655740022659301758e-01 4.476284980773925781e-02 3.151599764823913574e-01 2.674750089645385742e-01 9.461048841476440430e-01 4.319095611572265625e-01 1.000000000000000000e+00 1.000000000000000000e+00 1.000000000000000000e+00
8.293343186378479004e-01 2.708535790443420410e-01 5.758615136146545410e-01 4.881086945533752441e-01 3.687676787376403809e-01 7.262921333312988281e-02 3.474820852279663086e-01 3.506219983100891113e-01 9.758792519569396973e-01 0.000000000000000000e+00 0.000000000000000000e+00 0.000000000000000000e+00
9.001821279525756836e-01 2.856692671775817871e-01 9.425191283226013184e-01 2.534644603729248047e-01 4.173712134361267090e-01 5.182271003723144531e-01 5.215666294097900391e-01 6.689606308937072754e-01 5.963655114173889160e-01 1.000000000000000000e+00 0.000000000000000000e+00 0.000000000000000000e+00
8.295245766639709473e-01 8.690363168716430664e-01 3.854333162307739258e-01 8.428847789764404297e-02 8.098310232162475586e-01 1.741653680801391602e-02 1.460536718368530273e-01 5.704180002212524414e-01 3.176479339599609375e-01 0.000000000000000000e+00 0.000000000000000000e+00 0.000000000000000000e+00
5.424199700355529785e-01 6.871092915534973145e-01 2.033257484436035156e-02 6.383188366889953613e-01 5.945174098014831543e-01 6.657519340515136719e-01 7.493732571601867676e-01 2.212858200073242188e-02 3.463062047958374023e-01 1.000000000000000000e+00 0.000000000000000000e+00 0.000000000000000000e+00
2.622132599353790283e-01 4.561070203781127930e-01 3.440338373184204102e-02 8.344048261642456055e-02 3.932638764381408691e-01 6.282275319099426270e-01 8.049167394638061523e-01 6.636337637901306152e-01 1.705248951911926270e-01 0.000000000000000000e+00 1.000000000000000000e+00 0.000000000000000000e+00
7.896731495857238770e-01 4.167246222496032715e-01 5.214701294898986816e-01 6.699854731559753418e-01 6.082381606101989746e-01 3.364074230194091797e-01 3.945226073265075684e-01 5.775254368782043457e-01 3.102600574493408203e-02 0.000000000000000000e+00 1.000000000000000000e+00 0.000000000000000000e+00
6.994593739509582520e-01 4.308753609657287598e-01 7.188601493835449219e-01 1.900708675384521484e-01 8.766667842864990234e-01 5.534439086914062500e-01 1.657480001449584961e-01 7.845242619514465332e-01 2.774677872657775879e-01 0.000000000000000000e+00 0.000000000000000000e+00 0.000000000000000000e+00
3.590532243251800537e-01 8.584030270576477051e-01 2.264726161956787109e-01 1.405425071716308594e-01 6.514618992805480957e-01 9.871729016304016113e-01 8.065069317817687988e-01 2.664093375205993652e-01 6.984055638313293457e-01 1.000000000000000000e+00 0.000000000000000000e+00 0.000000000000000000e+00
8.655068278312683105e-01 1.205419898033142090e-01 7.625992298126220703e-01 6.486034393310546875e-02 5.161103010177612305e-01 3.451634645462036133e-01 4.364046454429626465e-01 3.505674004554748535e-01 1.672330498695373535e-01 1.000000000000000000e+00 1.000000000000000000e+00 1.000000000000000000e+00
4.771563410758972168e-01 8.409224152565002441e-01 2.606425285339355469e-01 3.271813988685607910e-01 2.335408926010131836e-01 5.683807730674743652e-01 2.174263596534729004e-01 6.945993900299072266e-01 9.903609752655029297e-01 1.000000000000000000e+00 0.000000000000000000e+00 0.000000000000000000e+00
3.348482251167297363e-01 8.410279154777526855e-01 5.963162779808044434e-01 7.686871290206909180e-02 5.235694646835327148e-01 7.599549293518066406e-01 6.884652972221374512e-01 8.390942215919494629e-01 3.140091896057128906e-03 1.000000000000000000e+00 1.000000000000000000e+00 1.000000000000000000e+00
8.383485674858093262e-01 8.505690097808837891e-02 5.606788992881774902e-01 7.295573353767395020e-01 1.594386100769042969e-01 9.643265604972839355e-01 3.470032811164855957e-01 6.544651389122009277e-01 1.066116690635681152e-01 0.000000000000000000e+00 0.000000000000000000e+00 0.000000000000000000e+00
4.414988160133361816e-01 9.574033021926879883e-01 8.048285841941833496e-01 7.786892056465148926e-01 3.406808972358703613e-01 5.783331394195556641e-01 5.795735120773315430e-01 6.263418793678283691e-01 7.443565726280212402e-01 0.000000000000000000e+00 0.000000000000000000e+00 0.000000000000000000e+00
9.160725474357604980e-01 4.525460600852966309e-01 9.440213441848754883e-01 7.149180769920349121e-01 1.256350874900817871e-01 1.381137371063232422e-01 4.085671901702880859e-02 2.280445694923400879e-01 2.543993592262268066e-01 1.000000000000000000e+00 0.000000000000000000e+00 0.000000000000000000e+00
2.040764838457107544e-01 4.525957107543945312e-01 1.333358883857727051e-01 2.225953340530395508e-02 7.043080329895019531e-01 6.552369594573974609e-01 1.687827110290527344e-01 6.712060570716857910e-01 9.096608161926269531e-01 1.000000000000000000e+00 0.000000000000000000e+00 0.000000000000000000e+00
7.879227995872497559e-01 7.537378072738647461e-01 6.766456365585327148e-01 9.015846252441406250e-01 7.154160737991333008e-02 6.576181054115295410e-01 7.035101652145385742e-01 7.350864410400390625e-01 2.193280458450317383e-01 0.000000000000000000e+00 1.000000000000000000e+00 0.000000000000000000e+00
9.153346419334411621e-01 6.626202464103698730e-01 7.206178307533264160e-01 7.501178383827209473e-01 8.193154335021972656e-01 6.938899755477905273e-01 7.328257560729980469e-01 6.601068377494812012e-01 8.892449736595153809e-01 1.000000000000000000e+00 0.000000000000000000e+00 0.000000000000000000e+00
9.956696033477783203e-01 3.776230812072753906e-01 1.342940330505371094e-02 9.924161434173583984e-01 8.050920367240905762e-01 5.616492629051208496e-01 9.081107974052429199e-01 3.880874514579772949e-01 9.136829376220703125e-01 0.000000000000000000e+00 1.000000000000000000e+00 0.000000000000000000e+00
4.284466207027435303e-01 9.975594282150268555e-01 1.442793011665344238e-01 2.860712409019470215e-01 4.639280438423156738e-01 8.093708753585815430e-02 8.452335000038146973e-01 3.308129906654357910e-01 5.874823927879333496e-01 1.000000000000000000e+00 0.000000000000000000e+00 0.000000000000000000e+00
5.625931620597839355e-01 2.913253903388977051e-01 3.015170097351074219e-01 4.258007407188415527e-01 8.940808176994323730e-01 3.406290411949157715e-01 6.078963279724121094e-01 6.173968315124511719e-01 4.208198785781860352e-01 0.000000000000000000e+00 1.000000000000000000e+00 0.000000000000000000e+00
9.341731667518615723e-01 2.916328907012939453e-01 8.927101492881774902e-01 8.725054860115051270e-01 7.872427105903625488e-01 7.879465222358703613e-01 2.984225749969482422e-03 9.884731769561767578e-01 1.693676710128784180e-01 0.000000000000000000e+00 0.000000000000000000e+00 0.000000000000000000e+00
7.943977117538452148e-01 3.405843377113342285e-01 5.342646837234497070e-01 5.275021195411682129e-01 7.816265225410461426e-01 6.690598726272583008e-01 6.752197146415710449e-01 5.194386243820190430e-01 8.070534467697143555e-01 0.000000000000000000e+00 0.000000000000000000e+00 0.000000000000000000e+00
9.063524007797241211e-01 6.606352329254150391e-02 5.442796945571899414e-01 6.197264194488525391e-01 5.054548978805541992e-01 4.025366902351379395e-01 5.300477743148803711e-01 7.273650765419006348e-01 2.538525462150573730e-01 1.000000000000000000e+00 1.000000000000000000e+00 1.000000000000000000e+00
9.529900550842285156e-01 6.230640411376953125e-01 4.492657780647277832e-01 9.958690404891967773e-01 3.251004219055175781e-01 4.547923207283020020e-01 3.464847803115844727e-01 5.143227577209472656e-01 9.035138487815856934e-01 0.000000000000000000e+00 0.000000000000000000e+00 0.000000000000000000e+00
7.179639935493469238e-01 1.604182720184326172e-01 7.586629390716552734e-01 1.820129156112670898e-01 4.318351745605468750e-01 7.596523761749267578e-01 8.053058385848999023e-01 1.677417159080505371e-01 3.376341462135314941e-01 0.000000000000000000e+00 0.000000000000000000e+00 0.000000000000000000e+00
8.337779045104980469e-01 7.492682337760925293e-01 5.286242961883544922e-01 9.384483695030212402e-01 5.263139009475708008e-01 6.004382967948913574e-01 8.312990069389343262e-01 6.271855235099792480e-01 2.409316897392272949e-01 0.000000000000000000e+00 0.000000000000000000e+00 0.000000000000000000e+00
1.732617914676666260e-01 3.727577924728393555e-01 1.889938116073608398e-01 1.049152016639709473e-01 3.276110887527465820e-01 6.197389960289001465e-01 9.646745324134826660e-01 4.284079670906066895e-01 9.911474585533142090e-01 0.000000000000000000e+00 0.000000000000000000e+00 0.000000000000000000e+00
9.949930310249328613e-01 1.015616059303283691e-01 4.820365309715270996e-01 9.301130175590515137e-01 5.095515847206115723e-01 4.817931056022644043e-01 4.727252125740051270e-01 5.766509175300598145e-01 6.337582468986511230e-01 0.000000000000000000e+00 0.000000000000000000e+00 0.000000000000000000e+00
9.507738351821899414e-01 8.405369520187377930e-02 5.101265311241149902e-01 6.477043032646179199e-01 1.602568030357360840e-01 2.984284162521362305e-01 5.665094852447509766e-01 8.119757771492004395e-01 9.923876523971557617e-01 0.000000000000000000e+00 0.000000000000000000e+00 0.000000000000000000e+00
8.291986584663391113e-01 4.458305239677429199e-01 4.767885208129882812e-01 7.034326791763305664e-01 1.908577680587768555e-01 1.651023030281066895e-01 1.037098765373229980e-01 4.011803865432739258e-01 3.176034688949584961e-01 0.000000000000000000e+00 0.000000000000000000e+00 0.000000000000000000e+00
4.256055653095245361e-01 5.598022341728210449e-01 4.866139292716979980e-01 4.770099520683288574e-01 1.440333724021911621e-01 4.521010518074035645e-01 7.285807728767395020e-01 9.053810238838195801e-01 9.652479290962219238e-01 1.000000000000000000e+00 0.000000000000000000e+00 0.000000000000000000e+00
5.495976805686950684e-01 9.860141277313232422e-01 2.294679880142211914e-01 7.679568529129028320e-01 5.343723297119140625e-02 3.769391775131225586e-01 3.270657062530517578e-01 7.898079752922058105e-01 7.613035440444946289e-01 0.000000000000000000e+00 0.000000000000000000e+00 0.000000000000000000e+00
8.484705686569213867e-01 4.980493187904357910e-01 4.951491951942443848e-01 9.583299756050109863e-01 2.146428227424621582e-01 9.381039738655090332e-01 6.865248084068298340e-01 3.069822192192077637e-01 7.617025971412658691e-01 0.000000000000000000e+00 0.000000000000000000e+00 0.000000000000000000e+00
9.014965891838073730e-01 1.534924507141113281e-01 9.400165081024169922e-01 7.990440726280212402e-01 1.016386747360229492e-01 5.653526782989501953e-01 9.203274846076965332e-01 6.216990947723388672e-01 9.816801548004150391e-01 0.000000000000000000e+00 0.000000000000000000e+00 0.000000000000000000e+00
6.130132079124450684e-01 5.446877479553222656e-01 5.052469372749328613e-01 6.813241839408874512e-01 5.681279301643371582e-01 5.069518685340881348e-01 4.197777509689331055e-01 4.216977357864379883e-01 7.011899948120117188e-01 0.000000000000000000e+00 0.000000000000000000e+00 0.000000000000000000e+00
9.147712588310241699e-01 2.989299297332763672e-01 1.716451048851013184e-01 6.075798273086547852e-01 6.694541573524475098e-01 3.704804182052612305e-02 4.833604097366333008e-01 5.723858475685119629e-01 6.421416401863098145e-01 0.000000000000000000e+00 0.000000000000000000e+00 0.000000000000000000e+00
7.306938171386718750e-01 6.893440485000610352e-01 9.789914488792419434e-01 3.191369771957397461e-01 7.545189857482910156e-01 8.196563720703125000e-01 2.746251225471496582e-01 8.520237207412719727e-01 4.927825331687927246e-01 1.000000000000000000e+00 0.000000000000000000e+00 0.000000000000000000e+00
6.150639653205871582e-01 7.535381317138671875e-01 7.457644939422607422e-01 3.316086530685424805e-01 4.020204544067382812e-01 2.516502141952514648e-01 1.684761047363281250e-02 1.227620840072631836e-01 3.414142131805419922e-01 1.000000000000000000e+00 0.000000000000000000e+00 0.000000000000000000e+00
6.162975430488586426e-01 1.018472909927368164e-01 5.591896772384643555e-01 2.854955792427062988e-01 4.145098328590393066e-01 5.685690045356750488e-01 1.290195584297180176e-01 6.422102451324462891e-03 2.963051199913024902e-01 1.000000000000000000e+00 1.000000000000000000e+00 1.000000000000000000e+00
3.575415313243865967e-01 5.818176269531250000e-01 1.409678459167480469e-01 6.086244583129882812e-01 4.479613900184631348e-01 4.222992062568664551e-01 1.623544096946716309e-01 2.262709140777587891e-01 1.552072763442993164e-01 0.000000000000000000e+00 1.000000000000000000e+00 0.000000000000000000e+00
8.427829146385192871e-01 2.703085541725158691e-01 8.094382286071777344e-01 4.668048620223999023e-01 4.003646373748779297e-01 7.411496639251708984e-01 5.493867993354797363e-01 2.378777861595153809e-01 3.028470277786254883e-02 1.000000000000000000e+00 0.000000000000000000e+00 0.000000000000000000e+00
9.881386160850524902e-01 4.126094579696655273e-01 9.729737639427185059e-01 8.387289047241210938e-01 4.646132588386535645e-01 4.285216331481933594e-03 6.672234535217285156e-01 9.139140844345092773e-01 7.731853723526000977e-01 1.000000000000000000e+00 0.000000000000000000e+00 0.000000000000000000e+00
8.817737102508544922e-01 1.334548592567443848e-01 7.103108763694763184e-01 1.224890351295471191e-01 7.394725084304809570e-01 2.181538343429565430e-01 9.788882732391357422e-01 8.293226361274719238e-01 3.897345066070556641e-02 0.000000000000000000e+00 1.000000000000000000e+00 0.000000000000000000e+00
8.604425787925720215e-01 6.457862257957458496e-01 7.612767219543457031e-01 8.509898781776428223e-01 4.052985906600952148e-01 2.215262651443481445e-01 9.383728504180908203e-01 6.184287667274475098e-01 6.033431887626647949e-01 0.000000000000000000e+00 0.000000000000000000e+00 0.000000000000000000e+00
2.037488669157028198e-01 4.070115089416503906e-01 4.430598020553588867e-02 8.848202228546142578e-02 8.730127811431884766e-01 8.829280138015747070e-01 4.326301813125610352e-02 6.070681214332580566e-01 1.956095695495605469e-01 0.000000000000000000e+00 0.000000000000000000e+00 0.000000000000000000e+00
7.509402036666870117e-01 3.983036875724792480e-01 2.194427251815795898e-01 1.792755126953125000e-01 9.566800594329833984e-01 2.523244023323059082e-01 8.643877506256103516e-01 8.150600194931030273e-01 8.798898458480834961e-01 0.000000000000000000e+00 0.000000000000000000e+00 0.000000000000000000e+00
6.807299256324768066e-01 8.878176212310791016e-01 3.489571809768676758e-02 9.418659210205078125e-01 4.015293121337890625e-01 7.437106966972351074e-01 3.663079142570495605e-01 2.372525334358215332e-01 3.387836813926696777e-01 1.000000000000000000e+00 0.000000000000000000e+00 0.000000000000000000e+00
9.960775971412658691e-01 7.550823688507080078e-02 9.373809695243835449e-01 7.135351300239562988e-01 4.478295445442199707e-01 1.028147339820861816e-01 9.154996275901794434e-01 6.934370994567871094e-01 3.298801183700561523e-01 0.000000000000000000e+00 0.000000000000000000e+00 0.000000000000000000e+00
6.347305774688720703e-01 9.500747323036193848e-01 1.858302354812622070e-01 7.045161724090576172e-01 4.989855289459228516e-01 6.979955434799194336e-01 8.291108608245849609e-01 9.123414754867553711e-02 9.996383190155029297e-01 0.000000000000000000e+00 0.000000000000000000e+00 0.000000000000000000e+00
3.407990038394927979e-01 6.730970740318298340e-01 3.616106510162353516e-02 5.115544795989990234e-01 6.115801334381103516e-01 4.719601869583129883e-01 4.819165468215942383e-01 7.480876445770263672e-01 2.121804356575012207e-01 1.000000000000000000e+00 0.000000000000000000e+00 0.000000000000000000e+00
9.493170976638793945e-01 4.704597592353820801e-01 4.783846139907836914e-01 8.984833359718322754e-01 2.339553236961364746e-01 4.593670368194580078e-02 4.177464842796325684e-01 6.236326694488525391e-01 6.133139133453369141e-02 0.000000000000000000e+00 1.000000000000000000e+00 0.000000000000000000e+00
9.790410995483398438e-01 2.862707376480102539e-01 3.906132578849792480e-01 7.712272405624389648e-01 5.927671194076538086e-01 1.639745235443115234e-01 6.569922566413879395e-01 4.207199215888977051e-01 1.143317222595214844e-01 0.000000000000000000e+00 1.000000000000000000e+00 0.000000000000000000e+00
5.129151940345764160e-01 7.342817783355712891e-01 2.721661329269409180e-01 3.288936614990234375e-01 4.124969244003295898e-01 1.570850610733032227e-02 7.558734416961669922e-01 8.511840701103210449e-01 6.785352230072021484e-01 1.000000000000000000e+00 0.000000000000000000e+00 0.000000000000000000e+00
9.433196783065795898e-01 1.792137026786804199e-01 1.429117918014526367e-01 8.014679551124572754e-01 6.313002109527587891e-01 4.281718730926513672e-01 4.486760497093200684e-01 9.722003936767578125e-01 9.624999761581420898e-02 0.000000000000000000e+00 1.000000000000000000e+00 0.000000000000000000e+00
8.444722294807434082e-01 3.909476399421691895e-01 1.080725789070129395e-01 8.025476932525634766e-01 1.814275979995727539e-01 4.485497474670410156e-01 5.055083036422729492e-01 7.977822422981262207e-01 7.168434262275695801e-01 0.000000000000000000e+00 0.000000000000000000e+00 0.000000000000000000e+00
7.661376595497131348e-01 8.848401308059692383e-01 6.035214066505432129e-01 7.446873188018798828e-01 7.771299481391906738e-01 7.667747139930725098e-01 1.166104674339294434e-01 5.252564549446105957e-01 2.966288328170776367e-01 0.000000000000000000e+00 0.000000000000000000e+00 0.000000000000000000e+00
1.065804213285446167e-01 2.335606813430786133e-01 1.453412771224975586e-01 2.307577133178710938e-01 2.271105051040649414e-01 6.126625537872314453e-01 5.939635634422302246e-01 3.468828201293945312e-01 6.642987132072448730e-01 1.000000000000000000e+00 0.000000000000000000e+00 0.000000000000000000e+00
8.080347776412963867e-01 6.290389299392700195e-01 9.623568058013916016e-01 2.789850831031799316e-01 5.506314039230346680e-01 7.058069109916687012e-01 1.355659961700439453e-02 4.799473285675048828e-02 7.728181481361389160e-01 0.000000000000000000e+00 0.000000000000000000e+00 0.000000000000000000e+00
7.251796126365661621e-01 5.516600012779235840e-01 5.733562111854553223e-01 9.578770399093627930e-01 8.238995075225830078e-02 7.533575892448425293e-01 8.560573458671569824e-01 1.007014513015747070e-01 9.745983481407165527e-01 0.000000000000000000e+00 0.000000000000000000e+00 0.000000000000000000e+00
9.972602128982543945e-01 7.472902536392211914e-02 1.647081971168518066e-01 9.666445255279541016e-01 7.394041419029235840e-01 6.804729104042053223e-01 3.503212332725524902e-01 9.231246113777160645e-01 3.787577152252197266e-01 1.000000000000000000e+00 0.000000000000000000e+00 0.000000000000000000e+00
9.407901167869567871e-01 1.998022794723510742e-01 4.644448161125183105e-01 8.124673366546630859e-01 7.909395694732666016e-01 7.720483541488647461e-01 9.172727465629577637e-01 2.822012901306152344e-01 4.674562215805053711e-01 1.000000000000000000e+00 0.000000000000000000e+00 0.000000000000000000e+00
9.980573058128356934e-01 1.708551645278930664e-01 7.312900424003601074e-01 9.863476753234863281e-01 9.326144456863403320e-01 5.810891389846801758e-01 1.928671598434448242e-01 7.915489673614501953e-01 3.324406743049621582e-01 0.000000000000000000e+00 1.000000000000000000e+00 0.000000000000000000e+00
9.334042072296142578e-01 3.840763568878173828e-01 8.748334646224975586e-01 8.096542954444885254e-01 1.931155920028686523e-01 4.253665804862976074e-01 4.739685654640197754e-01 8.423048257827758789e-02 7.053486704826354980e-01 0.000000000000000000e+00 0.000000000000000000e+00 0.000000000000000000e+00
9.148226380348205566e-01 5.146437287330627441e-01 7.839949131011962891e-01 9.945299625396728516e-01 1.295192241668701172e-01 4.923664331436157227e-01 4.936919808387756348e-01 9.786255955696105957e-01 8.771169185638427734e-02 0.000000000000000000e+00 1.000000000000000000e+00 0.000000000000000000e+00
3.804988265037536621e-01 5.951684713363647461e-01 5.491470098495483398e-01 1.674294471740722656e-02 9.598630666732788086e-01 4.873520731925964355e-01 6.920096874237060547e-01 5.224894881248474121e-01 1.939170360565185547e-01 1.000000000000000000e+00 0.000000000000000000e+00 0.000000000000000000e+00
4.418856203556060791e-01 4.744267463684082031e-01 7.050228714942932129e-01 6.017571687698364258e-02 5.251660943031311035e-01 9.104697108268737793e-01 8.774715065956115723e-01 6.861814260482788086e-01 8.683080077171325684e-01 1.000000000000000000e+00 0.000000000000000000e+00 0.000000000000000000e+00
2.887953817844390869e-01 5.126276612281799316e-01 5.106296539306640625e-01 1.689620614051818848e-01 3.768969774246215820e-01 2.448009252548217773e-01 8.794724941253662109e-03 8.115743398666381836e-01 5.620682239532470703e-01 0.000000000000000000e+00 1.000000000000000000e+00 0.000000000000000000e+00
8.455959558486938477e-01 2.281619906425476074e-01 8.430606722831726074e-01 3.959038257598876953e-01 1.818652749061584473e-01 3.996988534927368164e-01 7.572340369224548340e-01 9.835305809974670410e-01 2.255342602729797363e-01 1.000000000000000000e+00 0.000000000000000000e+00 0.000000000000000000e+00
9.987362027168273926e-01 4.750883579254150391e-02 3.291671872138977051e-01 8.564401268959045410e-01 6.870829463005065918e-01 1.723710894584655762e-01 5.254483819007873535e-01 9.152824878692626953e-01 3.024870157241821289e-02 0.000000000000000000e+00 0.000000000000000000e+00 0.000000000000000000e+00
7.925988435745239258e-01 6.540006399154663086e-01 1.438336372375488281e-01 6.407993435859680176e-01 8.715454339981079102e-01 8.291311860084533691e-01 3.266156911849975586e-01 8.847266435623168945e-02 6.044119596481323242e-02 0.000000000000000000e+00 0.000000000000000000e+00 0.000000000000000000e+00
9.844510555267333984e-01 9.143638610839843750e-02 8.562749028205871582e-01 8.151955008506774902e-01 7.027772068977355957e-01 5.829463005065917969e-01 6.440487504005432129e-01 6.662846207618713379e-01 7.536298036575317383e-01 0.000000000000000000e+00 0.000000000000000000e+00 0.000000000000000000e+00
7.736294269561767578e-01 1.218212842941284180e-01 6.565964818000793457e-01 4.842454791069030762e-01 8.765459060668945312e-03 2.085930109024047852e-02 2.004615664482116699e-01 5.853456854820251465e-01 7.486190795898437500e-01 0.000000000000000000e+00 0.000000000000000000e+00 0.000000000000000000e+00
9.223796129226684570e-01 2.057540416717529297e-01 1.502346992492675781e-01 6.743041276931762695e-01 3.468315005302429199e-01 4.921032190322875977e-01 2.935514450073242188e-01 2.663621902465820312e-01 7.596257328987121582e-01 0.000000000000000000e+00 1.000000000000000000e+00 0.000000000000000000e+00
4.927825629711151123e-01 7.646846771240234375e-01 6.747030019760131836e-01 3.946608304977416992e-02 7.019213438034057617e-01 4.360556006431579590e-01 9.178733229637145996e-01 2.279508113861083984e-02 4.887272119522094727e-01 1.000000000000000000e+00 0.000000000000000000e+00 0.000000000000000000e+00
9.078139662742614746e-01 1.355271935462951660e-01 9.387558698654174805e-01 6.593920588493347168e-01 1.879220604896545410e-01 8.656535744667053223e-01 7.746144533157348633e-01 3.663183450698852539e-01 4.793632626533508301e-01 1.000000000000000000e+00 0.000000000000000000e+00 0.000000000000000000e+00
9.756684303283691406e-01 5.547548532485961914e-01 9.590827226638793945e-01 6.380704641342163086e-01 8.570912480354309082e-01 1.776416301727294922e-01 9.309903979301452637e-01 7.451698780059814453e-01 6.769552230834960938e-01 0.000000000000000000e+00 0.000000000000000000e+00 0.000000000000000000e+00
2.531752884387969971e-01 5.824905633926391602e-01 6.350677609443664551e-01 5.280202031135559082e-01 2.087058424949645996e-01 8.878387212753295898e-01 5.773013830184936523e-02 7.315567731857299805e-01 4.926995038986206055e-01 1.000000000000000000e+00 0.000000000000000000e+00 0.000000000000000000e+00
6.950539946556091309e-01 3.352634906768798828e-01 8.389627337455749512e-01 4.986954927444458008e-01 2.731679677963256836e-01 4.755242466926574707e-01 5.141445398330688477e-01 9.983673095703125000e-01 2.357047200202941895e-01 0.000000000000000000e+00 0.000000000000000000e+00 0.000000000000000000e+00
7.191485762596130371e-01 7.126578092575073242e-01 8.701660633087158203e-01 9.412539005279541016e-01 1.496005058288574219e-01 9.417389631271362305e-01 3.844850063323974609e-01 7.474485635757446289e-01 5.441768765449523926e-01 0.000000000000000000e+00 0.000000000000000000e+00 0.000000000000000000e+00
5.893320441246032715e-01 2.724451422691345215e-01 6.290479898452758789e-01 1.795805692672729492e-01 9.271842241287231445e-01 6.449841856956481934e-01 6.238766908645629883e-01 2.834299206733703613e-01 9.061363935470581055e-01 1.000000000000000000e+00 0.000000000000000000e+00 0.000000000000000000e+00
2.009554356336593628e-01 2.831237316131591797e-01 2.162704467773437500e-01 4.293924570083618164e-02 8.421313762664794922e-01 6.804991960525512695e-01 5.171001553535461426e-01 4.763558506965637207e-01 4.280195236206054688e-01 1.000000000000000000e+00 1.000000000000000000e+00 1.000000000000000000e+00
7.880758047103881836e-01 9.885112047195434570e-01 2.578269243240356445e-01 5.986952781677246094e-01 9.450845122337341309e-01 7.377743124961853027e-01 1.618378758430480957e-01 2.241402864456176758e-02 7.476842999458312988e-01 1.000000000000000000e+00 0.000000000000000000e+00 0.000000000000000000e+00
5.590170025825500488e-01 7.726179361343383789e-01 1.548956632614135742e-01 5.002663135528564453e-01 4.022974371910095215e-01 6.084421873092651367e-01 5.025996565818786621e-01 2.416730523109436035e-01 7.682048082351684570e-01 0.000000000000000000e+00 0.000000000000000000e+00 0.000000000000000000e+00
1.130736693739891052e-01 4.002977013587951660e-01 3.627797365188598633e-01 3.604196906089782715e-01 2.851659059524536133e-01 6.961543560028076172e-01 3.262420892715454102e-01 8.273814320564270020e-01 9.350574016571044922e-02 0.000000000000000000e+00 1.000000000000000000e+00 0.000000000000000000e+00
7.494506239891052246e-01 8.784092664718627930e-01 1.009140014648437500e-01 1.062644720077514648e-01 9.475602507591247559e-01 9.420205950736999512e-01 3.115760684013366699e-01 7.647162675857543945e-02 7.538515329360961914e-01 0.000000000000000000e+00 0.000000000000000000e+00 0.000000000000000000e+00
1.156623363494873047e-01 5.483570694923400879e-01 4.155035018920898438e-01 1.921548247337341309e-01 6.929641962051391602e-02 1.750127077102661133e-01 8.069097995758056641e-01 1.711599230766296387e-01 7.825261950492858887e-01 0.000000000000000000e+00 0.000000000000000000e+00 0.000000000000000000e+00
4.052396416664123535e-01 3.226151466369628906e-01 9.587986469268798828e-01 9.807920455932617188e-02 1.555544137954711914e-02 5.998567938804626465e-01 3.420635461807250977e-01 7.072203159332275391e-01 8.850464820861816406e-01 0.000000000000000000e+00 1.000000000000000000e+00 0.000000000000000000e+00
8.725749850273132324e-01 6.386524438858032227e-01 9.629599452018737793e-01 3.421747684478759766e-02 9.093289375305175781e-01 8.216923475265502930e-02 6.293854117393493652e-01 9.280623197555541992e-01 1.269392967224121094e-01 0.000000000000000000e+00 0.000000000000000000e+00 0.000000000000000000e+00
9.924936294555664062e-01 1.197150945663452148e-01 2.582601904869079590e-01 7.897700667381286621e-01 8.297234773635864258e-01 4.351093769073486328e-01 1.858501434326171875e-01 7.545115351676940918e-01 7.291355133056640625e-01 1.000000000000000000e+00 0.000000000000000000e+00 0.000000000000000000e+00
4.932569563388824463e-01 2.064164280891418457e-01 3.258669376373291016e-01 9.560412168502807617e-02 9.466097950935363770e-01 4.484480619430541992e-01 5.313116908073425293e-01 2.190458774566650391e-01 3.419582247734069824e-01 0.000000000000000000e+00 0.000000000000000000e+00 0.000000000000000000e+00
9.926570057868957520e-01 2.704460620880126953e-01 4.665838479995727539e-01 9.971221089363098145e-01 2.468394041061401367e-01 1.808264255523681641e-01 5.637677311897277832e-01 2.324263453483581543e-01 9.352501034736633301e-01 0.000000000000000000e+00 1.000000000000000000e+00 0.000000000000000000e+00
8.032670617103576660e-01 9.015314579010009766e-01 9.160431027412414551e-01 2.939082384109497070e-01 6.276709437370300293e-01 3.975657224655151367e-01 2.028115987777709961e-01 7.381589412689208984e-01 7.234648466110229492e-01 1.000000000000000000e+00 0.000000000000000000e+00 0.000000000000000000e+00
7.539257407188415527e-01 4.746300578117370605e-01 5.159051418304443359e-01 6.272982954978942871e-01 5.525771379470825195e-01 9.602040052413940430e-02 8.612052202224731445e-01 4.528759717941284180e-01 6.405521631240844727e-01 1.000000000000000000e+00 0.000000000000000000e+00 0.000000000000000000e+00
5.455935001373291016e-01 8.017601370811462402e-01 6.026536822319030762e-01 3.708887696266174316e-01 5.215510129928588867e-01 7.908406853675842285e-01 7.626467347145080566e-01 6.521152853965759277e-01 8.774194717407226562e-01 1.000000000000000000e+00 0.000000000000000000e+00 0.000000000000000000e+00
7.788736820220947266e-01 1.217114329338073730e-01 7.539297938346862793e-01 8.616185188293457031e-02 8.550201058387756348e-01 8.653061389923095703e-01 7.835116386413574219e-01 8.540836572647094727e-01 1.908062100410461426e-01 0.000000000000000000e+00 0.000000000000000000e+00 0.000000000000000000e+00
5.834040641784667969e-01 7.729257345199584961e-01 9.317513704299926758e-01 2.721464037895202637e-01 5.094069242477416992e-01 6.002460718154907227e-01 5.364173054695129395e-01 3.810504674911499023e-01 1.393477916717529297e-01 0.000000000000000000e+00 0.000000000000000000e+00 0.000000000000000000e+00
9.720841646194458008e-01 1.801105737686157227e-01 7.206404805183410645e-01 8.092401027679443359e-01 4.955019354820251465e-01 6.262632608413696289e-01 3.620804548263549805e-01 6.477914452552795410e-01 4.390937089920043945e-01 0.000000000000000000e+00 1.000000000000000000e+00 0.000000000000000000e+00
4.631085395812988281e-01 6.546919941902160645e-01 6.656219959259033203e-01 1.787608861923217773e-01 7.983219623565673828e-02 2.446162700653076172e-02 5.896886587142944336e-01 7.096039652824401855e-01 8.197672963142395020e-01 1.000000000000000000e+00 0.000000000000000000e+00 0.000000000000000000e+00
6.575917005538940430e-01 3.939201235771179199e-01 1.964552402496337891e-01 5.481832623481750488e-01 3.344572782516479492e-01 9.266622662544250488e-01 3.955184221267700195e-01 3.099702596664428711e-01 6.468896865844726562e-01 0.000000000000000000e+00 0.000000000000000000e+00 0.000000000000000000e+00
7.646648883819580078e-01 3.067332506179809570e-02 3.875737786293029785e-01 7.149994969367980957e-01 7.072448730468750000e-03 7.283881902694702148e-01 6.404328942298889160e-01 1.657187938690185547e-03 7.125250697135925293e-01 1.000000000000000000e+00 0.000000000000000000e+00 0.000000000000000000e+00
4.878052771091461182e-01 5.273003578186035156e-01 1.448404788970947266e-01 2.025453448295593262e-01 1.419073343276977539e-01 7.800310850143432617e-02 4.633150696754455566e-01 1.966834068298339844e-03 9.942056536674499512e-01 0.000000000000000000e+00 0.000000000000000000e+00 0.000000000000000000e+00
1.055216044187545776e-01 4.623774886131286621e-01 4.370372891426086426e-01 7.616633176803588867e-02 6.710940599441528320e-02 3.283390998840332031e-01 6.629557609558105469e-01 8.384416103363037109e-01 6.455982923507690430e-01 0.000000000000000000e+00 1.000000000000000000e+00 0.000000000000000000e+00
4.150005877017974854e-01 5.784332156181335449e-01 2.058091163635253906e-01 2.527363300323486328e-01 8.811125755310058594e-01 4.951264858245849609e-01 7.165217399597167969e-02 7.576124072074890137e-01 4.695711135864257812e-01 1.000000000000000000e+00 0.000000000000000000e+00 0.000000000000000000e+00
8.848165869712829590e-01 6.377588510513305664e-01 3.936699032783508301e-01 8.664039969444274902e-01 4.468635320663452148e-01 8.216361999511718750e-01 6.808731555938720703e-01 4.689333438873291016e-01 8.994354605674743652e-01 0.000000000000000000e+00 0.000000000000000000e+00 0.000000000000000000e+00
2.085523605346679688e-01 9.716336131095886230e-01 1.822696924209594727e-01 2.643816471099853516e-01 1.351946592330932617e-01 2.952303886413574219e-01 3.567312359809875488e-01 3.323293328285217285e-01 7.562208175659179688e-02 0.000000000000000000e+00 1.000000000000000000e+00 0.000000000000000000e+00
7.170603275299072266e-01 4.023172259330749512e-01 6.443715095520019531e-01 5.784003734588623047e-01 3.878175616264343262e-01 1.649252176284790039e-01 3.778105378150939941e-01 9.737920761108398438e-02 1.934208869934082031e-01 1.000000000000000000e+00 0.000000000000000000e+00 0.000000000000000000e+00
1.076360419392585754e-01 3.450573682785034180e-01 1.539941430091857910e-01 2.982108592987060547e-01 2.053498625755310059e-01 3.540040254592895508e-01 6.478431820869445801e-01 3.090766072273254395e-01 6.607143282890319824e-01 0.000000000000000000e+00 0.000000000000000000e+00 0.000000000000000000e+00
7.442799210548400879e-01 8.036755323410034180e-01 2.752076983451843262e-01 8.144311904907226562e-01 8.947199583053588867e-02 1.009610295295715332e-01 2.841502428054809570e-02 7.329092025756835938e-01 1.932199597358703613e-01 0.000000000000000000e+00 0.000000000000000000e+00 0.000000000000000000e+00
4.387167394161224365e-01 3.702646493911743164e-01 4.228932857513427734e-01 4.576510787010192871e-01 3.987395763397216797e-02 1.268041729927062988e-01 5.091080665588378906e-01 2.620707154273986816e-01 3.641045093536376953e-02 0.000000000000000000e+00 0.000000000000000000e+00 0.000000000000000000e+00
6.574732065200805664e-01 9.369716048240661621e-01 7.925391197204589844e-03 4.887318611145019531e-01 7.287900447845458984e-01 1.986238360404968262e-01 7.242835164070129395e-01 4.830425381660461426e-01 8.040425181388854980e-01 1.000000000000000000e+00 0.000000000000000000e+00 0.000000000000000000e+00
8.996887803077697754e-01 1.011640429496765137e-01 9.455361366271972656e-01 1.829217672348022461e-01 4.577751159667968750e-01 8.289053440093994141e-01 3.282179832458496094e-01 7.948276996612548828e-01 6.473774313926696777e-01 0.000000000000000000e+00 0.000000000000000000e+00 0.000000000000000000e+00
5.201099514961242676e-01 8.062657713890075684e-01 8.638366460800170898e-01 1.757575273513793945e-01 9.587525725364685059e-01 6.835713386535644531e-01 6.953002214431762695e-01 3.033522367477416992e-01 4.721088409423828125e-01 1.000000000000000000e+00 0.000000000000000000e+00 0.000000000000000000e+00
6.783730387687683105e-01 4.009473323822021484e-01 3.922397494316101074e-01 6.257165670394897461e-01 3.861324787139892578e-01 4.015585184097290039e-01 6.414217352867126465e-01 2.902269363403320312e-03 5.081849098205566406e-01 1.000000000000000000e+00 0.000000000000000000e+00 0.000000000000000000e+00
9.644722342491149902e-01 5.531956553459167480e-01 8.395622372627258301e-01 7.096549868583679199e-01 8.987111449241638184e-01 3.585590720176696777e-01 9.390723109245300293e-01 3.304287195205688477e-01 8.281347155570983887e-01 0.000000000000000000e+00 0.000000000000000000e+00 0.000000000000000000e+00
7.739430069923400879e-01 7.780722379684448242e-01 7.736787199974060059e-01 1.812071204185485840e-01 9.308493137359619141e-01 7.880041003227233887e-01 1.704096794128417969e-03 1.006357073783874512e-01 6.284877061843872070e-01 0.000000000000000000e+00 0.000000000000000000e+00 0.000000000000000000e+00
9.749919176101684570e-01 4.590090513229370117e-01 7.129570841789245605e-01 8.466331958770751953e-01 6.933611631393432617e-01 2.026352882385253906e-01 3.076038956642150879e-01 1.695265173912048340e-01 2.387845516204833984e-02 1.000000000000000000e+00 1.000000000000000000e+00 1.000000000000000000e+00
6.016616225242614746e-01 3.460247516632080078e-01 7.306008934974670410e-01 2.399757504463195801e-01 2.819293737411499023e-02 3.170782327651977539e-01 1.178673505783081055e-01 1.094181537628173828e-01 2.772833108901977539e-01 0.000000000000000000e+00 0.000000000000000000e+00 0.000000000000000000e+00
6.496527194976806641e-01 1.436998844146728516e-01 6.799995303153991699e-01 6.396425962448120117e-01 3.292596340179443359e-02 8.730839490890502930e-01 3.667877316474914551e-01 9.181515574455261230e-01 8.380265235900878906e-01 0.000000000000000000e+00 0.000000000000000000e+00 0.000000000000000000e+00
5.228335261344909668e-01 7.306765317916870117e-01 4.316142797470092773e-01 1.832555532455444336e-01 7.416359186172485352e-01 3.111550807952880859e-01 9.110952019691467285e-01 7.232515811920166016e-01 4.489144086837768555e-01 0.000000000000000000e+00 0.000000000000000000e+00 0.000000000000000000e+00
1.840731799602508545e-01 7.062662243843078613e-01 1.253467202186584473e-01 1.338512897491455078e-01 3.456401824951171875e-01 3.851660490036010742e-01 1.302962303161621094e-01 8.085544705390930176e-01 8.431791067123413086e-01 0.000000000000000000e+00 1.000000000000000000e+00 0.000000000000000000e+00
5.389029383659362793e-01 9.966827034950256348e-01 3.800027370452880859e-01 2.268271446228027344e-01 6.355286836624145508e-01 7.510312199592590332e-01 4.361786842346191406e-01 7.192218303680419922e-01 7.463893890380859375e-01 0.000000000000000000e+00 0.000000000000000000e+00 0.000000000000000000e+00
3.513071238994598389e-01 4.612209796905517578e-01 1.247733831405639648e-01 3.695626854896545410e-01 1.223830580711364746e-01 7.031194567680358887e-01 6.959193348884582520e-01 4.188882708549499512e-01 8.499706983566284180e-01 0.000000000000000000e+00 0.000000000000000000e+00 0.000000000000000000e+00
9.444330334663391113e-01 3.873574733734130859e-02 7.164024114608764648e-01 5.760724544525146484e-01 6.560248136520385742e-01 6.649067401885986328e-01 8.773841857910156250e-01 1.784088611602783203e-01 4.154884815216064453e-01 0.000000000000000000e+00 0.000000000000000000e+00 0.000000000000000000e+00
8.036652207374572754e-01 6.079921126365661621e-01 3.797471523284912109e-01 9.275652170181274414e-01 3.109976649284362793e-01 4.994657039642333984e-01 4.231966733932495117e-01 5.488390326499938965e-01 5.426943302154541016e-01 1.000000000000000000e+00 0.000000000000000000e+00 0.000000000000000000e+00
4.578120410442352295e-01 5.195566415786743164e-01 1.289400458335876465e-01 7.794898748397827148e-02 5.866560339927673340e-01 2.447836995124816895e-01 1.640840768814086914e-01 8.374160528182983398e-02 9.266166090965270996e-01 0.000000000000000000e+00 0.000000000000000000e+00 0.000000000000000000e+00
7.549030780792236328e-01 4.463582634925842285e-01 9.512834548950195312e-01 9.479111433029174805e-02 4.122034311294555664e-01 4.084706306457519531e-01 1.784437298774719238e-01 5.565586090087890625e-01 8.910398483276367188e-01 0.000000000000000000e+00 0.000000000000000000e+00 0.000000000000000000e+00
4.902546405792236328e-01 9.818710684776306152e-01 1.805343031883239746e-01 3.474425673484802246e-01 9.374346733093261719e-01 6.946794390678405762e-01 6.020256876945495605e-01 8.049095869064331055e-01 9.879672527313232422e-02 1.000000000000000000e+00 0.000000000000000000e+00 0.000000000000000000e+00
1.423800885677337646e-01 2.339938282966613770e-01 1.429445147514343262e-01 1.558942794799804688e-01 5.117890238761901855e-01 4.068053960800170898e-01 2.125563025474548340e-01 7.644228935241699219e-01 1.871754527091979980e-01 0.000000000000000000e+00 0.000000000000000000e+00 0.000000000000000000e+00
7.791727185249328613e-01 5.781713128089904785e-01 7.367663383483886719e-01 2.996890544891357422e-01 8.826255798339843750e-01 2.457799315452575684e-01 4.178340435028076172e-01 6.266943812370300293e-01 3.284660577774047852e-01 1.000000000000000000e+00 1.000000000000000000e+00 1.000000000000000000e+00
2.431971132755279541e-01 3.803385496139526367e-01 4.422823190689086914e-01 1.236596703529357910e-01 5.622739791870117188e-01 1.167171597480773926e-01 4.827147722244262695e-02 2.486038208007812500e-01 4.512798190116882324e-01 0.000000000000000000e+00 0.000000000000000000e+00 0.000000000000000000e+00
3.016536533832550049e-01 7.234364748001098633e-01 6.972301006317138672e-01 3.667482733726501465e-01 1.250462532043457031e-01 2.914778590202331543e-01 9.459007382392883301e-01 2.114248275756835938e-02 8.586443662643432617e-01 1.000000000000000000e+00 0.000000000000000000e+00 0.000000000000000000e+00
4.166686236858367920e-01 9.053886532783508301e-01 9.275885820388793945e-01 2.774907350540161133e-01 7.062503695487976074e-01 3.877121806144714355e-01 8.387060165405273438e-01 2.488040924072265625e-02 6.776543259620666504e-01 1.000000000000000000e+00 0.000000000000000000e+00 0.000000000000000000e+00
6.085797548294067383e-01 5.364401936531066895e-01 2.557282447814941406e-01 5.352262258529663086e-01 3.073731064796447754e-01 1.601421236991882324e-01 5.596184134483337402e-01 2.147607207298278809e-01 7.909262180328369141e-01 1.000000000000000000e+00 0.000000000000000000e+00 0.000000000000000000e+00
4.910017549991607666e-01 5.511730313301086426e-01 4.684616327285766602e-01 6.508597135543823242e-01 3.456619977951049805e-01 9.823357462882995605e-01 4.952442049980163574e-01 5.381369590759277344e-02 3.898094892501831055e-01 1.000000000000000000e+00 0.000000000000000000e+00 0.000000000000000000e+00
3.294291496276855469e-01 7.569029927253723145e-01 5.911219716072082520e-01 3.177449703216552734e-01 2.376608848571777344e-01 5.744743347167968750e-01 9.831914901733398438e-01 8.307679891586303711e-01 2.255171537399291992e-01 0.000000000000000000e+00 0.000000000000000000e+00 0.000000000000000000e+00
9.852543473243713379e-01 1.390588879585266113e-01 9.411255717277526855e-01 2.058808803558349609e-01 3.020305633544921875e-01 6.873041391372680664e-02 2.776862978935241699e-01 8.973357677459716797e-01 9.590883255004882812e-01 0.000000000000000000e+00 0.000000000000000000e+00 0.000000000000000000e+00
9.120887517929077148e-01 3.096950054168701172e-02 5.585684180259704590e-01 6.380563378334045410e-01 1.325268745422363281e-01 1.944363117218017578e-03 9.228678941726684570e-01 8.915027976036071777e-01 2.496803402900695801e-01 0.000000000000000000e+00 0.000000000000000000e+00 0.000000000000000000e+00
9.328866004943847656e-01 2.776865959167480469e-01 1.670177578926086426e-01 8.104380965232849121e-01 5.511377453804016113e-01 3.101961016654968262e-01 9.083456397056579590e-01 9.580107927322387695e-01 3.715013861656188965e-01 0.000000000000000000e+00 0.000000000000000000e+00 0.000000000000000000e+00
6.289322376251220703e-01 2.770698666572570801e-01 3.238555192947387695e-01 6.265301704406738281e-01 3.014019727706909180e-01 6.911838650703430176e-01 6.338659524917602539e-01 9.614756703376770020e-01 3.683328628540039062e-03 1.000000000000000000e+00 1.000000000000000000e+00 1.000000000000000000e+00
9.986074566841125488e-01 1.385774612426757812e-01 4.292189478874206543e-01 9.283495545387268066e-01 9.520412087440490723e-01 5.264020562171936035e-01 8.692933917045593262e-01 8.381425142288208008e-01 5.552074313163757324e-01 0.000000000000000000e+00 0.000000000000000000e+00 0.000000000000000000e+00
5.453134179115295410e-01 6.735374331474304199e-01 5.392015576362609863e-01 6.763224601745605469e-01 2.406062483787536621e-01 8.333788514137268066e-01 1.600418686866760254e-01 6.321725249290466309e-01 1.210606098175048828e-02 1.000000000000000000e+00 0.000000000000000000e+00 0.000000000000000000e+00
9.653883576393127441e-01 5.396205186843872070e-02 5.411905646324157715e-01 7.272493243217468262e-01 9.018778204917907715e-01 7.350953221321105957e-01 1.712499856948852539e-01 2.088353633880615234e-01 2.865430712699890137e-01 0.000000000000000000e+00 0.000000000000000000e+00 0.000000000000000000e+00
1.993819773197174072e-01 1.036766171455383301e-01 3.407001495361328125e-04 3.098825216293334961e-01 1.336324214935302734e-02 5.378113985061645508e-01 9.183537364006042480e-01 7.681645750999450684e-01 1.932940483093261719e-01 0.000000000000000000e+00 0.000000000000000000e+00 0.000000000000000000e+00
3.629130721092224121e-01 5.869758129119873047e-01 1.896870136260986328e-02 1.969259381294250488e-01 3.807983398437500000e-01 5.838902592658996582e-01 5.909247994422912598e-01 9.970875382423400879e-01 9.317563176155090332e-01 0.000000000000000000e+00 0.000000000000000000e+00 0.000000000000000000e+00
4.678021669387817383e-01 9.115082025527954102e-01 9.790683388710021973e-01 5.053942203521728516e-01 2.289540767669677734e-01 2.560156583786010742e-02 1.523686647415161133e-01 1.153860688209533691e-01 2.682112455368041992e-01 1.000000000000000000e+00 0.000000000000000000e+00 0.000000000000000000e+00
9.252576828002929688e-01 2.345880866050720215e-01 8.977959752082824707e-01 5.009238123893737793e-01 9.032359719276428223e-01 8.546904325485229492e-01 4.048098325729370117e-01 2.336190938949584961e-01 3.305242061614990234e-01 1.000000000000000000e+00 0.000000000000000000e+00 0.000000000000000000e+00
3.332632482051849365e-01 4.653096199035644531e-03 1.118538379669189453e-01 2.395531535148620605e-01 6.740623712539672852e-01 9.755998849868774414e-02 2.029189467430114746e-01 4.700905084609985352e-02 1.139867305755615234e-01 1.000000000000000000e+00 0.000000000000000000e+00 0.000000000000000000e+00
4.240525662899017334e-01 6.353995800018310547e-01 8.355963826179504395e-01 3.168871402740478516e-01 3.291960358619689941e-01 8.268294334411621094e-01 7.891375422477722168e-01 9.492163062095642090e-01 7.822145819664001465e-01 0.000000000000000000e+00 0.000000000000000000e+00 0.000000000000000000e+00
9.724671840667724609e-01 5.717277526855468750e-04 7.893015146255493164e-01 3.590543866157531738e-01 6.879001855850219727e-01 5.314095020294189453e-01 7.705151438713073730e-01 8.636687994003295898e-01 1.770097017288208008e-01 0.000000000000000000e+00 0.000000000000000000e+00 0.000000000000000000e+00
7.977266907691955566e-01 6.035104393959045410e-01 8.861664533615112305e-01 5.804795026779174805e-01 4.508730173110961914e-01 3.885898590087890625e-01 4.021692276000976562e-01 9.645102620124816895e-01 9.061043262481689453e-01 0.000000000000000000e+00 0.000000000000000000e+00 0.000000000000000000e+00
5.981612205505371094e-01 8.103544116020202637e-01 9.120697975158691406e-01 1.648940443992614746e-01 8.328483104705810547e-01 8.272393941879272461e-01 8.140342235565185547e-01 7.280916571617126465e-01 4.825180172920227051e-01 0.000000000000000000e+00 0.000000000000000000e+00 0.000000000000000000e+00
2.913599014282226562e-01 9.639633893966674805e-01 9.973093271255493164e-01 9.516972303390502930e-02 4.306576251983642578e-01 1.551759243011474609e-02 2.272117137908935547e-01 4.040259122848510742e-01 7.029123902320861816e-01 0.000000000000000000e+00 0.000000000000000000e+00 0.000000000000000000e+00
9.238843917846679688e-01 2.503964900970458984e-01 2.727904319763183594e-01 5.002240538597106934e-01 8.890975117683410645e-01 3.664073944091796875e-01 1.253126859664916992e-01 1.114018559455871582e-01 7.763199210166931152e-01 0.000000000000000000e+00 0.000000000000000000e+00 0.000000000000000000e+00
6.180987954139709473e-01 3.581363558769226074e-01 2.672280669212341309e-01 3.961333632469177246e-01 9.216837286949157715e-01 5.813973546028137207e-01 9.430361390113830566e-01 4.965615868568420410e-01 2.643233537673950195e-02 1.000000000000000000e+00 0.000000000000000000e+00 0.000000000000000000e+00
9.307190179824829102e-01 1.433224678039550781e-01 6.276587843894958496e-01 7.489271759986877441e-01 3.195822238922119141e-01 8.297787904739379883e-01 1.848558783531188965e-01 8.762657642364501953e-03 8.436398506164550781e-01 1.000000000000000000e+00 1.000000000000000000e+00 1.000000000000000000e+00
9.719871878623962402e-01 5.888337492942810059e-01 9.973194003105163574e-01 7.234302759170532227e-01 7.107448577880859375e-01 3.200566768646240234e-02 9.435414671897888184e-01 8.689290285110473633e-02 7.142647504806518555e-01 0.000000000000000000e+00 1.000000000000000000e+00 0.000000000000000000e+00
9.850949048995971680e-01 1.679682731628417969e-02 8.597868084907531738e-01 8.692871928215026855e-01 8.249408006668090820e-02 3.230513930320739746e-01 8.020842075347900391e-01 9.859282970428466797e-01 5.120851993560791016e-01 0.000000000000000000e+00 0.000000000000000000e+00 0.000000000000000000e+00
9.943538904190063477e-01 2.786898612976074219e-02 9.094685912132263184e-01 7.892620563507080078e-01 8.165652751922607422e-01 6.848002672195434570e-01 7.654804587364196777e-01 8.438909649848937988e-01 7.799571752548217773e-01 0.000000000000000000e+00 0.000000000000000000e+00 0.000000000000000000e+00
4.655589163303375244e-01 7.047921419143676758e-01 2.506832480430603027e-01 8.428096771240234375e-03 7.813469767570495605e-01 7.176410555839538574e-01 7.883648872375488281e-01 5.374318957328796387e-01 6.326854825019836426e-01 0.000000000000000000e+00 0.000000000000000000e+00 0.000000000000000000e+00
4.319389760494232178e-01 7.840334773063659668e-01 6.813409924507141113e-01 4.890717267990112305e-01 8.697881698608398438e-01 5.013685822486877441e-01 2.621144652366638184e-01 7.348119616508483887e-01 3.739479184150695801e-01 1.000000000000000000e+00 0.000000000000000000e+00 0.000000000000000000e+00
4.461476504802703857e-01 9.387080073356628418e-01 8.553357124328613281e-01 5.581130981445312500e-01 5.101469755172729492e-01 5.953753590583801270e-01 5.347973108291625977e-02 6.994488239288330078e-01 6.437608599662780762e-01 0.000000000000000000e+00 0.000000000000000000e+00 0.000000000000000000e+00
5.794118046760559082e-01 9.421163201332092285e-01 4.673461318016052246e-01 8.751478195190429688e-01 4.961931705474853516e-02 3.316271305084228516e-02 7.589164376258850098e-01 6.790263056755065918e-01 2.013149857521057129e-01 1.000000000000000000e+00 0.000000000000000000e+00 0.000000000000000000e+00
7.911695837974548340e-01 7.026717066764831543e-01 7.251620292663574219e-03 6.381915211677551270e-01 9.932616949081420898e-01 9.593225717544555664e-01 6.403548121452331543e-01 5.118314027786254883e-01 4.809685349464416504e-01 1.000000000000000000e+00 0.000000000000000000e+00 0.000000000000000000e+00
5.038993358612060547e-01 7.506948709487915039e-01 1.374863982200622559e-01 8.763873577117919922e-02 6.277055144309997559e-01 8.072944879531860352e-01 6.378211379051208496e-01 1.044019460678100586e-01 7.294875383377075195e-01 1.000000000000000000e+00 0.000000000000000000e+00 0.000000000000000000e+00
9.158264994621276855e-01 4.806685447692871094e-01 1.298808455467224121e-01 7.510825991630554199e-01 9.718258976936340332e-01 9.282968640327453613e-01 3.142098784446716309e-01 2.007888555526733398e-01 6.946475505828857422e-01 0.000000000000000000e+00 0.000000000000000000e+00 0.000000000000000000e+00
5.957893729209899902e-01 3.374033570289611816e-01 6.137179732322692871e-01 6.579567790031433105e-01 6.299299001693725586e-02 5.622183084487915039e-01 3.476573228836059570e-01 6.850411295890808105e-01 2.570295333862304688e-02 0.000000000000000000e+00 0.000000000000000000e+00 0.000000000000000000e+00
2.078764289617538452e-01 4.193626046180725098e-01 1.597194671630859375e-01 4.460741281509399414e-01 1.807323694229125977e-01 6.527125835418701172e-02 8.062971234321594238e-01 4.827701449394226074e-01 3.488681912422180176e-01 1.000000000000000000e+00 1.000000000000000000e+00 1.000000000000000000e+00
6.371226310729980469e-01 6.320960521697998047e-01 1.630508899688720703e-01 4.759433865547180176e-01 3.209208250045776367e-01 4.235331416130065918e-01 8.645136952400207520e-01 9.772443771362304688e-01 2.036503553390502930e-01 0.000000000000000000e+00 0.000000000000000000e+00 0.000000000000000000e+00
3.748055994510650635e-01 6.089898943901062012e-01 8.303906321525573730e-01 6.173032522201538086e-02 2.548000812530517578e-01 7.890306115150451660e-01 6.833450198173522949e-01 7.346154451370239258e-01 5.829441547393798828e-01 1.000000000000000000e+00 0.000000000000000000e+00 0.000000000000000000e+00
7.783427238464355469e-01 6.326897144317626953e-01 9.799526929855346680e-01 4.496945142745971680e-01 8.272877335548400879e-01 7.453818321228027344e-01 6.605767607688903809e-01 3.499642610549926758e-01 7.351796030998229980e-01 0.000000000000000000e+00 0.000000000000000000e+00 0.000000000000000000e+00
6.349703669548034668e-01 6.345100998878479004e-01 4.567604064941406250e-01 7.376365661621093750e-01 3.791119456291198730e-01 8.800033926963806152e-01 5.915931463241577148e-01 3.785606622695922852e-01 3.633635640144348145e-01 1.000000000000000000e+00 0.000000000000000000e+00 0.000000000000000000e+00
8.568394184112548828e-01 4.295233488082885742e-01 7.661915421485900879e-01 8.083185553550720215e-01 3.260133266448974609e-01 7.901751995086669922e-01 3.348583579063415527e-01 8.429539799690246582e-01 7.920639514923095703e-01 0.000000000000000000e+00 0.000000000000000000e+00 0.000000000000000000e+00
9.971103072166442871e-01 1.079109311103820801e-01 7.247238159179687500e-01 9.090628623962402344e-01 5.687766671180725098e-01 1.575850248336791992e-01 6.542807221412658691e-01 3.533890843391418457e-01 2.797594666481018066e-01 1.000000000000000000e+00 0.000000000000000000e+00 0.000000000000000000e+00
9.220196008682250977e-01 3.264577984809875488e-01 6.815034747123718262e-01 7.059810757637023926e-01 6.775550842285156250e-01 7.008006572723388672e-01 8.612641096115112305e-01 1.146088838577270508e-01 8.595371842384338379e-01 0.000000000000000000e+00 1.000000000000000000e+00 0.000000000000000000e+00
8.342105746269226074e-01 6.831898093223571777e-01 3.696780204772949219e-01 7.651552557945251465e-01 6.055019497871398926e-01 8.501057028770446777e-01 8.278245329856872559e-01 9.587109088897705078e-03 9.713202118873596191e-01 1.000000000000000000e+00 0.000000000000000000e+00 0.000000000000000000e+00
9.795152544975280762e-01 5.614936351776123047e-03 5.618196129798889160e-01 4.946138858795166016e-01 5.691798925399780273e-01 2.050139307975769043e-01 8.014121055603027344e-01 6.114923954010009766e-02 9.817048907279968262e-01 0.000000000000000000e+00 0.000000000000000000e+00 0.000000000000000000e+00
9.113300442695617676e-01 5.203663110733032227e-01 3.773715496063232422e-01 9.768101572990417480e-01 1.583337783813476562e-01 8.898406624794006348e-01 7.638473510742187500e-01 1.572537422180175781e-02 8.952710628509521484e-01 0.000000000000000000e+00 1.000000000000000000e+00 0.000000000000000000e+00
9.796898365020751953e-01 2.082478404045104980e-01 6.061162352561950684e-01 8.073000907897949219e-01 3.265111446380615234e-01 3.526272773742675781e-01 8.265979886054992676e-01 9.141572713851928711e-01 8.251599073410034180e-01 0.000000000000000000e+00 0.000000000000000000e+00 0.000000000000000000e+00
8.644767403602600098e-01 9.254720211029052734e-01 9.197310209274291992e-01 7.253909707069396973e-01 8.084157109260559082e-01 6.730771064758300781e-02 8.662329316139221191e-01 3.590996861457824707e-01 7.187120914459228516e-01 0.000000000000000000e+00 0.000000000000000000e+00 0.000000000000000000e+00
4.080655276775360107e-01 2.610270380973815918e-01 6.875663995742797852e-01 5.718824267387390137e-01 1.871454715728759766e-01 4.213140606880187988e-01 7.174140810966491699e-01 6.967891454696655273e-01 2.072207331657409668e-01 0.000000000000000000e+00 0.000000000000000000e+00 0.000000000000000000e+00
9.553890228271484375e-01 2.474418878555297852e-01 6.328641176223754883e-01 6.435431241989135742e-01 9.092566370964050293e-01 3.077040314674377441e-01 2.093685269355773926e-01 1.427696943283081055e-01 1.019161343574523926e-01 1.000000000000000000e+00 0.000000000000000000e+00 0.000000000000000000e+00
7.258760333061218262e-01 2.331435680389404297e-01 6.613661050796508789e-01 5.393929481506347656e-01 3.217397928237915039e-01 5.458711981773376465e-01 3.580712676048278809e-01 6.998620033264160156e-01 3.884918093681335449e-01 0.000000000000000000e+00 0.000000000000000000e+00 0.000000000000000000e+00
1.935982555150985718e-01 5.089555978775024414e-01 2.548477053642272949e-01 1.522735953330993652e-01 1.053824424743652344e-01 4.155967235565185547e-01 3.431048989295959473e-01 9.563387632369995117e-01 9.152182340621948242e-01 1.000000000000000000e+00 0.000000000000000000e+00 0.000000000000000000e+00
9.271612167358398438e-01 5.763360261917114258e-01 6.564934849739074707e-01 9.971615672111511230e-01 4.724400639533996582e-01 8.185609579086303711e-01 3.701393008232116699e-01 5.344036817550659180e-01 9.402070045471191406e-01 1.000000000000000000e+00 0.000000000000000000e+00 0.000000000000000000e+00
8.706950545310974121e-01 9.872714281082153320e-01 1.480879187583923340e-01 9.513437747955322266e-01 7.104182839393615723e-01 3.078037500381469727e-01 8.379285931587219238e-01 8.171116709709167480e-01 6.189230084419250488e-01 0.000000000000000000e+00 0.000000000000000000e+00 0.000000000000000000e+00
7.189047336578369141e-01 8.802625536918640137e-01 2.652645111083984375e-02 8.051233887672424316e-01 7.402315139770507812e-01 4.474835395812988281e-01 6.198517680168151855e-01 6.496632099151611328e-02 5.347175002098083496e-01 0.000000000000000000e+00 0.000000000000000000e+00 0.000000000000000000e+00
7.931001782417297363e-01 8.413470983505249023e-01 7.064011096954345703e-01 8.157387375831604004e-01 1.192902922630310059e-01 4.942027330398559570e-01 8.902435302734375000e-01 4.285116791725158691e-01 9.319704174995422363e-01 0.000000000000000000e+00 0.000000000000000000e+00 0.000000000000000000e+00
9.698393344879150391e-01 4.153335690498352051e-01 7.893834114074707031e-01 9.938372373580932617e-01 1.499027013778686523e-02 3.070461153984069824e-01 3.585317134857177734e-01 3.194406032562255859e-01 7.299052476882934570e-01 0.000000000000000000e+00 1.000000000000000000e+00 0.000000000000000000e+00
9.303272366523742676e-01 8.078243136405944824e-01 9.061534404754638672e-01 9.071241617202758789e-01 8.739353418350219727e-01 5.093922615051269531e-01 4.539930820465087891e-02 9.565311074256896973e-01 9.079361557960510254e-01 0.000000000000000000e+00 0.000000000000000000e+00 0.000000000000000000e+00
9.484406113624572754e-01 6.212705969810485840e-01 4.081726074218750000e-04 6.995921730995178223e-01 9.958360195159912109e-01 5.223300457000732422e-01 2.052446007728576660e-01 3.663891553878784180e-01 7.206787467002868652e-01 0.000000000000000000e+00 0.000000000000000000e+00 0.000000000000000000e+00
7.945499420166015625e-01 1.312983632087707520e-01 6.242495775222778320e-01 2.733077406883239746e-01 7.368513941764831543e-01 9.595687985420227051e-01 7.467220425605773926e-01 4.727606177330017090e-01 5.324787497520446777e-01 0.000000000000000000e+00 0.000000000000000000e+00 0.000000000000000000e+00
8.545117974281311035e-01 5.988685488700866699e-01 6.614781618118286133e-01 9.043943285942077637e-01 1.063986420631408691e-01 2.105211615562438965e-01 1.613092422485351562e-02 6.378343701362609863e-01 9.666222333908081055e-02 0.000000000000000000e+00 0.000000000000000000e+00 0.000000000000000000e+00
7.603996396064758301e-01 5.753140449523925781e-01 2.762064933776855469e-01 6.505303978919982910e-01 4.965179562568664551e-01 3.073494434356689453e-01 6.524631381034851074e-01 3.242319822311401367e-02 7.056818008422851562e-01 1.000000000000000000e+00 0.000000000000000000e+00 0.000000000000000000e+00
7.802304625511169434e-01 9.557355046272277832e-01 9.287083148956298828e-02 8.057807683944702148e-01 6.342778205871582031e-01 7.850105762481689453e-01 8.062852025032043457e-01 8.331112861633300781e-01 8.972842693328857422e-01 0.000000000000000000e+00 0.000000000000000000e+00 0.000000000000000000e+00
4.815398454666137695e-01 5.704153776168823242e-01 5.323640108108520508e-01 3.415563106536865234e-01 6.573372483253479004e-01 2.740852236747741699e-01 6.748129725456237793e-01 4.032269120216369629e-01 5.307835340499877930e-02 1.000000000000000000e+00 1.000000000000000000e+00 1.000000000000000000e+00
3.785168230533599854e-01 8.646691441535949707e-01 9.554655551910400391e-01 3.961184620857238770e-01 4.587379097938537598e-01 6.104176640510559082e-01 5.154846906661987305e-01 6.081965565681457520e-01 4.303838610649108887e-01 0.000000000000000000e+00 0.000000000000000000e+00 0.000000000000000000e+00
7.273429632186889648e-01 7.279528975486755371e-01 9.415636658668518066e-01 8.828663825988769531e-01 2.031406164169311523e-01 5.310814976692199707e-01 4.580157995223999023e-02 8.306324481964111328e-02 5.692336559295654297e-01 1.000000000000000000e+00 0.000000000000000000e+00 0.000000000000000000e+00
8.659242391586303711e-01 5.291271805763244629e-01 7.239271998405456543e-01 7.257195115089416504e-01 5.670324563980102539e-01 2.783924937248229980e-01 3.458248972892761230e-01 6.842935085296630859e-02 8.901947140693664551e-01 0.000000000000000000e+00 0.000000000000000000e+00 0.000000000000000000e+00
8.558729290962219238e-01 7.319307923316955566e-01 9.020939469337463379e-01 7.729429006576538086e-01 8.937308788299560547e-01 8.036410808563232422e-01 6.891769766807556152e-01 4.026104211807250977e-01 2.672557234764099121e-01 0.000000000000000000e+00 0.000000000000000000e+00 0.000000000000000000e+00
8.351655006408691406e-01 2.031910419464111328e-01 2.807284593582153320e-01 6.381580233573913574e-01 2.879759073257446289e-01 2.680682539939880371e-01 9.244455695152282715e-01 5.533089041709899902e-01 9.009786248207092285e-01 1.000000000000000000e+00 0.000000000000000000e+00 0.000000000000000000e+00
3.327732384204864502e-01 5.695728063583374023e-01 4.939274787902832031e-01 2.383482456207275391e-02 7.240037322044372559e-01 3.859845995903015137e-01 3.384762406349182129e-01 4.586639404296875000e-01 9.041591882705688477e-01 1.000000000000000000e+00 0.000000000000000000e+00 0.000000000000000000e+00
9.113413095474243164e-01 2.306538820266723633e-01 9.074321389198303223e-01 1.333183050155639648e-02 8.804344534873962402e-01 4.734133481979370117e-01 9.597806930541992188e-01 7.175873517990112305e-01 6.828123331069946289e-02 1.000000000000000000e+00 0.000000000000000000e+00 0.000000000000000000e+00
8.335014581680297852e-01 1.495738625526428223e-01 5.688147544860839844e-01 4.239535331726074219e-01 4.428453445434570312e-01 1.060671806335449219e-01 6.895829439163208008e-01 1.453611850738525391e-01 6.663375496864318848e-01 0.000000000000000000e+00 0.000000000000000000e+00 0.000000000000000000e+00
6.798150539398193359e-01 9.883003830909729004e-01 3.290531039237976074e-01 6.220188736915588379e-01 6.796264052391052246e-01 2.931790947914123535e-01 3.386616706848144531e-01 6.584102511405944824e-01 6.778783798217773438e-01 1.000000000000000000e+00 0.000000000000000000e+00 0.000000000000000000e+00
7.305117249488830566e-01 3.009170293807983398e-01 7.513759136199951172e-01 2.910106778144836426e-01 2.498124837875366211e-01 3.763577938079833984e-01 2.165008187294006348e-01 5.872327089309692383e-02 2.586655616760253906e-01 1.000000000000000000e+00 1.000000000000000000e+00 1.000000000000000000e+00
6.045193672180175781e-01 4.621993899345397949e-01 5.427296757698059082e-01 5.966024994850158691e-01 5.253015756607055664e-01 5.103965401649475098e-01 2.655049562454223633e-01 6.532698273658752441e-01 4.736464619636535645e-01 1.000000000000000000e+00 0.000000000000000000e+00 0.000000000000000000e+00
9.929808378219604492e-01 2.356301546096801758e-01 3.474453687667846680e-01 7.857890725135803223e-01 9.185171127319335938e-01 1.834103465080261230e-01 3.630231022834777832e-01 1.136886477470397949e-01 1.260601282119750977e-01 0.000000000000000000e+00 1.000000000000000000e+00 0.000000000000000000e+00
9.929373860359191895e-01 5.000770092010498047e-03 4.539750814437866211e-01 9.370477199554443359e-01 4.223301410675048828e-01 7.936444878578186035e-01 1.320248842239379883e-01 2.252855300903320312e-01 7.439116239547729492e-01 0.000000000000000000e+00 0.000000000000000000e+00 0.000000000000000000e+00
6.194964051246643066e-01 6.372178792953491211e-01 9.564028978347778320e-01 2.675873041152954102e-02 9.141308069229125977e-01 8.324468731880187988e-01 6.270557641983032227e-02 3.262965083122253418e-01 6.070324778556823730e-01 0.000000000000000000e+00 0.000000000000000000e+00 0.000000000000000000e+00
9.703120589256286621e-01 4.278252720832824707e-01 8.583939671516418457e-01 2.984344959259033203e-01 7.400028109550476074e-01 1.687067151069641113e-01 3.182241320610046387e-01 1.933988332748413086e-01 6.648618578910827637e-01 0.000000000000000000e+00 0.000000000000000000e+00 0.000000000000000000e+00
1.460883468389511108e-01 5.940229296684265137e-01 6.096838712692260742e-01 2.519858479499816895e-01 2.682321667671203613e-01 7.028430700302124023e-01 7.633005380630493164e-01 8.455898761749267578e-01 1.640285849571228027e-01 0.000000000000000000e+00 1.000000000000000000e+00 0.000000000000000000e+00
1.526808589696884155e-01 8.225395679473876953e-01 4.762682914733886719e-01 4.312294721603393555e-02 3.265774250030517578e-01 4.777696132659912109e-01 2.005156278610229492e-01 6.845385432243347168e-01 2.969408631324768066e-01 0.000000000000000000e+00 0.000000000000000000e+00 0.000000000000000000e+00
1.044464558362960815e-01 7.496321797370910645e-01 4.626815915107727051e-01 7.959008216857910156e-02 4.784427881240844727e-01 4.789230227470397949e-01 1.849566102027893066e-01 3.677771091461181641e-01 6.535074710845947266e-01 0.000000000000000000e+00 1.000000000000000000e+00 0.000000000000000000e+00
8.304514288902282715e-01 8.361343145370483398e-01 5.247253775596618652e-01 6.120135188102722168e-01 8.163438439369201660e-01 9.736582636833190918e-01 9.299204349517822266e-01 3.908170461654663086e-01 5.715990066528320312e-01 0.000000000000000000e+00 0.000000000000000000e+00 0.000000000000000000e+00
3.143246173858642578e-01 3.562155365943908691e-01 1.017681956291198730e-01 3.000950813293457031e-02 3.850106596946716309e-01 8.555742502212524414e-01 1.865477561950683594e-01 4.954561591148376465e-01 2.650275230407714844e-01 0.000000000000000000e+00 1.000000000000000000e+00 0.000000000000000000e+00
8.292765021324157715e-01 4.646390080451965332e-01 9.414017796516418457e-01 6.043443679809570312e-01 4.295387864112854004e-01 5.724686384201049805e-01 1.373703479766845703e-01 9.191745519638061523e-02 3.355222940444946289e-02 0.000000000000000000e+00 0.000000000000000000e+00 0.000000000000000000e+00
6.565155982971191406e-01 8.686518073081970215e-01 1.975004673004150391e-01 5.908482670783996582e-01 7.246796488761901855e-01 3.770400285720825195e-01 1.620919704437255859e-01 1.784886717796325684e-01 2.821795344352722168e-01 0.000000000000000000e+00 0.000000000000000000e+00 0.000000000000000000e+00
9.525541663169860840e-01 5.787055492401123047e-01 9.349834918975830078e-02 8.839887380599975586e-01 6.908852458000183105e-01 2.973703145980834961e-01 1.021039485931396484e-01 7.522335648536682129e-01 9.681957960128784180e-01 1.000000000000000000e+00 0.000000000000000000e+00 0.000000000000000000e+00
8.098342418670654297e-01 1.226099729537963867e-01 3.983489274978637695e-01 3.396767377853393555e-01 8.540101647377014160e-01 8.524761199951171875e-01 8.351891040802001953e-01 5.484896898269653320e-01 9.893001914024353027e-01 0.000000000000000000e+00 0.000000000000000000e+00 0.000000000000000000e+00
2.814099490642547607e-01 8.330594301223754883e-01 6.549168825149536133e-01 7.197356224060058594e-02 4.033830165863037109e-01 3.739021420478820801e-01 7.118884325027465820e-01 2.769762277603149414e-02 8.878017663955688477e-01 0.000000000000000000e+00 0.000000000000000000e+00 0.000000000000000000e+00
8.554804921150207520e-01 1.636373996734619141e-01 6.643548607826232910e-01 2.643652558326721191e-01 5.864328145980834961e-01 1.783095002174377441e-01 7.044445872306823730e-01 1.073581576347351074e-01 9.919607639312744141e-01 0.000000000000000000e+00 0.000000000000000000e+00 0.000000000000000000e+00
9.638816714286804199e-01 6.166197061538696289e-01 8.395549058914184570e-01 9.549937844276428223e-01 6.840131878852844238e-01 9.723047018051147461e-01 5.525231361389160156e-02 4.252071976661682129e-01 2.643122076988220215e-01 0.000000000000000000e+00 0.000000000000000000e+00 0.000000000000000000e+00
9.355609416961669922e-01 2.563552260398864746e-01 3.661665320396423340e-01 7.375140190124511719e-01 2.152240872383117676e-01 5.149037837982177734e-01 5.819562673568725586e-01 1.014372706413269043e-01 3.540843725204467773e-02 0.000000000000000000e+00 0.000000000000000000e+00 0.000000000000000000e+00
3.455384671688079834e-01 8.824067711830139160e-01 5.235962271690368652e-01 2.141531109809875488e-01 5.880653858184814453e-02 2.053925991058349609e-01 9.733480215072631836e-01 6.997905969619750977e-01 4.625003337860107422e-01 1.000000000000000000e+00 0.000000000000000000e+00 0.000000000000000000e+00
9.255793690681457520e-01 8.364598751068115234e-01 4.592730402946472168e-01 9.573318958282470703e-01 7.111383080482482910e-01 8.285729289054870605e-01 4.775447249412536621e-01 7.898426055908203125e-01 6.906962990760803223e-01 0.000000000000000000e+00 0.000000000000000000e+00 0.000000000000000000e+00
9.851368665695190430e-01 8.777016401290893555e-02 7.548299431800842285e-01 3.344809412956237793e-01 9.819890856742858887e-01 3.420172929763793945e-01 1.229546070098876953e-01 4.177257418632507324e-01 6.684076189994812012e-01 0.000000000000000000e+00 1.000000000000000000e+00 0.000000000000000000e+00
9.449008703231811523e-01 2.288296818733215332e-01 7.326673269271850586e-01 4.210941791534423828e-01 7.165652513504028320e-01 3.580858707427978516e-01 2.546928524971008301e-01 1.924729347229003906e-01 9.884229898452758789e-01 0.000000000000000000e+00 1.000000000000000000e+00 0.000000000000000000e+00
2.067217677831649780e-01 7.507836818695068359e-01 5.138690471649169922e-01 2.215424776077270508e-01 9.574282169342041016e-02 2.191113829612731934e-01 2.645116448402404785e-01 5.852979421615600586e-02 9.785028696060180664e-01 0.000000000000000000e+00 1.000000000000000000e+00 0.000000000000000000e+00
6.821675896644592285e-01 2.896814346313476562e-01 2.333489656448364258e-01 5.695024728775024414e-01 1.158914566040039062e-01 4.483332633972167969e-01 2.126436233520507812e-01 3.463500738143920898e-02 7.819962501525878906e-01 1.000000000000000000e+00 1.000000000000000000e+00 1.000000000000000000e+00
7.252384424209594727e-01 6.614190340042114258e-01 2.233471870422363281e-01 7.527102231979370117e-01 5.945135951042175293e-01 4.531724452972412109e-01 4.266929626464843750e-02 5.027158260345458984e-01 1.933753490447998047e-03 0.000000000000000000e+00 0.000000000000000000e+00 0.000000000000000000e+00
5.858148336410522461e-01 2.182260751724243164e-01 4.738305211067199707e-01 2.593276500701904297e-01 5.309000015258789062e-01 9.545515775680541992e-01 1.656675338745117188e-01 9.263222217559814453e-01 4.367111921310424805e-01 0.000000000000000000e+00 0.000000000000000000e+00 0.000000000000000000e+00
5.487594008445739746e-01 9.479776620864868164e-01 3.712396621704101562e-01 9.546571373939514160e-01 4.226315021514892578e-02 2.121757268905639648e-01 8.351204991340637207e-01 4.899218082427978516e-01 3.042939901351928711e-01 0.000000000000000000e+00 0.000000000000000000e+00 0.000000000000000000e+00
4.402377903461456299e-01 6.387709379196166992e-01 3.313028812408447266e-01 3.376719355583190918e-01 4.298695921897888184e-01 4.991394877433776855e-01 6.335600614547729492e-01 5.433793067932128906e-01 9.116724133491516113e-01 0.000000000000000000e+00 0.000000000000000000e+00 0.000000000000000000e+00
2.504427433013916016e-01 5.069321393966674805e-01 8.921356201171875000e-01 4.213432073593139648e-01 1.003063321113586426e-01 8.116167783737182617e-01 4.150066971778869629e-01 9.240040779113769531e-01 2.167016863822937012e-01 0.000000000000000000e+00 0.000000000000000000e+00 0.000000000000000000e+00
8.513680696487426758e-01 2.374164462089538574e-01 5.748152732849121094e-03 7.288308143615722656e-01 3.725358843803405762e-01 8.551189303398132324e-01 1.841426491737365723e-01 3.475132584571838379e-01 5.567551255226135254e-01 0.000000000000000000e+00 0.000000000000000000e+00 0.000000000000000000e+00
4.337150752544403076e-01 5.836461782455444336e-01 6.007809042930603027e-01 4.883754253387451172e-01 7.286835908889770508e-01 8.999205827713012695e-01 3.214064836502075195e-01 4.346379637718200684e-01 8.351382613182067871e-01 1.000000000000000000e+00 1.000000000000000000e+00 1.000000000000000000e+00
9.940496683120727539e-01 6.091308593750000000e-02 3.362069725990295410e-01 9.284762740135192871e-01 8.727596402168273926e-01 9.236393570899963379e-01 4.592589735984802246e-01 5.056166052818298340e-01 9.578057527542114258e-01 0.000000000000000000e+00 0.000000000000000000e+00 0.000000000000000000e+00
8.390191793441772461e-01 2.726358175277709961e-01 9.971098899841308594e-01 4.941063523292541504e-01 1.258746981620788574e-01 5.902578234672546387e-01 2.661886215209960938e-01 4.512623548507690430e-01 8.533830642700195312e-01 0.000000000000000000e+00 0.000000000000000000e+00 0.000000000000000000e+00
5.055573582649230957e-01 7.357665896415710449e-01 7.496859431266784668e-01 5.837213397026062012e-01 2.025048136711120605e-01 2.072084546089172363e-01 8.905047178268432617e-02 5.226862430572509766e-01 5.956665873527526855e-01 1.000000000000000000e+00 0.000000000000000000e+00 0.000000000000000000e+00
9.400786757469177246e-01 6.025773286819458008e-02 8.101072311401367188e-01 3.702613115310668945e-01 8.645153045654296875e-02 1.656229496002197266e-01 4.946401119232177734e-01 7.102158069610595703e-01 6.479211449623107910e-01 0.000000000000000000e+00 0.000000000000000000e+00 0.000000000000000000e+00
4.461230933666229248e-01 9.376918077468872070e-01 3.342571258544921875e-01 5.318052172660827637e-01 5.104022622108459473e-01 1.906813383102416992e-01 5.155435800552368164e-01 1.661843061447143555e-02 4.184460043907165527e-01 0.000000000000000000e+00 0.000000000000000000e+00 0.000000000000000000e+00
9.566180109977722168e-01 1.665975451469421387e-01 7.714104056358337402e-01 1.425057649612426758e-01 8.215903639793395996e-01 1.869900822639465332e-01 2.070511579513549805e-01 6.516175270080566406e-01 7.993656396865844727e-02 0.000000000000000000e+00 0.000000000000000000e+00 0.000000000000000000e+00
9.732253551483154297e-01 7.386736869812011719e-01 1.788961887359619141e-01 8.707109689712524414e-01 9.982260465621948242e-01 5.179941654205322266e-02 6.336248517036437988e-01 5.174462199211120605e-01 4.006888270378112793e-01 0.000000000000000000e+00 1.000000000000000000e+00 0.000000000000000000e+00
3.988254666328430176e-01 4.480550289154052734e-01 3.298301100730895996e-01 1.275798082351684570e-01 6.433166265487670898e-01 2.925163507461547852e-02 4.565769433975219727e-01 5.192408561706542969e-01 6.668761968612670898e-01 1.000000000000000000e+00 0.000000000000000000e+00 0.000000000000000000e+00
9.542881846427917480e-01 2.646691203117370605e-01 3.723168969154357910e-01 6.776343584060668945e-01 5.878086686134338379e-01 2.935120463371276855e-01 7.980449795722961426e-01 9.464750885963439941e-01 3.098283410072326660e-01 1.000000000000000000e+00 0.000000000000000000e+00 0.000000000000000000e+00
4.012654423713684082e-01 9.696575999259948730e-01 6.408667564392089844e-01 7.283231616020202637e-01 1.099967956542968750e-01 4.318125247955322266e-01 9.593625664710998535e-01 3.754553794860839844e-01 5.106481313705444336e-01 0.000000000000000000e+00 0.000000000000000000e+00 0.000000000000000000e+00
7.460685372352600098e-01 7.337781190872192383e-01 8.184421062469482422e-01 1.872062683105468750e-03 8.505560755729675293e-01 2.683466076850891113e-01 1.655100584030151367e-01 9.274333715438842773e-01 9.900099039077758789e-02 1.000000000000000000e+00 1.000000000000000000e+00 1.000000000000000000e+00
2.326970845460891724e-01 9.125156998634338379e-01 9.404506087303161621e-01 3.911709785461425781e-02 1.585983037948608398e-01 7.599218487739562988e-01 7.753288745880126953e-02 2.402044534683227539e-01 2.934163808822631836e-01 0.000000000000000000e+00 1.000000000000000000e+00 0.000000000000000000e+00
4.920892417430877686e-01 9.493282437324523926e-01 8.918176293373107910e-01 8.396491408348083496e-01 1.617842912673950195e-02 2.005134820938110352e-01 2.404497265815734863e-01 3.031909465789794922e-01 8.822423815727233887e-01 0.000000000000000000e+00 0.000000000000000000e+00 0.000000000000000000e+00
2.583671510219573975e-01 8.443329930305480957e-01 3.683840036392211914e-01 5.168460011482238770e-01 2.002829909324645996e-01 7.534171938896179199e-01 1.389690041542053223e-01 3.060756921768188477e-01 5.409188866615295410e-01 0.000000000000000000e+00 0.000000000000000000e+00 0.000000000000000000e+00
9.575904011726379395e-01 1.497130990028381348e-01 8.692032694816589355e-01 5.010278820991516113e-01 3.654525279998779297e-01 2.126771211624145508e-02 2.825470566749572754e-01 7.240886688232421875e-01 3.276988863945007324e-01 1.000000000000000000e+00 0.000000000000000000e+00 0.000000000000000000e+00
8.910770416259765625e-01 6.779288053512573242e-01 9.912175536155700684e-01 7.251536846160888672e-02 7.584035992622375488e-01 2.423667907714843750e-02 4.998575448989868164e-01 9.374538064002990723e-01 2.672964334487915039e-01 0.000000000000000000e+00 0.000000000000000000e+00 0.000000000000000000e+00
4.216934740543365479e-01 6.557845473289489746e-01 4.172011017799377441e-01 6.151089072227478027e-01 1.693764925003051758e-01 6.868129968643188477e-01 2.586681246757507324e-01 7.985687255859375000e-01 3.663428425788879395e-01 0.000000000000000000e+00 0.000000000000000000e+00 0.000000000000000000e+00
2.404383718967437744e-01 3.175755143165588379e-01 7.916992902755737305e-02 2.387787699699401855e-01 4.835281372070312500e-01 4.962098002433776855e-01 5.880196690559387207e-01 6.355392336845397949e-01 8.778083920478820801e-01 0.000000000000000000e+00 0.000000000000000000e+00 0.000000000000000000e+00
2.869892418384552002e-01 8.532435297966003418e-01 4.864380359649658203e-01 5.002312064170837402e-01 1.267612576484680176e-01 1.182358860969543457e-01 9.044725894927978516e-01 3.379957079887390137e-01 7.502673864364624023e-01 0.000000000000000000e+00 0.000000000000000000e+00 0.000000000000000000e+00
9.902986288070678711e-01 6.901097297668457031e-02 9.654186367988586426e-01 6.411285996437072754e-01 9.403880834579467773e-01 8.488640189170837402e-01 8.004598021507263184e-01 7.428754568099975586e-01 2.000176906585693359e-01 0.000000000000000000e+00 0.000000000000000000e+00 0.000000000000000000e+00
8.537430167198181152e-01 6.848251223564147949e-01 1.880071759223937988e-01 9.882528781890869141e-01 2.839865088462829590e-01 1.119951009750366211e-01 4.456450939178466797e-01 4.199165701866149902e-01 6.048226356506347656e-01 0.000000000000000000e+00 0.000000000000000000e+00 0.000000000000000000e+00
9.284579157829284668e-01 1.756882667541503906e-02 2.038072347640991211e-01 6.878932714462280273e-01 9.478610157966613770e-01 9.596057534217834473e-01 1.419157385826110840e-01 5.236544013023376465e-01 3.086692690849304199e-01 0.000000000000000000e+00 0.000000000000000000e+00 0.000000000000000000e+00
9.135558605194091797e-01 7.035838365554809570e-01 5.783810019493103027e-01 8.949636220932006836e-01 8.120754957199096680e-01 4.381165504455566406e-01 6.628397703170776367e-01 6.981595754623413086e-01 2.715757489204406738e-01 0.000000000000000000e+00 0.000000000000000000e+00 0.000000000000000000e+00
1.961255967617034912e-01 8.550335168838500977e-01 2.330821752548217773e-01 2.624199390411376953e-01 1.023011207580566406e-01 6.418652534484863281e-01 9.481836557388305664e-01 6.459300518035888672e-01 2.558105587959289551e-01 1.000000000000000000e+00 1.000000000000000000e+00 1.000000000000000000e+00
6.020749807357788086e-01 8.672170042991638184e-01 2.428242564201354980e-01 1.965328454971313477e-01 4.633303880691528320e-01 3.848288059234619141e-01 7.555838227272033691e-01 8.445655107498168945e-01 5.388219356536865234e-01 0.000000000000000000e+00 0.000000000000000000e+00 0.000000000000000000e+00
5.387450456619262695e-01 2.719721794128417969e-01 4.980638027191162109e-01 3.278140425682067871e-01 4.551398754119873047e-01 6.752039790153503418e-01 2.951845526695251465e-01 9.352168440818786621e-01 5.918347835540771484e-01 0.000000000000000000e+00 0.000000000000000000e+00 0.000000000000000000e+00
9.773061871528625488e-01 3.631415367126464844e-01 4.469422698020935059e-01 9.482570290565490723e-01 6.510667204856872559e-01 6.609387397766113281e-01 1.756626963615417480e-01 3.701590895652770996e-01 9.853553771972656250e-01 0.000000000000000000e+00 0.000000000000000000e+00 0.000000000000000000e+00
9.513822197914123535e-01 2.659768462181091309e-01 4.662714600563049316e-01 7.796487212181091309e-01 5.820432305335998535e-01 5.904778838157653809e-01 1.612301468849182129e-01 7.961643338203430176e-01 3.316248655319213867e-01 0.000000000000000000e+00 0.000000000000000000e+00 0.000000000000000000e+00
9.400443434715270996e-01 1.348465681076049805e-02 9.284223914146423340e-01 6.885594725608825684e-01 1.400333642959594727e-01 9.705999493598937988e-01 1.343667507171630859e-03 6.905960440635681152e-01 7.507005929946899414e-01 0.000000000000000000e+00 0.000000000000000000e+00 0.000000000000000000e+00
4.879938364028930664e-01 4.219920635223388672e-01 5.475273132324218750e-01 3.648975491523742676e-01 5.356976985931396484e-01 6.130765676498413086e-01 4.717574119567871094e-01 9.098410606384277344e-01 6.701686978340148926e-01 0.000000000000000000e+00 0.000000000000000000e+00 0.000000000000000000e+00
9.842372536659240723e-01 2.464045286178588867e-01 9.354149103164672852e-01 1.614004969596862793e-01 9.883259534835815430e-01 2.694395184516906738e-01 4.604265689849853516e-01 1.160409450531005859e-01 2.717024087905883789e-02 0.000000000000000000e+00 0.000000000000000000e+00 0.000000000000000000e+00
7.601371407508850098e-01 8.289120793342590332e-01 2.699881792068481445e-02 8.778198957443237305e-01 3.698194622993469238e-01 4.090913534164428711e-01 3.213313221931457520e-01 6.071001291275024414e-01 6.397688984870910645e-01 0.000000000000000000e+00 0.000000000000000000e+00 0.000000000000000000e+00
8.702089190483093262e-01 1.052139997482299805e-01 5.709851980209350586e-01 2.418541908264160156e-01 8.920979499816894531e-01 2.839971780776977539e-01 8.009530305862426758e-01 6.316035389900207520e-01 2.003886699676513672e-01 1.000000000000000000e+00 0.000000000000000000e+00 0.000000000000000000e+00
9.843977093696594238e-01 2.386011481285095215e-01 1.135823726654052734e-01 8.861137032508850098e-01 5.779028534889221191e-01 5.588827133178710938e-01 2.101230025291442871e-01 5.162981748580932617e-01 1.524288058280944824e-01 1.000000000000000000e+00 0.000000000000000000e+00 0.000000000000000000e+00
1.818029135465621948e-01 7.304158806800842285e-01 9.964970350265502930e-01 4.277555942535400391e-01 4.272574186325073242e-02 6.842755675315856934e-01 8.824257850646972656e-01 5.912101268768310547e-01 9.130911827087402344e-01 0.000000000000000000e+00 0.000000000000000000e+00 0.000000000000000000e+00
5.101186633110046387e-01 6.215135455131530762e-01 1.974859833717346191e-01 7.912361025810241699e-01 5.326825380325317383e-02 8.887704014778137207e-01 1.488387584686279297e-03 8.243530392646789551e-01 3.523719906806945801e-01 0.000000000000000000e+00 0.000000000000000000e+00 0.000000000000000000e+00
1.120974868535995483e-01 6.617810130119323730e-01 3.323493599891662598e-01 3.687602281570434570e-02 3.524163961410522461e-01 8.079704046249389648e-01 4.077528119087219238e-01 6.003352403640747070e-01 8.827169537544250488e-01 1.000000000000000000e+00 0.000000000000000000e+00 0.000000000000000000e+00
9.646193981170654297e-01 1.651132106781005859e-01 9.167730212211608887e-01 9.100707173347473145e-01 2.479240894317626953e-01 5.786733627319335938e-01 1.222336292266845703e-02 9.036759138107299805e-01 8.486703038215637207e-01 0.000000000000000000e+00 0.000000000000000000e+00 0.000000000000000000e+00
7.674272656440734863e-01 9.661416411399841309e-01 5.593309998512268066e-01 4.432461857795715332e-01 9.176709651947021484e-01 7.552524805068969727e-01 4.195578098297119141e-01 4.873929023742675781e-01 8.353270292282104492e-01 1.000000000000000000e+00 0.000000000000000000e+00 0.000000000000000000e+00
4.439047276973724365e-01 3.712115287780761719e-01 8.005362749099731445e-02 4.611585140228271484e-01 3.238911628723144531e-01 7.647764086723327637e-01 7.359538078308105469e-01 6.406591534614562988e-01 7.149332165718078613e-01 1.000000000000000000e+00 0.000000000000000000e+00 0.000000000000000000e+00
8.380146622657775879e-01 7.398631572723388672e-01 9.817403554916381836e-01 9.834507703781127930e-01 7.147117257118225098e-01 9.910129308700561523e-01 8.933727741241455078e-01 4.563331604003906250e-01 5.684369802474975586e-02 1.000000000000000000e+00 1.000000000000000000e+00 1.000000000000000000e+00
9.977211356163024902e-01 1.514168381690979004e-01 6.250282526016235352e-01 8.494212627410888672e-01 8.759775757789611816e-01 1.001487970352172852e-01 5.513256788253784180e-02 7.928729653358459473e-01 5.739469528198242188e-01 0.000000000000000000e+00 0.000000000000000000e+00 0.000000000000000000e+00
5.288749337196350098e-01 5.976552367210388184e-01 7.019394636154174805e-01 8.299744129180908203e-02 1.980667710304260254e-01 8.494406938552856445e-02 6.481891870498657227e-01 5.990301370620727539e-01 7.487637400627136230e-01 0.000000000000000000e+00 0.000000000000000000e+00 0.000000000000000000e+00
9.951247572898864746e-01 8.782649040222167969e-02 9.288426041603088379e-01 8.767237067222595215e-01 2.637718319892883301e-01 1.111386418342590332e-01 8.153478503227233887e-01 9.072310328483581543e-01 5.039357542991638184e-01 0.000000000000000000e+00 0.000000000000000000e+00 0.000000000000000000e+00
1.014432609081268311e-01 2.183724045753479004e-01 3.809356093406677246e-01 2.357918024063110352e-02 3.184135556221008301e-01 9.570681452751159668e-01 6.563058495521545410e-01 3.589571714401245117e-01 9.805331826210021973e-01 1.000000000000000000e+00 0.000000000000000000e+00 0.000000000000000000e+00
6.771479845046997070e-01 7.543442845344543457e-01 9.549444913864135742e-02 4.527813196182250977e-01 3.798232674598693848e-01 3.532099723815917969e-02 1.544302701950073242e-02 8.990914225578308105e-01 3.967812061309814453e-01 1.000000000000000000e+00 0.000000000000000000e+00 0.000000000000000000e+00
4.066425561904907227e-01 6.280252933502197266e-01 2.501182556152343750e-01 5.736150741577148438e-01 3.116061687469482422e-01 8.986115455627441406e-01 1.226121783256530762e-01 7.975846529006958008e-02 3.406931757926940918e-01 0.000000000000000000e+00 0.000000000000000000e+00 0.000000000000000000e+00
5.071623921394348145e-01 2.527451515197753906e-01 6.133660078048706055e-01 1.046543121337890625e-01 3.065283298492431641e-01 5.660914182662963867e-01 5.952475070953369141e-01 9.741938710212707520e-01 3.622032999992370605e-01 0.000000000000000000e+00 0.000000000000000000e+00 0.000000000000000000e+00
