8.057820200920104980e-01 7.003583312034606934e-01 4.640104770660400391e-01 5.385286808013916016e-01 9.209941625595092773e-01 9.987836480140686035e-01 4.607130885124206543e-01 3.304449915885925293e-01 1.299953460693359375e-01 0.000000000000000000e+00 0.000000000000000000e+00 0.000000000000000000e+00
2.522993385791778564e-01 9.072238802909851074e-01 2.381108999252319336e-01 1.549322605133056641e-01 3.946143388748168945e-01 6.455534696578979492e-01 3.088827133178710938e-01 5.964142084121704102e-01 5.763253569602966309e-01 1.000000000000000000e+00 0.000000000000000000e+00 0.000000000000000000e+00
7.886129021644592285e-01 9.321597814559936523e-01 1.407137513160705566e-01 8.904649615287780762e-01 5.903968811035156250e-01 7.475205063819885254e-01 1.731480956077575684e-01 8.598786592483520508e-01 8.514848947525024414e-01 0.000000000000000000e+00 0.000000000000000000e+00 0.000000000000000000e+00
6.856747865676879883e-01 1.070624589920043945e-02 4.834970831871032715e-01 6.507068872451782227e-02 6.262985467910766602e-01 3.426951169967651367e-01 3.949903249740600586e-01 7.230962514877319336e-01 1.717643737792968750e-01 0.000000000000000000e+00 0.000000000000000000e+00 0.000000000000000000e+00
5.340098738670349121e-01 4.635207056999206543e-01 2.727955579757690430e-02 4.965543746948242188e-03 6.952913999557495117e-01 5.866253376007080078e-02 3.003783822059631348e-01 5.462096333503723145e-01 2.536525726318359375e-01 0.000000000000000000e+00 0.000000000000000000e+00 0.000000000000000000e+00
8.381243348121643066e-01 3.521013855934143066e-01 6.307219862937927246e-01 3.370345830917358398e-01 7.617325782775878906e-01 4.158669710159301758e-01 1.408058404922485352e-01 8.087012767791748047e-01 4.648965001106262207e-01 0.000000000000000000e+00 0.000000000000000000e+00 0.000000000000000000e+00
5.051136016845703125e-01 7.174921631813049316e-01 8.716605305671691895e-01 3.648452162742614746e-01 2.560276389122009277e-01 8.556177020072937012e-01 7.114469408988952637e-01 2.515634894371032715e-01 7.918349504470825195e-01 0.000000000000000000e+00 0.000000000000000000e+00 0.000000000000000000e+00
5.943834781646728516e-01 5.331639647483825684e-01 1.974695920944213867e-02 3.418776392936706543e-01 9.589216113090515137e-01 2.905155420303344727e-01 1.858061552047729492e-01 3.777284026145935059e-01 2.410429716110229492e-02 0.000000000000000000e+00 1.000000000000000000e+00 0.000000000000000000e+00
9.654364585876464844e-01 1.699312329292297363e-01 6.376935243606567383e-01 8.291125297546386719e-01 5.529452562332153320e-01 7.714019417762756348e-01 6.425738930702209473e-01 3.239141702651977539e-01 6.107904314994812012e-01 0.000000000000000000e+00 0.000000000000000000e+00 0.000000000000000000e+00
8.595940470695495605e-01 1.956107020378112793e-01 1.394478082656860352e-01 6.958304643630981445e-01 5.999478101730346680e-01 7.484725713729858398e-01 7.297102212905883789e-01 3.226232528686523438e-02 7.201910018920898438e-02 0.000000000000000000e+00 1.000000000000000000e+00 0.000000000000000000e+00
2.271413654088973999e-01 1.102513074874877930e-01 3.348661661148071289e-01 1.158267259597778320e-02 3.816000819206237793e-01 2.201527953147888184e-01 3.334944844245910645e-01 4.784404635429382324e-01 5.922067761421203613e-01 0.000000000000000000e+00 0.000000000000000000e+00 0.000000000000000000e+00
1.184876114130020142e-01 6.003685593605041504e-01 3.149735927581787109e-02 7.684636116027832031e-02 2.709457278251647949e-01 6.819102764129638672e-01 9.046493172645568848e-01 1.191457509994506836e-01 4.620519280433654785e-01 0.000000000000000000e+00 1.000000000000000000e+00 0.000000000000000000e+00
2.115312963724136353e-01 4.791861772537231445e-01 1.262876987457275391e-01 1.396169066429138184e-01 2.086604833602905273e-01 1.781601905822753906e-01 3.652524948120117188e-02 7.930288910865783691e-01 3.110480308532714844e-02 0.000000000000000000e+00 0.000000000000000000e+00 0.000000000000000000e+00
7.384626269340515137e-01 4.610757231712341309e-01 6.723237633705139160e-01 5.439926981925964355e-01 3.913841247558593750e-01 1.221207380294799805e-01 4.623916149139404297e-01 6.965835690498352051e-01 4.950243830680847168e-01 0.000000000000000000e+00 0.000000000000000000e+00 0.000000000000000000e+00
9.650636315345764160e-01 1.150976419448852539e-01 6.693914532661437988e-01 6.666577458381652832e-01 6.157981157302856445e-01 2.218456268310546875e-01 3.954554796218872070e-01 3.685663342475891113e-01 8.459461927413940430e-01 0.000000000000000000e+00 0.000000000000000000e+00 0.000000000000000000e+00
6.319689750671386719e-01 3.397363424301147461e-02 5.280403494834899902e-01 3.477247357368469238e-01 1.322121024131774902e-01 1.930955052375793457e-01 4.900234341621398926e-01 1.141749620437622070e-01 5.060904026031494141e-01 0.000000000000000000e+00 1.000000000000000000e+00 0.000000000000000000e+00
5.717440843582153320e-01 6.594308018684387207e-01 9.479150176048278809e-01 5.454146265983581543e-01 3.687860369682312012e-01 9.608397483825683594e-01 5.105167627334594727e-02 5.886783599853515625e-01 9.406020045280456543e-01 0.000000000000000000e+00 0.000000000000000000e+00 0.000000000000000000e+00
9.146664142608642578e-01 1.894124746322631836e-01 4.132108092308044434e-01 8.171022534370422363e-01 2.587924599647521973e-01 8.937283754348754883e-01 3.845595121383666992e-01 3.013315796852111816e-01 8.796930909156799316e-01 1.000000000000000000e+00 1.000000000000000000e+00 1.000000000000000000e+00
8.675060272216796875e-01 1.359785795211791992e-01 7.358067631721496582e-01 1.022341251373291016e-01 5.023933053016662598e-01 6.008974313735961914e-01 9.820226430892944336e-01 4.890859127044677734e-02 6.149678826332092285e-01 0.000000000000000000e+00 0.000000000000000000e+00 0.000000000000000000e+00
9.972978234291076660e-01 3.481103777885437012e-01 1.549307703971862793e-01 9.819098711013793945e-01 5.878225564956665039e-01 1.833217144012451172e-01 8.686677217483520508e-01 4.944556951522827148e-01 7.579939961433410645e-01 0.000000000000000000e+00 1.000000000000000000e+00 0.000000000000000000e+00
5.804661512374877930e-01 4.718142151832580566e-01 6.231352686882019043e-01 2.039756774902343750e-01 5.931590795516967773e-01 2.873966693878173828e-01 2.569749355316162109e-01 5.431586503982543945e-02 6.787769794464111328e-01 0.000000000000000000e+00 0.000000000000000000e+00 0.000000000000000000e+00
5.567337274551391602e-01 5.089956521987915039e-01 8.457309603691101074e-01 6.726302504539489746e-01 3.035559058189392090e-01 7.528321146965026855e-01 2.478886842727661133e-01 3.903828263282775879e-01 3.815363645553588867e-01 1.000000000000000000e+00 0.000000000000000000e+00 0.000000000000000000e+00
5.302910208702087402e-01 9.448947906494140625e-01 9.868506193161010742e-01 2.483066916465759277e-01 5.780853033065795898e-01 6.602852940559387207e-01 1.642859578132629395e-01 9.928080439567565918e-01 5.697745680809020996e-01 1.000000000000000000e+00 0.000000000000000000e+00 0.000000000000000000e+00
6.138541698455810547e-01 9.131589531898498535e-01 4.271483421325683594e-02 9.248047471046447754e-01 3.931525945663452148e-01 4.079279303550720215e-01 3.661352396011352539e-01 2.787337899208068848e-01 9.855850338935852051e-01 1.000000000000000000e+00 0.000000000000000000e+00 0.000000000000000000e+00
6.351617574691772461e-01 2.638147473335266113e-01 5.132583975791931152e-01 3.488140106201171875e-01 4.639497995376586914e-01 5.159164667129516602e-01 5.545951724052429199e-01 7.774095535278320312e-01 2.149322032928466797e-01 1.000000000000000000e+00 0.000000000000000000e+00 0.000000000000000000e+00
8.421338200569152832e-01 1.233958601951599121e-01 9.236116409301757812e-01 6.856977939605712891e-02 1.661039590835571289e-01 5.707438588142395020e-01 6.026186943054199219e-01 9.979581832885742188e-02 6.994072198867797852e-01 0.000000000000000000e+00 0.000000000000000000e+00 0.000000000000000000e+00
5.636969208717346191e-01 5.976545214653015137e-01 5.614296197891235352e-01 3.013911247253417969e-01 7.061101198196411133e-01 7.132571935653686523e-01 8.016728758811950684e-01 5.294966101646423340e-01 2.555954456329345703e-02 1.000000000000000000e+00 0.000000000000000000e+00 0.000000000000000000e+00
9.377130866050720215e-01 5.661209821701049805e-01 8.885095715522766113e-01 9.472731351852416992e-01 1.910774707794189453e-01 6.336251497268676758e-01 8.770543336868286133e-01 3.087458014488220215e-01 8.734120130538940430e-01 0.000000000000000000e+00 0.000000000000000000e+00 0.000000000000000000e+00
1.149765700101852417e-01 2.094014286994934082e-01 1.333287954330444336e-01 3.096399307250976562e-01 5.026453733444213867e-02 8.048576116561889648e-02 8.087915182113647461e-02 1.455628275871276855e-01 6.061323881149291992e-01 0.000000000000000000e+00 1.000000000000000000e+00 0.000000000000000000e+00
5.198135375976562500e-01 7.152609825134277344e-01 6.684772372245788574e-01 4.747865200042724609e-01 8.882002830505371094e-01 6.211919784545898438e-01 2.884930372238159180e-02 4.081382155418395996e-01 9.939545392990112305e-02 0.000000000000000000e+00 0.000000000000000000e+00 0.000000000000000000e+00
1.071631535887718201e-01 8.543348908424377441e-01 3.477446436882019043e-01 6.365500688552856445e-01 9.656071662902832031e-03 7.386713027954101562e-01 8.278532624244689941e-01 7.227897644042968750e-02 2.066107392311096191e-01 1.000000000000000000e+00 1.000000000000000000e+00 1.000000000000000000e+00
1.566743403673171997e-01 4.878065586090087891e-01 3.864571452140808105e-01 2.630116939544677734e-01 1.535605788230895996e-01 4.927875995635986328e-01 2.000063061714172363e-01 5.356346368789672852e-01 4.271590709686279297e-02 1.000000000000000000e+00 1.000000000000000000e+00 1.000000000000000000e+00
9.485309123992919922e-01 2.328653335571289062e-01 8.805025219917297363e-01 2.690970897674560547e-01 9.489066004753112793e-01 7.988988161087036133e-01 5.291573405265808105e-01 4.317000508308410645e-01 5.798372626304626465e-01 0.000000000000000000e+00 0.000000000000000000e+00 0.000000000000000000e+00
6.888316273689270020e-01 8.729240298271179199e-01 3.142753839492797852e-01 8.282035589218139648e-01 3.070884346961975098e-01 4.206401109695434570e-02 5.186528563499450684e-01 4.493959546089172363e-01 1.096356511116027832e-01 1.000000000000000000e+00 0.000000000000000000e+00 0.000000000000000000e+00
2.476178407669067383e-01 2.701908946037292480e-01 5.379037857055664062e-01 3.724157810211181641e-03 3.179388642311096191e-01 8.035141229629516602e-01 8.756598234176635742e-01 6.792959570884704590e-01 9.733034968376159668e-01 1.000000000000000000e+00 0.000000000000000000e+00 0.000000000000000000e+00
5.067079663276672363e-01 7.402581572532653809e-01 8.357530236244201660e-01 1.561949849128723145e-01 3.972713947296142578e-01 3.431911468505859375e-01 6.225303411483764648e-01 4.338422417640686035e-01 4.751171469688415527e-01 0.000000000000000000e+00 0.000000000000000000e+00 0.000000000000000000e+00
6.374551653861999512e-01 1.637198925018310547e-01 6.116629242897033691e-01 1.496528983116149902e-01 7.234871387481689453e-01 3.252829313278198242e-01 8.757476210594177246e-01 8.615501523017883301e-01 6.620571017265319824e-01 0.000000000000000000e+00 0.000000000000000000e+00 0.000000000000000000e+00
9.855277538299560547e-01 2.339202761650085449e-01 8.123632073402404785e-01 6.827413439750671387e-01 7.049248814582824707e-01 9.431082010269165039e-02 9.439067244529724121e-01 5.167484283447265625e-01 8.087569475173950195e-01 0.000000000000000000e+00 0.000000000000000000e+00 0.000000000000000000e+00
6.749907135963439941e-01 4.599994421005249023e-01 7.007342576980590820e-02 7.097793221473693848e-01 4.386233687400817871e-01 4.994750618934631348e-01 7.214949131011962891e-01 4.440160393714904785e-01 6.594247817993164062e-01 1.000000000000000000e+00 0.000000000000000000e+00 0.000000000000000000e+00
4.761675894260406494e-01 4.539805650711059570e-01 9.564431309700012207e-01 3.208631277084350586e-02 2.820359468460083008e-01 3.732848167419433594e-01 3.177836537361145020e-01 1.773831248283386230e-01 1.225988268852233887e-01 0.000000000000000000e+00 0.000000000000000000e+00 0.000000000000000000e+00
9.922792911529541016e-01 3.146262168884277344e-01 8.099294900894165039e-01 7.337754964828491211e-01 8.467427492141723633e-01 1.920231580734252930e-01 7.379221916198730469e-02 6.931456327438354492e-01 7.245432138442993164e-01 0.000000000000000000e+00 0.000000000000000000e+00 0.000000000000000000e+00
7.481688261032104492e-01 9.904705882072448730e-01 2.812372446060180664e-01 5.418409109115600586e-01 8.677927851676940918e-01 8.051699399948120117e-02 2.479764819145202637e-01 5.867563486099243164e-01 3.724830746650695801e-01 0.000000000000000000e+00 0.000000000000000000e+00 0.000000000000000000e+00
6.214520931243896484e-01 2.697257399559020996e-01 4.884147047996520996e-01 4.968076348304748535e-01 6.788327097892761230e-01 1.661401391029357910e-01 4.720439910888671875e-01 4.737542271614074707e-01 7.509353160858154297e-01 0.000000000000000000e+00 0.000000000000000000e+00 0.000000000000000000e+00
9.228452444076538086e-01 1.287739872932434082e-01 7.697904109954833984e-01 6.410574913024902344e-02 7.924051284790039062e-01 6.381117701530456543e-01 7.071941494941711426e-01 9.431444406509399414e-01 4.004472494125366211e-01 0.000000000000000000e+00 0.000000000000000000e+00 0.000000000000000000e+00
6.418687105178833008e-01 9.490389227867126465e-01 8.972060680389404297e-01 4.766113758087158203e-01 6.954454779624938965e-01 5.688165426254272461e-01 9.120921492576599121e-01 4.053075909614562988e-01 7.542606592178344727e-01 0.000000000000000000e+00 0.000000000000000000e+00 0.000000000000000000e+00
9.878175854682922363e-01 1.577462553977966309e-01 8.984729051589965820e-01 5.377029180526733398e-01 8.343235850334167480e-01 3.821688890457153320e-01 6.153996586799621582e-01 8.064782619476318359e-01 3.931388258934020996e-01 1.000000000000000000e+00 0.000000000000000000e+00 0.000000000000000000e+00
4.766411483287811279e-01 8.971563577651977539e-01 7.127450704574584961e-01 4.618726968765258789e-01 1.141685247421264648e-02 2.380119562149047852e-01 6.449653506278991699e-01 9.978919029235839844e-01 8.596975207328796387e-01 1.000000000000000000e+00 0.000000000000000000e+00 0.000000000000000000e+00
7.379959821701049805e-01 9.244397282600402832e-01 5.601261258125305176e-01 9.150587320327758789e-01 4.484016299247741699e-01 6.216989755630493164e-01 6.587028503417968750e-03 1.642898321151733398e-01 2.058755159378051758e-01 0.000000000000000000e+00 0.000000000000000000e+00 0.000000000000000000e+00
4.384079277515411377e-01 8.770225644111633301e-01 2.086098194122314453e-01 1.899861097335815430e-01 7.536227107048034668e-01 5.926353931427001953e-01 5.588061809539794922e-01 8.945233821868896484e-01 9.329856634140014648e-01 0.000000000000000000e+00 0.000000000000000000e+00 0.000000000000000000e+00
3.076479732990264893e-01 4.527782201766967773e-01 3.202255368232727051e-01 1.690094470977783203e-01 1.061427593231201172e-01 3.060708045959472656e-01 1.851847171783447266e-01 9.599435329437255859e-01 7.831421494483947754e-01 0.000000000000000000e+00 0.000000000000000000e+00 0.000000000000000000e+00
9.635647535324096680e-01 4.205175042152404785e-01 9.681921601295471191e-01 6.995742917060852051e-01 5.691627860069274902e-01 5.885523557662963867e-01 7.183808684349060059e-01 8.243677616119384766e-01 9.851049780845642090e-01 0.000000000000000000e+00 0.000000000000000000e+00 0.000000000000000000e+00
6.041874885559082031e-01 6.010188460350036621e-01 4.401291012763977051e-01 6.465655565261840820e-01 4.123278856277465820e-01 1.093549132347106934e-01 5.967271327972412109e-01 3.674507737159729004e-01 2.652829885482788086e-02 1.000000000000000000e+00 0.000000000000000000e+00 0.000000000000000000e+00
9.260607957839965820e-01 9.286327362060546875e-01 4.667703509330749512e-01 5.274958610534667969e-01 8.489775061607360840e-01 4.469126462936401367e-02 8.215830922126770020e-01 5.174881815910339355e-01 5.786927342414855957e-01 0.000000000000000000e+00 0.000000000000000000e+00 0.000000000000000000e+00
4.561993479728698730e-01 7.755194306373596191e-01 7.917864322662353516e-01 2.225740551948547363e-01 9.192055463790893555e-02 2.668982744216918945e-02 5.490459203720092773e-01 7.007409930229187012e-01 8.238419890403747559e-01 0.000000000000000000e+00 0.000000000000000000e+00 0.000000000000000000e+00
4.283233284950256348e-01 7.806519269943237305e-01 1.267846226692199707e-01 6.364182829856872559e-01 1.615610718727111816e-01 9.651686549186706543e-01 1.443084478378295898e-01 9.941644668579101562e-01 1.928266286849975586e-01 1.000000000000000000e+00 0.000000000000000000e+00 0.000000000000000000e+00
9.408952593803405762e-01 1.358073949813842773e-02 8.374558091163635254e-01 8.686166405677795410e-01 2.864253520965576172e-02 7.923400402069091797e-01 6.610788702964782715e-01 1.302986741065979004e-01 7.604578137397766113e-01 0.000000000000000000e+00 1.000000000000000000e+00 0.000000000000000000e+00
9.838837981224060059e-01 4.330021142959594727e-02 6.657677292823791504e-01 7.999911904335021973e-01 5.355192422866821289e-01 3.527094721794128418e-01 4.943126440048217773e-02 3.671405315399169922e-01 3.957076668739318848e-01 0.000000000000000000e+00 0.000000000000000000e+00 0.000000000000000000e+00
5.172470808029174805e-01 4.454553723335266113e-01 5.525506138801574707e-01 2.923753857612609863e-01 4.890508055686950684e-01 7.619367837905883789e-01 6.101619005203247070e-01 2.160019278526306152e-01 4.979200363159179688e-01 1.000000000000000000e+00 1.000000000000000000e+00 1.000000000000000000e+00
4.000546038150787354e-01 9.222879409790039062e-01 9.026572108268737793e-01 5.764442682266235352e-02 8.400828242301940918e-01 9.595853686332702637e-01 5.677805542945861816e-01 5.878899097442626953e-01 9.643907546997070312e-01 1.000000000000000000e+00 0.000000000000000000e+00 0.000000000000000000e+00
7.007867693901062012e-01 5.710507035255432129e-01 8.768861293792724609e-01 7.167764902114868164e-01 1.622489094734191895e-01 7.121788263320922852e-01 2.664034366607666016e-01 1.996561288833618164e-01 1.972649097442626953e-01 0.000000000000000000e+00 0.000000000000000000e+00 0.000000000000000000e+00
4.882428646087646484e-01 8.431535363197326660e-01 5.883545279502868652e-01 5.649555921554565430e-01 4.373885393142700195e-01 7.498751878738403320e-01 4.258133769035339355e-01 9.608370065689086914e-01 5.610647201538085938e-01 1.000000000000000000e+00 0.000000000000000000e+00 0.000000000000000000e+00
5.482670664787292480e-01 4.154035449028015137e-01 4.969686269760131836e-02 6.811590790748596191e-01 4.783987998962402344e-03 5.142921805381774902e-01 4.790531992912292480e-01 8.455606102943420410e-01 6.300830841064453125e-01 0.000000000000000000e+00 0.000000000000000000e+00 0.000000000000000000e+00
4.689211845397949219e-01 7.994759678840637207e-01 7.373156547546386719e-01 6.107374429702758789e-01 2.032244801521301270e-01 4.210706353187561035e-01 5.419586896896362305e-01 9.085487127304077148e-01 1.431540250778198242e-01 1.000000000000000000e+00 0.000000000000000000e+00 0.000000000000000000e+00
8.635559678077697754e-01 3.668040037155151367e-02 2.361363172531127930e-02 5.996409654617309570e-01 2.952893376350402832e-01 5.139446258544921875e-02 2.774649858474731445e-01 1.622253060340881348e-01 1.517623066902160645e-01 0.000000000000000000e+00 0.000000000000000000e+00 0.000000000000000000e+00
9.686543941497802734e-01 2.213139533996582031e-01 9.707341194152832031e-01 5.190343260765075684e-01 3.405151367187500000e-01 1.359454393386840820e-01 4.826467037200927734e-01 4.486930370330810547e-02 8.477379083633422852e-01 0.000000000000000000e+00 1.000000000000000000e+00 0.000000000000000000e+00
2.098128497600555420e-01 6.999236941337585449e-01 8.458455801010131836e-01 1.208186149597167969e-01 2.532588839530944824e-01 9.638218879699707031e-01 5.055564045906066895e-01 6.712390184402465820e-01 7.131527662277221680e-01 1.000000000000000000e+00 1.000000000000000000e+00 1.000000000000000000e+00
8.627461194992065430e-01 9.322969317436218262e-01 4.870404005050659180e-01 9.636588692665100098e-01 5.740095376968383789e-01 6.332799196243286133e-01 8.135564327239990234e-01 9.452896118164062500e-01 8.979308605194091797e-02 1.000000000000000000e+00 1.000000000000000000e+00 1.000000000000000000e+00
9.943414926528930664e-01 2.904554605484008789e-01 2.990378141403198242e-01 9.567397236824035645e-01 4.766983389854431152e-01 1.074835658073425293e-01 9.266830682754516602e-01 5.892668962478637695e-01 6.122655868530273438e-01 0.000000000000000000e+00 1.000000000000000000e+00 0.000000000000000000e+00
9.292579889297485352e-01 1.915569901466369629e-01 7.126123309135437012e-01 8.813559412956237793e-01 2.910956144332885742e-01 4.619066119194030762e-01 2.109463214874267578e-01 6.164451837539672852e-01 3.678441047668457031e-03 0.000000000000000000e+00 0.000000000000000000e+00 0.000000000000000000e+00
1.480343341827392578e-01 1.871811747550964355e-01 2.888023853302001953e-01 1.196966767311096191e-01 3.457261323928833008e-01 1.418734788894653320e-01 8.461061716079711914e-01 2.630556225776672363e-01 3.872628211975097656e-01 0.000000000000000000e+00 0.000000000000000000e+00 0.000000000000000000e+00
3.065897822380065918e-01 8.629128932952880859e-01 2.555275559425354004e-01 1.300208568572998047e-01 4.997374415397644043e-01 5.251329541206359863e-01 5.364170074462890625e-01 5.728130340576171875e-01 8.142154216766357422e-01 0.000000000000000000e+00 0.000000000000000000e+00 0.000000000000000000e+00
4.670507013797760010e-01 2.476962804794311523e-01 4.699602127075195312e-01 3.111970424652099609e-01 3.423703312873840332e-01 3.498376011848449707e-01 8.405410647392272949e-01 2.053473591804504395e-01 8.031269907951354980e-01 0.000000000000000000e+00 1.000000000000000000e+00 0.000000000000000000e+00
5.681218504905700684e-01 5.924853682518005371e-01 3.764643073081970215e-01 4.943152070045471191e-01 4.649227261543273926e-01 1.704555749893188477e-02 2.627930045127868652e-01 6.271492838859558105e-01 3.265738487243652344e-01 0.000000000000000000e+00 0.000000000000000000e+00 0.000000000000000000e+00
8.389878869056701660e-01 9.123703241348266602e-01 2.263504862785339355e-01 7.376658320426940918e-01 7.549611926078796387e-01 5.391239523887634277e-01 5.368478298187255859e-01 6.994495987892150879e-01 5.440628528594970703e-02 0.000000000000000000e+00 0.000000000000000000e+00 0.000000000000000000e+00
6.138538122177124023e-01 8.124984502792358398e-01 1.060683727264404297e-01 3.668099641799926758e-01 9.058918952941894531e-01 8.316967487335205078e-01 5.024178028106689453e-01 6.022242903709411621e-01 6.155298948287963867e-01 0.000000000000000000e+00 0.000000000000000000e+00 0.000000000000000000e+00
6.209375262260437012e-01 9.424301981925964355e-01 3.521493673324584961e-01 3.690970540046691895e-01 3.235831856727600098e-01 2.676867842674255371e-01 6.125050783157348633e-02 1.680600047111511230e-01 8.389245867729187012e-01 0.000000000000000000e+00 0.000000000000000000e+00 0.000000000000000000e+00
9.917405843734741211e-01 3.941786289215087891e-01 7.697701454162597656e-03 8.257899880409240723e-01 7.620493769645690918e-01 6.062096357345581055e-02 6.224997043609619141e-01 2.273780107498168945e-01 5.812611579895019531e-01 0.000000000000000000e+00 1.000000000000000000e+00 0.000000000000000000e+00
8.014982342720031738e-01 8.243922591209411621e-01 5.787484645843505859e-01 6.415307521820068359e-01 9.165660142898559570e-01 2.556816935539245605e-01 4.503067731857299805e-01 2.996413707733154297e-01 1.758704781532287598e-01 1.000000000000000000e+00 0.000000000000000000e+00 0.000000000000000000e+00
9.081262946128845215e-01 5.652036070823669434e-01 4.243056178092956543e-01 7.997508645057678223e-01 1.430863142013549805e-02 4.059172272682189941e-01 9.720098972320556641e-02 4.367434978485107422e-02 7.151257991790771484e-02 0.000000000000000000e+00 0.000000000000000000e+00 0.000000000000000000e+00
9.165760874748229980e-01 7.226426601409912109e-01 6.749586462974548340e-01 9.492588043212890625e-01 9.744885563850402832e-01 6.395944356918334961e-01 5.085098743438720703e-02 9.910473823547363281e-01 3.735366463661193848e-01 0.000000000000000000e+00 0.000000000000000000e+00 0.000000000000000000e+00
8.580619692802429199e-01 4.556053876876831055e-01 2.253872156143188477e-02 5.346602201461791992e-01 9.766576886177062988e-01 4.037724733352661133e-01 4.167154431343078613e-01 6.121448874473571777e-01 2.154183983802795410e-01 0.000000000000000000e+00 0.000000000000000000e+00 0.000000000000000000e+00
6.688197851181030273e-01 3.442179560661315918e-01 6.050756573677062988e-01 4.116157293319702148e-01 2.909644246101379395e-01 3.854362368583679199e-01 5.251516103744506836e-01 4.315459728240966797e-02 3.518568277359008789e-01 0.000000000000000000e+00 0.000000000000000000e+00 0.000000000000000000e+00
6.142824292182922363e-01 8.060133457183837891e-01 1.418593525886535645e-01 2.773358225822448730e-01 5.222455859184265137e-01 5.446304678916931152e-01 5.412069559097290039e-01 9.609284996986389160e-01 4.636843800544738770e-01 0.000000000000000000e+00 0.000000000000000000e+00 0.000000000000000000e+00
8.100460171699523926e-01 1.079289317131042480e-01 7.186398506164550781e-01 1.593586206436157227e-01 3.373506069183349609e-01 8.700057864189147949e-01 8.760800361633300781e-01 9.393320083618164062e-01 9.534064531326293945e-01 0.000000000000000000e+00 0.000000000000000000e+00 0.000000000000000000e+00
9.623169302940368652e-01 7.839621305465698242e-01 2.357443571090698242e-01 9.952337741851806641e-01 4.639040231704711914e-01 2.608551383018493652e-01 1.818237900733947754e-01 5.099681019783020020e-01 1.454212069511413574e-01 1.000000000000000000e+00 1.000000000000000000e+00 1.000000000000000000e+00
8.243422508239746094e-01 7.751246094703674316e-01 2.339060306549072266e-01 5.825104713439941406e-01 7.038728594779968262e-01 1.878686547279357910e-01 5.021104216575622559e-01 8.570259213447570801e-01 1.175872683525085449e-01 0.000000000000000000e+00 0.000000000000000000e+00 0.000000000000000000e+00
9.662503600120544434e-01 1.840096712112426758e-02 8.913770318031311035e-01 9.277079105377197266e-01 2.174382209777832031e-01 8.619616031646728516e-01 4.391507506370544434e-01 1.891195774078369141e-02 4.700885415077209473e-01 1.000000000000000000e+00 0.000000000000000000e+00 0.000000000000000000e+00
9.694855213165283203e-01 9.172099828720092773e-02 9.321643710136413574e-01 7.097941637039184570e-01 6.070442795753479004e-01 9.179382920265197754e-01 8.617931604385375977e-02 1.806895136833190918e-01 6.850165724754333496e-01 1.000000000000000000e+00 1.000000000000000000e+00 1.000000000000000000e+00
7.342624068260192871e-01 8.296672105789184570e-01 3.973540067672729492e-01 9.943845868110656738e-01 3.728153705596923828e-01 2.645859122276306152e-01 6.946927905082702637e-01 6.474685668945312500e-01 3.574940562248229980e-01 1.000000000000000000e+00 0.000000000000000000e+00 0.000000000000000000e+00
2.199409157037734985e-01 4.526460170745849609e-01 2.768592834472656250e-01 3.228065371513366699e-01 3.138691186904907227e-01 4.161846041679382324e-01 8.294655680656433105e-01 3.883734345436096191e-01 7.899663448333740234e-01 0.000000000000000000e+00 0.000000000000000000e+00 0.000000000000000000e+00
8.989363312721252441e-01 5.283838510513305664e-02 4.481286406517028809e-01 5.844938158988952637e-01 6.747368574142456055e-01 8.901098370552062988e-01 8.990011215209960938e-01 9.980223178863525391e-01 1.067620515823364258e-01 0.000000000000000000e+00 0.000000000000000000e+00 0.000000000000000000e+00
9.930490255355834961e-01 5.137771368026733398e-02 7.492411136627197266e-02 8.801025748252868652e-01 2.976326346397399902e-01 4.966236948966979980e-01 6.649672985076904297e-02 6.842577457427978516e-01 9.207925200462341309e-01 0.000000000000000000e+00 0.000000000000000000e+00 0.000000000000000000e+00
6.929004788398742676e-01 8.835080862045288086e-01 1.860932111740112305e-01 4.667727351188659668e-01 9.445133209228515625e-01 8.980850577354431152e-01 7.068272233009338379e-01 4.950143694877624512e-01 2.335612773895263672e-01 1.000000000000000000e+00 1.000000000000000000e+00 1.000000000000000000e+00
9.562741518020629883e-01 2.951073646545410156e-02 7.057527303695678711e-01 3.536460399627685547e-01 3.387988805770874023e-01 7.426899671554565430e-02 7.662840485572814941e-01 6.591733098030090332e-01 3.705974817276000977e-01 0.000000000000000000e+00 0.000000000000000000e+00 0.000000000000000000e+00
3.312635421752929688e-01 7.775380015373229980e-01 2.021865844726562500e-01 9.049439430236816406e-02 6.199939846992492676e-01 5.163589715957641602e-01 8.685767650604248047e-03 8.539956808090209961e-01 2.282375097274780273e-01 0.000000000000000000e+00 1.000000000000000000e+00 0.000000000000000000e+00
2.914744615554809570e-01 6.770133376121520996e-01 6.636627912521362305e-01 1.957644224166870117e-01 1.622070670127868652e-01 4.844714403152465820e-01 3.577554821968078613e-01 1.931036710739135742e-01 3.676507472991943359e-01 0.000000000000000000e+00 1.000000000000000000e+00 0.000000000000000000e+00
5.465660095214843750e-01 3.017162084579467773e-01 1.724770665168762207e-01 6.061087846755981445e-01 2.986669540405273438e-03 6.227224469184875488e-01 3.288462758064270020e-01 3.201944231986999512e-01 1.499677896499633789e-01 1.000000000000000000e+00 0.000000000000000000e+00 0.000000000000000000e+00
4.391148090362548828e-01 6.273101568222045898e-01 6.466776132583618164e-01 7.450416684150695801e-01 3.288558125495910645e-01 6.765933632850646973e-01 4.990398883819580078e-01 7.604848742485046387e-01 5.776465535163879395e-01 0.000000000000000000e+00 0.000000000000000000e+00 0.000000000000000000e+00
8.470846414566040039e-01 6.022489666938781738e-01 9.427020549774169922e-01 4.260762333869934082e-01 8.739914894104003906e-01 9.051932692527770996e-01 5.037310123443603516e-01 2.653867006301879883e-01 9.787933230400085449e-01 0.000000000000000000e+00 1.000000000000000000e+00 0.000000000000000000e+00
5.853026509284973145e-01 3.708488345146179199e-01 1.401978731155395508e-01 5.350199937820434570e-01 3.658270835876464844e-01 2.465558052062988281e-02 4.600081443786621094e-01 5.147669315338134766e-01 5.852015018463134766e-01 0.000000000000000000e+00 0.000000000000000000e+00 0.000000000000000000e+00
2.827280759811401367e-01 8.198407888412475586e-01 5.307867527008056641e-01 5.437811017036437988e-01 1.833342909812927246e-01 7.932326197624206543e-01 5.871909260749816895e-01 9.312573671340942383e-01 8.524781465530395508e-01 1.000000000000000000e+00 0.000000000000000000e+00 0.000000000000000000e+00
7.575420737266540527e-01 7.316665649414062500e-01 9.756433963775634766e-01 4.582004547119140625e-01 5.438214540481567383e-01 2.486072182655334473e-01 1.832131147384643555e-01 4.222438335418701172e-01 1.701119542121887207e-01 1.000000000000000000e+00 0.000000000000000000e+00 0.000000000000000000e+00
7.569323778152465820e-01 2.262107133865356445e-01 8.040785193443298340e-01 6.674484610557556152e-01 2.266508340835571289e-01 9.590228199958801270e-01 1.752566099166870117e-01 2.326661944389343262e-01 7.766844034194946289e-01 0.000000000000000000e+00 1.000000000000000000e+00 0.000000000000000000e+00
3.070231080055236816e-01 3.648892045021057129e-01 4.513167738914489746e-01 7.872462272644042969e-03 5.909988880157470703e-01 6.990720033645629883e-01 3.947544097900390625e-01 4.006866216659545898e-01 7.536363005638122559e-01 0.000000000000000000e+00 1.000000000000000000e+00 0.000000000000000000e+00
8.026608228683471680e-01 3.614290952682495117e-01 7.702302932739257812e-02 8.960878252983093262e-01 2.083640694618225098e-01 7.681874036788940430e-01 1.502638459205627441e-01 3.799432516098022461e-01 8.735316395759582520e-01 1.000000000000000000e+00 0.000000000000000000e+00 0.000000000000000000e+00
8.198225498199462891e-01 6.268786787986755371e-01 6.821032166481018066e-01 6.432393193244934082e-01 2.142422199249267578e-01 2.150282859802246094e-01 8.210461139678955078e-01 5.245839357376098633e-01 9.219486713409423828e-01 0.000000000000000000e+00 0.000000000000000000e+00 0.000000000000000000e+00
8.681731820106506348e-01 1.867579817771911621e-01 5.422207117080688477e-01 6.326696872711181641e-01 7.310148477554321289e-01 8.828721046447753906e-01 7.625172734260559082e-01 3.097102046012878418e-01 4.084338545799255371e-01 0.000000000000000000e+00 0.000000000000000000e+00 0.000000000000000000e+00
9.005516767501831055e-01 1.373243927955627441e-01 7.566761970520019531e-01 7.784739136695861816e-01 1.345056891441345215e-01 7.489112019538879395e-01 9.742320179939270020e-01 7.286201119422912598e-01 4.664477109909057617e-01 0.000000000000000000e+00 0.000000000000000000e+00 0.000000000000000000e+00
1.983920186758041382e-01 5.177067518234252930e-01 7.513921260833740234e-01 3.971713781356811523e-02 4.346300959587097168e-01 9.657316803932189941e-01 7.199001312255859375e-02 2.769259810447692871e-01 2.363787889480590820e-01 0.000000000000000000e+00 0.000000000000000000e+00 0.000000000000000000e+00
4.615638852119445801e-01 5.209950804710388184e-01 2.270758748054504395e-01 2.943788766860961914e-01 3.860586881637573242e-01 7.892119884490966797e-01 8.296152353286743164e-01 9.830583333969116211e-01 8.972494602203369141e-01 0.000000000000000000e+00 0.000000000000000000e+00 0.000000000000000000e+00
9.962818026542663574e-01 2.989530563354492188e-02 9.370405077934265137e-01 9.530627727508544922e-02 9.560402035713195801e-01 1.179962158203125000e-01 1.156579256057739258e-01 3.933532238006591797e-01 8.568221330642700195e-02 0.000000000000000000e+00 0.000000000000000000e+00 0.000000000000000000e+00
9.721946716308593750e-01 5.604937076568603516e-01 8.240680694580078125e-01 9.878471493721008301e-01 8.021085858345031738e-01 7.131026387214660645e-01 1.010552644729614258e-01 6.343271732330322266e-01 7.321012020111083984e-01 0.000000000000000000e+00 0.000000000000000000e+00 0.000000000000000000e+00
5.609155893325805664e-01 7.142802476882934570e-01 1.953890919685363770e-01 1.690676808357238770e-01 5.223033428192138672e-01 4.669975638389587402e-01 1.372912526130676270e-01 4.076629877090454102e-01 9.459361433982849121e-01 0.000000000000000000e+00 1.000000000000000000e+00 0.000000000000000000e+00
9.374194741249084473e-01 6.414906978607177734e-01 1.283792853355407715e-01 7.963854074478149414e-01 8.106608986854553223e-01 1.729553937911987305e-02 2.246342897415161133e-01 5.337423682212829590e-01 2.675362825393676758e-01 0.000000000000000000e+00 0.000000000000000000e+00 0.000000000000000000e+00
4.841046631336212158e-01 4.042254090309143066e-01 4.066405296325683594e-01 2.326287031173706055e-01 4.933841824531555176e-01 8.449900150299072266e-01 7.285940647125244141e-01 6.687309145927429199e-01 9.231747984886169434e-01 1.000000000000000000e+00 0.000000000000000000e+00 0.000000000000000000e+00
4.562590718269348145e-01 4.443438649177551270e-01 4.960364699363708496e-01 2.302702069282531738e-01 5.364081859588623047e-01 2.502848505973815918e-01 2.758752107620239258e-01 7.452456355094909668e-01 4.217816591262817383e-01 1.000000000000000000e+00 0.000000000000000000e+00 0.000000000000000000e+00
6.775157451629638672e-01 4.346733689308166504e-01 5.614298582077026367e-02 2.374257445335388184e-01 8.582358956336975098e-01 1.948631405830383301e-01 7.252899408340454102e-01 1.657099127769470215e-01 7.533944249153137207e-01 1.000000000000000000e+00 0.000000000000000000e+00 0.000000000000000000e+00
9.768500328063964844e-01 4.818183183670043945e-02 6.017507314682006836e-01 8.640019297599792480e-01 2.158790826797485352e-02 6.197167038917541504e-01 1.372107863426208496e-01 7.550088167190551758e-01 6.662096977233886719e-01 0.000000000000000000e+00 0.000000000000000000e+00 0.000000000000000000e+00
8.509305715560913086e-01 4.068517684936523438e-02 6.606152653694152832e-01 1.077095866203308105e-01 6.713714003562927246e-01 1.863594055175781250e-01 8.283190131187438965e-01 3.700798749923706055e-02 7.374491691589355469e-01 0.000000000000000000e+00 1.000000000000000000e+00 0.000000000000000000e+00
7.416355013847351074e-01 5.456790924072265625e-01 1.592801809310913086e-01 7.475044131278991699e-01 3.458181023597717285e-01 7.052770256996154785e-01 1.557731628417968750e-02 4.712708592414855957e-01 8.554142713546752930e-01 0.000000000000000000e+00 0.000000000000000000e+00 0.000000000000000000e+00
9.315940141677856445e-01 2.233961820602416992e-01 2.184921503067016602e-01 7.721288800239562988e-01 1.831808090209960938e-01 1.079427599906921387e-01 9.226886630058288574e-01 4.893184900283813477e-01 6.132532358169555664e-01 0.000000000000000000e+00 0.000000000000000000e+00 0.000000000000000000e+00
5.194742679595947266e-01 8.425923585891723633e-01 6.782765388488769531e-01 8.550035953521728516e-02 8.355363011360168457e-01 6.332867145538330078e-01 6.189107298851013184e-01 5.196037888526916504e-01 1.579404473304748535e-01 0.000000000000000000e+00 0.000000000000000000e+00 0.000000000000000000e+00
8.620629906654357910e-01 2.209873795509338379e-01 8.631803393363952637e-01 8.627676367759704590e-01 3.598598837852478027e-01 6.937520503997802734e-01 3.535801172256469727e-01 6.602534651756286621e-01 4.935380816459655762e-01 1.000000000000000000e+00 0.000000000000000000e+00 0.000000000000000000e+00
7.587480545043945312e-01 7.810179591178894043e-01 6.566630601882934570e-01 6.955717206001281738e-01 6.572644710540771484e-01 3.014127016067504883e-01 4.668925404548645020e-01 3.912168741226196289e-01 9.304781556129455566e-01 0.000000000000000000e+00 0.000000000000000000e+00 0.000000000000000000e+00
2.629024982452392578e-01 8.330495953559875488e-01 3.061000704765319824e-01 1.289392709732055664e-01 8.208823204040527344e-02 7.811046838760375977e-01 6.772470474243164062e-02 9.656668901443481445e-01 8.871132731437683105e-01 0.000000000000000000e+00 0.000000000000000000e+00 0.000000000000000000e+00
7.335880994796752930e-01 1.980820894241333008e-01 6.502336263656616211e-02 7.512047886848449707e-01 1.861011981964111328e-02 9.240803718566894531e-01 5.442754626274108887e-01 8.924708962440490723e-01 9.245949983596801758e-02 1.000000000000000000e+00 0.000000000000000000e+00 0.000000000000000000e+00
4.194825887680053711e-01 8.687816858291625977e-01 6.284195780754089355e-01 5.455214381217956543e-01 2.479762434959411621e-01 4.589009284973144531e-01 9.740410447120666504e-01 5.788847804069519043e-01 8.238466382026672363e-01 1.000000000000000000e+00 0.000000000000000000e+00 0.000000000000000000e+00
1.352101117372512817e-01 4.784086942672729492e-01 5.561994314193725586e-01 2.421200275421142578e-01 1.255669593811035156e-01 8.360657095909118652e-01 2.549306154251098633e-01 4.754906892776489258e-02 4.318835735321044922e-01 0.000000000000000000e+00 1.000000000000000000e+00 0.000000000000000000e+00
7.380158305168151855e-01 2.510725855827331543e-01 2.594271302223205566e-01 6.268028616905212402e-01 3.088043928146362305e-01 2.848393917083740234e-01 4.915078878402709961e-01 6.588178873062133789e-01 5.374521613121032715e-01 0.000000000000000000e+00 0.000000000000000000e+00 0.000000000000000000e+00
5.649904012680053711e-01 2.073864936828613281e-01 7.765772938728332520e-01 4.270250201225280762e-01 2.428626418113708496e-01 8.356392979621887207e-01 6.980233788490295410e-01 6.158267259597778320e-01 1.638383269309997559e-01 0.000000000000000000e+00 0.000000000000000000e+00 0.000000000000000000e+00
8.917391300201416016e-01 2.863484621047973633e-02 1.192214488983154297e-01 5.107707977294921875e-01 8.094819188117980957e-01 3.419992923736572266e-01 9.991413354873657227e-02 8.642355799674987793e-01 5.231875181198120117e-01 0.000000000000000000e+00 0.000000000000000000e+00 0.000000000000000000e+00
7.557675838470458984e-01 8.630049228668212891e-01 7.319656610488891602e-01 6.780750155448913574e-01 2.558282613754272461e-01 8.460786938667297363e-01 1.787871122360229492e-02 9.070483446121215820e-01 8.711914420127868652e-01 0.000000000000000000e+00 0.000000000000000000e+00 0.000000000000000000e+00
7.248130440711975098e-02 6.673848032951354980e-01 2.842922210693359375e-01 2.285188436508178711e-02 7.692193984985351562e-02 6.940100789070129395e-01 8.843604326248168945e-01 1.866090297698974609e-02 6.232432723045349121e-01 1.000000000000000000e+00 0.000000000000000000e+00 0.000000000000000000e+00
7.768008708953857422e-01 9.482637643814086914e-01 7.884348630905151367e-01 8.097864985466003418e-01 4.147981405258178711e-01 2.801756262779235840e-01 2.114267349243164062e-01 1.343130469322204590e-01 4.874075651168823242e-01 0.000000000000000000e+00 0.000000000000000000e+00 0.000000000000000000e+00
3.022809326648712158e-01 4.370647668838500977e-02 1.286203861236572266e-01 3.599485158920288086e-01 3.053952455520629883e-01 4.438409209251403809e-01 7.182443141937255859e-01 8.057482838630676270e-01 7.040870189666748047e-02 0.000000000000000000e+00 0.000000000000000000e+00 0.000000000000000000e+00
5.892828702926635742e-01 5.667968392372131348e-01 6.857091188430786133e-02 6.585308313369750977e-01 2.566665410995483398e-01 5.816283226013183594e-01 7.576347589492797852e-01 2.605595588684082031e-01 8.753866553306579590e-01 1.000000000000000000e+00 0.000000000000000000e+00 0.000000000000000000e+00
2.977497279644012451e-01 8.985143303871154785e-01 6.911305189132690430e-01 4.619001150131225586e-01 1.844590902328491211e-02 4.479056000709533691e-01 4.731809496879577637e-01 2.810789942741394043e-01 2.326235771179199219e-01 0.000000000000000000e+00 0.000000000000000000e+00 0.000000000000000000e+00
8.306393027305603027e-01 7.749348282814025879e-01 7.672078609466552734e-01 8.240513801574707031e-01 5.409970879554748535e-01 1.266308426856994629e-01 8.539010882377624512e-01 1.655426025390625000e-01 1.066808104515075684e-01 0.000000000000000000e+00 1.000000000000000000e+00 0.000000000000000000e+00
2.159502655267715454e-01 3.498184680938720703e-01 2.192584872245788574e-01 3.263831138610839844e-02 6.902236938476562500e-01 7.231426835060119629e-01 9.020752906799316406e-01 4.944598674774169922e-01 3.916168212890625000e-01 1.000000000000000000e+00 1.000000000000000000e+00 1.000000000000000000e+00
9.987723231315612793e-01 4.314058423042297363e-01 1.715058088302612305e-02 9.973209500312805176e-01 9.219095110893249512e-01 1.043151021003723145e-01 3.293375968933105469e-01 8.805156946182250977e-01 4.390205144882202148e-01 1.000000000000000000e+00 0.000000000000000000e+00 0.000000000000000000e+00
9.410621523857116699e-01 3.713650703430175781e-01 3.400388956069946289e-01 9.295301437377929688e-01 8.301920890808105469e-01 9.300820827484130859e-01 9.588201045989990234e-01 2.213640213012695312e-01 5.037755370140075684e-01 0.000000000000000000e+00 1.000000000000000000e+00 0.000000000000000000e+00
1.936748325824737549e-01 8.249557018280029297e-01 3.272051215171813965e-01 5.552011728286743164e-02 1.419520378112792969e-01 3.775383234024047852e-01 1.007413864135742188e-01 5.211368799209594727e-01 1.468792557716369629e-01 0.000000000000000000e+00 0.000000000000000000e+00 0.000000000000000000e+00
4.980084002017974854e-01 6.566193103790283203e-01 8.673084974288940430e-01 2.707306742668151855e-01 2.700640559196472168e-01 4.730403423309326172e-01 4.645023941993713379e-01 8.001232147216796875e-01 9.105742573738098145e-01 0.000000000000000000e+00 0.000000000000000000e+00 0.000000000000000000e+00
5.450957417488098145e-01 7.665251493453979492e-01 4.457983970642089844e-01 1.475461721420288086e-01 8.913486599922180176e-01 7.424364089965820312e-01 6.194930076599121094e-01 7.700967788696289062e-02 2.018774747848510742e-01 0.000000000000000000e+00 0.000000000000000000e+00 0.000000000000000000e+00
5.478730797767639160e-01 8.583207130432128906e-01 9.436397552490234375e-01 8.407745361328125000e-01 4.986813664436340332e-01 9.362562894821166992e-01 7.770011425018310547e-01 9.016843438148498535e-01 1.561118364334106445e-01 1.000000000000000000e+00 0.000000000000000000e+00 0.000000000000000000e+00
7.223581075668334961e-01 2.381474375724792480e-01 6.936770677566528320e-02 6.093817353248596191e-01 3.570588827133178711e-01 5.347182154655456543e-01 9.319332838058471680e-01 9.381809234619140625e-01 3.532677292823791504e-01 0.000000000000000000e+00 0.000000000000000000e+00 0.000000000000000000e+00
3.311707675457000732e-01 7.052223682403564453e-01 2.673668861389160156e-01 2.063362598419189453e-01 5.248173475265502930e-01 8.853290081024169922e-01 5.505461692810058594e-01 9.937272667884826660e-01 7.863700985908508301e-01 0.000000000000000000e+00 0.000000000000000000e+00 0.000000000000000000e+00
4.082081019878387451e-01 6.360039114952087402e-01 5.017460584640502930e-01 7.807945609092712402e-01 2.417512536048889160e-01 8.996492028236389160e-01 7.589770555496215820e-01 4.807567596435546875e-01 9.345880746841430664e-01 0.000000000000000000e+00 0.000000000000000000e+00 0.000000000000000000e+00
9.085446000099182129e-01 7.839279174804687500e-01 8.516225814819335938e-01 8.612320423126220703e-01 8.871958255767822266e-01 6.116020679473876953e-02 5.546360611915588379e-01 3.499099016189575195e-01 2.298733592033386230e-01 0.000000000000000000e+00 1.000000000000000000e+00 0.000000000000000000e+00
6.554706096649169922e-01 4.358937740325927734e-01 2.781577110290527344e-01 1.260398626327514648e-01 7.798273563385009766e-01 8.531253337860107422e-01 9.875452518463134766e-01 4.009052515029907227e-01 4.016425609588623047e-01 0.000000000000000000e+00 0.000000000000000000e+00 0.000000000000000000e+00
7.663375735282897949e-01 3.970207571983337402e-01 6.063891649246215820e-01 5.770701766014099121e-01 5.281063318252563477e-01 9.333562850952148438e-02 1.598387360572814941e-01 9.343322515487670898e-01 3.063181638717651367e-01 1.000000000000000000e+00 0.000000000000000000e+00 0.000000000000000000e+00
6.193509101867675781e-01 9.052653908729553223e-01 3.610162138938903809e-01 5.294120311737060547e-01 5.031965374946594238e-01 1.718097329139709473e-01 1.542719006538391113e-01 6.321640014648437500e-01 7.442313432693481445e-01 0.000000000000000000e+00 0.000000000000000000e+00 0.000000000000000000e+00
2.070191949605941772e-01 4.679989814758300781e-01 2.809277176856994629e-01 4.626904726028442383e-01 9.878224134445190430e-02 5.435875654220581055e-01 2.381518483161926270e-01 9.315526485443115234e-01 4.286556839942932129e-01 0.000000000000000000e+00 0.000000000000000000e+00 0.000000000000000000e+00
9.779573082923889160e-01 2.677553296089172363e-01 8.591262102127075195e-01 4.047260880470275879e-01 7.063236236572265625e-01 1.111592650413513184e-01 3.275680541992187500e-01 7.845526933670043945e-02 7.443383336067199707e-01 0.000000000000000000e+00 0.000000000000000000e+00 0.000000000000000000e+00
5.727540850639343262e-01 8.264784812927246094e-01 9.474285840988159180e-01 5.534529685974121094e-01 4.858085513114929199e-01 7.929104566574096680e-01 5.006672739982604980e-01 3.247286081314086914e-01 8.418308496475219727e-01 1.000000000000000000e+00 0.000000000000000000e+00 0.000000000000000000e+00
4.544335603713989258e-01 8.474683761596679688e-01 5.839627981185913086e-01 1.613305807113647461e-01 2.517759799957275391e-01 1.146801114082336426e-01 4.005931019783020020e-01 8.781737089157104492e-02 2.900658249855041504e-01 0.000000000000000000e+00 0.000000000000000000e+00 0.000000000000000000e+00
9.647268652915954590e-01 4.697716832160949707e-01 9.172205328941345215e-01 4.221528172492980957e-01 9.983050823211669922e-01 5.214341878890991211e-01 9.234378337860107422e-01 4.558329582214355469e-01 5.150633454322814941e-01 0.000000000000000000e+00 1.000000000000000000e+00 0.000000000000000000e+00
9.918966889381408691e-01 1.189002394676208496e-01 9.854058027267456055e-01 2.753241658210754395e-01 4.048867821693420410e-01 7.318520545959472656e-02 4.953916668891906738e-01 9.182083606719970703e-02 9.090837836265563965e-01 0.000000000000000000e+00 1.000000000000000000e+00 0.000000000000000000e+00
8.528362512588500977e-01 8.645261526107788086e-01 7.403687834739685059e-01 8.464468717575073242e-01 1.547409296035766602e-01 8.063596487045288086e-02 5.010920763015747070e-02 3.181950449943542480e-01 9.101887941360473633e-01 1.000000000000000000e+00 0.000000000000000000e+00 0.000000000000000000e+00
4.981938600540161133e-01 7.107518315315246582e-01 6.472433805465698242e-01 6.372483968734741211e-01 5.902433395385742188e-02 1.476432085037231445e-01 4.068690538406372070e-01 9.505159258842468262e-01 7.286107540130615234e-02 0.000000000000000000e+00 0.000000000000000000e+00 0.000000000000000000e+00
7.422953248023986816e-01 5.139779448509216309e-01 8.857724070549011230e-01 7.505061030387878418e-01 2.686026692390441895e-01 6.249583363533020020e-01 1.074439287185668945e-02 1.896450519561767578e-01 4.529784917831420898e-01 0.000000000000000000e+00 0.000000000000000000e+00 0.000000000000000000e+00
6.214672923088073730e-01 6.471890807151794434e-01 9.262597560882568359e-01 5.744534730911254883e-01 4.017899632453918457e-01 3.062345385551452637e-01 2.629347443580627441e-01 7.603318095207214355e-01 8.641549944877624512e-01 1.000000000000000000e+00 0.000000000000000000e+00 0.000000000000000000e+00
6.401760578155517578e-01 8.868710994720458984e-01 4.843313694000244141e-01 5.077775120735168457e-01 8.377761840820312500e-01 2.970035076141357422e-01 6.927600502967834473e-01 6.421731710433959961e-01 6.999066472053527832e-01 1.000000000000000000e+00 0.000000000000000000e+00 0.000000000000000000e+00
9.867553114891052246e-01 5.241017341613769531e-01 8.346772789955139160e-01 9.817450046539306641e-01 6.956320405006408691e-01 1.566516757011413574e-01 3.472829461097717285e-01 8.679307103157043457e-01 9.457571506500244141e-01 0.000000000000000000e+00 0.000000000000000000e+00 0.000000000000000000e+00
5.896186828613281250e-01 5.927678942680358887e-01 8.443835377693176270e-01 3.112209439277648926e-01 8.605378270149230957e-01 9.610434770584106445e-01 6.129463911056518555e-01 4.064764380455017090e-01 9.730519652366638184e-01 0.000000000000000000e+00 0.000000000000000000e+00 0.000000000000000000e+00
6.386830210685729980e-01 4.728783369064331055e-01 2.232164144515991211e-01 6.997233629226684570e-01 6.257821917533874512e-01 8.082634210586547852e-01 8.132489323616027832e-01 7.180717587471008301e-01 9.458290338516235352e-01 1.000000000000000000e+00 0.000000000000000000e+00 0.000000000000000000e+00
8.984569907188415527e-01 1.865376830101013184e-01 6.895014047622680664e-01 3.794087767601013184e-01 8.209792375564575195e-01 6.841564774513244629e-01 6.790003180503845215e-01 6.692315340042114258e-01 4.948890805244445801e-01 0.000000000000000000e+00 0.000000000000000000e+00 0.000000000000000000e+00
6.830734014511108398e-01 8.610417246818542480e-01 8.566755652427673340e-01 7.168589234352111816e-01 6.464986801147460938e-01 4.296287894248962402e-01 4.479914903640747070e-02 4.681859612464904785e-01 4.121218919754028320e-01 1.000000000000000000e+00 0.000000000000000000e+00 0.000000000000000000e+00
4.724904000759124756e-01 2.239294052124023438e-01 3.281657099723815918e-01 3.821796178817749023e-01 6.275352239608764648e-01 7.426834106445312500e-01 7.518684864044189453e-01 7.418321371078491211e-01 6.379566788673400879e-01 0.000000000000000000e+00 0.000000000000000000e+00 0.000000000000000000e+00
9.034236073493957520e-01 2.738257646560668945e-01 7.816739678382873535e-01 6.788213849067687988e-01 7.546843290328979492e-01 7.300066947937011719e-01 3.746986389160156250e-03 1.417751312255859375e-01 7.783386707305908203e-01 0.000000000000000000e+00 0.000000000000000000e+00 0.000000000000000000e+00
7.907171845436096191e-01 7.409814000129699707e-01 9.802871346473693848e-01 3.653293848037719727e-02 7.717504501342773438e-01 5.929315090179443359e-02 2.055203318595886230e-01 2.255454063415527344e-01 5.003035068511962891e-03 1.000000000000000000e+00 1.000000000000000000e+00 1.000000000000000000e+00
6.809376478195190430e-01 6.477109789848327637e-01 4.843118190765380859e-01 4.389486312866210938e-01 7.301341295242309570e-01 9.530162215232849121e-01 5.365155935287475586e-01 9.931310415267944336e-01 1.138333082199096680e-01 0.000000000000000000e+00 0.000000000000000000e+00 0.000000000000000000e+00
8.530819416046142578e-01 6.721471548080444336e-01 5.973036885261535645e-01 6.674796938896179199e-01 8.879443407058715820e-01 9.476855397224426270e-01 7.117651700973510742e-01 1.679869294166564941e-01 3.607328534126281738e-01 0.000000000000000000e+00 0.000000000000000000e+00 0.000000000000000000e+00
6.397914290428161621e-01 8.022350668907165527e-01 6.983293294906616211e-01 4.168186783790588379e-01 7.076004147529602051e-01 5.350022912025451660e-01 4.743196964263916016e-01 9.552364349365234375e-01 6.574052572250366211e-02 1.000000000000000000e+00 1.000000000000000000e+00 1.000000000000000000e+00
4.989482760429382324e-01 7.618352770805358887e-01 2.452521920204162598e-01 6.016111373901367188e-02 8.655874133110046387e-01 8.821517825126647949e-01 7.942530512809753418e-01 8.802644610404968262e-01 9.270131587982177734e-01 1.000000000000000000e+00 0.000000000000000000e+00 0.000000000000000000e+00
7.538222670555114746e-01 5.313150882720947266e-01 9.698429703712463379e-01 4.711520075798034668e-01 2.736403942108154297e-01 6.413376331329345703e-01 5.179098844528198242e-01 7.740474343299865723e-01 9.461748003959655762e-01 0.000000000000000000e+00 0.000000000000000000e+00 0.000000000000000000e+00
5.288107991218566895e-01 1.650475859642028809e-01 3.559583425521850586e-01 4.088034033775329590e-01 8.027936220169067383e-01 8.512836098670959473e-01 1.875349879264831543e-01 2.914319038391113281e-01 7.594782114028930664e-01 0.000000000000000000e+00 1.000000000000000000e+00 0.000000000000000000e+00
9.279839396476745605e-01 9.628683328628540039e-01 7.798915505409240723e-01 9.429904222488403320e-01 3.069884777069091797e-01 5.160391330718994141e-03 2.069734930992126465e-01 7.007305026054382324e-01 4.734722971916198730e-01 0.000000000000000000e+00 0.000000000000000000e+00 0.000000000000000000e+00
5.692166090011596680e-01 8.612151741981506348e-01 4.694415330886840820e-01 1.502679586410522461e-01 6.998911499977111816e-01 2.459380030632019043e-01 5.357651114463806152e-01 5.686318874359130859e-02 1.666984558105468750e-01 0.000000000000000000e+00 0.000000000000000000e+00 0.000000000000000000e+00
4.384584426879882812e-01 2.460480332374572754e-01 7.520211935043334961e-01 2.383853793144226074e-01 8.730888366699218750e-04 6.668281555175781250e-01 2.488197684288024902e-01 8.867191672325134277e-01 6.812724471092224121e-01 1.000000000000000000e+00 0.000000000000000000e+00 0.000000000000000000e+00
1.409707665443420410e-01 2.719304561614990234e-01 1.685067415237426758e-01 2.590932846069335938e-01 4.217301607131958008e-01 4.702571630477905273e-01 1.571655273437500000e-03 1.776452660560607910e-01 5.175785422325134277e-01 0.000000000000000000e+00 1.000000000000000000e+00 0.000000000000000000e+00
2.635325193405151367e-01 6.481732726097106934e-01 8.384269475936889648e-01 2.280646562576293945e-02 3.791722059249877930e-01 4.949958920478820801e-01 4.704377651214599609e-01 2.139080166816711426e-01 4.730333685874938965e-01 1.000000000000000000e+00 1.000000000000000000e+00 1.000000000000000000e+00
7.507019639015197754e-01 6.512247323989868164e-01 9.665501117706298828e-01 3.694325089454650879e-01 7.617613673210144043e-01 7.881364822387695312e-01 2.873433232307434082e-01 8.240469098091125488e-01 1.689696311950683594e-01 0.000000000000000000e+00 0.000000000000000000e+00 0.000000000000000000e+00
9.747526049613952637e-01 6.505251526832580566e-01 5.193072557449340820e-01 9.040014147758483887e-01 8.262084126472473145e-01 2.214822173118591309e-01 8.702539801597595215e-01 5.685836076736450195e-02 5.561768412590026855e-01 0.000000000000000000e+00 0.000000000000000000e+00 0.000000000000000000e+00
5.165780186653137207e-01 1.001174449920654297e-01 1.298636198043823242e-01 2.428078651428222656e-01 9.205894470214843750e-01 2.238311767578125000e-01 5.157028436660766602e-01 6.112853884696960449e-01 2.721459269523620605e-01 1.000000000000000000e+00 0.000000000000000000e+00 0.000000000000000000e+00
2.118029892444610596e-01 1.331740021705627441e-01 2.938192486763000488e-01 2.362644672393798828e-02 2.674152255058288574e-01 9.484272003173828125e-01 1.733608245849609375e-01 3.225215077400207520e-01 2.933574318885803223e-01 1.000000000000000000e+00 1.000000000000000000e+00 1.000000000000000000e+00
5.885351896286010742e-01 9.847220778465270996e-01 9.675421714782714844e-01 4.910916686058044434e-01 4.321464896202087402e-01 3.029229044914245605e-01 4.050081968307495117e-01 8.977319002151489258e-01 5.399058461189270020e-01 0.000000000000000000e+00 0.000000000000000000e+00 0.000000000000000000e+00
9.431977272033691406e-01 2.263701558113098145e-01 8.267608880996704102e-01 6.577870845794677734e-01 3.024118542671203613e-01 1.177893877029418945e-01 8.372957110404968262e-01 4.019355773925781250e-01 2.711602449417114258e-01 0.000000000000000000e+00 0.000000000000000000e+00 0.000000000000000000e+00
4.781098365783691406e-01 8.390271663665771484e-01 1.459130644798278809e-01 1.984873414039611816e-01 5.400549769401550293e-01 9.886840581893920898e-01 7.844810485839843750e-01 3.740590214729309082e-01 8.152604103088378906e-01 0.000000000000000000e+00 0.000000000000000000e+00 0.000000000000000000e+00
9.033949971199035645e-01 7.006188631057739258e-01 3.492582440376281738e-01 7.342365384101867676e-01 7.114909887313842773e-01 9.953354001045227051e-01 8.167322278022766113e-01 9.823458194732666016e-01 2.711433172225952148e-01 1.000000000000000000e+00 0.000000000000000000e+00 0.000000000000000000e+00
8.438345193862915039e-01 9.163995981216430664e-01 7.755129337310791016e-01 7.213989496231079102e-01 9.144892692565917969e-01 3.968818783760070801e-01 1.020586490631103516e-02 7.167409062385559082e-01 5.344152450561523438e-03 0.000000000000000000e+00 0.000000000000000000e+00 0.000000000000000000e+00
9.894469976425170898e-01 2.083851099014282227e-01 7.754769325256347656e-01 9.122655391693115234e-01 8.993598818778991699e-01 9.169568419456481934e-01 8.574367165565490723e-01 3.928755521774291992e-01 6.152249574661254883e-01 0.000000000000000000e+00 1.000000000000000000e+00 0.000000000000000000e+00
2.610276341438293457e-01 8.427263498306274414e-01 3.824620842933654785e-01 3.820002079010009766e-01 2.690272927284240723e-01 3.114902377128601074e-01 4.754577875137329102e-01 8.119015097618103027e-01 2.391099929809570312e-03 0.000000000000000000e+00 0.000000000000000000e+00 0.000000000000000000e+00
8.700168132781982422e-01 2.340451478958129883e-01 5.658992528915405273e-01 3.723996877670288086e-01 6.998971700668334961e-01 8.026462793350219727e-02 4.791065454483032227e-01 2.509507536888122559e-01 1.392025947570800781e-01 0.000000000000000000e+00 0.000000000000000000e+00 0.000000000000000000e+00
3.200448155403137207e-01 6.903373599052429199e-01 3.404425978660583496e-01 2.321074604988098145e-01 1.779526472091674805e-01 3.734872937202453613e-01 7.884317636489868164e-02 9.139758348464965820e-02 1.033192276954650879e-01 0.000000000000000000e+00 0.000000000000000000e+00 0.000000000000000000e+00
3.873676657676696777e-01 9.669407606124877930e-01 6.411119103431701660e-01 3.852708339691162109e-01 2.604420781135559082e-01 4.457336068153381348e-01 3.904662132263183594e-01 2.331594824790954590e-01 7.276007533073425293e-01 0.000000000000000000e+00 0.000000000000000000e+00 0.000000000000000000e+00
6.123893857002258301e-01 4.178706407546997070e-01 8.206182718276977539e-02 6.026121973991394043e-01 1.342762112617492676e-01 5.335447192192077637e-01 3.902754783630371094e-01 9.012998938560485840e-01 3.614383935928344727e-02 1.000000000000000000e+00 1.000000000000000000e+00 1.000000000000000000e+00
4.082441926002502441e-01 1.169291734695434570e-01 5.716515779495239258e-01 1.373474597930908203e-01 3.235734105110168457e-01 9.884694814682006836e-01 9.438195228576660156e-01 4.561057090759277344e-01 6.658642292022705078e-01 0.000000000000000000e+00 1.000000000000000000e+00 0.000000000000000000e+00
6.407807469367980957e-01 4.816690087318420410e-01 1.217973232269287109e-01 4.029932618141174316e-01 3.003337383270263672e-01 1.027471423149108887e-01 1.895187497138977051e-01 5.466363430023193359e-01 8.188149333000183105e-01 0.000000000000000000e+00 0.000000000000000000e+00 0.000000000000000000e+00
9.752922654151916504e-01 2.835643887519836426e-01 9.433482885360717773e-01 4.365296363830566406e-01 9.051262140274047852e-01 6.650078296661376953e-01 1.842291355133056641e-01 2.355788350105285645e-01 1.650591492652893066e-01 0.000000000000000000e+00 0.000000000000000000e+00 0.000000000000000000e+00
9.570059776306152344e-01 1.104366183280944824e-01 6.729510426521301270e-01 6.258490681648254395e-01 7.354556918144226074e-01 4.695587158203125000e-01 3.945035934448242188e-01 4.284082651138305664e-01 6.755469441413879395e-01 0.000000000000000000e+00 0.000000000000000000e+00 0.000000000000000000e+00
3.955022096633911133e-01 4.405290484428405762e-01 1.144978404045104980e-01 1.772664785385131836e-01 7.741296291351318359e-01 6.744697690010070801e-01 8.763175606727600098e-01 6.951808929443359375e-01 5.641140341758728027e-01 1.000000000000000000e+00 0.000000000000000000e+00 0.000000000000000000e+00
7.977008223533630371e-01 1.984858512878417969e-02 5.493687987327575684e-01 5.002903938293457031e-02 8.687177896499633789e-01 5.764451026916503906e-01 9.072964787483215332e-01 8.412185907363891602e-01 1.013589501380920410e-01 0.000000000000000000e+00 0.000000000000000000e+00 0.000000000000000000e+00
9.444968104362487793e-01 8.062121868133544922e-01 2.885652780532836914e-01 8.483907580375671387e-01 9.778438806533813477e-01 9.256812334060668945e-01 2.040330767631530762e-01 6.702988147735595703e-01 7.620700001716613770e-01 0.000000000000000000e+00 0.000000000000000000e+00 0.000000000000000000e+00
5.116009712219238281e-01 9.483408927917480469e-01 9.512607455253601074e-01 3.883128166198730469e-01 3.398728966712951660e-01 7.180501818656921387e-01 9.959220886230468750e-01 3.253466486930847168e-01 4.663420319557189941e-01 0.000000000000000000e+00 0.000000000000000000e+00 0.000000000000000000e+00
3.340714871883392334e-01 7.198266983032226562e-01 8.043755292892456055e-01 2.233299016952514648e-01 2.573851943016052246e-01 2.320715188980102539e-01 3.705978393554687500e-01 2.871149182319641113e-01 1.938350796699523926e-01 1.000000000000000000e+00 0.000000000000000000e+00 0.000000000000000000e+00
9.588351249694824219e-01 2.069328427314758301e-01 7.001529932022094727e-01 4.634116291999816895e-01 8.661102056503295898e-01 3.253454566001892090e-01 7.614933252334594727e-01 4.942959547042846680e-01 3.743058443069458008e-01 0.000000000000000000e+00 1.000000000000000000e+00 0.000000000000000000e+00
9.939683675765991211e-01 2.718454599380493164e-02 9.113380908966064453e-01 4.147507548332214355e-01 5.045256018638610840e-01 4.956730008125305176e-01 5.940155982971191406e-01 4.909181594848632812e-01 9.892253279685974121e-01 0.000000000000000000e+00 0.000000000000000000e+00 0.000000000000000000e+00
9.766420125961303711e-01 2.949887514114379883e-02 3.061071634292602539e-01 8.786388635635375977e-01 2.429718375205993652e-01 5.197888016700744629e-01 9.063922762870788574e-01 5.491429567337036133e-01 6.594458818435668945e-01 0.000000000000000000e+00 0.000000000000000000e+00 0.000000000000000000e+00
4.863779842853546143e-01 5.633505582809448242e-01 3.185039758682250977e-01 9.093707799911499023e-02 5.155630707740783691e-01 4.624280929565429688e-01 1.027154922485351562e-01 2.878285050392150879e-01 3.624311685562133789e-01 1.000000000000000000e+00 0.000000000000000000e+00 0.000000000000000000e+00
8.282759189605712891e-01 6.792378425598144531e-01 2.858906388282775879e-01 6.691337823867797852e-01 6.719513535499572754e-01 6.836334466934204102e-01 7.244098186492919922e-01 5.254599452018737793e-01 1.342862844467163086e-01 0.000000000000000000e+00 1.000000000000000000e+00 0.000000000000000000e+00
1.456971764564514160e-01 4.566778540611267090e-01 3.084004521369934082e-01 2.106416821479797363e-01 1.518331170082092285e-01 5.179777741432189941e-01 2.362189888954162598e-01 4.536889791488647461e-01 5.914535522460937500e-01 0.000000000000000000e+00 0.000000000000000000e+00 0.000000000000000000e+00
3.192767202854156494e-01 9.757800102233886719e-01 6.107151508331298828e-02 9.558814764022827148e-02 3.551028966903686523e-01 1.684113740921020508e-01 1.275591850280761719e-01 5.601269006729125977e-01 4.565597176551818848e-01 0.000000000000000000e+00 0.000000000000000000e+00 0.000000000000000000e+00
9.860497117042541504e-01 8.872389793395996094e-03 7.608022689819335938e-01 6.107276082038879395e-01 5.800178647041320801e-01 5.373890995979309082e-01 1.719534397125244141e-03 3.782346248626708984e-01 8.041686415672302246e-01 1.000000000000000000e+00 1.000000000000000000e+00 1.000000000000000000e+00
6.730076074600219727e-01 6.256598234176635742e-02 6.652900576591491699e-01 3.435996770858764648e-01 2.432039380073547363e-01 6.135792732238769531e-01 4.485110640525817871e-01 6.420357823371887207e-01 6.722534894943237305e-01 0.000000000000000000e+00 0.000000000000000000e+00 0.000000000000000000e+00
7.213070988655090332e-01 4.049540758132934570e-01 9.944593906402587891e-02 6.784594655036926270e-01 2.946181893348693848e-01 9.358066320419311523e-01 4.671383500099182129e-01 3.074746727943420410e-01 1.024906635284423828e-01 0.000000000000000000e+00 1.000000000000000000e+00 0.000000000000000000e+00
7.047973871231079102e-01 6.583423018455505371e-01 4.476031661033630371e-01 6.106872558593750000e-01 6.122754216194152832e-01 5.983177423477172852e-01 3.143193125724792480e-01 5.504182577133178711e-01 8.935248255729675293e-01 0.000000000000000000e+00 0.000000000000000000e+00 0.000000000000000000e+00
4.212314486503601074e-01 8.610641956329345703e-01 2.552574872970581055e-02 3.479707241058349609e-02 8.873516917228698730e-01 5.774971842765808105e-01 5.841834545135498047e-01 1.450256109237670898e-01 1.786786317825317383e-02 0.000000000000000000e+00 0.000000000000000000e+00 0.000000000000000000e+00
8.388208746910095215e-01 4.332803487777709961e-01 1.212427020072937012e-01 9.120046496391296387e-01 3.971027135848999023e-01 7.429639101028442383e-01 4.365835785865783691e-01 8.201672434806823730e-01 9.249043464660644531e-02 0.000000000000000000e+00 0.000000000000000000e+00 0.000000000000000000e+00
8.555110096931457520e-01 2.976468801498413086e-01 5.669611692428588867e-02 6.968694329261779785e-01 7.956554889678955078e-01 9.828377962112426758e-01 4.697750210762023926e-01 7.842856049537658691e-01 2.097244858741760254e-01 0.000000000000000000e+00 0.000000000000000000e+00 0.000000000000000000e+00
9.432227611541748047e-01 4.571041464805603027e-01 5.521098971366882324e-01 6.942957639694213867e-01 6.296788454055786133e-01 5.981326103210449219e-02 4.835394024848937988e-01 1.487200856208801270e-01 4.009892940521240234e-01 1.000000000000000000e+00 0.000000000000000000e+00 0.000000000000000000e+00
8.373104929924011230e-01 7.571998238563537598e-01 5.093902945518493652e-01 3.911910057067871094e-01 9.655070900917053223e-01 3.949809074401855469e-02 4.331192374229431152e-01 1.125945448875427246e-01 1.820564270019531250e-03 0.000000000000000000e+00 0.000000000000000000e+00 0.000000000000000000e+00
3.407879769802093506e-01 8.295540809631347656e-01 9.873276948928833008e-02 2.375220060348510742e-01 2.889583706855773926e-01 1.979625225067138672e-02 6.531454920768737793e-01 2.140571475028991699e-01 5.796237587928771973e-01 0.000000000000000000e+00 0.000000000000000000e+00 0.000000000000000000e+00
9.403732419013977051e-01 2.148833870887756348e-01 1.513682007789611816e-01 6.428132057189941406e-01 8.403292894363403320e-01 5.807411074638366699e-01 5.020580291748046875e-01 8.365936279296875000e-01 9.348437190055847168e-01 0.000000000000000000e+00 0.000000000000000000e+00 0.000000000000000000e+00
8.911049365997314453e-01 3.787545561790466309e-01 8.695323467254638672e-01 4.307948946952819824e-01 4.132675528526306152e-01 4.198449254035949707e-01 8.947568535804748535e-01 5.201002359390258789e-01 3.616241216659545898e-01 0.000000000000000000e+00 0.000000000000000000e+00 0.000000000000000000e+00
9.473038911819458008e-01 4.408531188964843750e-01 7.096840143203735352e-01 7.179907560348510742e-01 8.149032592773437500e-01 7.384425401687622070e-02 5.340685844421386719e-01 7.487261891365051270e-01 4.139552116394042969e-01 0.000000000000000000e+00 0.000000000000000000e+00 0.000000000000000000e+00
1.738049685955047607e-01 3.761274814605712891e-01 3.552218675613403320e-01 2.089653015136718750e-01 4.345239400863647461e-01 3.086052536964416504e-01 9.387618899345397949e-01 5.314830541610717773e-01 9.994220733642578125e-02 0.000000000000000000e+00 0.000000000000000000e+00 0.000000000000000000e+00
7.588312625885009766e-01 5.600302219390869141e-01 6.701045632362365723e-01 3.377467393875122070e-01 9.829435944557189941e-01 5.857573747634887695e-01 4.949246644973754883e-01 5.323053598403930664e-01 4.104951620101928711e-01 0.000000000000000000e+00 0.000000000000000000e+00 0.000000000000000000e+00
5.148572921752929688e-01 2.111743092536926270e-01 6.538823246955871582e-01 1.445068120956420898e-01 5.730038285255432129e-01 9.035588502883911133e-01 6.589204668998718262e-01 1.902178525924682617e-01 4.639546871185302734e-01 0.000000000000000000e+00 1.000000000000000000e+00 0.000000000000000000e+00
3.705311119556427002e-01 3.427483439445495605e-01 6.704396009445190430e-02 2.998899817466735840e-01 6.961039304733276367e-01 4.612101316452026367e-01 7.031172513961791992e-01 7.083435058593750000e-01 2.325559258460998535e-01 1.000000000000000000e+00 0.000000000000000000e+00 0.000000000000000000e+00
2.348344624042510986e-01 2.193608283996582031e-01 5.943292379379272461e-02 1.967308521270751953e-01 6.090404987335205078e-01 8.707520961761474609e-01 5.673748254776000977e-02 2.853661179542541504e-01 3.581290841102600098e-01 1.000000000000000000e+00 1.000000000000000000e+00 1.000000000000000000e+00
6.356301307678222656e-01 3.887965083122253418e-01 5.102027654647827148e-01 6.743988394737243652e-01 1.959171295166015625e-01 4.257661104202270508e-01 8.879662156105041504e-01 5.596106648445129395e-01 5.574119091033935547e-02 1.000000000000000000e+00 0.000000000000000000e+00 0.000000000000000000e+00
9.736375808715820312e-01 1.145693659782409668e-01 6.918932199478149414e-01 8.307752609252929688e-01 6.949824094772338867e-02 1.007561087608337402e-01 9.894767403602600098e-01 5.674842596054077148e-01 2.654135823249816895e-01 0.000000000000000000e+00 0.000000000000000000e+00 0.000000000000000000e+00
9.777389168739318848e-01 7.589715719223022461e-02 5.360711812973022461e-01 6.669403910636901855e-01 9.570431709289550781e-01 8.427729606628417969e-01 2.076414227485656738e-01 9.050958752632141113e-01 6.621156930923461914e-01 1.000000000000000000e+00 0.000000000000000000e+00 0.000000000000000000e+00
8.007458448410034180e-01 1.912479996681213379e-01 6.955578923225402832e-01 1.922562122344970703e-01 3.532773256301879883e-02 1.432209610939025879e-01 6.827918291091918945e-01 5.998607873916625977e-01 2.094626426696777344e-03 0.000000000000000000e+00 0.000000000000000000e+00 0.000000000000000000e+00
4.221375584602355957e-01 6.758847832679748535e-01 6.293001174926757812e-01 1.645891666412353516e-01 5.969230532646179199e-01 1.425009965896606445e-01 6.907247304916381836e-01 1.712781190872192383e-02 1.250849366188049316e-01 1.000000000000000000e+00 1.000000000000000000e+00 1.000000000000000000e+00
1.931172013282775879e-01 1.963362097740173340e-01 2.272367477416992188e-02 2.302608489990234375e-01 9.172325134277343750e-01 3.459778428077697754e-01 7.839588522911071777e-01 8.321376442909240723e-01 2.332711219787597656e-01 0.000000000000000000e+00 0.000000000000000000e+00 0.000000000000000000e+00
8.934295773506164551e-01 2.132728099822998047e-01 8.335557579994201660e-01 1.481477022171020508e-01 5.410066843032836914e-01 2.639591693878173828e-01 6.503013968467712402e-01 1.935119032859802246e-01 8.582609891891479492e-01 0.000000000000000000e+00 0.000000000000000000e+00 0.000000000000000000e+00
2.550501525402069092e-01 3.924667835235595703e-02 2.541449069976806641e-01 1.750119328498840332e-01 5.675361156463623047e-01 1.506198048591613770e-01 9.274898767471313477e-01 4.001727700233459473e-01 6.809424757957458496e-01 0.000000000000000000e+00 0.000000000000000000e+00 0.000000000000000000e+00
5.002956390380859375e-01 6.707281470298767090e-01 5.524677038192749023e-02 7.033811211585998535e-01 1.703789830207824707e-01 3.543477058410644531e-01 8.167934417724609375e-02 7.454826831817626953e-01 4.802237153053283691e-01 0.000000000000000000e+00 0.000000000000000000e+00 0.000000000000000000e+00
9.298426508903503418e-01 1.313021183013916016e-01 8.035957813262939453e-01 3.853513002395629883e-01 6.064950227737426758e-01 2.921317815780639648e-01 2.907669544219970703e-01 7.353699207305908203e-01 8.272922039031982422e-02 0.000000000000000000e+00 1.000000000000000000e+00 0.000000000000000000e+00
6.825594305992126465e-01 6.904210448265075684e-01 1.850392818450927734e-01 7.013961076736450195e-01 6.646616458892822266e-01 4.737204909324645996e-01 8.707623481750488281e-01 7.877202630043029785e-01 5.014679431915283203e-01 0.000000000000000000e+00 0.000000000000000000e+00 0.000000000000000000e+00
8.033878803253173828e-01 4.042553901672363281e-02 4.851694703102111816e-01 5.484802126884460449e-01 5.431848168373107910e-01 1.156332492828369141e-01 9.105710983276367188e-01 6.540293097496032715e-01 4.980714917182922363e-01 0.000000000000000000e+00 0.000000000000000000e+00 0.000000000000000000e+00
9.699740409851074219e-01 6.373815536499023438e-01 8.806551098823547363e-01 7.570750713348388672e-01 9.980276823043823242e-01 4.780411720275878906e-01 4.273498654365539551e-01 3.441427946090698242e-01 3.335989713668823242e-01 0.000000000000000000e+00 0.000000000000000000e+00 0.000000000000000000e+00
6.092166900634765625e-01 5.771836042404174805e-01 8.467682003974914551e-01 5.407185554504394531e-01 3.235155344009399414e-02 3.787369132041931152e-01 7.899051308631896973e-01 1.788470149040222168e-01 1.573276519775390625e-01 0.000000000000000000e+00 1.000000000000000000e+00 0.000000000000000000e+00
3.526081144809722900e-01 4.405656456947326660e-01 3.090558052062988281e-01 3.971554636955261230e-01 1.845522522926330566e-01 1.029402613639831543e-01 7.895959019660949707e-01 6.863129138946533203e-01 7.418390512466430664e-01 1.000000000000000000e+00 0.000000000000000000e+00 0.000000000000000000e+00
9.854068756103515625e-01 1.007162928581237793e-01 7.697416543960571289e-01 6.313924789428710938e-01 5.557656288146972656e-01 3.261275291442871094e-01 9.335440397262573242e-02 1.758716106414794922e-01 1.141932010650634766e-01 0.000000000000000000e+00 0.000000000000000000e+00 0.000000000000000000e+00
7.480666041374206543e-01 4.791504740715026855e-01 9.083544015884399414e-01 1.001805067062377930e-02 1.675945520401000977e-01 4.089232683181762695e-01 8.294587731361389160e-01 8.699953556060791016e-01 2.033242583274841309e-01 0.000000000000000000e+00 1.000000000000000000e+00 0.000000000000000000e+00
7.459968328475952148e-01 1.207951307296752930e-01 6.007364988327026367e-01 8.889299631118774414e-02 1.977257728576660156e-01 4.640865325927734375e-02 7.576301693916320801e-01 4.416038393974304199e-01 9.197742938995361328e-01 0.000000000000000000e+00 0.000000000000000000e+00 0.000000000000000000e+00
2.263480275869369507e-01 1.562124490737915039e-02 2.897095084190368652e-01 1.579900383949279785e-01 1.967164278030395508e-01 5.689873695373535156e-01 6.957490444183349609e-01 9.226065874099731445e-01 6.955530643463134766e-01 1.000000000000000000e+00 0.000000000000000000e+00 0.000000000000000000e+00
5.841881036758422852e-01 1.155507564544677734e-01 4.596692919731140137e-01 3.603824973106384277e-01 5.972266197204589844e-01 2.176728248596191406e-01 3.283511996269226074e-01 3.334552049636840820e-01 7.472748756408691406e-01 1.000000000000000000e+00 0.000000000000000000e+00 0.000000000000000000e+00
2.242097258567810059e-01 7.471936345100402832e-01 2.590279579162597656e-01 3.173776865005493164e-01 1.832551360130310059e-01 5.290109515190124512e-01 6.898983120918273926e-01 9.251141548156738281e-01 8.623120188713073730e-01 0.000000000000000000e+00 0.000000000000000000e+00 0.000000000000000000e+00
4.929631352424621582e-01 9.493786692619323730e-01 9.149193167686462402e-01 2.895674705505371094e-01 7.673209905624389648e-01 2.840954065322875977e-01 4.789506196975708008e-01 3.090089559555053711e-02 9.130183458328247070e-01 0.000000000000000000e+00 0.000000000000000000e+00 0.000000000000000000e+00
4.102516472339630127e-01 6.274591088294982910e-01 2.781337499618530273e-02 4.320824146270751953e-01 5.046962499618530273e-01 7.919523715972900391e-01 2.381083965301513672e-01 9.622048139572143555e-01 6.311319470405578613e-01 1.000000000000000000e+00 0.000000000000000000e+00 0.000000000000000000e+00
8.508221507072448730e-01 6.710528135299682617e-01 7.669720649719238281e-01 3.390995264053344727e-01 9.408924579620361328e-01 1.890491843223571777e-01 2.061882615089416504e-01 7.617104053497314453e-01 7.347303628921508789e-01 0.000000000000000000e+00 0.000000000000000000e+00 0.000000000000000000e+00
4.524969756603240967e-01 9.379650354385375977e-01 7.057109475135803223e-01 6.117677688598632812e-01 8.841919898986816406e-02 4.576466679573059082e-01 8.947728872299194336e-01 2.138512134552001953e-01 8.354005217552185059e-01 0.000000000000000000e+00 0.000000000000000000e+00 0.000000000000000000e+00
3.709196150302886963e-01 9.319120049476623535e-01 6.838394403457641602e-01 4.434126615524291992e-01 5.586118102073669434e-01 6.346167922019958496e-01 3.426265716552734375e-02 2.381452918052673340e-01 9.602325558662414551e-01 1.000000000000000000e+00 0.000000000000000000e+00 0.000000000000000000e+00
7.566376924514770508e-01 3.537597656250000000e-01 3.136599063873291016e-02 6.933318972587585449e-01 3.021006584167480469e-01 3.372732400894165039e-01 7.517439126968383789e-01 7.257190346717834473e-01 3.389203548431396484e-01 0.000000000000000000e+00 0.000000000000000000e+00 0.000000000000000000e+00
6.571060419082641602e-01 8.813297748565673828e-01 1.687852144241333008e-01 4.819332957267761230e-01 7.514417171478271484e-01 6.904271841049194336e-01 9.621249437332153320e-01 7.251048088073730469e-01 2.802641391754150391e-01 0.000000000000000000e+00 0.000000000000000000e+00 0.000000000000000000e+00
4.131045639514923096e-01 6.608695983886718750e-01 2.831677794456481934e-01 2.518122196197509766e-01 9.577369093894958496e-01 6.656507253646850586e-01 3.058367967605590820e-02 3.572821021080017090e-01 2.078438401222229004e-01 1.000000000000000000e+00 0.000000000000000000e+00 0.000000000000000000e+00
8.900514841079711914e-01 6.449205279350280762e-01 6.983803510665893555e-01 6.472780108451843262e-01 8.709926605224609375e-01 9.129644036293029785e-01 7.464970350265502930e-01 2.452733516693115234e-01 9.656242728233337402e-01 0.000000000000000000e+00 0.000000000000000000e+00 0.000000000000000000e+00
9.097082614898681641e-01 4.485130310058593750e-01 9.844024777412414551e-01 6.301347613334655762e-01 6.540833115577697754e-01 6.559810638427734375e-01 7.545170187950134277e-01 4.192743301391601562e-01 3.946558237075805664e-01 1.000000000000000000e+00 0.000000000000000000e+00 0.000000000000000000e+00
5.635312795639038086e-01 3.393396139144897461e-01 8.157989978790283203e-01 3.476399779319763184e-01 3.212773799896240234e-02 7.569208145141601562e-01 8.172926306724548340e-01 5.752294659614562988e-01 8.867396712303161621e-01 1.000000000000000000e+00 0.000000000000000000e+00 0.000000000000000000e+00
7.645733356475830078e-01 7.576985955238342285e-01 8.588147163391113281e-01 8.253230452537536621e-01 2.965503931045532227e-01 7.684245705604553223e-01 7.776926755905151367e-01 6.461394429206848145e-01 5.733171105384826660e-01 0.000000000000000000e+00 0.000000000000000000e+00 0.000000000000000000e+00
8.462913036346435547e-01 6.724662780761718750e-01 2.834491133689880371e-01 3.987413644790649414e-01 8.434215784072875977e-01 2.052825689315795898e-01 4.539597630500793457e-01 8.938611149787902832e-01 3.008422255516052246e-01 1.000000000000000000e+00 0.000000000000000000e+00 0.000000000000000000e+00
3.559122681617736816e-01 9.475458860397338867e-01 9.166868925094604492e-01 3.138312697410583496e-01 2.239643931388854980e-01 1.063631176948547363e-01 7.413904070854187012e-01 5.910649895668029785e-01 1.908603310585021973e-01 0.000000000000000000e+00 0.000000000000000000e+00 0.000000000000000000e+00
8.813743591308593750e-01 8.978668451309204102e-01 7.279688119888305664e-02 5.998477339744567871e-01 7.221104502677917480e-01 9.301359057426452637e-01 6.958181262016296387e-01 5.991330146789550781e-01 2.712809443473815918e-01 0.000000000000000000e+00 0.000000000000000000e+00 0.000000000000000000e+00
4.202989935874938965e-01 1.977753043174743652e-01 7.361475229263305664e-01 1.185225844383239746e-01 1.808502078056335449e-01 8.041345477104187012e-01 2.887863516807556152e-01 1.246237158775329590e-01 9.508818984031677246e-01 0.000000000000000000e+00 1.000000000000000000e+00 0.000000000000000000e+00
6.863273978233337402e-01 3.101487755775451660e-01 6.306068301200866699e-01 3.765900135040283203e-01 9.536252617835998535e-01 4.874333739280700684e-01 3.957265615463256836e-01 6.484603881835937500e-01 2.051322460174560547e-01 1.000000000000000000e+00 0.000000000000000000e+00 0.000000000000000000e+00
9.224676489830017090e-01 2.720910310745239258e-01 7.378473281860351562e-01 3.527979850769042969e-01 9.835170507431030273e-01 4.591015577316284180e-01 1.659086942672729492e-01 2.873306274414062500e-01 5.116524696350097656e-01 0.000000000000000000e+00 1.000000000000000000e+00 0.000000000000000000e+00
3.574245274066925049e-01 1.752487421035766602e-01 4.605223536491394043e-01 1.337636709213256836e-01 6.140975356101989746e-01 4.184843897819519043e-01 6.055570840835571289e-01 9.642541408538818359e-02 9.234225153923034668e-01 1.000000000000000000e+00 0.000000000000000000e+00 0.000000000000000000e+00
4.142310619354248047e-01 3.004530072212219238e-01 6.036279201507568359e-01 3.593301773071289062e-01 4.786981940269470215e-01 5.687153935432434082e-01 9.449995756149291992e-01 8.166531324386596680e-01 9.304012656211853027e-01 0.000000000000000000e+00 0.000000000000000000e+00 0.000000000000000000e+00
7.917965650558471680e-01 1.683890819549560547e-01 7.024992108345031738e-01 1.467825174331665039e-01 7.486284971237182617e-01 7.555702924728393555e-01 9.666960239410400391e-01 4.927551746368408203e-02 1.052134037017822266e-01 0.000000000000000000e+00 0.000000000000000000e+00 0.000000000000000000e+00
8.170765638351440430e-01 4.354396462440490723e-01 7.420185208320617676e-01 7.658748030662536621e-01 7.061470746994018555e-01 7.031530141830444336e-01 1.568536162376403809e-01 2.489745616912841797e-02 3.627578616142272949e-01 1.000000000000000000e+00 0.000000000000000000e+00 0.000000000000000000e+00
7.504751086235046387e-01 7.950877547264099121e-01 7.512387037277221680e-01 8.228467702865600586e-01 2.550110816955566406e-01 1.674415469169616699e-01 1.611574292182922363e-01 6.561875343322753906e-04 7.518141865730285645e-01 1.000000000000000000e+00 0.000000000000000000e+00 0.000000000000000000e+00
7.769024372100830078e-01 6.253972053527832031e-01 9.380499720573425293e-01 1.161012053489685059e-01 5.547919869422912598e-01 1.863552927970886230e-01 9.945220947265625000e-01 2.421900033950805664e-01 6.925618648529052734e-02 1.000000000000000000e+00 1.000000000000000000e+00 1.000000000000000000e+00
9.078301191329956055e-01 9.943026304244995117e-02 8.143739104270935059e-01 4.828333854675292969e-02 3.038937449455261230e-01 1.424590945243835449e-01 7.757450938224792480e-01 3.205636739730834961e-01 4.116634130477905273e-01 0.000000000000000000e+00 1.000000000000000000e+00 0.000000000000000000e+00
5.163064002990722656e-01 4.278533458709716797e-01 6.676988601684570312e-01 5.135052800178527832e-01 1.746390461921691895e-01 3.656186461448669434e-01 1.524472832679748535e-01 8.722954392433166504e-01 9.015420675277709961e-01 0.000000000000000000e+00 0.000000000000000000e+00 0.000000000000000000e+00
9.380525350570678711e-01 3.374316692352294922e-01 6.911334991455078125e-01 9.805543422698974609e-01 5.247109532356262207e-01 9.922062158584594727e-01 2.838261723518371582e-01 2.560924291610717773e-01 9.422882199287414551e-01 0.000000000000000000e+00 0.000000000000000000e+00 0.000000000000000000e+00
1.033933460712432861e-01 3.095462918281555176e-01 8.730101585388183594e-02 7.888281345367431641e-02 6.073225736618041992e-01 8.095507025718688965e-01 4.604073762893676758e-01 9.821808934211730957e-01 2.561807036399841309e-01 1.000000000000000000e+00 1.000000000000000000e+00 1.000000000000000000e+00
1.924767196178436279e-01 8.083181381225585938e-01 6.176875233650207520e-01 2.457910776138305664e-02 1.441106200218200684e-01 4.326275587081909180e-01 3.811678886413574219e-01 4.605419039726257324e-01 2.607783675193786621e-01 0.000000000000000000e+00 1.000000000000000000e+00 0.000000000000000000e+00
6.757303476333618164e-01 8.057494759559631348e-01 8.312811255455017090e-01 3.199295401573181152e-01 8.973355293273925781e-01 3.789328932762145996e-01 3.802967071533203125e-02 2.327463626861572266e-01 9.673958420753479004e-01 0.000000000000000000e+00 0.000000000000000000e+00 0.000000000000000000e+00
7.102591395378112793e-01 9.791821837425231934e-01 7.991346120834350586e-01 8.043230175971984863e-01 3.605714440345764160e-01 5.282257199287414551e-01 7.045180797576904297e-01 1.084870100021362305e-01 5.801790356636047363e-01 1.000000000000000000e+00 0.000000000000000000e+00 0.000000000000000000e+00
9.876036643981933594e-01 3.029841780662536621e-01 4.764568209648132324e-01 9.435908198356628418e-01 2.693110108375549316e-01 6.758509874343872070e-01 8.308391571044921875e-01 7.013382315635681152e-01 3.763127326965332031e-01 0.000000000000000000e+00 0.000000000000000000e+00 0.000000000000000000e+00
7.171690464019775391e-01 7.952267527580261230e-01 6.315159797668457031e-01 5.047945380210876465e-01 8.486521244049072266e-01 7.321224808692932129e-01 5.464758872985839844e-01 1.234376430511474609e-02 6.655417084693908691e-01 0.000000000000000000e+00 0.000000000000000000e+00 0.000000000000000000e+00
9.110481739044189453e-01 8.382665514945983887e-01 1.665479540824890137e-01 9.362648725509643555e-01 7.950569391250610352e-01 8.063845634460449219e-01 5.363745093345642090e-01 4.226932525634765625e-01 3.527188301086425781e-01 0.000000000000000000e+00 0.000000000000000000e+00 0.000000000000000000e+00
1.862018704414367676e-01 2.094846367835998535e-01 1.101636886596679688e-01 4.454087615013122559e-01 1.421340107917785645e-01 8.404789566993713379e-01 8.731049299240112305e-02 1.592156887054443359e-01 8.753277063369750977e-01 1.000000000000000000e+00 0.000000000000000000e+00 0.000000000000000000e+00
3.909524977207183838e-01 7.399109601974487305e-01 2.396536469459533691e-01 1.321909427642822266e-01 7.502996921539306641e-01 5.661921501159667969e-01 8.622103333473205566e-01 4.545900821685791016e-01 7.545880675315856934e-01 1.000000000000000000e+00 0.000000000000000000e+00 0.000000000000000000e+00
7.709121704101562500e-01 7.622978687286376953e-01 6.081048250198364258e-01 5.230562090873718262e-01 6.756023764610290527e-01 5.519280433654785156e-01 7.341071367263793945e-01 8.389140367507934570e-01 2.211403846740722656e-01 1.000000000000000000e+00 0.000000000000000000e+00 0.000000000000000000e+00
9.641014337539672852e-01 4.890193939208984375e-01 6.634157896041870117e-01 8.578676581382751465e-01 6.259704828262329102e-01 3.598861694335937500e-01 6.838874816894531250e-01 6.088526248931884766e-01 6.114938855171203613e-01 0.000000000000000000e+00 0.000000000000000000e+00 0.000000000000000000e+00
9.105545878410339355e-01 8.233836889266967773e-01 8.440995216369628906e-02 3.748197555541992188e-01 9.858487844467163086e-01 6.988739967346191406e-02 5.428830981254577637e-01 1.798273324966430664e-01 8.399844169616699219e-01 0.000000000000000000e+00 0.000000000000000000e+00 0.000000000000000000e+00
4.152873754501342773e-01 6.424486041069030762e-01 5.711464881896972656e-01 3.248292207717895508e-02 2.763394713401794434e-01 2.483438849449157715e-01 9.875709414482116699e-01 9.314180612564086914e-01 8.622089028358459473e-01 0.000000000000000000e+00 0.000000000000000000e+00 0.000000000000000000e+00
9.693374037742614746e-01 3.758203983306884766e-02 6.888648867607116699e-01 8.261511325836181641e-01 2.965402007102966309e-01 4.724110364913940430e-01 6.952506899833679199e-01 3.250754475593566895e-01 1.505836248397827148e-01 0.000000000000000000e+00 0.000000000000000000e+00 0.000000000000000000e+00
8.260537981986999512e-01 5.997050404548645020e-01 1.948501467704772949e-01 5.287705063819885254e-01 7.371004819869995117e-01 2.580524682998657227e-01 5.535626411437988281e-02 6.527006626129150391e-02 9.533213973045349121e-01 1.000000000000000000e+00 0.000000000000000000e+00 0.000000000000000000e+00
9.950569868087768555e-01 1.252102255821228027e-01 9.457752704620361328e-01 4.061877131462097168e-01 4.871472716331481934e-01 1.768491864204406738e-01 2.058236002922058105e-01 5.021786689758300781e-02 8.006808757781982422e-01 1.000000000000000000e+00 1.000000000000000000e+00 1.000000000000000000e+00
9.845409393310546875e-01 2.423447370529174805e-02 7.875694036483764648e-01 6.435610055923461914e-01 5.921643376350402832e-01 5.024217963218688965e-01 8.607655763626098633e-02 4.845328927040100098e-01 2.780701518058776855e-01 0.000000000000000000e+00 1.000000000000000000e+00 0.000000000000000000e+00
4.719654321670532227e-01 8.822521567344665527e-01 3.719727993011474609e-01 4.099479317665100098e-01 7.967653870582580566e-01 7.124776244163513184e-01 3.302757740020751953e-01 8.174744248390197754e-01 8.420802950859069824e-01 1.000000000000000000e+00 0.000000000000000000e+00 0.000000000000000000e+00
6.326782107353210449e-01 9.063345193862915039e-01 5.050848126411437988e-01 6.057441234588623047e-01 8.108827471733093262e-01 9.657220244407653809e-01 5.667877793312072754e-01 9.337741732597351074e-01 8.064900040626525879e-01 0.000000000000000000e+00 0.000000000000000000e+00 0.000000000000000000e+00
7.583591341972351074e-01 1.891966462135314941e-01 1.108052730560302734e-01 6.302788257598876953e-01 5.051860809326171875e-01 7.591234445571899414e-01 2.209601998329162598e-01 7.052284479141235352e-01 5.782690644264221191e-01 1.000000000000000000e+00 0.000000000000000000e+00 0.000000000000000000e+00
8.086242079734802246e-01 4.943895936012268066e-01 3.224533796310424805e-02 7.832819223403930664e-01 4.206237792968750000e-01 5.956391096115112305e-01 8.195556998252868652e-01 8.155663013458251953e-01 6.892964839935302734e-01 0.000000000000000000e+00 0.000000000000000000e+00 0.000000000000000000e+00
8.480927944183349609e-01 3.547260761260986328e-01 9.377315044403076172e-01 4.735531210899353027e-01 2.411696910858154297e-01 7.412629723548889160e-01 6.843138933181762695e-01 5.349529981613159180e-01 7.828326225280761719e-01 0.000000000000000000e+00 0.000000000000000000e+00 0.000000000000000000e+00
4.606103003025054932e-01 3.682319521903991699e-01 7.994074225425720215e-01 3.815092444419860840e-01 4.456034898757934570e-01 7.573003768920898438e-01 5.019532442092895508e-01 2.864714860916137695e-01 3.363791108131408691e-01 1.000000000000000000e+00 1.000000000000000000e+00 1.000000000000000000e+00
5.465039610862731934e-01 2.659742832183837891e-01 3.107923865318298340e-01 2.843112945556640625e-01 8.490058779716491699e-01 1.794800758361816406e-01 9.881041646003723145e-01 7.826178073883056641e-01 5.058361291885375977e-01 1.000000000000000000e+00 0.000000000000000000e+00 0.000000000000000000e+00
9.318925738334655762e-01 2.885640263557434082e-01 9.004579186439514160e-01 7.188262343406677246e-01 5.964451432228088379e-01 7.814851403236389160e-01 4.024235010147094727e-01 4.255087971687316895e-01 5.489433407783508301e-01 0.000000000000000000e+00 0.000000000000000000e+00 0.000000000000000000e+00
8.894262909889221191e-01 1.735562086105346680e-02 5.863417983055114746e-01 5.625504851341247559e-01 7.745948433876037598e-01 8.509397506713867188e-01 6.460134983062744141e-01 2.895084619522094727e-01 2.212281823158264160e-01 0.000000000000000000e+00 0.000000000000000000e+00 0.000000000000000000e+00
8.628610521554946899e-02 4.007486104965209961e-01 1.680818200111389160e-01 9.432077407836914062e-03 2.463185191154479980e-01 7.352471351623535156e-03 5.785724520683288574e-01 8.564240336418151855e-01 4.777292013168334961e-01 0.000000000000000000e+00 1.000000000000000000e+00 0.000000000000000000e+00
8.739153146743774414e-01 2.155612111091613770e-01 8.856129050254821777e-01 4.661459326744079590e-01 2.873093485832214355e-01 4.951384067535400391e-01 3.946961164474487305e-01 6.404492855072021484e-01 6.710351705551147461e-01 1.000000000000000000e+00 0.000000000000000000e+00 0.000000000000000000e+00
5.715700387954711914e-01 8.047883510589599609e-01 5.621832609176635742e-02 7.220841646194458008e-01 4.841892719268798828e-01 5.574452280998229980e-01 4.444777965545654297e-02 5.610021948814392090e-01 9.230208992958068848e-01 1.000000000000000000e+00 0.000000000000000000e+00 0.000000000000000000e+00
3.612311482429504395e-01 7.919514179229736328e-01 5.326216816902160645e-01 4.485782980918884277e-01 3.128389716148376465e-01 8.032160401344299316e-01 7.974438667297363281e-01 7.665373682975769043e-01 1.173704862594604492e-01 0.000000000000000000e+00 0.000000000000000000e+00 0.000000000000000000e+00
8.580042719841003418e-01 3.817856311798095703e-01 6.622245311737060547e-01 8.919685482978820801e-01 2.813203334808349609e-01 8.252069950103759766e-01 5.122778415679931641e-01 6.712449789047241211e-01 8.266433477401733398e-01 1.000000000000000000e+00 0.000000000000000000e+00 0.000000000000000000e+00
9.149360060691833496e-01 8.091813921928405762e-01 1.352510452270507812e-01 8.564355373382568359e-01 7.343900799751281738e-01 8.247730731964111328e-01 7.041414976119995117e-01 3.844975233078002930e-01 3.635976314544677734e-01 0.000000000000000000e+00 0.000000000000000000e+00 0.000000000000000000e+00
6.685351729393005371e-01 7.709462046623229980e-01 4.064813256263732910e-01 6.518114805221557617e-01 6.604388356208801270e-01 9.531992673873901367e-02 4.504953026771545410e-01 5.381017923355102539e-01 9.753341674804687500e-01 1.000000000000000000e+00 0.000000000000000000e+00 0.000000000000000000e+00
7.404937744140625000e-01 4.935972690582275391e-01 7.454442977905273438e-01 5.791754722595214844e-01 5.617882013320922852e-01 9.256421923637390137e-01 6.124151349067687988e-01 6.492019891738891602e-01 3.296903371810913086e-01 1.000000000000000000e+00 0.000000000000000000e+00 0.000000000000000000e+00
7.582903504371643066e-01 4.183918237686157227e-01 5.542774200439453125e-01 4.964597821235656738e-01 8.101615905761718750e-01 9.240278005599975586e-01 8.024295568466186523e-01 3.989053368568420410e-01 3.014898300170898438e-01 1.000000000000000000e+00 0.000000000000000000e+00 0.000000000000000000e+00
9.502367973327636719e-01 6.948098540306091309e-01 7.032935023307800293e-01 7.678665518760681152e-01 8.502967357635498047e-01 1.987364292144775391e-01 9.579395055770874023e-01 6.386247873306274414e-01 7.485455870628356934e-01 0.000000000000000000e+00 0.000000000000000000e+00 0.000000000000000000e+00
4.349848628044128418e-01 7.684690952301025391e-01 2.193078994750976562e-01 7.938541769981384277e-01 4.944390058517456055e-02 4.277044534683227539e-01 6.647057533264160156e-01 9.400701522827148438e-01 2.604613900184631348e-01 0.000000000000000000e+00 0.000000000000000000e+00 0.000000000000000000e+00
8.900948166847229004e-01 2.545078992843627930e-01 1.272377967834472656e-01 6.942781209945678711e-01 4.324348568916320801e-01 9.983155131340026855e-01 1.386931538581848145e-01 5.577917098999023438e-01 3.533701896667480469e-01 1.000000000000000000e+00 0.000000000000000000e+00 0.000000000000000000e+00
7.678081393241882324e-01 3.718331456184387207e-01 7.180983424186706543e-01 5.672116875648498535e-01 4.349499344825744629e-01 3.993254899978637695e-01 1.478548645973205566e-01 4.258839488029479980e-01 7.374786138534545898e-01 1.000000000000000000e+00 0.000000000000000000e+00 0.000000000000000000e+00
3.092385232448577881e-01 5.766728520393371582e-01 2.123584151268005371e-01 3.625534176826477051e-01 1.939768791198730469e-01 7.738497853279113770e-01 2.183181047439575195e-01 5.105747580528259277e-01 8.080914020538330078e-01 0.000000000000000000e+00 1.000000000000000000e+00 0.000000000000000000e+00
3.940693140029907227e-01 4.570496678352355957e-01 8.140939474105834961e-02 2.246571779251098633e-01 8.437615633010864258e-01 9.312115907669067383e-01 8.639041185379028320e-01 4.665153026580810547e-01 3.694071769714355469e-01 0.000000000000000000e+00 0.000000000000000000e+00 0.000000000000000000e+00
3.522100746631622314e-01 9.723775982856750488e-01 8.787958025932312012e-01 1.940547227859497070e-01 4.850082993507385254e-01 7.014487385749816895e-01 8.251523971557617188e-02 7.386801242828369141e-01 1.241137385368347168e-01 0.000000000000000000e+00 1.000000000000000000e+00 0.000000000000000000e+00
4.285690784454345703e-01 9.590233564376831055e-01 4.122990369796752930e-01 5.206131339073181152e-01 7.560360431671142578e-02 1.120918989181518555e-01 5.670644044876098633e-01 5.630156397819519043e-01 8.488941192626953125e-01 1.000000000000000000e+00 0.000000000000000000e+00 0.000000000000000000e+00
2.781602144241333008e-01 3.549937009811401367e-01 1.555214524269104004e-01 4.673331975936889648e-02 7.114580273628234863e-01 7.565083503723144531e-01 3.762175440788269043e-01 7.401926517486572266e-01 2.217214703559875488e-01 1.000000000000000000e+00 0.000000000000000000e+00 0.000000000000000000e+00
3.411161899566650391e-01 3.632928133010864258e-01 5.587657690048217773e-01 6.183737516403198242e-02 6.071624159812927246e-01 6.862585544586181641e-01 7.194485068321228027e-01 5.194290280342102051e-01 4.913210868835449219e-01 0.000000000000000000e+00 0.000000000000000000e+00 0.000000000000000000e+00
6.836966872215270996e-01 9.776103496551513672e-01 1.311425566673278809e-01 4.408687949180603027e-01 6.260162591934204102e-01 3.636363744735717773e-01 1.412593126296997070e-01 9.564878344535827637e-01 1.540706753730773926e-01 0.000000000000000000e+00 0.000000000000000000e+00 0.000000000000000000e+00
9.741374254226684570e-01 4.024916291236877441e-01 9.390254616737365723e-01 8.325054049491882324e-01 6.548080444335937500e-01 5.136160254478454590e-01 9.623305201530456543e-01 7.589467167854309082e-01 4.205206632614135742e-01 0.000000000000000000e+00 0.000000000000000000e+00 0.000000000000000000e+00
5.154539346694946289e-01 5.060337781906127930e-01 9.974995255470275879e-01 1.088213920593261719e-02 1.499652862548828125e-02 5.295091271400451660e-01 6.120948195457458496e-01 2.569846510887145996e-01 7.205871343612670898e-01 1.000000000000000000e+00 1.000000000000000000e+00 1.000000000000000000e+00
7.262221574783325195e-01 3.782621026039123535e-01 8.182021379470825195e-01 3.780054450035095215e-01 2.715160250663757324e-01 2.331677079200744629e-01 8.409726023674011230e-01 2.206015586853027344e-01 3.853636384010314941e-01 0.000000000000000000e+00 0.000000000000000000e+00 0.000000000000000000e+00
1.292470395565032959e-01 2.248191237449645996e-01 6.210067272186279297e-01 1.269771456718444824e-01 2.223020792007446289e-02 7.546612620353698730e-01 9.196358919143676758e-02 5.276662111282348633e-01 1.289867162704467773e-01 0.000000000000000000e+00 1.000000000000000000e+00 0.000000000000000000e+00
7.894577383995056152e-01 8.235418796539306641e-02 6.155622601509094238e-01 3.693958520889282227e-01 4.169187545776367188e-01 3.247846364974975586e-01 6.250131130218505859e-02 4.362964630126953125e-02 2.621542811393737793e-01 1.000000000000000000e+00 0.000000000000000000e+00 0.000000000000000000e+00
6.018120646476745605e-01 5.806506872177124023e-01 2.530257105827331543e-01 5.695049762725830078e-01 7.530539631843566895e-01 2.736585736274719238e-01 8.742004036903381348e-01 6.881623268127441406e-01 1.539912819862365723e-01 1.000000000000000000e+00 0.000000000000000000e+00 0.000000000000000000e+00
9.944538474082946777e-01 6.894698739051818848e-01 5.615832805633544922e-01 9.964395165443420410e-01 9.396694302558898926e-01 1.421210765838623047e-01 7.846235036849975586e-01 7.587786912918090820e-01 6.009067893028259277e-01 0.000000000000000000e+00 1.000000000000000000e+00 0.000000000000000000e+00
8.122234940528869629e-01 9.507613182067871094e-01 7.740932106971740723e-01 9.018598198890686035e-01 9.260789752006530762e-01 2.823596000671386719e-01 1.114100217819213867e-02 1.675177216529846191e-01 2.405788302421569824e-01 0.000000000000000000e+00 0.000000000000000000e+00 0.000000000000000000e+00
6.785419583320617676e-01 7.874904274940490723e-01 8.502453565597534180e-01 7.019643187522888184e-01 3.958359360694885254e-01 7.928954362869262695e-01 3.753432035446166992e-01 7.429122924804687500e-02 8.834597468376159668e-01 1.000000000000000000e+00 0.000000000000000000e+00 0.000000000000000000e+00
5.673996806144714355e-01 8.313208222389221191e-01 4.197230339050292969e-01 9.320232272148132324e-01 7.906240224838256836e-02 2.868663668632507324e-01 9.661465287208557129e-01 2.975986599922180176e-01 1.228209137916564941e-01 1.000000000000000000e+00 1.000000000000000000e+00 1.000000000000000000e+00
3.207968175411224365e-01 4.503562450408935547e-01 8.343994021415710449e-01 6.209194660186767578e-03 3.064992427825927734e-01 6.357558369636535645e-01 8.878993988037109375e-02 2.558802366256713867e-01 9.319679737091064453e-01 0.000000000000000000e+00 1.000000000000000000e+00 0.000000000000000000e+00
5.479171276092529297e-01 8.947723507881164551e-01 2.532039284706115723e-01 5.660868883132934570e-01 2.413523793220520020e-01 3.691549301147460938e-01 6.355051994323730469e-01 6.690896749496459961e-01 2.208307981491088867e-01 0.000000000000000000e+00 0.000000000000000000e+00 0.000000000000000000e+00
9.954948425292968750e-01 1.206344962120056152e-01 1.686065793037414551e-01 7.903857827186584473e-01 7.187922596931457520e-01 1.365602016448974609e-01 3.976936340332031250e-01 9.686082601547241211e-02 2.030128240585327148e-02 0.000000000000000000e+00 0.000000000000000000e+00 0.000000000000000000e+00
6.453058123588562012e-01 3.388087153434753418e-01 6.646220088005065918e-01 1.238066554069519043e-01 8.336994051933288574e-01 7.348978519439697266e-01 2.397325634956359863e-01 7.832545638084411621e-01 3.384668231010437012e-01 1.000000000000000000e+00 0.000000000000000000e+00 0.000000000000000000e+00
9.823998212814331055e-01 2.181308269500732422e-01 6.574023365974426270e-01 7.518677115440368652e-01 9.783455729484558105e-01 5.589020848274230957e-01 6.175789833068847656e-01 9.212940335273742676e-01 4.572029113769531250e-01 0.000000000000000000e+00 0.000000000000000000e+00 0.000000000000000000e+00
6.876329183578491211e-01 4.477475285530090332e-01 3.236998915672302246e-01 6.054905056953430176e-01 6.501924395561218262e-01 8.994021415710449219e-01 1.333731412887573242e-02 2.952126264572143555e-01 3.703355789184570312e-02 0.000000000000000000e+00 0.000000000000000000e+00 0.000000000000000000e+00
9.448360800743103027e-01 3.737085461616516113e-01 1.806518435478210449e-01 7.742287516593933105e-01 9.134895205497741699e-01 5.724913477897644043e-01 5.119162201881408691e-01 2.185047864913940430e-01 4.442977905273437500e-01 0.000000000000000000e+00 1.000000000000000000e+00 0.000000000000000000e+00
9.912292957305908203e-01 2.805994153022766113e-01 2.044144868850708008e-01 9.727067351341247559e-01 5.651615262031555176e-01 4.121900796890258789e-01 1.350378394126892090e-01 3.726435303688049316e-01 8.949235677719116211e-01 0.000000000000000000e+00 1.000000000000000000e+00 0.000000000000000000e+00
9.942532181739807129e-01 3.219814300537109375e-01 7.096568346023559570e-01 9.081953763961791992e-01 7.777473330497741699e-01 2.728229761123657227e-01 8.982943296432495117e-01 7.318528890609741211e-01 3.302404880523681641e-01 0.000000000000000000e+00 0.000000000000000000e+00 0.000000000000000000e+00
9.983980059623718262e-01 6.332927942276000977e-02 5.262243747711181641e-02 9.276271462440490723e-01 9.722257256507873535e-01 6.645572185516357422e-01 5.667382478713989258e-01 6.947596073150634766e-01 9.947438836097717285e-01 0.000000000000000000e+00 1.000000000000000000e+00 0.000000000000000000e+00
8.846141099929809570e-01 3.274031877517700195e-01 8.604554533958435059e-01 8.804560303688049316e-01 1.668748855590820312e-01 8.113494515419006348e-01 9.889810085296630859e-01 8.639115095138549805e-02 5.004464983940124512e-01 0.000000000000000000e+00 0.000000000000000000e+00 0.000000000000000000e+00
9.811355471611022949e-01 3.185126185417175293e-01 6.906231045722961426e-01 8.627586364746093750e-01 1.683024168014526367e-01 8.391219377517700195e-02 4.098433256149291992e-01 9.299980401992797852e-01 6.457728147506713867e-02 0.000000000000000000e+00 1.000000000000000000e+00 0.000000000000000000e+00
5.717844963073730469e-01 9.545206427574157715e-01 4.421094655990600586e-01 7.590065002441406250e-01 5.092110633850097656e-01 6.805253624916076660e-01 8.456474542617797852e-01 8.181835412979125977e-01 2.454290390014648438e-01 1.000000000000000000e+00 0.000000000000000000e+00 0.000000000000000000e+00
5.480004549026489258e-01 4.803192019462585449e-01 9.492274522781372070e-01 1.651402115821838379e-01 4.770638346672058105e-01 9.395869970321655273e-01 2.458776831626892090e-01 1.672388911247253418e-01 6.565407514572143555e-01 1.000000000000000000e+00 0.000000000000000000e+00 0.000000000000000000e+00
1.534688770771026611e-01 2.742731571197509766e-02 3.684791922569274902e-01 4.580861330032348633e-02 6.346416473388671875e-02 7.754012942314147949e-01 1.733314990997314453e-01 1.462363004684448242e-01 4.219175577163696289e-01 0.000000000000000000e+00 0.000000000000000000e+00 0.000000000000000000e+00
9.856157302856445312e-01 5.262850522994995117e-01 8.776403665542602539e-01 9.711985588073730469e-01 7.506396174430847168e-01 5.770319700241088867e-01 5.053824186325073242e-01 6.111794710159301758e-02 2.245873808860778809e-01 1.000000000000000000e+00 1.000000000000000000e+00 1.000000000000000000e+00
9.704110622406005859e-01 2.847861647605895996e-01 6.781656742095947266e-01 4.638820886611938477e-01 9.956560134887695312e-01 6.747946143150329590e-01 2.764489054679870605e-01 7.489649653434753418e-01 4.772219657897949219e-01 0.000000000000000000e+00 0.000000000000000000e+00 0.000000000000000000e+00
5.810908675193786621e-01 6.025335788726806641e-01 7.754439711570739746e-01 6.033480167388916016e-02 6.806837916374206543e-01 5.134561657905578613e-01 5.532286763191223145e-01 9.751408100128173828e-01 2.591533064842224121e-01 0.000000000000000000e+00 0.000000000000000000e+00 0.000000000000000000e+00
7.018677592277526855e-01 2.691679000854492188e-01 7.302021980285644531e-01 2.156842947006225586e-01 1.439184546470642090e-01 6.670153141021728516e-01 7.219421863555908203e-01 4.198044538497924805e-01 4.766473174095153809e-01 0.000000000000000000e+00 1.000000000000000000e+00 0.000000000000000000e+00
1.077044904232025146e-01 2.225255966186523438e-01 1.620180010795593262e-01 9.651422500610351562e-03 3.782299160957336426e-01 8.580701947212219238e-01 2.121049165725708008e-01 7.195333242416381836e-01 1.560454964637756348e-01 0.000000000000000000e+00 1.000000000000000000e+00 0.000000000000000000e+00
4.161066114902496338e-01 8.090548515319824219e-01 7.003618478775024414e-01 1.861033439636230469e-01 6.073736548423767090e-01 3.796954751014709473e-01 8.142517805099487305e-01 1.498025655746459961e-01 2.854570746421813965e-01 0.000000000000000000e+00 0.000000000000000000e+00 0.000000000000000000e+00
8.673626780509948730e-01 8.742625117301940918e-01 9.952890872955322266e-02 8.532221913337707520e-01 9.457338452339172363e-01 7.734788060188293457e-01 5.543157458305358887e-01 5.914958715438842773e-01 3.475168347358703613e-01 0.000000000000000000e+00 0.000000000000000000e+00 0.000000000000000000e+00
4.903579354286193848e-01 2.891534566879272461e-02 6.181448698043823242e-01 8.524209260940551758e-02 5.536097288131713867e-02 8.191943764686584473e-01 6.520985960960388184e-01 8.648285865783691406e-01 2.004174590110778809e-01 1.000000000000000000e+00 0.000000000000000000e+00 0.000000000000000000e+00
6.937840580940246582e-01 4.103743433952331543e-01 4.746448397636413574e-01 5.732393264770507812e-02 6.074168682098388672e-01 8.777976036071777344e-04 3.507295846939086914e-01 9.188090562820434570e-01 9.802337288856506348e-01 0.000000000000000000e+00 0.000000000000000000e+00 0.000000000000000000e+00
3.276002407073974609e-01 6.050441861152648926e-01 1.426061987876892090e-01 3.875297904014587402e-01 5.723221302032470703e-01 5.001862645149230957e-01 5.252528786659240723e-01 2.245270013809204102e-01 4.081586003303527832e-01 0.000000000000000000e+00 0.000000000000000000e+00 0.000000000000000000e+00
8.039692640304565430e-01 9.797304868698120117e-01 1.770480275154113770e-01 9.440324306488037109e-01 3.712409138679504395e-01 3.578263521194458008e-01 5.668887495994567871e-01 1.261580586433410645e-01 6.125585436820983887e-01 0.000000000000000000e+00 0.000000000000000000e+00 0.000000000000000000e+00
9.438760876655578613e-01 1.773481965065002441e-01 7.134174704551696777e-01 4.158999323844909668e-01 7.396731376647949219e-01 2.196184396743774414e-01 8.968599438667297363e-01 8.678216338157653809e-01 5.622792243957519531e-01 0.000000000000000000e+00 0.000000000000000000e+00 0.000000000000000000e+00
5.938271880149841309e-01 8.753120303153991699e-01 7.803983688354492188e-01 6.551627516746520996e-01 6.175857782363891602e-01 3.803350329399108887e-01 6.400980949401855469e-01 2.553904056549072266e-02 5.072739720344543457e-01 0.000000000000000000e+00 0.000000000000000000e+00 0.000000000000000000e+00
3.250796794891357422e-01 2.461457252502441406e-01 1.937861442565917969e-01 6.927978992462158203e-01 1.774567365646362305e-02 8.970849514007568359e-01 4.387947916984558105e-01 8.930500149726867676e-01 4.310510158538818359e-01 0.000000000000000000e+00 0.000000000000000000e+00 0.000000000000000000e+00
2.992496453225612640e-02 1.639670133590698242e-02 4.322737455368041992e-02 1.253111958503723145e-01 2.052384018898010254e-01 6.470221281051635742e-02 4.710109829902648926e-01 2.208541035652160645e-01 5.085758566856384277e-01 0.000000000000000000e+00 0.000000000000000000e+00 0.000000000000000000e+00
5.229221582412719727e-01 7.105689048767089844e-01 3.551220297813415527e-01 8.388443589210510254e-01 1.292285323143005371e-01 4.321755766868591309e-01 8.083242177963256836e-01 2.589450478553771973e-01 3.791034221649169922e-03 0.000000000000000000e+00 0.000000000000000000e+00 0.000000000000000000e+00
9.342751502990722656e-01 3.260350227355957031e-01 3.395460247993469238e-01 8.283297419548034668e-01 4.944258928298950195e-01 6.191474199295043945e-01 3.189516067504882812e-02 5.316242575645446777e-01 3.920865058898925781e-02 0.000000000000000000e+00 0.000000000000000000e+00 0.000000000000000000e+00
9.751715660095214844e-01 1.384164094924926758e-01 6.552772521972656250e-01 6.993342041969299316e-01 7.494706511497497559e-01 5.727734565734863281e-01 1.101723909378051758e-01 8.588511347770690918e-01 6.382316350936889648e-02 0.000000000000000000e+00 0.000000000000000000e+00 0.000000000000000000e+00
3.590200841426849365e-01 7.739391326904296875e-01 1.098761558532714844e-01 7.358524799346923828e-01 3.714367151260375977e-01 6.851768493652343750e-01 4.772622585296630859e-01 9.913805723190307617e-01 6.159367561340332031e-01 1.000000000000000000e+00 0.000000000000000000e+00 0.000000000000000000e+00
9.979509711265563965e-01 4.977663755416870117e-01 3.343553543090820312e-01 9.574217200279235840e-01 9.428585767745971680e-01 1.233431100845336914e-01 3.473271131515502930e-01 5.677989125251770020e-01 7.925988435745239258e-01 0.000000000000000000e+00 1.000000000000000000e+00 0.000000000000000000e+00
8.396555185317993164e-01 4.601346850395202637e-01 1.356968879699707031e-01 7.487117648124694824e-01 1.594480872154235840e-01 6.892850399017333984e-01 6.754171848297119141e-01 3.648952841758728027e-01 1.315685510635375977e-01 0.000000000000000000e+00 0.000000000000000000e+00 0.000000000000000000e+00
3.723623156547546387e-01 4.985987544059753418e-01 7.450029850006103516e-01 3.305135369300842285e-01 1.902319192886352539e-01 6.018115282058715820e-01 2.636484503746032715e-01 6.035264134407043457e-01 9.829536080360412598e-01 0.000000000000000000e+00 0.000000000000000000e+00 0.000000000000000000e+00
9.457214474678039551e-01 9.560505151748657227e-01 6.434410810470581055e-01 9.434254765510559082e-01 8.306871652603149414e-01 8.878207206726074219e-02 6.797637939453125000e-01 6.323326230049133301e-01 4.795455336570739746e-01 0.000000000000000000e+00 0.000000000000000000e+00 0.000000000000000000e+00
8.139248490333557129e-01 9.334638714790344238e-01 9.055285453796386719e-01 9.815441966056823730e-01 2.123423218727111816e-01 6.111347675323486328e-01 7.220796942710876465e-01 9.759180545806884766e-01 2.627984881401062012e-01 0.000000000000000000e+00 1.000000000000000000e+00 0.000000000000000000e+00
4.078165292739868164e-01 3.172309398651123047e-01 3.735584020614624023e-01 4.229510426521301270e-01 4.106934666633605957e-01 9.031429886817932129e-01 3.752539753913879395e-01 5.222155451774597168e-01 3.019340038299560547e-01 0.000000000000000000e+00 0.000000000000000000e+00 0.000000000000000000e+00
3.946419656276702881e-01 7.305824756622314453e-01 2.807138562202453613e-01 9.123210310935974121e-01 6.078958511352539062e-03 6.434053182601928711e-01 5.526529550552368164e-01 8.862340450286865234e-01 6.620407104492187500e-03 0.000000000000000000e+00 1.000000000000000000e+00 0.000000000000000000e+00
6.780361533164978027e-01 5.483490824699401855e-01 2.760645747184753418e-01 2.418216466903686523e-01 7.285446524620056152e-01 2.591245770454406738e-01 2.859950661659240723e-01 4.685968160629272461e-02 9.373821616172790527e-01 0.000000000000000000e+00 1.000000000000000000e+00 0.000000000000000000e+00
1.538683623075485229e-01 9.684789180755615234e-01 1.629961729049682617e-01 9.369492530822753906e-02 2.579027414321899414e-01 4.418473839759826660e-01 3.809471726417541504e-01 3.864391446113586426e-01 6.005277633666992188e-01 1.000000000000000000e+00 1.000000000000000000e+00 1.000000000000000000e+00
3.393113240599632263e-02 2.499005794525146484e-01 6.459957361221313477e-02 5.070853233337402344e-02 3.421741724014282227e-02 2.602832317352294922e-01 4.837148189544677734e-01 9.377861022949218750e-01 4.611660838127136230e-01 1.000000000000000000e+00 1.000000000000000000e+00 1.000000000000000000e+00
4.522686302661895752e-01 9.243417978286743164e-01 7.213771939277648926e-01 7.672520875930786133e-01 3.081651329994201660e-01 6.415659189224243164e-01 8.374291658401489258e-02 1.068632602691650391e-01 5.973728895187377930e-01 1.000000000000000000e+00 0.000000000000000000e+00 0.000000000000000000e+00
9.562203288078308105e-01 3.216657042503356934e-01 2.619652152061462402e-01 6.099966168403625488e-01 9.886952638626098633e-01 2.229540348052978516e-01 5.246112942695617676e-01 2.472889423370361328e-02 2.477028369903564453e-01 0.000000000000000000e+00 0.000000000000000000e+00 0.000000000000000000e+00
6.851587295532226562e-01 2.378959059715270996e-01 3.467932939529418945e-01 4.108880758285522461e-01 7.920017838478088379e-01 2.717311978340148926e-01 1.234963536262512207e-01 2.770241498947143555e-01 2.790951728820800781e-01 0.000000000000000000e+00 0.000000000000000000e+00 0.000000000000000000e+00
3.236682415008544922e-01 6.403352022171020508e-01 4.748860001564025879e-01 3.085392117500305176e-01 1.382621526718139648e-01 2.183175683021545410e-01 7.589018344879150391e-02 4.996604919433593750e-01 9.252607226371765137e-01 0.000000000000000000e+00 0.000000000000000000e+00 0.000000000000000000e+00
4.585376977920532227e-01 6.346513628959655762e-01 1.025387048721313477e-01 5.571169853210449219e-01 6.310597062110900879e-01 4.474048614501953125e-01 6.992766857147216797e-01 6.598514318466186523e-01 2.128229737281799316e-01 1.000000000000000000e+00 0.000000000000000000e+00 0.000000000000000000e+00
9.257747530937194824e-01 9.347242116928100586e-02 8.407927155494689941e-01 2.491747736930847168e-01 7.081893086433410645e-01 8.740859031677246094e-01 7.271450757980346680e-01 9.100756645202636719e-01 4.291480779647827148e-02 0.000000000000000000e+00 0.000000000000000000e+00 0.000000000000000000e+00
2.107585817575454712e-01 7.035586833953857422e-01 2.070804238319396973e-01 1.222509145736694336e-02 4.396295547485351562e-01 3.391357064247131348e-01 5.046640038490295410e-01 3.052936196327209473e-01 2.949742674827575684e-01 1.000000000000000000e+00 1.000000000000000000e+00 1.000000000000000000e+00
9.154508113861083984e-01 7.385019063949584961e-01 9.929066300392150879e-01 9.282059073448181152e-01 7.199894189834594727e-01 4.561229944229125977e-01 4.513959288597106934e-01 4.106948971748352051e-01 3.745776414871215820e-01 0.000000000000000000e+00 0.000000000000000000e+00 0.000000000000000000e+00
7.792344093322753906e-01 3.941912055015563965e-01 6.819108724594116211e-01 5.373362302780151367e-01 6.572630405426025391e-01 1.325319409370422363e-01 1.995702385902404785e-01 5.398102998733520508e-01 5.559762716293334961e-01 1.000000000000000000e+00 0.000000000000000000e+00 0.000000000000000000e+00
9.365068078041076660e-01 5.835803747177124023e-01 7.596594095230102539e-01 6.522483825683593750e-01 5.190992951393127441e-01 2.434075474739074707e-01 2.605682611465454102e-01 3.233110904693603516e-01 9.461075663566589355e-01 1.000000000000000000e+00 0.000000000000000000e+00 0.000000000000000000e+00
6.987020373344421387e-01 7.885916829109191895e-01 5.025441646575927734e-01 5.174160003662109375e-02 8.699533939361572266e-01 5.968084931373596191e-01 4.518695473670959473e-01 5.272187590599060059e-01 9.157494902610778809e-01 0.000000000000000000e+00 0.000000000000000000e+00 0.000000000000000000e+00
6.642404198646545410e-01 7.923659682273864746e-01 7.676512002944946289e-01 2.084115147590637207e-01 8.026744723320007324e-01 2.501544356346130371e-01 4.100504517555236816e-01 7.395612597465515137e-01 9.318378567695617676e-01 0.000000000000000000e+00 0.000000000000000000e+00 0.000000000000000000e+00
5.796394944190979004e-01 2.953792810440063477e-01 7.023094892501831055e-01 3.516244292259216309e-01 9.768152236938476562e-02 9.324358105659484863e-01 1.481322646141052246e-01 1.465257406234741211e-01 5.020743608474731445e-02 1.000000000000000000e+00 0.000000000000000000e+00 0.000000000000000000e+00
9.791085124015808105e-01 3.441957831382751465e-01 3.932659029960632324e-01 8.393974900245666504e-01 6.339347958564758301e-01 8.362622857093811035e-01 1.297497749328613281e-02 9.756361842155456543e-01 9.711058735847473145e-01 0.000000000000000000e+00 0.000000000000000000e+00 0.000000000000000000e+00
9.525606036186218262e-01 3.671329617500305176e-01 7.748334407806396484e-01 6.305956840515136719e-01 7.185277938842773438e-01 6.588075757026672363e-01 1.605663895606994629e-01 9.858907461166381836e-01 1.693496704101562500e-01 0.000000000000000000e+00 0.000000000000000000e+00 0.000000000000000000e+00
4.778788685798645020e-01 6.909629106521606445e-01 7.738834619522094727e-01 7.098792195320129395e-01 4.007356762886047363e-01 8.350561857223510742e-01 4.148181676864624023e-01 8.141201734542846680e-02 3.132176399230957031e-01 1.000000000000000000e+00 0.000000000000000000e+00 0.000000000000000000e+00
9.967755675315856934e-01 1.164048910140991211e-02 5.906950235366821289e-01 9.084234237670898438e-01 4.331146478652954102e-01 3.056466579437255859e-01 6.567505598068237305e-01 8.975141644477844238e-01 1.070427894592285156e-02 0.000000000000000000e+00 0.000000000000000000e+00 0.000000000000000000e+00
5.756853818893432617e-01 2.014793753623962402e-01 7.758173942565917969e-01 9.023684263229370117e-02 2.253520488739013672e-01 9.234692454338073730e-01 1.012844443321228027e-01 8.674600124359130859e-01 7.771986126899719238e-01 0.000000000000000000e+00 0.000000000000000000e+00 0.000000000000000000e+00
1.895661056041717529e-01 3.722034096717834473e-01 1.856771707534790039e-01 1.764381527900695801e-01 4.599449634552001953e-01 7.714337706565856934e-01 9.456431269645690918e-01 5.366022586822509766e-01 8.734097480773925781e-01 0.000000000000000000e+00 1.000000000000000000e+00 0.000000000000000000e+00
6.241099834442138672e-01 6.472797989845275879e-01 9.777906537055969238e-01 6.016339659690856934e-01 2.944474220275878906e-01 9.841512441635131836e-01 4.256325364112854004e-01 4.524773359298706055e-01 3.655952215194702148e-01 0.000000000000000000e+00 0.000000000000000000e+00 0.000000000000000000e+00
9.789261221885681152e-01 1.256919503211975098e-01 9.859474301338195801e-01 8.721598982810974121e-01 7.134212255477905273e-01 8.343039155006408691e-01 5.741837024688720703e-01 6.136301755905151367e-01 7.995573282241821289e-01 0.000000000000000000e+00 0.000000000000000000e+00 0.000000000000000000e+00
7.219222187995910645e-01 8.167712092399597168e-01 2.972258925437927246e-01 8.572631478309631348e-01 3.467701673507690430e-01 4.546172022819519043e-01 3.324499130249023438e-01 8.724116086959838867e-01 2.647461295127868652e-01 0.000000000000000000e+00 0.000000000000000000e+00 0.000000000000000000e+00
9.755597710609436035e-01 3.031146526336669922e-02 3.018088340759277344e-01 6.949835419654846191e-01 3.480797410011291504e-01 7.418789863586425781e-01 5.960536003112792969e-01 5.072690844535827637e-01 9.347920417785644531e-01 0.000000000000000000e+00 0.000000000000000000e+00 0.000000000000000000e+00
6.488218307495117188e-01 8.883661031723022461e-01 1.045078635215759277e-01 7.334550619125366211e-01 1.806724071502685547e-02 1.318134665489196777e-01 5.068742036819458008e-01 5.408388972282409668e-01 9.025149345397949219e-01 1.000000000000000000e+00 0.000000000000000000e+00 0.000000000000000000e+00
8.681963682174682617e-01 2.471194863319396973e-01 2.171869874000549316e-01 5.864821672439575195e-01 6.625417470932006836e-01 3.048940896987915039e-01 1.247072219848632812e-01 2.923576235771179199e-01 9.449326992034912109e-02 0.000000000000000000e+00 1.000000000000000000e+00 0.000000000000000000e+00
2.179103791713714600e-01 9.786149263381958008e-01 1.020604372024536133e-01 2.510101795196533203e-01 2.728519439697265625e-01 4.406601190567016602e-01 9.774345755577087402e-01 2.771924734115600586e-01 6.503431797027587891e-01 0.000000000000000000e+00 0.000000000000000000e+00 0.000000000000000000e+00
6.689946055412292480e-01 2.027150392532348633e-01 5.887016057968139648e-01 8.103710412979125977e-02 8.460673689842224121e-01 3.837390542030334473e-01 2.339771389961242676e-01 7.073174715042114258e-01 5.376354455947875977e-01 1.000000000000000000e+00 0.000000000000000000e+00 0.000000000000000000e+00
9.414872527122497559e-01 2.068650722503662109e-02 9.867221713066101074e-01 7.582128047943115234e-03 6.099451780319213867e-01 7.591453194618225098e-01 3.360303044319152832e-01 5.055849552154541016e-01 4.200018048286437988e-01 0.000000000000000000e+00 0.000000000000000000e+00 0.000000000000000000e+00
7.507039904594421387e-01 7.111395597457885742e-01 4.702045917510986328e-01 2.324082851409912109e-01 9.457108974456787109e-01 3.503535389900207520e-01 3.858875632286071777e-01 7.604795694351196289e-01 1.489615440368652344e-01 1.000000000000000000e+00 0.000000000000000000e+00 0.000000000000000000e+00
9.975876808166503906e-01 4.947996139526367188e-02 8.780931234359741211e-01 9.545626640319824219e-01 9.275213479995727539e-01 5.294911265373229980e-01 9.892463684082031250e-02 1.335049271583557129e-01 5.500840544700622559e-01 0.000000000000000000e+00 1.000000000000000000e+00 0.000000000000000000e+00
9.985058307647705078e-01 1.107012629508972168e-01 2.839418053627014160e-01 8.662517070770263672e-01 9.429492354393005371e-01 4.185031652450561523e-01 7.361060380935668945e-01 7.218414545059204102e-01 7.299687266349792480e-01 0.000000000000000000e+00 0.000000000000000000e+00 0.000000000000000000e+00
2.814172804355621338e-01 8.830689191818237305e-01 7.448979616165161133e-01 2.341461181640625000e-01 1.508747339248657227e-01 1.900155544281005859e-01 5.677751302719116211e-01 5.138781666755676270e-01 3.760886192321777344e-02 0.000000000000000000e+00 1.000000000000000000e+00 0.000000000000000000e+00
9.803547263145446777e-01 4.789140820503234863e-01 5.035573840141296387e-01 8.294969201087951660e-01 6.818134784698486328e-01 1.969157457351684570e-01 3.738844990730285645e-01 9.970865845680236816e-01 5.551044344902038574e-01 0.000000000000000000e+00 0.000000000000000000e+00 0.000000000000000000e+00
1.862186044454574585e-01 8.990824818611145020e-01 7.084106802940368652e-01 3.274530172348022461e-02 7.432973384857177734e-01 6.290574073791503906e-01 7.013805508613586426e-01 8.364026546478271484e-01 1.011215448379516602e-01 0.000000000000000000e+00 0.000000000000000000e+00 0.000000000000000000e+00
9.093249440193176270e-01 8.340971469879150391e-01 3.935228586196899414e-01 9.834790825843811035e-01 5.059983730316162109e-01 5.787106752395629883e-01 6.000560522079467773e-02 9.953461289405822754e-01 8.910036087036132812e-02 0.000000000000000000e+00 1.000000000000000000e+00 0.000000000000000000e+00
2.302686572074890137e-01 9.054185748100280762e-01 7.626491785049438477e-02 3.774871826171875000e-01 1.107130050659179688e-01 8.893042802810668945e-02 6.826105117797851562e-01 4.606296420097351074e-01 4.579218029975891113e-01 1.000000000000000000e+00 1.000000000000000000e+00 1.000000000000000000e+00
9.255234599113464355e-01 1.600414514541625977e-02 6.280233860015869141e-01 3.043813109397888184e-01 5.331469774246215820e-01 9.378242492675781250e-02 1.959250569343566895e-01 5.733969211578369141e-01 7.639893889427185059e-01 1.000000000000000000e+00 0.000000000000000000e+00 0.000000000000000000e+00
6.163594126701354980e-01 7.717021107673645020e-01 2.561474442481994629e-01 6.992589235305786133e-01 3.767159581184387207e-01 6.031627058982849121e-01 1.381151080131530762e-01 8.106001615524291992e-01 6.929589509963989258e-01 0.000000000000000000e+00 0.000000000000000000e+00 0.000000000000000000e+00
8.131343126296997070e-01 9.296836853027343750e-01 2.497060894966125488e-01 2.147362828254699707e-01 7.658958435058593750e-01 1.629624962806701660e-01 7.650270462036132812e-01 7.974935173988342285e-01 6.713777184486389160e-01 0.000000000000000000e+00 0.000000000000000000e+00 0.000000000000000000e+00
7.711753845214843750e-01 9.150397777557373047e-02 6.459158658981323242e-02 4.776722192764282227e-01 6.980461478233337402e-01 2.845761775970458984e-01 6.763508319854736328e-01 4.888103604316711426e-01 3.691319823265075684e-01 0.000000000000000000e+00 0.000000000000000000e+00 0.000000000000000000e+00
9.912121891975402832e-01 5.731999874114990234e-02 5.033516883850097656e-01 6.986194252967834473e-01 7.478723526000976562e-01 2.629039287567138672e-01 9.453756213188171387e-01 2.672830820083618164e-01 8.167528510093688965e-01 0.000000000000000000e+00 1.000000000000000000e+00 0.000000000000000000e+00
8.946635723114013672e-01 4.292448759078979492e-01 9.253734350204467773e-02 7.880906462669372559e-01 6.720830798149108887e-01 7.029411196708679199e-01 3.875474333763122559e-01 6.905791759490966797e-01 3.636541962623596191e-01 0.000000000000000000e+00 1.000000000000000000e+00 0.000000000000000000e+00
8.937832713127136230e-02 1.112389564514160156e-02 2.132872343063354492e-01 3.633618354797363281e-03 1.758182048797607422e-02 7.780196666717529297e-01 3.638870716094970703e-01 2.963903546333312988e-01 1.879293322563171387e-01 0.000000000000000000e+00 0.000000000000000000e+00 0.000000000000000000e+00
8.129510879516601562e-01 6.726217269897460938e-01 9.150349497795104980e-01 6.376716494560241699e-01 3.754734396934509277e-01 1.132333278656005859e-01 8.491677045822143555e-01 7.686780691146850586e-01 6.959726810455322266e-01 0.000000000000000000e+00 0.000000000000000000e+00 0.000000000000000000e+00
6.846136450767517090e-01 8.784997463226318359e-01 3.206399083137512207e-01 1.747717857360839844e-01 7.061510086059570312e-01 3.074215054512023926e-01 8.555961251258850098e-01 9.707683324813842773e-01 2.366796731948852539e-01 0.000000000000000000e+00 0.000000000000000000e+00 0.000000000000000000e+00
5.001068115234375000e-01 3.069751262664794922e-01 7.861065864562988281e-01 3.807914257049560547e-02 6.882618069648742676e-01 7.816967368125915527e-01 6.008904576301574707e-01 1.119987964630126953e-01 9.133984446525573730e-01 0.000000000000000000e+00 0.000000000000000000e+00 0.000000000000000000e+00
9.851019382476806641e-01 4.608747959136962891e-01 5.182462930679321289e-01 9.158546924591064453e-01 1.997175812721252441e-01 1.001423001289367676e-01 1.155182123184204102e-01 5.544978380203247070e-02 8.418222069740295410e-01 0.000000000000000000e+00 0.000000000000000000e+00 0.000000000000000000e+00
9.125470519065856934e-01 7.226110696792602539e-01 9.275802969932556152e-01 6.167579889297485352e-01 9.869843125343322754e-01 3.714872002601623535e-01 9.505182504653930664e-01 5.814778804779052734e-01 3.774615526199340820e-01 0.000000000000000000e+00 0.000000000000000000e+00 0.000000000000000000e+00
2.070994079113006592e-01 4.600607156753540039e-01 4.691671133041381836e-01 4.140985012054443359e-02 2.389932274818420410e-01 3.342316150665283203e-01 1.136235594749450684e-01 6.197027564048767090e-01 2.903386950492858887e-01 0.000000000000000000e+00 0.000000000000000000e+00 0.000000000000000000e+00
7.401528358459472656e-01 2.320249676704406738e-01 5.604478120803833008e-01 6.170153617858886719e-01 3.112372159957885742e-01 6.346220374107360840e-01 8.604314327239990234e-01 4.117441177368164062e-01 9.491046071052551270e-01 0.000000000000000000e+00 0.000000000000000000e+00 0.000000000000000000e+00
9.339991807937622070e-01 5.900685787200927734e-01 1.375927925109863281e-01 9.626761674880981445e-01 7.026916742324829102e-01 7.476442456245422363e-01 6.813858151435852051e-01 7.691329121589660645e-01 9.179642796516418457e-01 0.000000000000000000e+00 0.000000000000000000e+00 0.000000000000000000e+00
6.536164879798889160e-01 7.767285108566284180e-01 7.785177230834960938e-02 8.476262092590332031e-01 3.221925497055053711e-01 3.566470146179199219e-01 4.664953351020812988e-01 1.960070133209228516e-01 6.458770632743835449e-01 1.000000000000000000e+00 0.000000000000000000e+00 0.000000000000000000e+00
9.993663430213928223e-01 5.381155014038085938e-02 5.726854801177978516e-01 9.169181585311889648e-01 7.954379916191101074e-01 8.895325660705566406e-02 2.224447131156921387e-01 5.695223808288574219e-03 5.509757399559020996e-01 0.000000000000000000e+00 0.000000000000000000e+00 0.000000000000000000e+00
5.403726696968078613e-01 1.727054119110107422e-01 4.388471245765686035e-01 2.082052230834960938e-01 8.340591192245483398e-02 4.125747680664062500e-01 2.530736327171325684e-01 8.935050964355468750e-01 7.409545779228210449e-01 0.000000000000000000e+00 0.000000000000000000e+00 0.000000000000000000e+00
4.030939340591430664e-01 5.431713461875915527e-01 2.364492416381835938e-01 5.859293341636657715e-01 3.430926799774169922e-01 8.972334861755371094e-02 7.076035737991333008e-01 2.335361838340759277e-01 6.656471490859985352e-01 0.000000000000000000e+00 0.000000000000000000e+00 0.000000000000000000e+00
8.986232876777648926e-01 6.265832185745239258e-01 2.889897823333740234e-01 9.078941941261291504e-01 3.646407723426818848e-01 3.471356034278869629e-01 3.961158394813537598e-01 9.060471653938293457e-01 8.219960927963256836e-01 0.000000000000000000e+00 0.000000000000000000e+00 0.000000000000000000e+00
4.204028844833374023e-01 3.764864802360534668e-01 1.698073148727416992e-01 3.607168793678283691e-01 3.900687098503112793e-01 2.781051397323608398e-01 1.778132915496826172e-01 4.462083578109741211e-01 8.157821297645568848e-01 0.000000000000000000e+00 1.000000000000000000e+00 0.000000000000000000e+00
7.284485697746276855e-01 7.391585111618041992e-01 8.694910407066345215e-01 8.236262202262878418e-01 1.891099810600280762e-01 5.187202095985412598e-01 3.267723321914672852e-02 2.738591432571411133e-01 1.444640755653381348e-01 0.000000000000000000e+00 0.000000000000000000e+00 0.000000000000000000e+00
7.587242722511291504e-01 6.450114250183105469e-01 6.177824735641479492e-02 4.703295230865478516e-02 9.397526383399963379e-01 1.866132020950317383e-02 2.867307066917419434e-01 9.531880021095275879e-01 6.919271945953369141e-01 1.000000000000000000e+00 0.000000000000000000e+00 0.000000000000000000e+00
6.843507289886474609e-01 7.469941973686218262e-01 4.259786605834960938e-01 4.516371488571166992e-01 8.265124559402465820e-01 2.537530660629272461e-01 2.151557803153991699e-01 3.072804212570190430e-01 4.477127790451049805e-01 1.000000000000000000e+00 0.000000000000000000e+00 0.000000000000000000e+00
8.743271827697753906e-01 2.673620581626892090e-01 8.107296824455261230e-01 4.824451804161071777e-01 7.335895299911499023e-02 2.589643597602844238e-01 7.996097803115844727e-01 1.320348978042602539e-01 5.814613103866577148e-01 0.000000000000000000e+00 0.000000000000000000e+00 0.000000000000000000e+00
9.662120938301086426e-01 1.516917347908020020e-01 4.314175844192504883e-01 9.352498650550842285e-01 3.369562029838562012e-01 7.798888087272644043e-01 3.138561844825744629e-01 9.100400805473327637e-01 9.757509827613830566e-01 0.000000000000000000e+00 0.000000000000000000e+00 0.000000000000000000e+00
9.915627241134643555e-01 5.266678333282470703e-02 4.210672974586486816e-01 8.730811476707458496e-01 4.370912909507751465e-01 5.032612085342407227e-01 7.743161320686340332e-01 8.287997245788574219e-01 9.778907299041748047e-01 0.000000000000000000e+00 0.000000000000000000e+00 0.000000000000000000e+00
9.024964570999145508e-01 3.572328090667724609e-01 9.298612475395202637e-01 6.821666955947875977e-01 8.670160174369812012e-01 8.770942687988281250e-01 5.358635187149047852e-01 8.387103080749511719e-01 4.749959707260131836e-01 0.000000000000000000e+00 0.000000000000000000e+00 0.000000000000000000e+00
9.928026795387268066e-01 1.745939254760742188e-02 3.927655816078186035e-01 8.288717865943908691e-01 2.301491498947143555e-01 1.627994179725646973e-01 5.764760375022888184e-01 9.720419645309448242e-01 8.039370179176330566e-01 0.000000000000000000e+00 0.000000000000000000e+00 0.000000000000000000e+00
9.240719676017761230e-01 9.768728017807006836e-01 6.635690331459045410e-01 9.732559919357299805e-01 5.768526196479797363e-01 3.306365013122558594e-02 8.341014981269836426e-01 6.153215765953063965e-01 9.359803199768066406e-01 0.000000000000000000e+00 0.000000000000000000e+00 0.000000000000000000e+00
2.728408277034759521e-01 6.916845440864562988e-01 2.353963851928710938e-01 2.096551060676574707e-01 5.233175158500671387e-01 6.802971363067626953e-01 9.561113119125366211e-01 7.486162781715393066e-01 5.981279611587524414e-01 0.000000000000000000e+00 0.000000000000000000e+00 0.000000000000000000e+00
7.323840856552124023e-01 9.744640588760375977e-01 5.733031034469604492e-01 8.120393753051757812e-01 5.312816500663757324e-01 5.730956196784973145e-01 5.815860629081726074e-01 6.971651315689086914e-01 6.561415791511535645e-01 1.000000000000000000e+00 0.000000000000000000e+00 0.000000000000000000e+00
9.944446682929992676e-01 3.728702664375305176e-01 6.311737895011901855e-01 9.740536808967590332e-01 7.213884592056274414e-01 5.855435132980346680e-01 1.107317209243774414e-01 9.545840024948120117e-01 2.832800745964050293e-01 0.000000000000000000e+00 0.000000000000000000e+00 0.000000000000000000e+00
9.438956379890441895e-01 5.816692113876342773e-01 4.469727873802185059e-01 8.968472480773925781e-01 7.104975581169128418e-01 5.019969344139099121e-01 5.006107687950134277e-01 2.661409974098205566e-01 4.849857687950134277e-01 0.000000000000000000e+00 1.000000000000000000e+00 0.000000000000000000e+00
8.706694841384887695e-01 8.134154677391052246e-01 2.453404664993286133e-01 8.522021174430847168e-01 7.092787027359008789e-01 1.517096161842346191e-01 4.960144758224487305e-01 3.404375910758972168e-01 6.956607103347778320e-01 0.000000000000000000e+00 0.000000000000000000e+00 0.000000000000000000e+00
5.905695557594299316e-01 4.967181086540222168e-01 8.098986744880676270e-01 2.756369709968566895e-01 9.068948030471801758e-02 4.660308361053466797e-02 3.882570266723632812e-01 6.339491009712219238e-01 3.340752720832824707e-01 0.000000000000000000e+00 1.000000000000000000e+00 0.000000000000000000e+00
8.877850174903869629e-01 2.079700231552124023e-01 6.500820517539978027e-01 3.066148757934570312e-01 5.104418992996215820e-01 2.536814212799072266e-01 2.234807014465332031e-01 9.357718229293823242e-01 4.215681552886962891e-01 0.000000000000000000e+00 0.000000000000000000e+00 0.000000000000000000e+00
8.537886142730712891e-01 7.823761105537414551e-01 3.275066614151000977e-02 6.506429910659790039e-01 8.722595572471618652e-01 8.376559019088745117e-01 3.939817547798156738e-01 9.751478433609008789e-01 4.856964349746704102e-01 0.000000000000000000e+00 0.000000000000000000e+00 0.000000000000000000e+00
5.793207883834838867e-01 5.066859126091003418e-01 6.134775876998901367e-01 6.993035078048706055e-01 3.754619956016540527e-01 7.868308424949645996e-01 2.209637761116027832e-01 2.050763368606567383e-02 3.525925278663635254e-01 0.000000000000000000e+00 1.000000000000000000e+00 0.000000000000000000e+00
5.791499614715576172e-01 1.586050987243652344e-01 1.813696026802062988e-01 3.756815791130065918e-01 6.647225618362426758e-01 8.802734613418579102e-01 1.544696688652038574e-01 4.538627862930297852e-01 5.554872155189514160e-01 1.000000000000000000e+00 1.000000000000000000e+00 1.000000000000000000e+00
6.934213042259216309e-01 6.292495727539062500e-01 9.628993272781372070e-02 7.643225789070129395e-01 2.782562971115112305e-01 9.208207130432128906e-01 2.576929330825805664e-01 2.957570552825927734e-02 7.644098997116088867e-01 1.000000000000000000e+00 0.000000000000000000e+00 0.000000000000000000e+00
9.072018861770629883e-01 5.474236607551574707e-01 1.411195993423461914e-01 7.321189641952514648e-01 9.885371327400207520e-01 1.702935099601745605e-01 4.864501953125000000e-01 7.142352461814880371e-01 2.815637588500976562e-01 0.000000000000000000e+00 0.000000000000000000e+00 0.000000000000000000e+00
9.827776551246643066e-01 3.862037062644958496e-01 2.814018130302429199e-01 8.001470565795898438e-01 8.350234031677246094e-01 1.350003480911254883e-01 6.459461450576782227e-01 3.918430805206298828e-01 3.153724670410156250e-01 0.000000000000000000e+00 1.000000000000000000e+00 0.000000000000000000e+00
3.577154874801635742e-01 9.453359246253967285e-01 6.543920040130615234e-01 9.033024311065673828e-03 7.383868098258972168e-01 7.334068417549133301e-01 2.345748543739318848e-01 8.593690395355224609e-02 2.863397598266601562e-01 0.000000000000000000e+00 0.000000000000000000e+00 0.000000000000000000e+00
9.083379507064819336e-01 5.398283600807189941e-01 6.633920669555664062e-01 5.488957762718200684e-01 6.779853105545043945e-01 5.406157374382019043e-01 5.695580840110778809e-01 1.408882737159729004e-01 8.389331698417663574e-01 0.000000000000000000e+00 0.000000000000000000e+00 0.000000000000000000e+00
9.651748538017272949e-01 7.741850614547729492e-02 9.209918975830078125e-01 6.807845830917358398e-02 4.281534552574157715e-01 1.170244812965393066e-01 1.556289196014404297e-02 8.952891826629638672e-02 3.007615804672241211e-01 0.000000000000000000e+00 1.000000000000000000e+00 0.000000000000000000e+00
7.784144282341003418e-01 6.640630960464477539e-01 3.831680417060852051e-01 7.258228659629821777e-01 8.688023090362548828e-01 7.084313631057739258e-01 2.176444530487060547e-01 3.006849288940429688e-01 7.647385597229003906e-01 1.000000000000000000e+00 0.000000000000000000e+00 0.000000000000000000e+00
9.496791362762451172e-01 4.152472019195556641e-01 8.784145116806030273e-01 5.072847008705139160e-01 8.204703330993652344e-01 2.030017375946044922e-01 7.763972878456115723e-01 7.826255559921264648e-01 2.957675457000732422e-01 0.000000000000000000e+00 0.000000000000000000e+00 0.000000000000000000e+00
9.960552453994750977e-01 2.246793508529663086e-01 9.573886990547180176e-01 8.107979297637939453e-01 8.503995537757873535e-01 2.325218319892883301e-01 9.327297210693359375e-01 6.828742623329162598e-01 7.068029046058654785e-01 1.000000000000000000e+00 0.000000000000000000e+00 0.000000000000000000e+00
2.581333816051483154e-01 4.911552667617797852e-01 5.330627560615539551e-01 9.891450405120849609e-03 2.911970019340515137e-01 2.875171303749084473e-01 9.038220643997192383e-01 3.147101402282714844e-01 2.650437951087951660e-01 0.000000000000000000e+00 0.000000000000000000e+00 0.000000000000000000e+00
9.917749166488647461e-01 4.540360569953918457e-01 9.185159206390380859e-02 9.741758108139038086e-01 7.145252823829650879e-01 8.808338642120361328e-02 7.274205684661865234e-01 6.756690740585327148e-01 7.986316084861755371e-01 0.000000000000000000e+00 0.000000000000000000e+00 0.000000000000000000e+00
9.814283847808837891e-01 2.703446745872497559e-01 4.011691808700561523e-01 9.584615230560302734e-01 4.380440115928649902e-01 5.157271027565002441e-01 9.302954077720642090e-01 5.892109870910644531e-01 7.683410048484802246e-01 0.000000000000000000e+00 0.000000000000000000e+00 0.000000000000000000e+00
1.589695513248443604e-01 9.316899180412292480e-01 1.807075738906860352e-02 3.836807608604431152e-01 3.552728891372680664e-02 8.144770264625549316e-01 7.332115173339843750e-01 7.096751332283020020e-01 8.924633860588073730e-01 0.000000000000000000e+00 0.000000000000000000e+00 0.000000000000000000e+00
4.615053832530975342e-01 7.220553755760192871e-01 4.036519527435302734e-01 7.040727138519287109e-02 6.680094599723815918e-01 7.562958598136901855e-01 2.581623792648315430e-01 8.861059546470642090e-01 4.968054294586181641e-01 0.000000000000000000e+00 0.000000000000000000e+00 0.000000000000000000e+00
2.936064898967742920e-01 4.561812877655029297e-01 1.434398293495178223e-01 8.332377672195434570e-02 3.876870274543762207e-01 2.036016583442687988e-01 5.187554359436035156e-01 5.470800399780273438e-02 2.583977580070495605e-01 0.000000000000000000e+00 0.000000000000000000e+00 0.000000000000000000e+00
6.483136415481567383e-01 2.674073576927185059e-01 7.062967419624328613e-01 9.706139564514160156e-02 2.450686693191528320e-01 8.841329813003540039e-02 5.932217240333557129e-01 5.324606895446777344e-01 1.624638438224792480e-01 0.000000000000000000e+00 0.000000000000000000e+00 0.000000000000000000e+00
8.894953131675720215e-01 5.820418000221252441e-01 1.024498343467712402e-01 8.269790410995483398e-01 8.787438273429870605e-01 4.683207273483276367e-01 9.464654922485351562e-01 9.830850958824157715e-01 9.044454693794250488e-01 0.000000000000000000e+00 0.000000000000000000e+00 0.000000000000000000e+00
8.457518219947814941e-01 4.785739183425903320e-01 9.374832510948181152e-01 8.939197659492492676e-01 9.406483173370361328e-02 7.131782174110412598e-01 2.722483873367309570e-02 4.788493514060974121e-01 2.826897501945495605e-01 0.000000000000000000e+00 1.000000000000000000e+00 0.000000000000000000e+00
7.242060899734497070e-01 8.101845979690551758e-01 7.137445807456970215e-01 4.892989993095397949e-01 6.220507025718688965e-01 3.413814902305603027e-01 3.891496658325195312e-01 8.294293284416198730e-01 8.778710365295410156e-01 1.000000000000000000e+00 0.000000000000000000e+00 0.000000000000000000e+00
3.345172405242919922e-01 7.774308323860168457e-01 5.663633346557617188e-03 3.764923214912414551e-01 2.113873958587646484e-01 5.308915376663208008e-01 4.577458500862121582e-01 6.351417303085327148e-01 8.647525906562805176e-01 1.000000000000000000e+00 0.000000000000000000e+00 0.000000000000000000e+00
4.875723421573638916e-01 2.976699471473693848e-01 7.654328346252441406e-01 1.809808611869812012e-01 3.489924669265747070e-01 8.246064186096191406e-01 8.964579701423645020e-01 6.606868505477905273e-01 5.909401774406433105e-01 1.000000000000000000e+00 0.000000000000000000e+00 0.000000000000000000e+00
4.545191824436187744e-01 6.727911233901977539e-01 3.233735561370849609e-01 1.476498246192932129e-01 5.305838584899902344e-01 3.465897440910339355e-01 9.891379475593566895e-01 3.674800992012023926e-01 5.432410240173339844e-01 0.000000000000000000e+00 0.000000000000000000e+00 0.000000000000000000e+00
7.747744917869567871e-01 5.647237300872802734e-01 1.869706511497497559e-01 5.839579105377197266e-01 8.180171251296997070e-01 7.924593687057495117e-01 8.764684200286865234e-03 5.782150030136108398e-01 7.889173030853271484e-01 0.000000000000000000e+00 0.000000000000000000e+00 0.000000000000000000e+00
4.485079944133758545e-01 1.433306932449340820e-02 4.924771189689636230e-01 2.211043238639831543e-01 2.956175804138183594e-01 2.243859767913818359e-01 2.886961698532104492e-01 3.921946287155151367e-01 7.031532526016235352e-01 0.000000000000000000e+00 0.000000000000000000e+00 0.000000000000000000e+00
8.181522488594055176e-01 3.823175430297851562e-01 6.181901693344116211e-02 8.609224557876586914e-01 1.401468515396118164e-01 9.380386471748352051e-01 8.798896074295043945e-01 8.352050185203552246e-01 4.383722543716430664e-01 0.000000000000000000e+00 0.000000000000000000e+00 0.000000000000000000e+00
6.585336327552795410e-01 9.126970767974853516e-01 1.733272671699523926e-01 8.245066404342651367e-01 2.266779541969299316e-01 9.279968738555908203e-01 8.593499660491943359e-01 7.701876759529113770e-01 6.217347979545593262e-01 0.000000000000000000e+00 0.000000000000000000e+00 0.000000000000000000e+00
9.895967841148376465e-01 2.655694484710693359e-01 1.799624562263488770e-01 8.845755457878112793e-01 4.449129700660705566e-01 3.838098049163818359e-01 2.269902825355529785e-01 9.893176555633544922e-01 8.148124217987060547e-01 0.000000000000000000e+00 0.000000000000000000e+00 0.000000000000000000e+00
1.310205608606338501e-01 6.532782912254333496e-01 2.158147692680358887e-01 2.347382307052612305e-01 1.745139360427856445e-01 4.388419985771179199e-01 1.350278258323669434e-01 3.764027357101440430e-01 9.320231080055236816e-01 1.000000000000000000e+00 0.000000000000000000e+00 0.000000000000000000e+00
7.687985897064208984e-01 5.996288657188415527e-01 1.627702116966247559e-01 5.034510493278503418e-01 8.671952486038208008e-01 2.766417264938354492e-01 8.464286327362060547e-01 5.298300385475158691e-01 7.729247808456420898e-01 0.000000000000000000e+00 0.000000000000000000e+00 0.000000000000000000e+00
8.031916022300720215e-01 1.500558853149414062e-02 4.849376678466796875e-01 4.325127601623535156e-01 1.391571164131164551e-01 8.289632201194763184e-01 9.649571776390075684e-01 9.531002044677734375e-01 6.752795577049255371e-01 0.000000000000000000e+00 0.000000000000000000e+00 0.000000000000000000e+00
6.167688965797424316e-01 7.145099639892578125e-01 5.839646458625793457e-01 7.747216224670410156e-01 6.493301987648010254e-01 4.655210971832275391e-01 6.526321172714233398e-01 7.720569968223571777e-01 4.436140060424804688e-01 1.000000000000000000e+00 0.000000000000000000e+00 0.000000000000000000e+00
7.234941720962524414e-01 7.351401448249816895e-01 3.389019966125488281e-01 2.938593029975891113e-01 6.381194591522216797e-01 7.360852360725402832e-01 5.532460808753967285e-01 6.848676800727844238e-01 1.232663393020629883e-01 0.000000000000000000e+00 0.000000000000000000e+00 0.000000000000000000e+00
9.560317397117614746e-01 1.009595990180969238e-01 6.067289710044860840e-01 6.879912614822387695e-01 5.074346661567687988e-01 5.282630920410156250e-01 3.972354531288146973e-01 7.308339476585388184e-01 7.898100018501281738e-01 0.000000000000000000e+00 0.000000000000000000e+00 0.000000000000000000e+00
6.642183661460876465e-01 7.141674160957336426e-01 2.616833448410034180e-01 3.834728002548217773e-01 9.188588857650756836e-01 5.898540616035461426e-01 8.701624274253845215e-01 2.148593068122863770e-01 6.968182921409606934e-01 1.000000000000000000e+00 0.000000000000000000e+00 0.000000000000000000e+00
6.489191651344299316e-01 1.673663854598999023e-01 1.300969719886779785e-01 3.774863481521606445e-01 6.359332203865051270e-01 7.283535599708557129e-01 6.843098402023315430e-01 6.004931926727294922e-01 3.820352554321289062e-01 1.000000000000000000e+00 0.000000000000000000e+00 0.000000000000000000e+00
7.541463375091552734e-01 3.051800131797790527e-01 2.768852710723876953e-01 5.522284507751464844e-01 1.837713122367858887e-01 1.399000287055969238e-01 3.974115848541259766e-01 1.088976860046386719e-02 2.688080072402954102e-01 1.000000000000000000e+00 0.000000000000000000e+00 0.000000000000000000e+00
9.616743922233581543e-01 4.457371830940246582e-01 2.057605981826782227e-02 7.898291349411010742e-01 4.097297787666320801e-01 4.632031917572021484e-02 2.194974422454833984e-01 3.473979234695434570e-02 8.777679800987243652e-01 0.000000000000000000e+00 0.000000000000000000e+00 0.000000000000000000e+00
7.852139472961425781e-01 8.870900273323059082e-01 3.307722210884094238e-01 9.400318264961242676e-01 3.717698454856872559e-01 6.547342538833618164e-01 7.320135831832885742e-02 7.975680828094482422e-01 3.062760233879089355e-01 0.000000000000000000e+00 0.000000000000000000e+00 0.000000000000000000e+00
9.545730948448181152e-01 4.620800018310546875e-01 4.286206364631652832e-01 8.921974897384643555e-01 1.756424903869628906e-01 7.334738969802856445e-02 7.186414599418640137e-01 8.605962991714477539e-02 5.641300678253173828e-01 0.000000000000000000e+00 1.000000000000000000e+00 0.000000000000000000e+00
8.949431180953979492e-01 2.011314630508422852e-01 6.772580742835998535e-01 6.064081192016601562e-02 8.973429203033447266e-01 1.707106828689575195e-01 8.185517787933349609e-02 3.987927436828613281e-01 3.614081740379333496e-01 0.000000000000000000e+00 0.000000000000000000e+00 0.000000000000000000e+00
4.893735349178314209e-01 2.482372522354125977e-02 4.497033357620239258e-02 3.453452587127685547e-01 5.569820404052734375e-01 1.905719637870788574e-01 1.734425425529479980e-01 2.013087272644042969e-01 2.726898193359375000e-01 0.000000000000000000e+00 1.000000000000000000e+00 0.000000000000000000e+00
9.974078536033630371e-01 2.234506607055664062e-02 2.727847099304199219e-01 8.841953277587890625e-01 9.619399905204772949e-01 6.558267474174499512e-01 6.033746004104614258e-01 7.024937868118286133e-01 2.065255641937255859e-01 0.000000000000000000e+00 0.000000000000000000e+00 0.000000000000000000e+00
9.897218346595764160e-01 2.398692965507507324e-01 7.411633133888244629e-01 8.304491639137268066e-01 9.760779738426208496e-01 6.109479069709777832e-01 5.571643710136413574e-01 1.096808910369873047e-02 4.534556865692138672e-01 0.000000000000000000e+00 0.000000000000000000e+00 0.000000000000000000e+00
8.380837440490722656e-01 3.992140889167785645e-01 9.297677278518676758e-01 4.455824494361877441e-01 3.360879421234130859e-02 3.552544116973876953e-02 4.283962249755859375e-01 7.263852357864379883e-01 2.096039056777954102e-02 1.000000000000000000e+00 0.000000000000000000e+00 0.000000000000000000e+00
9.680210351943969727e-01 8.072298765182495117e-02 4.193439483642578125e-01 5.805652737617492676e-01 8.425638675689697266e-01 7.120454311370849609e-02 5.195329189300537109e-01 1.418486237525939941e-01 1.712800264358520508e-01 0.000000000000000000e+00 1.000000000000000000e+00 0.000000000000000000e+00
