{"Vcnet": [[0.003746890230104327, 0.007817280478775501], [0.00353030557744205, 0.007076785434037447], [0.006721733137965202, 0.008772902190685272], [0.0025088798720389605, 0.004910816438496113], [0.0009490347001701593, 0.004532377235591412]], "Vcnet_tr": [[0.0018142212647944689, 0.007382095325738192], [0.002386893145740032, 0.004067521076649427], [0.004083407111465931, 0.004724452272057533], [0.0012569196987897158, 0.0050718034617602825], [0.0006861833389848471, 0.004929155111312866]]}