{"Vcnet": [[0.0017810582648962736, 0.00964794959872961], [0.0037698429077863693, 0.007700643502175808]], "Vcnet_tr": [[0.001388459000736475, 0.008235764689743519], [0.002955017611384392, 0.0039629098027944565]]}