9.073759317398071289e-01 5.115792155265808105e-01 6.574028134346008301e-01 7.787119150161743164e-01 5.892754793167114258e-01 5.221638083457946777e-01 9.627082347869873047e-01 2.036057710647583008e-01 5.413801670074462891e-01 0.000000000000000000e+00 0.000000000000000000e+00 0.000000000000000000e+00
3.145805895328521729e-01 8.892742991447448730e-01 7.281952500343322754e-01 1.568008065223693848e-01 6.605792045593261719e-01 8.730614781379699707e-01 7.107675075531005859e-01 7.589203119277954102e-02 7.706359624862670898e-01 1.000000000000000000e+00 0.000000000000000000e+00 0.000000000000000000e+00
5.256860852241516113e-01 3.663722872734069824e-01 3.112885951995849609e-01 3.392763137817382812e-01 6.693163514137268066e-01 4.319919943809509277e-01 1.775113344192504883e-01 3.443505167961120605e-01 6.510384678840637207e-01 1.000000000000000000e+00 1.000000000000000000e+00 1.000000000000000000e+00
5.415882468223571777e-01 7.805835008621215820e-01 3.293244838714599609e-01 2.806806564331054688e-02 9.935158491134643555e-01 3.046964406967163086e-01 7.537746429443359375e-01 7.684920430183410645e-01 7.095620632171630859e-01 1.000000000000000000e+00 0.000000000000000000e+00 0.000000000000000000e+00
4.251962304115295410e-01 4.308629035949707031e-02 5.430823564529418945e-02 3.466290235519409180e-01 2.896417975425720215e-01 3.786125779151916504e-01 2.139874100685119629e-01 3.404175043106079102e-01 5.453301072120666504e-01 0.000000000000000000e+00 1.000000000000000000e+00 0.000000000000000000e+00
9.609668254852294922e-01 3.929215669631958008e-02 2.287471890449523926e-01 9.070762991905212402e-01 1.160045266151428223e-01 7.742097973823547363e-01 7.212830185890197754e-01 5.124192833900451660e-01 6.353604793548583984e-02 1.000000000000000000e+00 0.000000000000000000e+00 0.000000000000000000e+00
6.993938088417053223e-01 1.918296217918395996e-01 2.572706341743469238e-01 3.957070708274841309e-01 7.780337929725646973e-01 9.913623332977294922e-03 7.271878719329833984e-01 7.271587848663330078e-02 9.684941172599792480e-01 0.000000000000000000e+00 0.000000000000000000e+00 0.000000000000000000e+00
9.315431118011474609e-01 3.057870268821716309e-01 5.622812509536743164e-01 6.037749648094177246e-01 7.390047907829284668e-01 1.481065154075622559e-01 1.326407790184020996e-01 7.462541460990905762e-01 7.406519651412963867e-01 0.000000000000000000e+00 0.000000000000000000e+00 0.000000000000000000e+00
6.217161417007446289e-01 4.861821532249450684e-01 3.022440671920776367e-01 6.411107182502746582e-01 5.982028245925903320e-01 9.240657687187194824e-01 2.238757610321044922e-01 1.170554757118225098e-01 7.595610618591308594e-02 1.000000000000000000e+00 1.000000000000000000e+00 1.000000000000000000e+00
4.701094031333923340e-01 5.677407383918762207e-01 3.470717668533325195e-01 6.138596534729003906e-01 5.083656311035156250e-01 7.213239669799804688e-01 2.005250453948974609e-01 1.214966177940368652e-01 1.603135466575622559e-01 0.000000000000000000e+00 0.000000000000000000e+00 0.000000000000000000e+00
7.307478785514831543e-01 7.974514365196228027e-01 2.483032941818237305e-01 4.240047335624694824e-01 7.578216791152954102e-01 1.656717061996459961e-02 4.524494409561157227e-01 2.163468003273010254e-01 2.989457249641418457e-01 1.000000000000000000e+00 0.000000000000000000e+00 0.000000000000000000e+00
8.538070321083068848e-01 3.438723087310791016e-01 1.681926846504211426e-01 7.901365160942077637e-01 4.773378968238830566e-01 9.488334655761718750e-01 9.759470224380493164e-01 2.555341124534606934e-01 9.950730204582214355e-01 0.000000000000000000e+00 0.000000000000000000e+00 0.000000000000000000e+00
7.332016825675964355e-01 6.702204942703247070e-01 8.752886056900024414e-01 3.803143501281738281e-01 5.809354782104492188e-01 1.924494504928588867e-01 8.676038980484008789e-01 7.521241903305053711e-01 3.393337726593017578e-01 0.000000000000000000e+00 0.000000000000000000e+00 0.000000000000000000e+00
3.164070546627044678e-01 7.051004767417907715e-01 8.671699166297912598e-01 2.403384447097778320e-02 5.482816696166992188e-01 4.909797310829162598e-01 2.372025251388549805e-01 1.516525745391845703e-01 8.891260623931884766e-01 0.000000000000000000e+00 0.000000000000000000e+00 0.000000000000000000e+00
8.288357853889465332e-01 1.690753698348999023e-01 9.136506319046020508e-01 8.241230249404907227e-02 1.412155628204345703e-01 3.534598350524902344e-01 6.022336483001708984e-01 7.568492889404296875e-01 5.209231376647949219e-02 0.000000000000000000e+00 0.000000000000000000e+00 0.000000000000000000e+00
8.198679089546203613e-01 6.633986830711364746e-01 4.567829370498657227e-01 8.885498046875000000e-01 9.464617371559143066e-01 6.657626628875732422e-01 8.469225168228149414e-01 1.417433619499206543e-01 2.398054599761962891e-01 0.000000000000000000e+00 0.000000000000000000e+00 0.000000000000000000e+00
9.801768064498901367e-01 2.399841547012329102e-01 9.516025185585021973e-01 7.141735553741455078e-01 6.579619050025939941e-01 5.945930480957031250e-01 4.490307569503784180e-01 4.516291022300720215e-01 7.261545658111572266e-01 0.000000000000000000e+00 0.000000000000000000e+00 0.000000000000000000e+00
9.873632788658142090e-01 4.768323898315429688e-02 7.197235226631164551e-01 9.508854746818542480e-01 5.798238515853881836e-01 8.232276439666748047e-01 7.341578006744384766e-01 3.214521408081054688e-01 8.164813518524169922e-01 0.000000000000000000e+00 0.000000000000000000e+00 0.000000000000000000e+00
7.956928610801696777e-01 4.854311347007751465e-01 7.899256944656372070e-01 6.336135864257812500e-01 3.797034621238708496e-01 4.341123700141906738e-01 8.289978504180908203e-01 5.910013318061828613e-01 3.121197223663330078e-02 0.000000000000000000e+00 0.000000000000000000e+00 0.000000000000000000e+00
4.233367741107940674e-01 1.313477754592895508e-02 4.652319550514221191e-01 1.045126318931579590e-01 1.777872443199157715e-01 3.315591216087341309e-01 2.660581469535827637e-01 2.344327569007873535e-01 1.187907457351684570e-01 1.000000000000000000e+00 1.000000000000000000e+00 1.000000000000000000e+00
8.605083227157592773e-01 7.772745490074157715e-01 8.053510189056396484e-01 4.303352832794189453e-01 9.823063611984252930e-01 4.205896854400634766e-01 8.481189608573913574e-01 3.528157472610473633e-01 6.000170707702636719e-01 0.000000000000000000e+00 0.000000000000000000e+00 0.000000000000000000e+00
6.656648516654968262e-01 7.395413517951965332e-01 6.279994845390319824e-01 6.458950042724609375e-02 5.525012612342834473e-01 7.398586273193359375e-01 4.979263544082641602e-01 6.557836532592773438e-01 3.918284177780151367e-02 1.000000000000000000e+00 1.000000000000000000e+00 1.000000000000000000e+00
4.867211580276489258e-01 7.652733325958251953e-01 7.905508875846862793e-01 9.612524509429931641e-02 6.767812371253967285e-01 7.925010323524475098e-01 1.635727882385253906e-01 8.286744952201843262e-01 3.640006780624389648e-01 1.000000000000000000e+00 1.000000000000000000e+00 1.000000000000000000e+00
4.754276871681213379e-01 1.170908808708190918e-01 3.344199657440185547e-01 4.521597027778625488e-01 5.700668096542358398e-01 9.979166388511657715e-01 5.164076089859008789e-01 9.118735790252685547e-01 5.323699712753295898e-01 1.000000000000000000e+00 0.000000000000000000e+00 0.000000000000000000e+00
6.594011187553405762e-01 9.050700068473815918e-01 3.583047986030578613e-01 5.013589859008789062e-01 4.681112766265869141e-01 2.461419105529785156e-01 2.555413246154785156e-01 5.570316314697265625e-02 9.512325525283813477e-01 1.000000000000000000e+00 0.000000000000000000e+00 0.000000000000000000e+00
6.835076808929443359e-01 9.751097559928894043e-01 7.011724114418029785e-01 5.876528620719909668e-01 7.267540693283081055e-01 3.554884195327758789e-01 3.420248031616210938e-01 3.854533433914184570e-01 6.466280221939086914e-01 0.000000000000000000e+00 0.000000000000000000e+00 0.000000000000000000e+00
2.017961144447326660e-01 8.282117843627929688e-01 8.655683398246765137e-01 7.878232002258300781e-02 2.565234899520874023e-01 5.197389721870422363e-01 7.688203454017639160e-01 3.992274999618530273e-01 1.059176325798034668e-01 0.000000000000000000e+00 1.000000000000000000e+00 0.000000000000000000e+00
6.894175410270690918e-01 8.182772994041442871e-01 7.535809278488159180e-02 5.141497850418090820e-01 9.936271905899047852e-01 9.773470759391784668e-01 4.891480803489685059e-01 8.213855028152465820e-01 8.389991521835327148e-02 0.000000000000000000e+00 0.000000000000000000e+00 0.000000000000000000e+00
6.385610699653625488e-01 9.170311093330383301e-01 7.528209686279296875e-02 3.728018403053283691e-01 9.519510865211486816e-01 6.264933347702026367e-01 5.882753133773803711e-01 8.967812061309814453e-01 3.281766772270202637e-01 1.000000000000000000e+00 0.000000000000000000e+00 0.000000000000000000e+00
1.747222840785980225e-01 9.060057997703552246e-01 5.462656617164611816e-01 1.067008972167968750e-01 3.669846057891845703e-01 5.893676877021789551e-01 8.187065720558166504e-01 5.500373840332031250e-01 7.379863262176513672e-01 0.000000000000000000e+00 1.000000000000000000e+00 0.000000000000000000e+00
8.697715401649475098e-01 6.073551177978515625e-01 8.809302449226379395e-01 3.804241418838500977e-01 7.918131947517395020e-01 1.565560102462768555e-01 2.828608751296997070e-01 1.122562885284423828e-01 7.684597373008728027e-01 1.000000000000000000e+00 0.000000000000000000e+00 0.000000000000000000e+00
9.644614458084106445e-01 2.113008499145507812e-02 8.761204481124877930e-01 3.198659420013427734e-01 7.696480154991149902e-01 5.854402780532836914e-01 3.134362697601318359e-01 3.199049830436706543e-01 6.333740949630737305e-01 0.000000000000000000e+00 0.000000000000000000e+00 0.000000000000000000e+00
9.851852655410766602e-01 7.964897155761718750e-02 9.005646705627441406e-01 1.738758683204650879e-01 7.560197114944458008e-01 1.146407127380371094e-01 3.533099889755249023e-01 2.165087461471557617e-01 8.874918222427368164e-01 0.000000000000000000e+00 1.000000000000000000e+00 0.000000000000000000e+00
6.004807353019714355e-01 4.141951203346252441e-01 7.220516800880432129e-01 4.938380718231201172e-01 3.332880139350891113e-01 5.219633579254150391e-01 3.027960062026977539e-01 3.351411819458007812e-01 5.656152367591857910e-01 0.000000000000000000e+00 0.000000000000000000e+00 0.000000000000000000e+00
5.408823490142822266e-01 9.397815465927124023e-01 7.740417718887329102e-01 5.745509266853332520e-01 3.153982162475585938e-01 8.555350303649902344e-01 4.881168007850646973e-01 9.736621379852294922e-01 8.634614944458007812e-02 0.000000000000000000e+00 0.000000000000000000e+00 0.000000000000000000e+00
8.773175477981567383e-01 2.124320864677429199e-01 6.833469271659851074e-01 7.653896808624267578e-01 2.662588953971862793e-01 6.259282827377319336e-01 8.362146019935607910e-01 8.270406723022460938e-02 9.664085507392883301e-01 0.000000000000000000e+00 1.000000000000000000e+00 0.000000000000000000e+00
5.604271292686462402e-01 6.929945349693298340e-01 5.171011686325073242e-01 6.441712975502014160e-01 6.581919193267822266e-01 5.533607006072998047e-01 2.355879545211791992e-02 2.554094791412353516e-02 5.303824543952941895e-01 0.000000000000000000e+00 0.000000000000000000e+00 0.000000000000000000e+00
9.673685431480407715e-01 6.233739852905273438e-02 9.707384705543518066e-01 5.868755578994750977e-01 5.462935566902160645e-01 6.592690348625183105e-01 8.493786454200744629e-01 8.922936916351318359e-01 7.950320839881896973e-01 0.000000000000000000e+00 0.000000000000000000e+00 0.000000000000000000e+00
9.798959493637084961e-01 7.171245217323303223e-01 7.310759425163269043e-01 9.837293028831481934e-01 6.697646379470825195e-01 9.736204147338867188e-02 4.727845191955566406e-01 3.539484143257141113e-01 1.383209824562072754e-01 0.000000000000000000e+00 1.000000000000000000e+00 0.000000000000000000e+00
7.908349633216857910e-01 7.491207718849182129e-01 4.715084433555603027e-01 7.473658919334411621e-01 3.978567123413085938e-01 5.463111400604248047e-02 8.388763070106506348e-01 6.165822148323059082e-01 7.844023108482360840e-01 0.000000000000000000e+00 0.000000000000000000e+00 0.000000000000000000e+00
5.574241280555725098e-01 7.927899956703186035e-01 4.245136976242065430e-01 8.684870600700378418e-01 4.891086816787719727e-01 5.923345685005187988e-01 7.941715121269226074e-01 3.299624323844909668e-01 3.960423469543457031e-01 0.000000000000000000e+00 0.000000000000000000e+00 0.000000000000000000e+00
6.286608576774597168e-01 9.624841809272766113e-01 8.842713832855224609e-01 6.636382937431335449e-01 2.297259569168090820e-01 6.882776021957397461e-01 7.707828879356384277e-01 1.952626705169677734e-01 8.569437265396118164e-01 1.000000000000000000e+00 0.000000000000000000e+00 0.000000000000000000e+00
6.373599767684936523e-01 8.261318206787109375e-01 2.069163322448730469e-02 2.810635566711425781e-01 8.252956867218017578e-01 3.305391669273376465e-01 3.384186029434204102e-01 5.310643315315246582e-01 8.384838700294494629e-01 1.000000000000000000e+00 0.000000000000000000e+00 0.000000000000000000e+00
7.342696785926818848e-01 6.574570536613464355e-01 1.282627582550048828e-01 3.374353647232055664e-01 9.431495070457458496e-01 3.190499544143676758e-01 1.776710152626037598e-01 6.107753515243530273e-01 6.083316802978515625e-01 1.000000000000000000e+00 0.000000000000000000e+00 0.000000000000000000e+00
7.566156387329101562e-01 7.252589464187622070e-01 8.374204039573669434e-01 4.306553006172180176e-01 2.885083556175231934e-01 5.767664909362792969e-01 5.470848083496093750e-01 2.297171950340270996e-01 6.927833557128906250e-01 0.000000000000000000e+00 0.000000000000000000e+00 0.000000000000000000e+00
4.516804218292236328e-01 6.675200462341308594e-01 6.548358201980590820e-01 1.518796086311340332e-01 8.476808667182922363e-01 6.107250452041625977e-01 9.411385655403137207e-01 9.980417490005493164e-01 7.715350389480590820e-01 0.000000000000000000e+00 0.000000000000000000e+00 0.000000000000000000e+00
9.335524439811706543e-01 4.131456017494201660e-01 3.448873162269592285e-01 9.152963757514953613e-01 2.521592974662780762e-01 5.308938026428222656e-01 3.552493453025817871e-01 4.277076721191406250e-01 6.350983381271362305e-01 0.000000000000000000e+00 0.000000000000000000e+00 0.000000000000000000e+00
9.970677495002746582e-01 1.083954572677612305e-01 8.311258554458618164e-01 8.017203807830810547e-01 7.771657705307006836e-01 3.368791937828063965e-01 8.051603436470031738e-01 5.747381448745727539e-01 8.868283033370971680e-01 1.000000000000000000e+00 0.000000000000000000e+00 0.000000000000000000e+00
5.415474772453308105e-01 8.466818332672119141e-01 6.310011148452758789e-01 9.306654930114746094e-01 8.858752250671386719e-02 4.581443667411804199e-01 6.336933970451354980e-01 7.583091259002685547e-01 9.215568304061889648e-01 0.000000000000000000e+00 0.000000000000000000e+00 0.000000000000000000e+00
2.079211324453353882e-01 7.983391284942626953e-01 2.737179994583129883e-01 1.089237332344055176e-01 2.860754728317260742e-01 4.554627537727355957e-01 6.107302308082580566e-01 5.085173845291137695e-01 8.433687686920166016e-02 0.000000000000000000e+00 1.000000000000000000e+00 0.000000000000000000e+00
8.166190981864929199e-01 4.117075204849243164e-01 4.814120531082153320e-01 6.068892478942871094e-01 5.709430575370788574e-01 5.222239494323730469e-01 9.631717205047607422e-01 9.872099757194519043e-01 9.408979415893554688e-01 0.000000000000000000e+00 0.000000000000000000e+00 0.000000000000000000e+00
7.712478637695312500e-01 9.725382328033447266e-01 4.755854606628417969e-04 2.265181541442871094e-01 6.124095916748046875e-01 8.851104974746704102e-01 9.511837363243103027e-01 5.056360363960266113e-01 5.011767148971557617e-02 1.000000000000000000e+00 1.000000000000000000e+00 1.000000000000000000e+00
3.020696640014648438e-01 2.283796072006225586e-01 2.733168005943298340e-01 2.158827781677246094e-01 8.351243138313293457e-01 5.221419334411621094e-01 9.198885560035705566e-01 3.052082061767578125e-01 6.965518593788146973e-01 1.000000000000000000e+00 1.000000000000000000e+00 1.000000000000000000e+00
6.827428936958312988e-01 8.080978393554687500e-01 1.687629818916320801e-01 9.227058887481689453e-01 3.573424816131591797e-01 8.147678971290588379e-01 3.484090566635131836e-01 9.794768095016479492e-01 8.299204111099243164e-01 1.000000000000000000e+00 0.000000000000000000e+00 0.000000000000000000e+00
9.385710954666137695e-01 3.062937259674072266e-01 2.042189240455627441e-01 7.383123636245727539e-01 4.138898849487304688e-01 4.170067310333251953e-01 1.136702895164489746e-01 1.256138086318969727e-01 9.972901940345764160e-01 0.000000000000000000e+00 0.000000000000000000e+00 0.000000000000000000e+00
8.625223636627197266e-01 6.778130531311035156e-01 6.654792428016662598e-01 8.547165989875793457e-01 7.222627997398376465e-01 7.978662252426147461e-01 6.173255443572998047e-01 1.072694063186645508e-01 2.143239974975585938e-02 0.000000000000000000e+00 1.000000000000000000e+00 0.000000000000000000e+00
6.610059738159179688e-01 7.731302976608276367e-01 1.641829013824462891e-01 8.001221418380737305e-01 3.939157724380493164e-02 2.349409461021423340e-01 4.911575317382812500e-01 3.319694399833679199e-01 7.227777838706970215e-01 0.000000000000000000e+00 0.000000000000000000e+00 0.000000000000000000e+00
3.179442286491394043e-01 7.668776512145996094e-01 4.223252534866333008e-01 5.734604001045227051e-01 1.139995455741882324e-01 5.702201724052429199e-01 4.342765808105468750e-01 2.244386672973632812e-01 7.187401056289672852e-01 0.000000000000000000e+00 0.000000000000000000e+00 0.000000000000000000e+00
6.722449064254760742e-01 7.460645437240600586e-01 3.123225569725036621e-01 1.814395189285278320e-02 9.056220650672912598e-01 2.759466767311096191e-01 7.595190405845642090e-01 9.452110528945922852e-01 7.716196775436401367e-01 0.000000000000000000e+00 0.000000000000000000e+00 0.000000000000000000e+00
9.323807358741760254e-01 2.160437703132629395e-01 7.943238615989685059e-01 8.013379573822021484e-02 6.650580167770385742e-01 1.048629283905029297e-01 1.029450893402099609e-01 4.847241044044494629e-01 7.024310827255249023e-01 1.000000000000000000e+00 0.000000000000000000e+00 0.000000000000000000e+00
1.784236282110214233e-01 7.888233661651611328e-02 1.614487171173095703e-01 2.439322471618652344e-01 3.530398607254028320e-01 2.664868831634521484e-01 3.683001399040222168e-01 3.144692182540893555e-01 8.517831563949584961e-01 0.000000000000000000e+00 0.000000000000000000e+00 0.000000000000000000e+00
3.759625256061553955e-01 4.218197464942932129e-01 4.816910624504089355e-01 1.239485740661621094e-01 5.500044822692871094e-01 9.119075536727905273e-01 9.148049950599670410e-01 3.217163681983947754e-01 9.942094087600708008e-01 0.000000000000000000e+00 0.000000000000000000e+00 0.000000000000000000e+00
7.420859336853027344e-01 8.177908062934875488e-01 5.772089958190917969e-01 5.859377980232238770e-01 5.182309150695800781e-01 7.025163173675537109e-01 2.755436897277832031e-01 8.762069344520568848e-01 4.045445919036865234e-01 1.000000000000000000e+00 0.000000000000000000e+00 0.000000000000000000e+00
9.937874078750610352e-01 2.843946218490600586e-02 4.025881290435791016e-01 8.757493495941162109e-01 9.120309352874755859e-01 7.533353567123413086e-01 7.792754769325256348e-01 1.047186255455017090e-01 1.517174243927001953e-01 0.000000000000000000e+00 0.000000000000000000e+00 0.000000000000000000e+00
9.509840011596679688e-01 5.551241040229797363e-01 9.966021776199340820e-02 7.787423729896545410e-01 9.144315123558044434e-01 2.460471987724304199e-01 6.214709877967834473e-01 3.295434117317199707e-01 8.282147049903869629e-01 1.000000000000000000e+00 0.000000000000000000e+00 0.000000000000000000e+00
8.994942903518676758e-01 8.331404328346252441e-01 1.484624743461608887e-01 9.896577596664428711e-01 1.450362205505371094e-01 6.300930380821228027e-01 7.020002603530883789e-02 4.017868041992187500e-01 7.314857244491577148e-01 0.000000000000000000e+00 0.000000000000000000e+00 0.000000000000000000e+00
9.424168467521667480e-01 5.803888440132141113e-01 7.992094755172729492e-02 9.925321936607360840e-01 1.119073629379272461e-01 4.914639592170715332e-01 5.332570075988769531e-01 6.946461796760559082e-01 4.247289896011352539e-01 0.000000000000000000e+00 1.000000000000000000e+00 0.000000000000000000e+00
3.052775561809539795e-01 3.438990712165832520e-01 1.040241718292236328e-01 2.799013257026672363e-01 4.124515056610107422e-01 1.023209095001220703e-02 3.006497025489807129e-01 9.226804971694946289e-01 3.873956799507141113e-01 0.000000000000000000e+00 0.000000000000000000e+00 0.000000000000000000e+00
9.750846028327941895e-01 2.618107795715332031e-01 6.436383128166198730e-01 7.576145529747009277e-01 6.209010481834411621e-01 7.667875289916992188e-02 5.279195308685302734e-01 4.237943887710571289e-02 6.897673010826110840e-01 1.000000000000000000e+00 0.000000000000000000e+00 0.000000000000000000e+00
8.774209022521972656e-01 5.799505114555358887e-01 5.289360880851745605e-01 9.351459741592407227e-01 7.025969028472900391e-01 4.798172712326049805e-01 5.310451388359069824e-01 4.908913373947143555e-02 2.999264001846313477e-02 0.000000000000000000e+00 1.000000000000000000e+00 0.000000000000000000e+00
6.181097030639648438e-01 7.954666614532470703e-01 1.082253456115722656e-01 3.059693574905395508e-01 8.854553699493408203e-01 9.328153133392333984e-01 5.877858400344848633e-02 5.619249343872070312e-01 5.447989702224731445e-02 0.000000000000000000e+00 1.000000000000000000e+00 0.000000000000000000e+00
5.730237960815429688e-01 8.725147843360900879e-01 3.634607791900634766e-02 3.160610795021057129e-01 6.566498279571533203e-01 4.443584084510803223e-01 6.379734277725219727e-01 7.961980700492858887e-01 6.677134037017822266e-01 0.000000000000000000e+00 0.000000000000000000e+00 0.000000000000000000e+00
6.585536003112792969e-01 5.891953706741333008e-01 1.044923067092895508e-01 4.032096266746520996e-01 5.497648119926452637e-01 6.127385497093200684e-01 3.011201024055480957e-01 9.714556336402893066e-01 9.729952812194824219e-01 0.000000000000000000e+00 0.000000000000000000e+00 0.000000000000000000e+00
3.542366027832031250e-01 2.588738203048706055e-01 2.799456715583801270e-01 5.293304920196533203e-01 1.025997400283813477e-01 4.826360940933227539e-01 7.201373577117919922e-03 2.422885298728942871e-01 1.812756061553955078e-03 0.000000000000000000e+00 1.000000000000000000e+00 0.000000000000000000e+00
5.129523277282714844e-01 2.737596035003662109e-01 6.840414404869079590e-01 1.741986870765686035e-01 2.592629790306091309e-01 7.578116059303283691e-01 3.261591196060180664e-01 6.445251703262329102e-01 2.829452753067016602e-01 0.000000000000000000e+00 0.000000000000000000e+00 0.000000000000000000e+00
3.975130319595336914e-01 6.997982263565063477e-01 1.878364682197570801e-01 3.476448655128479004e-01 7.230632305145263672e-01 5.582450628280639648e-01 1.593496799468994141e-01 7.031569480895996094e-01 3.379351496696472168e-01 1.000000000000000000e+00 0.000000000000000000e+00 0.000000000000000000e+00
9.028179645538330078e-01 2.895165085792541504e-01 7.183144688606262207e-01 4.835736155509948730e-01 7.654420733451843262e-01 5.701949596405029297e-01 8.160825967788696289e-01 3.532356619834899902e-01 1.109799146652221680e-01 0.000000000000000000e+00 0.000000000000000000e+00 0.000000000000000000e+00
6.469626426696777344e-01 5.123049020767211914e-02 4.011114835739135742e-01 9.023582935333251953e-02 8.573511838912963867e-01 4.264949560165405273e-01 6.943306922912597656e-01 6.042921543121337891e-01 8.770342469215393066e-01 1.000000000000000000e+00 1.000000000000000000e+00 1.000000000000000000e+00
6.609857082366943359e-01 7.270144820213317871e-01 1.696687936782836914e-01 5.191244482994079590e-01 8.807242512702941895e-01 2.983710169792175293e-01 3.073590993881225586e-01 5.993177294731140137e-01 9.035158157348632812e-02 0.000000000000000000e+00 0.000000000000000000e+00 0.000000000000000000e+00
6.258476376533508301e-01 9.709101915359497070e-02 8.058632612228393555e-01 5.616915225982666016e-01 1.049137115478515625e-02 7.706975936889648438e-01 7.628014683723449707e-01 5.725044012069702148e-02 9.466930627822875977e-01 0.000000000000000000e+00 1.000000000000000000e+00 0.000000000000000000e+00
2.842508554458618164e-01 6.873588562011718750e-01 1.212338805198669434e-01 2.019767165184020996e-01 1.040326356887817383e-01 1.423083543777465820e-01 5.199176073074340820e-01 1.279054284095764160e-01 9.307299256324768066e-01 0.000000000000000000e+00 1.000000000000000000e+00 0.000000000000000000e+00
1.385650038719177246e-01 7.286352515220642090e-01 4.796049594879150391e-01 1.546120643615722656e-01 7.558161020278930664e-02 5.004710555076599121e-01 9.997966289520263672e-01 7.983811497688293457e-01 5.798894166946411133e-02 1.000000000000000000e+00 1.000000000000000000e+00 1.000000000000000000e+00
8.225233554840087891e-01 8.604859709739685059e-01 2.898066043853759766e-01 9.660775065422058105e-01 3.778566718101501465e-01 3.959140181541442871e-01 2.223377823829650879e-01 8.734481930732727051e-01 6.734402179718017578e-01 1.000000000000000000e+00 0.000000000000000000e+00 0.000000000000000000e+00
2.020838856697082520e-01 2.704362273216247559e-01 1.420384049415588379e-01 2.414047718048095703e-03 4.910864830017089844e-01 9.622314572334289551e-01 2.669530510902404785e-01 9.180710315704345703e-01 6.681101918220520020e-01 0.000000000000000000e+00 0.000000000000000000e+00 0.000000000000000000e+00
8.132233619689941406e-01 7.437741756439208984e-02 6.372638344764709473e-01 2.086958289146423340e-01 5.816489458084106445e-02 1.181372404098510742e-01 3.796553015708923340e-01 6.798176169395446777e-01 9.182022809982299805e-01 0.000000000000000000e+00 0.000000000000000000e+00 0.000000000000000000e+00
8.959361314773559570e-01 7.117797136306762695e-01 2.566826343536376953e-02 7.189083099365234375e-01 7.827401757240295410e-01 3.191547393798828125e-01 8.579722642898559570e-01 5.788659453392028809e-01 2.253921627998352051e-01 0.000000000000000000e+00 0.000000000000000000e+00 0.000000000000000000e+00
2.170351594686508179e-01 5.044091343879699707e-01 7.248352169990539551e-01 6.876969337463378906e-02 3.246507048606872559e-01 5.134513378143310547e-01 6.074243783950805664e-02 9.012210965156555176e-01 6.911084055900573730e-01 0.000000000000000000e+00 1.000000000000000000e+00 0.000000000000000000e+00
4.895180165767669678e-01 3.204799294471740723e-01 7.855317592620849609e-01 3.167173862457275391e-01 2.199513316154479980e-01 9.821931123733520508e-01 4.218064546585083008e-01 8.912462592124938965e-01 6.173202395439147949e-01 1.000000000000000000e+00 0.000000000000000000e+00 0.000000000000000000e+00
9.787196516990661621e-01 3.063315749168395996e-01 7.667478919029235840e-01 6.883221268653869629e-01 9.095141887664794922e-01 3.251578807830810547e-01 2.409945726394653320e-01 8.090841174125671387e-01 2.789273858070373535e-01 1.000000000000000000e+00 0.000000000000000000e+00 0.000000000000000000e+00
4.025418460369110107e-01 9.465435743331909180e-01 2.531924247741699219e-01 6.636938452720642090e-01 2.807155847549438477e-01 8.644151687622070312e-02 3.319038152694702148e-01 8.886187076568603516e-01 7.906764149665832520e-01 0.000000000000000000e+00 0.000000000000000000e+00 0.000000000000000000e+00
6.988298296928405762e-01 7.556696534156799316e-01 2.382403016090393066e-01 8.645693063735961914e-01 1.093089580535888672e-01 7.746503949165344238e-01 1.918070912361145020e-01 7.213416099548339844e-01 3.925287127494812012e-01 0.000000000000000000e+00 0.000000000000000000e+00 0.000000000000000000e+00
9.935899972915649414e-01 5.185173153877258301e-01 9.413416981697082520e-01 7.595621943473815918e-01 8.646773099899291992e-01 1.073507070541381836e-01 3.277520537376403809e-01 1.061320304870605469e-03 7.683756351470947266e-01 0.000000000000000000e+00 1.000000000000000000e+00 0.000000000000000000e+00
9.176460504531860352e-01 6.297380328178405762e-01 1.160296201705932617e-01 8.752077817916870117e-01 4.907101988792419434e-01 4.988853335380554199e-01 7.380392551422119141e-01 1.974833011627197266e-02 3.167020082473754883e-01 0.000000000000000000e+00 0.000000000000000000e+00 0.000000000000000000e+00
4.796828925609588623e-01 5.624660849571228027e-01 4.034817218780517578e-03 7.862035036087036133e-01 4.196906089782714844e-02 8.106117248535156250e-01 9.811175465583801270e-01 9.251536726951599121e-01 4.582211375236511230e-01 1.000000000000000000e+00 0.000000000000000000e+00 0.000000000000000000e+00
2.448644042015075684e-01 8.320456147193908691e-01 1.300331950187683105e-01 7.654591202735900879e-01 6.516659259796142578e-02 9.629622101783752441e-01 7.897480130195617676e-01 3.934629559516906738e-01 4.907344579696655273e-01 1.000000000000000000e+00 1.000000000000000000e+00 1.000000000000000000e+00
8.720691204071044922e-01 4.501805305480957031e-01 3.135267496109008789e-01 8.218733668327331543e-01 6.963919997215270996e-01 9.730753302574157715e-01 9.387560486793518066e-01 4.133038520812988281e-01 1.480829119682312012e-01 0.000000000000000000e+00 1.000000000000000000e+00 0.000000000000000000e+00
6.178829669952392578e-01 3.418845534324645996e-01 3.781867027282714844e-01 3.328044414520263672e-01 9.530661702156066895e-01 8.771214485168457031e-01 8.686705827713012695e-01 3.980695009231567383e-01 5.953432917594909668e-01 1.000000000000000000e+00 0.000000000000000000e+00 0.000000000000000000e+00
7.914474606513977051e-01 7.692900300025939941e-01 3.033225536346435547e-01 4.781616926193237305e-01 9.993475079536437988e-01 8.099056482315063477e-01 6.813697218894958496e-01 2.752686738967895508e-01 1.386690139770507812e-01 1.000000000000000000e+00 0.000000000000000000e+00 0.000000000000000000e+00
8.234770894050598145e-01 9.147413969039916992e-01 5.898078083992004395e-01 6.265618801116943359e-01 7.880644798278808594e-01 7.104831337928771973e-01 7.482759356498718262e-01 8.613553047180175781e-01 5.229969620704650879e-01 0.000000000000000000e+00 0.000000000000000000e+00 0.000000000000000000e+00
3.809732198715209961e-01 1.156680583953857422e-01 4.093831777572631836e-02 2.383508086204528809e-01 3.986034393310546875e-01 4.703914523124694824e-01 8.904594182968139648e-02 4.906281828880310059e-01 7.046800255775451660e-01 0.000000000000000000e+00 1.000000000000000000e+00 0.000000000000000000e+00
6.967498660087585449e-01 6.109116673469543457e-01 5.380886793136596680e-02 3.910826444625854492e-01 4.853101372718811035e-01 1.111103892326354980e-01 4.316288232803344727e-01 6.280858516693115234e-01 6.095460057258605957e-01 1.000000000000000000e+00 0.000000000000000000e+00 0.000000000000000000e+00
3.021918833255767822e-01 1.469268202781677246e-01 2.207430005073547363e-01 1.766043901443481445e-01 9.598285555839538574e-01 1.664280295372009277e-01 2.502510547637939453e-01 3.671627640724182129e-01 6.341615915298461914e-01 0.000000000000000000e+00 1.000000000000000000e+00 0.000000000000000000e+00
5.711767077445983887e-01 8.700926303863525391e-01 9.462177753448486328e-01 5.009834170341491699e-01 4.535372257232666016e-01 1.140156388282775879e-01 1.983880400657653809e-01 7.313460111618041992e-02 4.800014495849609375e-01 1.000000000000000000e+00 0.000000000000000000e+00 0.000000000000000000e+00
2.354896366596221924e-01 4.814798831939697266e-01 4.995601773262023926e-01 2.674062848091125488e-01 5.912005901336669922e-02 9.809073209762573242e-01 5.598114728927612305e-01 2.767330408096313477e-02 1.208197474479675293e-01 0.000000000000000000e+00 1.000000000000000000e+00 0.000000000000000000e+00
4.781041145324707031e-01 3.405038118362426758e-01 9.754294157028198242e-02 2.641187906265258789e-01 7.686139941215515137e-01 7.805747389793395996e-01 1.358264088630676270e-01 5.629350543022155762e-01 3.215789794921875000e-02 0.000000000000000000e+00 0.000000000000000000e+00 0.000000000000000000e+00
9.500771164894104004e-01 6.158294081687927246e-01 8.618438243865966797e-02 8.825176954269409180e-01 6.800134181976318359e-01 1.725518703460693359e-01 8.617140054702758789e-01 7.887563109397888184e-01 7.875884771347045898e-01 0.000000000000000000e+00 0.000000000000000000e+00 0.000000000000000000e+00
3.549549281597137451e-01 6.845390796661376953e-01 6.483911275863647461e-01 2.414333820343017578e-01 4.182505607604980469e-02 3.480213880538940430e-02 6.849907636642456055e-01 3.931638598442077637e-01 9.366971254348754883e-02 1.000000000000000000e+00 0.000000000000000000e+00 0.000000000000000000e+00
2.747086882591247559e-01 9.521972537040710449e-01 9.760407209396362305e-01 3.213145732879638672e-01 7.148110866546630859e-02 2.795613408088684082e-01 9.947427511215209961e-01 6.721817255020141602e-01 4.488756060600280762e-01 0.000000000000000000e+00 1.000000000000000000e+00 0.000000000000000000e+00
1.307788938283920288e-01 2.878776192665100098e-01 1.199246644973754883e-01 2.376419305801391602e-02 7.941037416458129883e-02 6.840187311172485352e-02 8.778237700462341309e-01 6.736576557159423828e-01 5.674270391464233398e-01 1.000000000000000000e+00 1.000000000000000000e+00 1.000000000000000000e+00
2.045381963253021240e-01 6.184201240539550781e-01 1.051813364028930664e-02 8.273977041244506836e-02 1.912131309509277344e-01 3.116357326507568359e-02 2.174571752548217773e-01 2.865344285964965820e-01 2.169204950332641602e-01 0.000000000000000000e+00 0.000000000000000000e+00 0.000000000000000000e+00
9.836575388908386230e-01 2.520731687545776367e-01 5.702897310256958008e-01 6.931460499763488770e-01 7.939334511756896973e-01 3.089929223060607910e-01 5.169731378555297852e-02 8.665400743484497070e-01 6.792135834693908691e-01 1.000000000000000000e+00 0.000000000000000000e+00 0.000000000000000000e+00
9.984627962112426758e-01 1.846259236335754395e-01 2.413436174392700195e-01 9.565751552581787109e-01 7.588146924972534180e-01 1.963133215904235840e-01 9.813749790191650391e-02 1.690627932548522949e-01 9.933768510818481445e-01 1.000000000000000000e+00 1.000000000000000000e+00 1.000000000000000000e+00
9.303796291351318359e-01 1.565241813659667969e-02 2.585405111312866211e-01 5.210980176925659180e-01 8.343616724014282227e-01 5.038318634033203125e-01 5.790930986404418945e-01 5.796183347702026367e-01 4.540181159973144531e-02 0.000000000000000000e+00 1.000000000000000000e+00 0.000000000000000000e+00
8.583576083183288574e-01 6.425426602363586426e-01 6.080119609832763672e-01 7.727829217910766602e-01 6.284253001213073730e-01 4.496996998786926270e-01 5.825685858726501465e-01 1.655776500701904297e-01 9.112226963043212891e-02 0.000000000000000000e+00 0.000000000000000000e+00 0.000000000000000000e+00
3.304609954357147217e-01 7.536131143569946289e-01 1.243978738784790039e-01 6.580371856689453125e-01 2.157056331634521484e-02 1.452764272689819336e-01 6.515479683876037598e-01 9.487211108207702637e-01 7.675816416740417480e-01 0.000000000000000000e+00 0.000000000000000000e+00 0.000000000000000000e+00
9.767508506774902344e-01 4.485036134719848633e-01 5.557465553283691406e-01 9.446417093276977539e-01 8.180630803108215332e-01 9.851750731468200684e-01 5.125124454498291016e-01 5.729175806045532227e-01 8.989656567573547363e-01 0.000000000000000000e+00 0.000000000000000000e+00 0.000000000000000000e+00
6.789328455924987793e-01 3.718500733375549316e-01 4.327857494354248047e-02 6.232787370681762695e-01 3.448424339294433594e-01 4.576387405395507812e-01 3.854088783264160156e-01 3.387051820755004883e-01 6.877201199531555176e-01 1.000000000000000000e+00 0.000000000000000000e+00 0.000000000000000000e+00
8.850866556167602539e-01 7.382979989051818848e-01 9.243241548538208008e-01 7.002148628234863281e-01 2.786021828651428223e-01 3.828579187393188477e-02 4.086145758628845215e-01 2.272197604179382324e-01 3.980398774147033691e-01 0.000000000000000000e+00 0.000000000000000000e+00 0.000000000000000000e+00
9.409853816032409668e-01 4.812690019607543945e-01 9.579073786735534668e-01 6.856607794761657715e-01 9.237779974937438965e-01 2.584531307220458984e-01 2.379034757614135742e-01 5.820197463035583496e-01 4.081611633300781250e-01 0.000000000000000000e+00 0.000000000000000000e+00 0.000000000000000000e+00
7.431857585906982422e-01 5.831886529922485352e-01 7.309644818305969238e-01 1.263348460197448730e-01 7.725875377655029297e-01 3.889690637588500977e-01 5.447341203689575195e-01 3.983888030052185059e-01 7.586138844490051270e-01 0.000000000000000000e+00 1.000000000000000000e+00 0.000000000000000000e+00
5.911680459976196289e-01 3.897474408149719238e-01 7.108159661293029785e-01 8.684263825416564941e-01 6.966054439544677734e-03 5.569959878921508789e-01 2.733696103096008301e-01 7.564773559570312500e-01 3.818295598030090332e-01 1.000000000000000000e+00 0.000000000000000000e+00 0.000000000000000000e+00
6.645959615707397461e-01 4.927855730056762695e-01 9.966039657592773438e-01 3.080442547798156738e-01 2.434440255165100098e-01 3.144909143447875977e-01 6.739658117294311523e-01 7.533265352249145508e-01 8.654365539550781250e-01 1.000000000000000000e+00 0.000000000000000000e+00 0.000000000000000000e+00
6.639319658279418945e-01 4.862197637557983398e-01 2.717939615249633789e-01 6.247074007987976074e-01 3.526912331581115723e-01 4.981620907783508301e-01 3.546361327171325684e-01 8.960121870040893555e-01 5.883216857910156250e-01 0.000000000000000000e+00 0.000000000000000000e+00 0.000000000000000000e+00
9.652451872825622559e-01 4.840503334999084473e-01 8.712450265884399414e-01 6.496030092239379883e-01 6.109444499015808105e-01 2.176192998886108398e-01 6.583545207977294922e-01 5.868093371391296387e-01 9.858861565589904785e-01 0.000000000000000000e+00 0.000000000000000000e+00 0.000000000000000000e+00
7.397881746292114258e-01 8.020770549774169922e-02 7.923727035522460938e-01 2.578141093254089355e-01 1.233685612678527832e-01 8.907425403594970703e-01 6.055473089218139648e-01 4.629923105239868164e-01 1.243571639060974121e-01 1.000000000000000000e+00 1.000000000000000000e+00 1.000000000000000000e+00
8.874415755271911621e-01 5.559390783309936523e-02 9.130716323852539062e-01 2.131426334381103516e-02 9.216329455375671387e-01 8.702048659324645996e-01 1.145259141921997070e-01 6.690606474876403809e-01 1.648933291435241699e-01 0.000000000000000000e+00 0.000000000000000000e+00 0.000000000000000000e+00
2.965520024299621582e-01 7.741414904594421387e-01 5.947170853614807129e-01 9.359121322631835938e-04 6.599627733230590820e-01 9.414839744567871094e-01 7.568672299385070801e-01 4.797012209892272949e-01 2.206894159317016602e-01 1.000000000000000000e+00 0.000000000000000000e+00 0.000000000000000000e+00
9.159842729568481445e-01 7.248973250389099121e-01 3.010423183441162109e-01 8.812012076377868652e-01 3.342896103858947754e-01 3.818590641021728516e-01 8.240818977355957031e-03 5.777859091758728027e-01 3.557780981063842773e-01 0.000000000000000000e+00 0.000000000000000000e+00 0.000000000000000000e+00
9.295720458030700684e-01 8.850401043891906738e-01 6.759642958641052246e-01 7.384552359580993652e-01 9.291384816169738770e-01 2.267310619354248047e-01 2.313351631164550781e-01 1.802061200141906738e-01 5.858570337295532227e-02 0.000000000000000000e+00 0.000000000000000000e+00 0.000000000000000000e+00
8.348223567008972168e-01 1.519007682800292969e-01 5.244470238685607910e-01 4.788970947265625000e-01 7.663494348526000977e-01 7.875444293022155762e-01 8.859136700630187988e-01 6.566400527954101562e-01 5.385038256645202637e-01 0.000000000000000000e+00 0.000000000000000000e+00 0.000000000000000000e+00
8.077252507209777832e-01 4.514059424400329590e-01 6.647586226463317871e-01 3.667915463447570801e-01 9.951487779617309570e-01 4.825198054313659668e-01 8.767209053039550781e-01 5.060888528823852539e-01 4.611098170280456543e-01 0.000000000000000000e+00 0.000000000000000000e+00 0.000000000000000000e+00
7.814320325851440430e-01 5.940817594528198242e-01 1.721777915954589844e-01 7.234583497047424316e-01 4.644302129745483398e-01 8.167896270751953125e-01 2.766168117523193359e-02 9.575551748275756836e-02 3.452106118202209473e-01 0.000000000000000000e+00 0.000000000000000000e+00 0.000000000000000000e+00
3.017608225345611572e-01 5.330001711845397949e-01 3.686887621879577637e-01 9.537643194198608398e-02 6.008472442626953125e-01 6.321360468864440918e-01 4.629572033882141113e-01 6.471065878868103027e-01 7.275320291519165039e-01 0.000000000000000000e+00 0.000000000000000000e+00 0.000000000000000000e+00
8.247444033622741699e-01 9.879973530769348145e-01 2.443256378173828125e-01 7.100828886032104492e-01 8.418133854866027832e-01 9.710037708282470703e-01 5.207616090774536133e-02 5.672757029533386230e-01 5.952315926551818848e-01 0.000000000000000000e+00 0.000000000000000000e+00 0.000000000000000000e+00
4.760845601558685303e-01 7.587134838104248047e-01 8.111624121665954590e-01 4.100579619407653809e-01 5.630388855934143066e-01 5.074958205223083496e-01 4.906493425369262695e-01 1.018045544624328613e-01 8.031135797500610352e-02 1.000000000000000000e+00 0.000000000000000000e+00 0.000000000000000000e+00
1.868690699338912964e-01 9.911067485809326172e-01 9.689260125160217285e-01 4.142332077026367188e-02 1.110649704933166504e-01 5.702133178710937500e-01 5.456854104995727539e-01 1.290308833122253418e-01 1.589834094047546387e-01 0.000000000000000000e+00 1.000000000000000000e+00 0.000000000000000000e+00
9.305056333541870117e-01 1.725266575813293457e-01 8.607619404792785645e-01 5.600223541259765625e-01 1.655799150466918945e-01 5.055087804794311523e-01 8.980133533477783203e-01 7.407351136207580566e-01 3.213489651679992676e-01 0.000000000000000000e+00 0.000000000000000000e+00 0.000000000000000000e+00
1.228152811527252197e-01 5.059045553207397461e-02 2.610808610916137695e-01 1.130444407463073730e-01 5.753080844879150391e-01 2.008445858955383301e-01 5.294870138168334961e-01 3.198087215423583984e-01 3.746836185455322266e-01 1.000000000000000000e+00 0.000000000000000000e+00 0.000000000000000000e+00
9.571940898895263672e-01 1.983520388603210449e-01 1.030769348144531250e-01 8.084705471992492676e-01 3.957741856575012207e-01 7.021780610084533691e-01 7.170546650886535645e-01 5.239464044570922852e-01 7.094829082489013672e-01 1.000000000000000000e+00 0.000000000000000000e+00 0.000000000000000000e+00
6.555082798004150391e-01 6.656229496002197266e-03 6.258197426795959473e-01 3.386051058769226074e-01 9.917306900024414062e-02 8.142502903938293457e-01 2.425074577331542969e-01 7.749974727630615234e-03 2.081385254859924316e-01 1.000000000000000000e+00 1.000000000000000000e+00 1.000000000000000000e+00
9.418548941612243652e-01 6.319278478622436523e-02 7.392122745513916016e-01 4.132913947105407715e-01 3.250783681869506836e-01 1.243323683738708496e-01 2.245068550109863281e-01 6.694533228874206543e-01 3.805307149887084961e-01 0.000000000000000000e+00 1.000000000000000000e+00 0.000000000000000000e+00
8.385061025619506836e-01 4.776480793952941895e-01 5.482816100120544434e-01 6.368658542633056641e-01 9.096833467483520508e-01 8.475729227066040039e-01 9.547833204269409180e-01 2.666753530502319336e-01 1.703752875328063965e-01 0.000000000000000000e+00 1.000000000000000000e+00 0.000000000000000000e+00
6.279488801956176758e-01 7.494692802429199219e-01 5.295389890670776367e-02 2.471989393234252930e-01 9.760261774063110352e-01 5.432674288749694824e-01 1.060675978660583496e-01 3.180307149887084961e-01 4.965550303459167480e-01 0.000000000000000000e+00 0.000000000000000000e+00 0.000000000000000000e+00
6.902179718017578125e-01 9.761228561401367188e-01 7.855426073074340820e-01 3.220935463905334473e-01 9.346029758453369141e-01 9.905893206596374512e-01 4.577474594116210938e-01 7.437437772750854492e-02 3.223807215690612793e-01 1.000000000000000000e+00 0.000000000000000000e+00 0.000000000000000000e+00
9.830611348152160645e-01 4.009594917297363281e-01 6.600468158721923828e-01 9.729545116424560547e-01 5.167372822761535645e-01 2.588885426521301270e-01 6.235978007316589355e-01 4.025019407272338867e-01 4.925917387008666992e-01 0.000000000000000000e+00 1.000000000000000000e+00 0.000000000000000000e+00
9.802407026290893555e-01 5.034327507019042969e-03 7.249337434768676758e-01 6.082155704498291016e-01 8.066910505294799805e-01 6.984597444534301758e-02 7.834200263023376465e-01 3.317408561706542969e-01 5.912489891052246094e-01 0.000000000000000000e+00 0.000000000000000000e+00 0.000000000000000000e+00
5.237873196601867676e-01 4.199329018592834473e-01 9.126898050308227539e-01 5.874047875404357910e-01 8.771830797195434570e-02 9.393528699874877930e-01 9.399634599685668945e-01 6.537073850631713867e-01 3.771713972091674805e-01 1.000000000000000000e+00 0.000000000000000000e+00 0.000000000000000000e+00
5.563802123069763184e-01 6.046709418296813965e-01 6.941294670104980469e-01 1.387441158294677734e-02 4.401482343673706055e-01 2.717836499214172363e-01 8.007664680480957031e-01 8.918728828430175781e-01 5.270664095878601074e-01 1.000000000000000000e+00 0.000000000000000000e+00 0.000000000000000000e+00
8.182172775268554688e-01 2.958680391311645508e-01 5.639863610267639160e-01 8.583155870437622070e-01 4.335290193557739258e-02 5.529043078422546387e-01 9.050995111465454102e-02 6.231157779693603516e-01 2.883893251419067383e-02 0.000000000000000000e+00 0.000000000000000000e+00 0.000000000000000000e+00
6.255948543548583984e-01 6.765218377113342285e-01 4.178566336631774902e-01 3.420279026031494141e-01 9.305356144905090332e-01 7.035780549049377441e-01 6.198667287826538086e-01 1.176503300666809082e-01 6.076747179031372070e-01 1.000000000000000000e+00 0.000000000000000000e+00 0.000000000000000000e+00
5.149390101432800293e-01 6.800344586372375488e-01 4.032494425773620605e-01 2.135360240936279297e-02 7.936619520187377930e-01 6.169568896293640137e-01 3.969189524650573730e-01 8.760246038436889648e-01 1.783034205436706543e-01 1.000000000000000000e+00 0.000000000000000000e+00 0.000000000000000000e+00
9.375222921371459961e-01 9.192973375320434570e-02 7.475993633270263672e-01 3.901979923248291016e-01 6.664315462112426758e-01 3.467026948928833008e-01 9.842632412910461426e-01 1.937366724014282227e-01 1.939410567283630371e-01 0.000000000000000000e+00 1.000000000000000000e+00 0.000000000000000000e+00
7.263749837875366211e-02 9.909380078315734863e-01 5.092182159423828125e-01 3.203387856483459473e-01 3.690755367279052734e-02 8.772912025451660156e-01 1.873003840446472168e-01 2.076622247695922852e-01 9.586983919143676758e-01 0.000000000000000000e+00 1.000000000000000000e+00 0.000000000000000000e+00
9.676246643066406250e-01 3.352336883544921875e-01 5.802333354949951172e-03 8.367242217063903809e-01 5.252454280853271484e-01 5.534513592720031738e-01 4.111995697021484375e-01 5.754114985466003418e-01 9.175404310226440430e-01 0.000000000000000000e+00 1.000000000000000000e+00 0.000000000000000000e+00
9.762002825736999512e-01 5.816937685012817383e-01 9.001642465591430664e-01 2.653714418411254883e-01 9.973939657211303711e-01 2.523249387741088867e-01 8.349462747573852539e-01 3.281962275505065918e-01 9.924819469451904297e-01 0.000000000000000000e+00 0.000000000000000000e+00 0.000000000000000000e+00
8.925426006317138672e-01 2.668796181678771973e-01 1.882569789886474609e-01 8.241928815841674805e-01 2.588261365890502930e-01 5.119861364364624023e-01 8.556715250015258789e-01 4.944603443145751953e-01 5.031121373176574707e-01 0.000000000000000000e+00 0.000000000000000000e+00 0.000000000000000000e+00
7.449451088905334473e-01 6.540599465370178223e-01 2.940351366996765137e-01 7.943334579467773438e-01 1.389118432998657227e-01 6.300476789474487305e-01 7.193887233734130859e-02 7.960684299468994141e-01 2.128303050994873047e-02 0.000000000000000000e+00 0.000000000000000000e+00 0.000000000000000000e+00
4.505309164524078369e-01 1.627651453018188477e-01 7.673043012619018555e-02 2.483708858489990234e-01 8.238609433174133301e-01 8.614659309387207031e-01 1.321750879287719727e-01 5.823011994361877441e-01 7.973362803459167480e-01 1.000000000000000000e+00 0.000000000000000000e+00 0.000000000000000000e+00
9.130993485450744629e-01 9.547411799430847168e-01 4.730745553970336914e-01 8.886741995811462402e-01 9.274873733520507812e-01 8.028840422630310059e-01 4.836076498031616211e-02 6.799073815345764160e-01 3.365445137023925781e-01 0.000000000000000000e+00 0.000000000000000000e+00 0.000000000000000000e+00
6.585604548454284668e-01 2.425172328948974609e-01 1.038590669631958008e-01 3.679728507995605469e-01 6.712079644203186035e-01 2.342079281806945801e-01 8.607911467552185059e-01 1.903353929519653320e-01 4.838228225708007812e-01 0.000000000000000000e+00 1.000000000000000000e+00 0.000000000000000000e+00
5.569977164268493652e-01 1.680724620819091797e-01 8.941592574119567871e-01 2.405294179916381836e-01 2.466876506805419922e-01 8.738110065460205078e-01 2.558814883232116699e-01 9.430221915245056152e-01 2.214792370796203613e-01 0.000000000000000000e+00 0.000000000000000000e+00 0.000000000000000000e+00
9.074704647064208984e-01 3.562461733818054199e-01 8.986103534698486328e-01 2.427842617034912109e-01 6.165182590484619141e-02 1.741625070571899414e-01 1.546303629875183105e-01 9.372401237487792969e-01 5.570958852767944336e-01 0.000000000000000000e+00 0.000000000000000000e+00 0.000000000000000000e+00
1.837243586778640747e-01 5.663610696792602539e-01 2.146815061569213867e-01 3.792011737823486328e-01 3.802597522735595703e-02 2.355668544769287109e-01 1.970902681350708008e-01 2.891575694084167480e-01 5.793988704681396484e-02 1.000000000000000000e+00 0.000000000000000000e+00 0.000000000000000000e+00
6.541246771812438965e-01 5.311505198478698730e-01 5.217006802558898926e-01 5.547500252723693848e-01 6.786313056945800781e-01 7.572435736656188965e-01 4.869089722633361816e-01 3.500552177429199219e-01 9.384316205978393555e-01 0.000000000000000000e+00 0.000000000000000000e+00 0.000000000000000000e+00
6.122075319290161133e-01 6.817891597747802734e-01 8.233672380447387695e-02 6.386655569076538086e-02 9.938538074493408203e-01 3.057181835174560547e-01 6.961355805397033691e-01 1.574203968048095703e-01 6.977576017379760742e-01 0.000000000000000000e+00 0.000000000000000000e+00 0.000000000000000000e+00
9.766572713851928711e-01 2.015243172645568848e-01 9.353116154670715332e-01 2.771276235580444336e-01 6.454140543937683105e-01 3.609127998352050781e-01 7.070052027702331543e-01 9.869111776351928711e-01 1.671937108039855957e-01 0.000000000000000000e+00 0.000000000000000000e+00 0.000000000000000000e+00
6.092887520790100098e-01 6.535404324531555176e-01 6.427572369575500488e-01 4.465062022209167480e-01 4.844506978988647461e-01 6.884679198265075684e-01 7.985187172889709473e-01 9.954300522804260254e-01 8.734300136566162109e-01 0.000000000000000000e+00 0.000000000000000000e+00 0.000000000000000000e+00
9.622008204460144043e-01 6.633573174476623535e-01 9.216064214706420898e-02 8.456155657768249512e-01 7.821474075317382812e-01 2.803019881248474121e-01 5.689224600791931152e-01 5.829922556877136230e-01 9.606103301048278809e-01 0.000000000000000000e+00 0.000000000000000000e+00 0.000000000000000000e+00
3.913202583789825439e-01 6.999902725219726562e-01 3.341444134712219238e-01 5.013477206230163574e-01 3.266435861587524414e-01 3.944514989852905273e-01 9.997492432594299316e-01 9.008545875549316406e-01 8.303650021553039551e-01 1.000000000000000000e+00 0.000000000000000000e+00 0.000000000000000000e+00
9.783041477203369141e-01 5.369855165481567383e-01 9.030789732933044434e-01 9.828377366065979004e-01 5.906810164451599121e-01 1.595036983489990234e-01 6.941201686859130859e-01 1.642474532127380371e-01 4.917663931846618652e-01 0.000000000000000000e+00 1.000000000000000000e+00 0.000000000000000000e+00
4.670417606830596924e-01 4.637143015861511230e-01 2.609066367149353027e-01 3.222456574440002441e-01 4.837887287139892578e-01 6.047376394271850586e-01 3.309752941131591797e-01 1.006255149841308594e-01 1.215658187866210938e-01 1.000000000000000000e+00 0.000000000000000000e+00 0.000000000000000000e+00
8.976821303367614746e-01 1.083832979202270508e-02 1.921510696411132812e-02 3.207746744155883789e-01 9.821501374244689941e-01 6.436499357223510742e-01 2.987413406372070312e-01 6.251065135002136230e-01 5.060988664627075195e-01 0.000000000000000000e+00 0.000000000000000000e+00 0.000000000000000000e+00
8.441945910453796387e-01 4.119920134544372559e-01 9.862651824951171875e-01 4.164520502090454102e-01 1.683580875396728516e-01 5.239006876945495605e-01 8.701758384704589844e-01 4.095176458358764648e-01 2.390491962432861328e-02 0.000000000000000000e+00 1.000000000000000000e+00 0.000000000000000000e+00
1.754006445407867432e-01 3.506388664245605469e-01 2.323569059371948242e-01 7.926762104034423828e-03 9.145426750183105469e-02 6.609353423118591309e-01 7.398710250854492188e-01 2.573750019073486328e-01 1.024782657623291016e-01 0.000000000000000000e+00 1.000000000000000000e+00 0.000000000000000000e+00
8.774399757385253906e-01 1.964463591575622559e-01 1.697397828102111816e-01 7.884519100189208984e-01 1.240080595016479492e-02 9.737126827239990234e-01 5.752248764038085938e-01 1.385806798934936523e-01 8.655697107315063477e-01 0.000000000000000000e+00 1.000000000000000000e+00 0.000000000000000000e+00
6.643112897872924805e-01 3.179268836975097656e-01 1.476270556449890137e-01 7.548215389251708984e-01 6.380695104598999023e-02 6.468436717987060547e-01 3.954215049743652344e-01 1.776615977287292480e-01 4.400312900543212891e-01 0.000000000000000000e+00 1.000000000000000000e+00 0.000000000000000000e+00
9.911075234413146973e-01 5.788028240203857422e-03 9.967214465141296387e-01 7.597144842147827148e-01 2.544105052947998047e-01 5.113763809204101562e-01 1.594876050949096680e-01 5.712810754776000977e-01 1.486304402351379395e-01 0.000000000000000000e+00 0.000000000000000000e+00 0.000000000000000000e+00
9.052911400794982910e-01 8.283025026321411133e-01 8.010274171829223633e-02 9.782947897911071777e-01 9.012292623519897461e-01 2.587879896163940430e-01 9.831893444061279297e-01 7.167341709136962891e-01 6.487627625465393066e-01 0.000000000000000000e+00 0.000000000000000000e+00 0.000000000000000000e+00
7.019425630569458008e-01 8.995504379272460938e-01 9.809364080429077148e-01 4.482252597808837891e-01 7.198196649551391602e-01 2.881492376327514648e-01 1.306295394897460938e-03 8.642695546150207520e-01 2.086842656135559082e-01 0.000000000000000000e+00 0.000000000000000000e+00 0.000000000000000000e+00
9.931409955024719238e-01 3.636490106582641602e-01 4.916893243789672852e-01 8.901000022888183594e-01 8.176388740539550781e-01 3.760268092155456543e-01 9.369493126869201660e-01 7.856588959693908691e-01 8.208470344543457031e-01 0.000000000000000000e+00 0.000000000000000000e+00 0.000000000000000000e+00
9.595547318458557129e-01 8.091186285018920898e-01 5.231361389160156250e-01 8.658412098884582520e-01 4.957430362701416016e-01 4.110631942749023438e-01 4.633087515830993652e-01 9.817996025085449219e-01 8.178278207778930664e-01 0.000000000000000000e+00 0.000000000000000000e+00 0.000000000000000000e+00
8.335604667663574219e-01 3.536931276321411133e-01 8.997901082038879395e-01 1.959633231163024902e-01 6.586453318595886230e-01 4.238908290863037109e-01 9.289072751998901367e-01 4.014996886253356934e-01 9.191645979881286621e-01 1.000000000000000000e+00 0.000000000000000000e+00 0.000000000000000000e+00
4.739841818809509277e-01 8.533992767333984375e-01 2.916877269744873047e-01 3.062191009521484375e-01 6.071385741233825684e-01 9.758551716804504395e-01 8.247627019882202148e-01 5.831399559974670410e-01 1.261011362075805664e-01 1.000000000000000000e+00 0.000000000000000000e+00 0.000000000000000000e+00
9.216827750205993652e-01 5.701894164085388184e-01 4.144889712333679199e-01 8.417924046516418457e-01 3.524214625358581543e-01 3.999881744384765625e-01 5.469979643821716309e-01 5.265337824821472168e-01 2.565970420837402344e-01 0.000000000000000000e+00 0.000000000000000000e+00 0.000000000000000000e+00
9.511005282402038574e-01 8.728238940238952637e-01 1.183807253837585449e-01 8.782094120979309082e-01 8.815492987632751465e-01 2.393454313278198242e-02 3.349607586860656738e-01 3.781077861785888672e-01 8.590364456176757812e-02 0.000000000000000000e+00 0.000000000000000000e+00 0.000000000000000000e+00
3.153204172849655151e-02 9.402990341186523438e-02 1.900166273117065430e-02 5.358272790908813477e-02 3.782312273979187012e-01 1.700138449668884277e-01 3.000129461288452148e-01 7.446323633193969727e-01 3.050671815872192383e-01 0.000000000000000000e+00 1.000000000000000000e+00 0.000000000000000000e+00
9.540421962738037109e-01 4.629114270210266113e-01 6.770083308219909668e-01 7.835918664932250977e-01 4.982836842536926270e-01 3.751052021980285645e-01 1.827092170715332031e-01 2.300230860710144043e-01 6.411615610122680664e-01 0.000000000000000000e+00 0.000000000000000000e+00 0.000000000000000000e+00
4.640161395072937012e-01 9.352087378501892090e-01 7.178754210472106934e-01 6.270621418952941895e-01 1.894878149032592773e-01 2.236424684524536133e-01 6.246445775032043457e-01 5.291582942008972168e-01 3.818172812461853027e-01 0.000000000000000000e+00 0.000000000000000000e+00 0.000000000000000000e+00
7.961981892585754395e-01 3.585374355316162109e-02 6.757998466491699219e-02 3.294333815574645996e-01 8.044389486312866211e-01 3.177357316017150879e-01 7.052868008613586426e-01 1.831097006797790527e-01 8.590983748435974121e-01 0.000000000000000000e+00 1.000000000000000000e+00 0.000000000000000000e+00
3.197878003120422363e-01 7.085322737693786621e-01 5.781008005142211914e-01 5.171740055084228516e-02 6.243028640747070312e-01 5.469335317611694336e-01 9.723520278930664062e-01 6.718577742576599121e-01 9.274889230728149414e-01 0.000000000000000000e+00 0.000000000000000000e+00 0.000000000000000000e+00
9.801700711250305176e-01 8.743268251419067383e-02 2.911245822906494141e-02 6.899887323379516602e-01 6.922600865364074707e-01 1.525961756706237793e-01 6.172678470611572266e-01 1.427427530288696289e-01 2.779176235198974609e-01 0.000000000000000000e+00 0.000000000000000000e+00 0.000000000000000000e+00
4.775742590427398682e-01 9.274652600288391113e-01 9.857295751571655273e-01 6.433157920837402344e-01 8.323764801025390625e-02 3.059183955192565918e-01 9.455702304840087891e-01 6.876326203346252441e-01 2.935791015625000000e-01 0.000000000000000000e+00 0.000000000000000000e+00 0.000000000000000000e+00
9.254640340805053711e-01 3.799825310707092285e-01 3.192961812019348145e-01 8.011595606803894043e-01 6.173200011253356934e-01 3.787375688552856445e-01 9.189170598983764648e-01 2.945205569267272949e-01 4.976904392242431641e-02 0.000000000000000000e+00 0.000000000000000000e+00 0.000000000000000000e+00
9.769415259361267090e-01 2.874459028244018555e-01 2.032871246337890625e-01 7.694063186645507812e-01 8.420360088348388672e-01 2.667596340179443359e-01 9.476867318153381348e-01 6.291159987449645996e-01 5.089049339294433594e-01 0.000000000000000000e+00 0.000000000000000000e+00 0.000000000000000000e+00
3.400377631187438965e-01 7.229489684104919434e-01 7.996138930320739746e-01 3.028966188430786133e-01 7.273960113525390625e-02 1.188192963600158691e-01 9.399262070655822754e-01 9.934924244880676270e-01 8.294153213500976562e-02 0.000000000000000000e+00 0.000000000000000000e+00 0.000000000000000000e+00
2.207755744457244873e-01 6.171595454216003418e-01 2.151070833206176758e-01 2.972239255905151367e-02 2.651147842407226562e-01 5.543914437294006348e-01 9.587813019752502441e-01 1.585888862609863281e-02 4.027730226516723633e-02 1.000000000000000000e+00 0.000000000000000000e+00 0.000000000000000000e+00
9.002521634101867676e-01 3.874074816703796387e-01 4.333832859992980957e-01 7.804514765739440918e-01 8.678839206695556641e-01 6.394681930541992188e-01 1.041676402091979980e-01 8.303427100181579590e-01 2.357505559921264648e-01 0.000000000000000000e+00 0.000000000000000000e+00 0.000000000000000000e+00
6.175143718719482422e-01 8.044424653053283691e-01 9.749556779861450195e-01 9.064192771911621094e-01 3.441215157508850098e-01 4.080200195312500000e-01 4.948397278785705566e-01 8.029882907867431641e-01 6.963782906532287598e-01 0.000000000000000000e+00 0.000000000000000000e+00 0.000000000000000000e+00
3.644891083240509033e-01 5.221858024597167969e-01 1.276212930679321289e-01 3.867018818855285645e-01 3.031994104385375977e-01 3.975912928581237793e-01 7.771201729774475098e-01 6.767079234123229980e-01 8.649648427963256836e-01 0.000000000000000000e+00 0.000000000000000000e+00 0.000000000000000000e+00
9.868946075439453125e-01 4.439085721969604492e-02 7.338051199913024902e-01 7.383473515510559082e-01 9.797857999801635742e-01 8.792836070060729980e-01 2.386494278907775879e-01 4.589197039604187012e-01 9.310373663902282715e-01 0.000000000000000000e+00 0.000000000000000000e+00 0.000000000000000000e+00
8.495976924896240234e-01 9.128135442733764648e-02 7.204949855804443359e-03 6.451250910758972168e-01 3.621671199798583984e-01 5.533054471015930176e-01 3.495578765869140625e-01 9.813845753669738770e-01 1.206104159355163574e-01 0.000000000000000000e+00 0.000000000000000000e+00 0.000000000000000000e+00
7.377293705940246582e-01 6.432184576988220215e-01 3.994003534317016602e-01 8.338899612426757812e-01 3.430765867233276367e-01 3.002262115478515625e-01 9.158951044082641602e-01 9.172989130020141602e-01 4.296898841857910156e-01 1.000000000000000000e+00 0.000000000000000000e+00 0.000000000000000000e+00
8.639247417449951172e-01 2.363071441650390625e-01 9.990869760513305664e-01 2.293801903724670410e-01 2.905142307281494141e-02 1.461875438690185547e-01 4.820466041564941406e-01 6.854752302169799805e-01 3.292503356933593750e-01 0.000000000000000000e+00 0.000000000000000000e+00 0.000000000000000000e+00
3.533592522144317627e-01 4.861384034156799316e-01 3.387820720672607422e-02 2.850842475891113281e-02 3.993996381759643555e-01 4.877322912216186523e-02 2.790471315383911133e-01 5.930751562118530273e-02 9.258081316947937012e-01 0.000000000000000000e+00 0.000000000000000000e+00 0.000000000000000000e+00
9.877903461456298828e-01 1.372815370559692383e-01 2.413033246994018555e-01 6.695004701614379883e-01 8.588602542877197266e-01 2.777000665664672852e-01 2.889879345893859863e-01 8.614685535430908203e-01 7.981852889060974121e-01 0.000000000000000000e+00 0.000000000000000000e+00 0.000000000000000000e+00
9.391468167304992676e-01 1.588072776794433594e-01 8.853102326393127441e-01 8.019251227378845215e-01 5.194398164749145508e-01 9.568139910697937012e-01 4.579459428787231445e-01 6.870987415313720703e-01 8.472072482109069824e-01 1.000000000000000000e+00 0.000000000000000000e+00 0.000000000000000000e+00
9.748750925064086914e-01 2.950584888458251953e-02 6.899657845497131348e-01 4.369461536407470703e-01 9.610480070114135742e-01 7.295638322830200195e-01 9.302659034729003906e-01 1.068766117095947266e-01 2.447907328605651855e-01 0.000000000000000000e+00 0.000000000000000000e+00 0.000000000000000000e+00
7.582497000694274902e-01 7.657521367073059082e-01 9.545052647590637207e-01 8.724594712257385254e-01 5.060781240463256836e-01 6.431955695152282715e-01 9.684337377548217773e-01 5.247093439102172852e-01 4.649847745895385742e-01 1.000000000000000000e+00 0.000000000000000000e+00 0.000000000000000000e+00
8.130332827568054199e-01 7.850580811500549316e-01 7.222955822944641113e-01 8.295022249221801758e-01 6.369826197624206543e-01 9.710826873779296875e-01 1.748040318489074707e-01 1.434674859046936035e-01 7.432101964950561523e-01 1.000000000000000000e+00 0.000000000000000000e+00 0.000000000000000000e+00
9.320475459098815918e-01 2.807964682579040527e-01 3.079667091369628906e-01 8.563104271888732910e-01 2.325230836868286133e-02 5.698442459106445312e-01 3.294419646263122559e-01 5.031070709228515625e-01 8.594777584075927734e-01 0.000000000000000000e+00 0.000000000000000000e+00 0.000000000000000000e+00
8.041449189186096191e-01 9.458934664726257324e-01 3.055965304374694824e-01 2.928313016891479492e-01 9.270012378692626953e-01 2.374613285064697266e-02 3.173587918281555176e-01 4.621302485466003418e-01 7.526958584785461426e-01 1.000000000000000000e+00 0.000000000000000000e+00 0.000000000000000000e+00
7.902085781097412109e-01 6.859421730041503906e-01 1.428139209747314453e-01 9.807945489883422852e-01 2.059639096260070801e-01 8.802282810211181641e-01 7.869545221328735352e-01 6.807273626327514648e-02 3.634352087974548340e-01 0.000000000000000000e+00 0.000000000000000000e+00 0.000000000000000000e+00
9.833644628524780273e-01 8.787417411804199219e-02 4.117456674575805664e-01 8.906333446502685547e-01 8.801140785217285156e-01 7.387470602989196777e-01 8.711909055709838867e-01 5.512126684188842773e-01 1.063722372055053711e-02 0.000000000000000000e+00 0.000000000000000000e+00 0.000000000000000000e+00
8.548147082328796387e-01 4.707696437835693359e-01 8.945506811141967773e-01 4.478833675384521484e-01 9.073629379272460938e-01 3.018168210983276367e-01 1.508235931396484375e-02 7.847724556922912598e-01 2.722743749618530273e-01 0.000000000000000000e+00 0.000000000000000000e+00 0.000000000000000000e+00
3.859940767288208008e-01 5.416752099990844727e-01 1.095932126045227051e-01 5.406558513641357422e-01 2.903528213500976562e-01 4.505378007888793945e-02 5.423038005828857422e-01 4.187242984771728516e-01 8.941619992256164551e-01 0.000000000000000000e+00 0.000000000000000000e+00 0.000000000000000000e+00
5.490845441818237305e-01 5.715155601501464844e-01 5.595616698265075684e-01 5.156829953193664551e-01 4.037337303161621094e-01 8.558459281921386719e-01 5.913782119750976562e-02 6.074962615966796875e-01 2.496526837348937988e-01 1.000000000000000000e+00 0.000000000000000000e+00 0.000000000000000000e+00
4.290102124214172363e-01 6.080442070960998535e-01 2.104746103286743164e-01 4.871610403060913086e-01 5.403775572776794434e-01 5.153641700744628906e-01 1.073877215385437012e-01 9.226697087287902832e-01 3.737297654151916504e-01 0.000000000000000000e+00 0.000000000000000000e+00 0.000000000000000000e+00
9.881613254547119141e-01 2.764075994491577148e-01 1.561484336853027344e-01 9.993748068809509277e-01 7.744301557540893555e-01 4.613980650901794434e-01 8.270808458328247070e-01 1.343384385108947754e-01 2.384284138679504395e-01 0.000000000000000000e+00 1.000000000000000000e+00 0.000000000000000000e+00
6.231477260589599609e-01 7.882329225540161133e-01 8.622548580169677734e-01 5.850691795349121094e-01 6.672873497009277344e-01 8.075975179672241211e-01 3.082717657089233398e-01 1.355487704277038574e-01 6.415225863456726074e-01 1.000000000000000000e+00 0.000000000000000000e+00 0.000000000000000000e+00
1.117281690239906311e-01 8.151328563690185547e-02 2.635639309883117676e-01 3.026325702667236328e-01 2.128634452819824219e-01 8.600521087646484375e-02 9.739312529563903809e-01 8.458133339881896973e-01 2.833092212677001953e-02 1.000000000000000000e+00 1.000000000000000000e+00 1.000000000000000000e+00
8.897168934345245361e-02 3.831833600997924805e-01 5.227166414260864258e-02 6.049668788909912109e-02 8.955597877502441406e-03 8.559023141860961914e-01 5.878309607505798340e-01 5.069325566291809082e-01 3.842826485633850098e-01 0.000000000000000000e+00 1.000000000000000000e+00 0.000000000000000000e+00
9.615634083747863770e-01 1.803799867630004883e-01 1.794672608375549316e-01 8.565342426300048828e-01 3.053482174873352051e-01 7.389532923698425293e-01 6.773204803466796875e-01 4.707241058349609375e-01 7.370837330818176270e-01 0.000000000000000000e+00 0.000000000000000000e+00 0.000000000000000000e+00
9.079620838165283203e-01 6.752717494964599609e-01 8.298974633216857910e-01 7.788662910461425781e-01 7.983740568161010742e-01 7.582919001579284668e-01 3.530437946319580078e-01 1.891067624092102051e-01 5.683799386024475098e-01 0.000000000000000000e+00 1.000000000000000000e+00 0.000000000000000000e+00
9.535366296768188477e-01 3.991359472274780273e-01 7.054653167724609375e-01 8.230336308479309082e-01 7.742624282836914062e-01 2.179380059242248535e-01 6.977582573890686035e-01 9.495544433593750000e-01 4.464637041091918945e-01 0.000000000000000000e+00 0.000000000000000000e+00 0.000000000000000000e+00
2.916962206363677979e-01 4.850484132766723633e-01 2.286452054977416992e-02 6.391476988792419434e-01 2.890917658805847168e-01 6.902747154235839844e-01 9.680002331733703613e-01 7.253337502479553223e-01 3.201069235801696777e-01 0.000000000000000000e+00 0.000000000000000000e+00 0.000000000000000000e+00
9.258472919464111328e-01 8.831087350845336914e-01 1.430727839469909668e-01 9.049004316329956055e-01 7.558274865150451660e-01 1.975058317184448242e-01 5.593624711036682129e-01 3.114261627197265625e-01 7.253058552742004395e-01 0.000000000000000000e+00 0.000000000000000000e+00 0.000000000000000000e+00
6.966447830200195312e-01 6.328765153884887695e-01 4.546789526939392090e-01 6.404281258583068848e-01 8.360010981559753418e-01 8.335881829261779785e-01 3.908767700195312500e-01 6.253197789192199707e-01 2.986550331115722656e-02 1.000000000000000000e+00 0.000000000000000000e+00 0.000000000000000000e+00
9.504079818725585938e-01 3.992580175399780273e-01 5.742204189300537109e-01 7.557195425033569336e-01 8.147115111351013184e-01 1.520900726318359375e-01 3.734821081161499023e-01 2.806482315063476562e-01 4.310974478721618652e-01 0.000000000000000000e+00 1.000000000000000000e+00 0.000000000000000000e+00
5.053597092628479004e-01 4.402711391448974609e-01 8.675004839897155762e-01 3.068093657493591309e-01 7.981884479522705078e-02 7.089754343032836914e-01 6.965025663375854492e-01 4.124659895896911621e-01 9.511465430259704590e-01 1.000000000000000000e+00 0.000000000000000000e+00 0.000000000000000000e+00
9.835067987442016602e-01 2.942000031471252441e-01 9.662452936172485352e-01 8.252245187759399414e-01 5.953664183616638184e-01 3.256902694702148438e-01 8.972590565681457520e-01 8.761453032493591309e-01 7.956290841102600098e-01 0.000000000000000000e+00 0.000000000000000000e+00 0.000000000000000000e+00
7.277472019195556641e-01 7.719237804412841797e-01 5.116118788719177246e-01 8.735609054565429688e-01 2.785552740097045898e-01 7.359948158264160156e-01 8.512317538261413574e-01 4.075483679771423340e-01 8.880413770675659180e-01 0.000000000000000000e+00 0.000000000000000000e+00 0.000000000000000000e+00
2.297023385763168335e-01 8.183202147483825684e-01 4.179846644401550293e-01 2.927964925765991211e-02 3.709307909011840820e-01 7.239470481872558594e-01 9.667162895202636719e-01 5.774636268615722656e-01 5.409836769104003906e-02 0.000000000000000000e+00 0.000000000000000000e+00 0.000000000000000000e+00
9.985840320587158203e-01 2.124361395835876465e-01 9.280477166175842285e-01 7.121924757957458496e-01 6.397659778594970703e-01 2.075001001358032227e-01 3.191601037979125977e-01 5.548360347747802734e-01 9.891310930252075195e-01 0.000000000000000000e+00 0.000000000000000000e+00 0.000000000000000000e+00
9.474847316741943359e-01 1.805366873741149902e-01 8.328808546066284180e-01 4.893522262573242188e-01 1.173301935195922852e-01 1.120572090148925781e-01 9.377347826957702637e-01 8.841323852539062500e-01 1.782572269439697266e-01 0.000000000000000000e+00 0.000000000000000000e+00 0.000000000000000000e+00
9.590105414390563965e-01 1.560626029968261719e-01 4.736763834953308105e-01 7.526431083679199219e-01 5.363641977310180664e-01 7.537951469421386719e-01 8.288979530334472656e-02 3.541644215583801270e-01 9.340520501136779785e-01 1.000000000000000000e+00 0.000000000000000000e+00 0.000000000000000000e+00
8.136274218559265137e-01 3.337967395782470703e-02 2.823082208633422852e-01 5.983284115791320801e-01 3.798433542251586914e-01 5.510622262954711914e-01 4.114713668823242188e-01 3.887060880661010742e-01 5.053955316543579102e-02 1.000000000000000000e+00 1.000000000000000000e+00 1.000000000000000000e+00
6.736142039299011230e-01 8.370089530944824219e-01 1.481671333312988281e-01 1.801126599311828613e-01 6.903570294380187988e-01 8.790184259414672852e-01 4.415924549102783203e-01 7.828170061111450195e-01 4.294089674949645996e-01 0.000000000000000000e+00 0.000000000000000000e+00 0.000000000000000000e+00
8.878877162933349609e-01 8.857068419456481934e-01 6.728803515434265137e-01 7.385863065719604492e-01 5.999766588211059570e-01 1.137661337852478027e-01 3.074779510498046875e-01 7.825803756713867188e-01 8.335508108139038086e-01 1.000000000000000000e+00 0.000000000000000000e+00 0.000000000000000000e+00
7.860769629478454590e-01 8.334869146347045898e-01 4.588753581047058105e-01 5.880701541900634766e-02 8.205021023750305176e-01 3.935415744781494141e-01 6.233006715774536133e-02 3.702343702316284180e-01 3.645722866058349609e-01 1.000000000000000000e+00 0.000000000000000000e+00 0.000000000000000000e+00
6.166703104972839355e-01 7.353199124336242676e-01 1.473098993301391602e-01 9.833488464355468750e-01 1.405888795852661133e-01 8.905363082885742188e-01 4.443671703338623047e-01 5.483389496803283691e-01 8.326530456542968750e-02 0.000000000000000000e+00 1.000000000000000000e+00 0.000000000000000000e+00
9.918023943901062012e-01 4.630802869796752930e-01 8.910010457038879395e-01 7.725925445556640625e-01 9.949955344200134277e-01 1.629636883735656738e-01 7.377760410308837891e-01 7.775844931602478027e-01 1.083241701126098633e-01 1.000000000000000000e+00 0.000000000000000000e+00 0.000000000000000000e+00
3.921366035938262939e-01 9.105582833290100098e-01 9.577733874320983887e-01 4.030900597572326660e-01 4.881485104560852051e-01 6.919202208518981934e-01 2.912926673889160156e-02 9.109210968017578125e-02 3.755911588668823242e-01 0.000000000000000000e+00 0.000000000000000000e+00 0.000000000000000000e+00
6.572746038436889648e-01 9.349599480628967285e-01 3.560839891433715820e-01 9.057379364967346191e-01 5.360394716262817383e-01 8.248941898345947266e-01 2.897394895553588867e-01 5.012037158012390137e-01 7.966738939285278320e-02 0.000000000000000000e+00 0.000000000000000000e+00 0.000000000000000000e+00
8.641897439956665039e-01 1.247431635856628418e-01 7.547772526741027832e-01 7.826590538024902344e-01 2.987563610076904297e-03 7.315745353698730469e-01 7.778662443161010742e-01 7.468557953834533691e-01 5.846304297447204590e-01 0.000000000000000000e+00 0.000000000000000000e+00 0.000000000000000000e+00
8.233512639999389648e-01 5.129781365394592285e-01 1.773707866668701172e-01 9.612609148025512695e-01 1.234305500984191895e-01 5.799366831779479980e-01 4.291778802871704102e-02 5.048898458480834961e-01 5.885851979255676270e-01 0.000000000000000000e+00 0.000000000000000000e+00 0.000000000000000000e+00
6.335120797157287598e-01 9.264938235282897949e-01 5.915208458900451660e-01 1.111046671867370605e-01 6.437832713127136230e-01 9.912590980529785156e-01 2.689900994300842285e-01 6.522858142852783203e-02 3.117841482162475586e-01 0.000000000000000000e+00 0.000000000000000000e+00 0.000000000000000000e+00
9.896099567413330078e-01 4.974722862243652344e-03 9.881987571716308594e-01 6.366207003593444824e-01 5.777686834335327148e-02 3.257453441619873047e-02 7.416931986808776855e-01 9.548965692520141602e-01 9.865382909774780273e-01 0.000000000000000000e+00 0.000000000000000000e+00 0.000000000000000000e+00
8.321422338485717773e-01 9.806055426597595215e-01 4.418565630912780762e-01 5.767759084701538086e-01 8.554924726486206055e-01 7.381874322891235352e-02 2.960821390151977539e-01 3.995175957679748535e-01 5.796985030174255371e-01 0.000000000000000000e+00 0.000000000000000000e+00 0.000000000000000000e+00
9.227038621902465820e-01 6.941506862640380859e-01 4.250004887580871582e-01 9.609672427177429199e-01 6.516892313957214355e-01 5.628291964530944824e-01 3.072423338890075684e-01 7.648329734802246094e-01 7.098770141601562500e-01 0.000000000000000000e+00 0.000000000000000000e+00 0.000000000000000000e+00
6.016956567764282227e-01 2.472891211509704590e-01 5.405647754669189453e-01 5.132605433464050293e-01 9.193420410156250000e-03 1.955318450927734375e-02 7.283754944801330566e-01 5.441374778747558594e-01 7.726360559463500977e-01 1.000000000000000000e+00 0.000000000000000000e+00 0.000000000000000000e+00
4.151199460029602051e-01 5.164085626602172852e-01 4.177526235580444336e-01 4.596552848815917969e-01 3.368708491325378418e-01 5.619746446609497070e-01 8.501172065734863281e-01 6.006709933280944824e-01 9.480512142181396484e-02 1.000000000000000000e+00 1.000000000000000000e+00 1.000000000000000000e+00
2.361660599708557129e-01 7.569141983985900879e-01 5.845460295677185059e-01 8.796757459640502930e-02 6.997544169425964355e-01 1.350508928298950195e-01 4.249947071075439453e-01 3.653340339660644531e-01 5.255441665649414062e-01 0.000000000000000000e+00 0.000000000000000000e+00 0.000000000000000000e+00
3.288600444793701172e-01 8.506291508674621582e-01 2.539515495300292969e-02 1.444004774093627930e-01 4.089404344558715820e-01 4.387809634208679199e-01 6.273319125175476074e-01 4.706332087516784668e-01 1.486443281173706055e-01 1.000000000000000000e+00 0.000000000000000000e+00 0.000000000000000000e+00
8.018803000450134277e-01 4.156352877616882324e-01 6.694154739379882812e-01 4.425001740455627441e-01 5.655945539474487305e-01 6.959942579269409180e-01 8.575873970985412598e-01 1.185947656631469727e-01 9.962639808654785156e-01 0.000000000000000000e+00 0.000000000000000000e+00 0.000000000000000000e+00
6.273267269134521484e-01 9.944397211074829102e-02 7.550522089004516602e-01 2.017031311988830566e-01 2.295116782188415527e-01 5.454661250114440918e-01 3.892347216606140137e-01 9.537447094917297363e-01 9.825182557106018066e-01 0.000000000000000000e+00 0.000000000000000000e+00 0.000000000000000000e+00
9.770419001579284668e-01 7.111441493034362793e-01 9.284908175468444824e-01 7.224104404449462891e-01 9.409736990928649902e-01 1.248618960380554199e-01 4.629236459732055664e-01 6.127238869667053223e-01 6.488080024719238281e-01 1.000000000000000000e+00 0.000000000000000000e+00 0.000000000000000000e+00
5.138872861862182617e-01 9.591907262802124023e-01 3.511071205139160156e-03 1.346673965454101562e-01 8.799174427986145020e-01 4.825804233551025391e-01 1.288992166519165039e-02 7.996612787246704102e-02 2.114707231521606445e-02 1.000000000000000000e+00 0.000000000000000000e+00 0.000000000000000000e+00
9.968848824501037598e-01 1.292393803596496582e-01 5.492165684700012207e-01 7.266564369201660156e-01 9.862966537475585938e-01 2.459289431571960449e-01 9.876842498779296875e-01 5.509495735168457031e-03 6.800785064697265625e-01 0.000000000000000000e+00 0.000000000000000000e+00 0.000000000000000000e+00
9.252573251724243164e-01 2.453950643539428711e-01 8.024548888206481934e-01 6.297580599784851074e-01 1.093515157699584961e-01 1.841049790382385254e-01 4.733145236968994141e-02 7.962899208068847656e-01 9.050875902175903320e-01 0.000000000000000000e+00 0.000000000000000000e+00 0.000000000000000000e+00
8.564802408218383789e-01 1.205950975418090820e-02 6.698421239852905273e-01 1.789808273315429688e-02 2.585778832435607910e-01 1.002553701400756836e-01 7.657936811447143555e-01 3.568240404129028320e-01 7.531962990760803223e-01 0.000000000000000000e+00 1.000000000000000000e+00 0.000000000000000000e+00
8.890430927276611328e-01 8.297484517097473145e-01 2.738557457923889160e-01 3.490800857543945312e-01 9.545365571975708008e-01 3.074908256530761719e-02 8.849233388900756836e-02 7.800298333168029785e-01 2.999390959739685059e-01 0.000000000000000000e+00 0.000000000000000000e+00 0.000000000000000000e+00
1.634497344493865967e-01 4.277657866477966309e-01 2.670139670372009277e-01 3.220729231834411621e-01 3.124014139175415039e-01 8.220086693763732910e-01 7.299083471298217773e-01 6.948810815811157227e-02 7.514328956604003906e-01 1.000000000000000000e+00 1.000000000000000000e+00 1.000000000000000000e+00
6.419705748558044434e-01 1.692351102828979492e-01 5.373377799987792969e-01 4.644202589988708496e-01 8.206093311309814453e-02 7.049099206924438477e-01 9.407610893249511719e-01 1.266732811927795410e-01 3.741128444671630859e-01 1.000000000000000000e+00 0.000000000000000000e+00 0.000000000000000000e+00
7.926785349845886230e-01 5.336741209030151367e-01 9.969536066055297852e-01 5.100809931755065918e-01 7.856561541557312012e-01 9.911919832229614258e-01 1.975700855255126953e-01 7.357017397880554199e-01 5.507120490074157715e-01 1.000000000000000000e+00 0.000000000000000000e+00 0.000000000000000000e+00
7.989891767501831055e-01 5.899035334587097168e-01 7.195241451263427734e-01 4.758030176162719727e-01 8.962702751159667969e-01 3.556089401245117188e-01 7.103024125099182129e-01 7.304683327674865723e-01 8.328902721405029297e-01 0.000000000000000000e+00 0.000000000000000000e+00 0.000000000000000000e+00
6.779688596725463867e-01 6.607819199562072754e-01 5.755248069763183594e-01 5.242286324501037598e-01 4.541142582893371582e-01 8.305814862251281738e-01 1.169986128807067871e-01 7.033993601799011230e-01 9.961239099502563477e-01 1.000000000000000000e+00 0.000000000000000000e+00 0.000000000000000000e+00
1.791537702083587646e-01 3.018176555633544922e-01 4.029878973960876465e-01 7.759970426559448242e-02 2.598814964294433594e-01 4.337122440338134766e-01 3.766666650772094727e-01 6.607132554054260254e-01 5.617394447326660156e-01 0.000000000000000000e+00 1.000000000000000000e+00 0.000000000000000000e+00
9.803313612937927246e-01 4.067848920822143555e-01 4.867338538169860840e-01 7.783821225166320801e-01 9.268791675567626953e-01 2.801284790039062500e-01 2.269638180732727051e-01 3.453492522239685059e-01 4.014319777488708496e-01 1.000000000000000000e+00 0.000000000000000000e+00 0.000000000000000000e+00
9.022241830825805664e-01 5.831256508827209473e-01 7.226916551589965820e-01 7.972185015678405762e-01 3.320838809013366699e-01 1.695194840431213379e-01 1.783144474029541016e-01 9.336494207382202148e-01 9.403880238533020020e-01 0.000000000000000000e+00 0.000000000000000000e+00 0.000000000000000000e+00
8.833750486373901367e-01 4.208285808563232422e-01 7.751767635345458984e-01 7.716283798217773438e-01 2.939199805259704590e-01 5.594058632850646973e-01 5.956112146377563477e-01 8.980557918548583984e-01 3.195498585700988770e-01 0.000000000000000000e+00 0.000000000000000000e+00 0.000000000000000000e+00
9.552249908447265625e-01 1.735538244247436523e-02 6.951299905776977539e-01 7.381341457366943359e-01 8.641101121902465820e-01 6.428516507148742676e-01 2.718414068222045898e-01 3.651340007781982422e-01 2.646848559379577637e-01 0.000000000000000000e+00 0.000000000000000000e+00 0.000000000000000000e+00
5.990167856216430664e-01 4.612700343132019043e-01 6.472323536872863770e-01 6.606141328811645508e-01 4.755721092224121094e-01 8.936580419540405273e-01 6.269187331199645996e-01 7.141959667205810547e-02 9.762817621231079102e-02 0.000000000000000000e+00 0.000000000000000000e+00 0.000000000000000000e+00
9.201412796974182129e-01 5.712559223175048828e-01 4.665836691856384277e-01 9.468891024589538574e-01 5.578666925430297852e-02 7.171809673309326172e-02 9.044609665870666504e-01 2.699961066246032715e-01 7.019778490066528320e-01 0.000000000000000000e+00 1.000000000000000000e+00 0.000000000000000000e+00
4.430989623069763184e-01 9.998313188552856445e-01 2.037766575813293457e-01 1.172271966934204102e-01 7.128442525863647461e-01 2.538806796073913574e-01 7.515449523925781250e-01 3.585868477821350098e-01 7.780113816261291504e-01 1.000000000000000000e+00 0.000000000000000000e+00 0.000000000000000000e+00
2.294267117977142334e-01 1.709630489349365234e-01 3.498694896697998047e-01 1.900407075881958008e-01 5.639845132827758789e-01 6.021950840950012207e-01 5.638042092323303223e-01 2.316135764122009277e-01 2.694828510284423828e-01 0.000000000000000000e+00 0.000000000000000000e+00 0.000000000000000000e+00
3.948537409305572510e-01 6.544663310050964355e-01 2.464072704315185547e-01 2.891485095024108887e-01 5.676996111869812012e-01 4.347217679023742676e-01 8.199104666709899902e-01 9.352937340736389160e-01 9.128860831260681152e-01 0.000000000000000000e+00 0.000000000000000000e+00 0.000000000000000000e+00
6.537091732025146484e-01 7.183611392974853516e-03 2.246809005737304688e-01 2.409842610359191895e-01 9.092511534690856934e-01 2.105971574783325195e-01 1.144495010375976562e-01 2.199397087097167969e-01 5.977664589881896973e-01 1.000000000000000000e+00 1.000000000000000000e+00 1.000000000000000000e+00
8.747728466987609863e-01 3.278096318244934082e-01 5.775864720344543457e-01 9.883987307548522949e-01 2.147263288497924805e-01 9.591253995895385742e-01 6.339352130889892578e-01 1.849102973937988281e-02 9.522649049758911133e-01 0.000000000000000000e+00 1.000000000000000000e+00 0.000000000000000000e+00
5.390437245368957520e-01 3.173996806144714355e-01 7.757985591888427734e-01 2.895557880401611328e-02 3.391930460929870605e-01 9.758683443069458008e-01 2.946284413337707520e-01 8.796908855438232422e-01 3.279144763946533203e-01 0.000000000000000000e+00 0.000000000000000000e+00 0.000000000000000000e+00
3.870266675949096680e-01 6.731529831886291504e-01 1.079245209693908691e-01 1.141399145126342773e-02 8.878591656684875488e-01 9.712488055229187012e-01 6.369800567626953125e-01 5.291603207588195801e-01 9.647340178489685059e-01 0.000000000000000000e+00 0.000000000000000000e+00 0.000000000000000000e+00
4.355469346046447754e-01 9.553135037422180176e-01 8.427075743675231934e-01 2.475219964981079102e-01 8.912329673767089844e-01 9.271336793899536133e-01 3.984149694442749023e-01 1.930018067359924316e-01 1.444129943847656250e-01 1.000000000000000000e+00 0.000000000000000000e+00 0.000000000000000000e+00
6.024689078330993652e-01 5.853405594825744629e-01 2.213815450668334961e-01 2.456826567649841309e-01 6.053383946418762207e-01 1.472256779670715332e-01 3.210467100143432617e-02 4.305660724639892578e-02 6.948267817497253418e-01 0.000000000000000000e+00 0.000000000000000000e+00 0.000000000000000000e+00
5.562453269958496094e-01 9.074488878250122070e-01 6.420511007308959961e-01 1.394742727279663086e-01 6.480885148048400879e-01 9.882426261901855469e-02 9.792788624763488770e-01 7.148385047912597656e-03 6.591416001319885254e-01 0.000000000000000000e+00 0.000000000000000000e+00 0.000000000000000000e+00
8.152637481689453125e-01 9.951986074447631836e-01 9.515798091888427734e-02 6.095275878906250000e-01 5.812187194824218750e-01 1.378178596496582031e-03 3.268930315971374512e-01 8.580651879310607910e-01 5.558527112007141113e-01 0.000000000000000000e+00 0.000000000000000000e+00 0.000000000000000000e+00
3.199187815189361572e-01 2.954230308532714844e-01 3.744560480117797852e-02 3.127488493919372559e-01 4.226942658424377441e-01 5.532643795013427734e-01 2.999813556671142578e-01 4.057415723800659180e-01 4.105103611946105957e-01 1.000000000000000000e+00 0.000000000000000000e+00 0.000000000000000000e+00
3.832225501537322998e-01 8.064244985580444336e-01 5.257618427276611328e-02 3.970658779144287109e-01 3.282848000526428223e-01 5.650215148925781250e-01 2.498210072517395020e-01 9.051138162612915039e-02 4.540101885795593262e-01 0.000000000000000000e+00 0.000000000000000000e+00 0.000000000000000000e+00
4.206860363483428955e-01 6.786132454872131348e-01 7.180359363555908203e-01 6.162488460540771484e-02 5.830591320991516113e-01 8.209067583084106445e-01 6.438894867897033691e-01 1.943849325180053711e-01 6.437972784042358398e-01 0.000000000000000000e+00 0.000000000000000000e+00 0.000000000000000000e+00
9.755926728248596191e-01 3.490841388702392578e-01 1.263789534568786621e-01 8.071639537811279297e-01 6.100992560386657715e-01 1.546317338943481445e-02 6.575266122817993164e-01 9.290992617607116699e-01 6.152507662773132324e-01 0.000000000000000000e+00 0.000000000000000000e+00 0.000000000000000000e+00
7.040947675704956055e-01 6.439303159713745117e-01 1.173030734062194824e-01 1.572713255882263184e-01 9.977502226829528809e-01 9.749421477317810059e-01 4.727652072906494141e-01 6.867049336433410645e-01 3.285982012748718262e-01 1.000000000000000000e+00 0.000000000000000000e+00 0.000000000000000000e+00
5.635694861412048340e-01 6.289888024330139160e-01 4.236578345298767090e-01 6.940808296203613281e-01 2.738706469535827637e-01 6.359616518020629883e-01 1.344680786132812500e-03 4.977355599403381348e-01 3.400188088417053223e-01 1.000000000000000000e+00 0.000000000000000000e+00 0.000000000000000000e+00
9.498946666717529297e-01 6.758352518081665039e-01 8.669717907905578613e-01 8.163616657257080078e-01 7.337942719459533691e-01 2.235111594200134277e-01 7.504745721817016602e-01 8.806573748588562012e-01 7.861480712890625000e-01 0.000000000000000000e+00 0.000000000000000000e+00 0.000000000000000000e+00
5.178977251052856445e-01 4.660333991050720215e-01 5.837617516517639160e-01 7.693862915039062500e-02 6.298238635063171387e-01 5.599110722541809082e-01 1.346948146820068359e-01 9.027819037437438965e-01 8.211791515350341797e-03 1.000000000000000000e+00 1.000000000000000000e+00 1.000000000000000000e+00
9.449239969253540039e-01 9.452835917472839355e-01 4.350131750106811523e-02 8.401270508766174316e-01 9.909434914588928223e-01 6.880465745925903320e-01 9.442623257637023926e-01 9.419454932212829590e-01 5.562790036201477051e-01 0.000000000000000000e+00 0.000000000000000000e+00 0.000000000000000000e+00
8.021882772445678711e-01 5.926134586334228516e-01 6.856784820556640625e-01 8.845984935760498047e-01 1.413712501525878906e-01 2.977783679962158203e-01 7.580693364143371582e-01 5.634174346923828125e-01 8.841125965118408203e-01 0.000000000000000000e+00 0.000000000000000000e+00 0.000000000000000000e+00
6.025134325027465820e-01 9.667416214942932129e-01 8.608551621437072754e-01 2.873182892799377441e-01 6.884124279022216797e-01 9.693419933319091797e-02 7.913424968719482422e-01 3.520319461822509766e-01 9.613069295883178711e-01 0.000000000000000000e+00 0.000000000000000000e+00 0.000000000000000000e+00
2.292345762252807617e-01 6.688259243965148926e-01 5.865043401718139648e-01 3.020687699317932129e-01 9.883701801300048828e-03 2.114484310150146484e-01 4.592522978782653809e-01 2.093076705932617188e-03 2.513647079467773438e-03 1.000000000000000000e+00 0.000000000000000000e+00 0.000000000000000000e+00
8.859193325042724609e-01 3.677825331687927246e-01 3.924039602279663086e-01 8.048793673515319824e-01 7.723786234855651855e-01 8.193417787551879883e-01 4.912527799606323242e-01 8.317651748657226562e-01 4.696769118309020996e-01 0.000000000000000000e+00 0.000000000000000000e+00 0.000000000000000000e+00
9.888083338737487793e-01 5.694296956062316895e-01 8.156493902206420898e-01 9.403426051139831543e-01 9.032792448997497559e-01 7.799337506294250488e-01 3.014770150184631348e-01 1.167738437652587891e-02 8.036692142486572266e-01 0.000000000000000000e+00 0.000000000000000000e+00 0.000000000000000000e+00
2.314890623092651367e-01 6.581354141235351562e-01 2.053691744804382324e-01 5.544704198837280273e-02 1.480698585510253906e-01 6.978828310966491699e-01 2.967889308929443359e-01 4.551410675048828125e-01 3.698232769966125488e-01 0.000000000000000000e+00 0.000000000000000000e+00 0.000000000000000000e+00
6.420118212699890137e-01 2.342338562011718750e-01 4.023771286010742188e-01 1.317216157913208008e-01 6.306201815605163574e-01 1.359980106353759766e-01 4.896583557128906250e-01 8.682050108909606934e-01 9.255959391593933105e-01 1.000000000000000000e+00 0.000000000000000000e+00 0.000000000000000000e+00
4.354648590087890625e-01 8.375340104103088379e-01 5.085989236831665039e-01 1.242450475692749023e-01 1.326267123222351074e-01 2.842742204666137695e-02 9.938692450523376465e-01 3.587647080421447754e-01 1.004439592361450195e-01 0.000000000000000000e+00 0.000000000000000000e+00 0.000000000000000000e+00
9.755419492721557617e-01 1.261521577835083008e-01 5.984240770339965820e-02 9.934280514717102051e-01 1.850400567054748535e-01 6.842683553695678711e-01 4.286786317825317383e-01 6.443123221397399902e-01 9.402220845222473145e-01 1.000000000000000000e+00 0.000000000000000000e+00 0.000000000000000000e+00
9.952247142791748047e-01 3.255059123039245605e-01 9.089283943176269531e-01 9.549885988235473633e-01 4.079139232635498047e-01 9.014123678207397461e-02 7.667913436889648438e-01 8.523402214050292969e-01 4.420480132102966309e-01 0.000000000000000000e+00 0.000000000000000000e+00 0.000000000000000000e+00
4.348950982093811035e-01 2.765625715255737305e-01 4.365770220756530762e-01 3.737412691116333008e-01 1.591606140136718750e-01 6.702114939689636230e-01 8.245049715042114258e-01 5.981600284576416016e-01 6.185377240180969238e-01 1.000000000000000000e+00 1.000000000000000000e+00 1.000000000000000000e+00
8.854066133499145508e-01 3.079450130462646484e-02 5.660836100578308105e-01 6.296280026435852051e-01 6.520192027091979980e-01 9.770783782005310059e-01 7.670557498931884766e-02 4.671776294708251953e-01 3.393733501434326172e-02 1.000000000000000000e+00 0.000000000000000000e+00 0.000000000000000000e+00
2.788775861263275146e-01 8.076095581054687500e-02 3.502792119979858398e-01 3.648221492767333984e-02 2.860563993453979492e-02 6.875641345977783203e-01 4.911601543426513672e-01 6.986934542655944824e-01 2.816591858863830566e-01 1.000000000000000000e+00 0.000000000000000000e+00 0.000000000000000000e+00
3.419051766395568848e-01 7.635872364044189453e-01 3.441841006278991699e-01 6.446892023086547852e-01 8.834975957870483398e-02 4.613547921180725098e-01 8.299680352210998535e-01 6.208715438842773438e-01 5.863918662071228027e-01 0.000000000000000000e+00 0.000000000000000000e+00 0.000000000000000000e+00
8.087704181671142578e-01 6.714028120040893555e-01 9.457321763038635254e-01 8.414250612258911133e-01 1.983347535133361816e-01 7.411238551139831543e-01 1.579587459564208984e-01 6.481246352195739746e-01 5.322377681732177734e-01 1.000000000000000000e+00 0.000000000000000000e+00 0.000000000000000000e+00
2.173607349395751953e-01 8.166661262512207031e-01 6.948304176330566406e-01 1.702837944030761719e-01 8.043081164360046387e-01 9.674596190452575684e-01 5.875749588012695312e-01 5.251499414443969727e-01 1.892228126525878906e-01 0.000000000000000000e+00 1.000000000000000000e+00 0.000000000000000000e+00
8.046184778213500977e-01 1.679667234420776367e-01 1.154726743698120117e-02 4.662046432495117188e-01 8.386359810829162598e-01 4.911848902702331543e-01 6.752598285675048828e-01 2.110043764114379883e-01 9.994621872901916504e-01 1.000000000000000000e+00 0.000000000000000000e+00 0.000000000000000000e+00
4.964455962181091309e-01 5.002617835998535156e-04 4.219344258308410645e-01 1.928682923316955566e-01 4.207507371902465820e-01 5.964827537536621094e-02 1.117818355560302734e-01 5.774310231208801270e-01 6.501452922821044922e-01 0.000000000000000000e+00 0.000000000000000000e+00 0.000000000000000000e+00
6.005539894104003906e-01 6.432771682739257812e-01 6.396676898002624512e-01 3.167753219604492188e-01 4.206271767616271973e-01 1.345545053482055664e-02 8.696174025535583496e-01 4.548336863517761230e-01 3.820877075195312500e-01 1.000000000000000000e+00 0.000000000000000000e+00 0.000000000000000000e+00
9.302594661712646484e-01 1.289194822311401367e-02 4.914906024932861328e-01 2.471514940261840820e-01 9.707334041595458984e-01 2.784560322761535645e-01 5.781397223472595215e-01 3.072558045387268066e-01 8.715900778770446777e-01 0.000000000000000000e+00 0.000000000000000000e+00 0.000000000000000000e+00
6.319083571434020996e-01 8.866611719131469727e-01 4.757110476493835449e-01 8.308933973312377930e-01 1.601010560989379883e-02 2.366500496864318848e-01 8.410055041313171387e-01 9.584624171257019043e-01 8.163406848907470703e-01 0.000000000000000000e+00 0.000000000000000000e+00 0.000000000000000000e+00
5.487055182456970215e-01 1.709553599357604980e-01 8.135567903518676758e-01 2.640385627746582031e-01 4.996365904808044434e-01 8.986939787864685059e-01 6.412911415100097656e-01 5.325749516487121582e-01 8.523611426353454590e-01 0.000000000000000000e+00 0.000000000000000000e+00 0.000000000000000000e+00
9.251211285591125488e-01 1.914882659912109375e-02 8.862349390983581543e-01 5.082094669342041016e-02 2.217614650726318359e-01 3.475648164749145508e-01 7.855113148689270020e-01 1.519668698310852051e-01 4.108825922012329102e-01 0.000000000000000000e+00 0.000000000000000000e+00 0.000000000000000000e+00
8.658590912818908691e-01 3.893884420394897461e-01 4.510259628295898438e-02 6.332412958145141602e-01 6.950493454933166504e-01 7.139318585395812988e-01 4.069492816925048828e-01 7.992708683013916016e-02 8.179601430892944336e-01 0.000000000000000000e+00 0.000000000000000000e+00 0.000000000000000000e+00
8.696747422218322754e-01 9.251468777656555176e-01 4.906651973724365234e-01 8.202780485153198242e-01 7.369397878646850586e-01 8.684340119361877441e-01 4.458039999008178711e-01 3.386240005493164062e-01 2.285618782043457031e-01 0.000000000000000000e+00 0.000000000000000000e+00 0.000000000000000000e+00
9.976807832717895508e-01 2.187049388885498047e-02 2.525727748870849609e-01 8.913242816925048828e-01 4.739434123039245605e-01 2.946257591247558594e-01 1.191195249557495117e-01 4.655541181564331055e-01 6.104567050933837891e-01 1.000000000000000000e+00 0.000000000000000000e+00 0.000000000000000000e+00
9.715965390205383301e-01 6.033887863159179688e-01 3.610460758209228516e-01 9.003295302391052246e-01 9.200370311737060547e-01 2.621314525604248047e-01 1.220291852951049805e-02 7.197448611259460449e-01 2.329662442207336426e-01 1.000000000000000000e+00 0.000000000000000000e+00 0.000000000000000000e+00
1.596342921257019043e-01 9.236506223678588867e-01 4.057255983352661133e-01 2.856997251510620117e-01 5.769445300102233887e-01 8.954346776008605957e-01 2.721863985061645508e-01 1.322525143623352051e-01 5.813836455345153809e-01 0.000000000000000000e+00 1.000000000000000000e+00 0.000000000000000000e+00
7.055523991584777832e-01 6.884896755218505859e-01 3.846156001091003418e-01 4.259882569313049316e-01 8.505604863166809082e-01 6.565584540367126465e-01 1.256237626075744629e-01 4.523472189903259277e-01 1.507633924484252930e-02 0.000000000000000000e+00 1.000000000000000000e+00 0.000000000000000000e+00
7.492969036102294922e-01 6.288319230079650879e-01 8.478065133094787598e-01 5.944468975067138672e-01 6.441229581832885742e-01 7.697772979736328125e-01 7.552735805511474609e-01 4.441285133361816406e-02 4.549123048782348633e-01 0.000000000000000000e+00 0.000000000000000000e+00 0.000000000000000000e+00
8.881471157073974609e-01 9.030378460884094238e-01 3.592574596405029297e-02 9.213684797286987305e-01 8.089854717254638672e-01 5.087355375289916992e-01 2.335089445114135742e-02 2.185257077217102051e-01 6.132597327232360840e-01 0.000000000000000000e+00 0.000000000000000000e+00 0.000000000000000000e+00
2.317080497741699219e-01 9.721619486808776855e-01 4.326206445693969727e-02 7.434797286987304688e-02 2.887526750564575195e-01 3.548007011413574219e-01 9.210253357887268066e-01 9.808188676834106445e-01 9.699214696884155273e-01 0.000000000000000000e+00 0.000000000000000000e+00 0.000000000000000000e+00
9.753511548042297363e-01 5.027817487716674805e-01 7.881365418434143066e-01 9.007626175880432129e-01 8.709564805030822754e-01 4.069919586181640625e-01 4.150274395942687988e-01 5.195004940032958984e-01 7.957775592803955078e-01 0.000000000000000000e+00 1.000000000000000000e+00 0.000000000000000000e+00
5.687910914421081543e-01 4.398083090782165527e-01 8.540204167366027832e-01 3.477056026458740234e-01 3.201372027397155762e-01 9.919040203094482422e-01 5.941833257675170898e-01 6.380860805511474609e-01 7.773468494415283203e-01 0.000000000000000000e+00 1.000000000000000000e+00 0.000000000000000000e+00
6.518551707267761230e-01 1.860954165458679199e-01 8.079963326454162598e-01 2.268334031105041504e-01 2.539916634559631348e-01 7.056636810302734375e-01 1.469818353652954102e-01 3.466728329658508301e-01 1.332365274429321289e-01 0.000000000000000000e+00 0.000000000000000000e+00 0.000000000000000000e+00
3.805145621299743652e-01 7.314161062240600586e-01 4.839357137680053711e-01 3.272836804389953613e-01 1.899908781051635742e-01 5.411365032196044922e-01 1.057777404785156250e-01 5.163305997848510742e-02 9.778445959091186523e-01 0.000000000000000000e+00 0.000000000000000000e+00 0.000000000000000000e+00
6.619529724121093750e-01 5.482503771781921387e-01 4.473956227302551270e-01 4.295559525489807129e-01 6.383709907531738281e-01 8.045139908790588379e-01 4.886586070060729980e-01 2.747443318367004395e-01 8.386061191558837891e-01 1.000000000000000000e+00 0.000000000000000000e+00 0.000000000000000000e+00
2.915580868721008301e-01 7.037627696990966797e-01 2.915431857109069824e-01 7.569100856781005859e-01 2.790558338165283203e-02 6.440625190734863281e-01 8.245433568954467773e-01 3.852563500404357910e-01 4.311760067939758301e-01 0.000000000000000000e+00 1.000000000000000000e+00 0.000000000000000000e+00
9.840183854103088379e-01 4.074448347091674805e-02 1.217660903930664062e-01 8.397448658943176270e-01 7.411567568778991699e-01 7.370335459709167480e-01 3.073093891143798828e-01 6.699835062026977539e-01 7.380656003952026367e-01 0.000000000000000000e+00 0.000000000000000000e+00 0.000000000000000000e+00
5.040113925933837891e-01 9.771568179130554199e-01 4.055590629577636719e-01 7.035022377967834473e-01 2.339677810668945312e-01 8.583243489265441895e-01 7.449225187301635742e-01 9.804175496101379395e-01 4.564821720123291016e-01 1.000000000000000000e+00 0.000000000000000000e+00 0.000000000000000000e+00
5.180776715278625488e-01 4.913951754570007324e-01 4.016155004501342773e-01 5.731356739997863770e-01 6.650882959365844727e-01 4.627625942230224609e-01 9.592410326004028320e-01 1.974658370018005371e-01 5.105002522468566895e-01 0.000000000000000000e+00 0.000000000000000000e+00 0.000000000000000000e+00
8.018110394477844238e-01 5.013018250465393066e-01 9.385033845901489258e-01 3.125506639480590820e-02 4.927812814712524414e-01 1.501744985580444336e-02 5.866115093231201172e-01 9.788964390754699707e-01 3.066733479499816895e-01 0.000000000000000000e+00 0.000000000000000000e+00 0.000000000000000000e+00
2.481335699558258057e-01 6.475813388824462891e-01 2.429316639900207520e-01 8.140277862548828125e-02 4.771714210510253906e-01 5.940421819686889648e-01 7.279565930366516113e-01 7.342644929885864258e-01 2.588752508163452148e-01 0.000000000000000000e+00 0.000000000000000000e+00 0.000000000000000000e+00
3.539737164974212646e-01 8.899672627449035645e-01 6.363994479179382324e-01 6.495833396911621094e-03 3.754270672798156738e-01 8.985430002212524414e-01 5.033167004585266113e-01 2.203575372695922852e-01 1.218084692955017090e-01 0.000000000000000000e+00 0.000000000000000000e+00 0.000000000000000000e+00
6.183923408389091492e-02 9.071487188339233398e-01 3.639177083969116211e-01 5.205798149108886719e-02 1.943857669830322266e-01 4.513164758682250977e-01 2.559772729873657227e-01 6.697545051574707031e-01 4.006034731864929199e-01 1.000000000000000000e+00 1.000000000000000000e+00 1.000000000000000000e+00
7.153471708297729492e-01 9.941950440406799316e-01 5.064815282821655273e-02 1.226502060890197754e-01 9.210370779037475586e-01 6.439727544784545898e-02 6.959745883941650391e-01 1.170912981033325195e-01 9.847316741943359375e-01 0.000000000000000000e+00 0.000000000000000000e+00 0.000000000000000000e+00
3.269043564796447754e-01 9.945270419120788574e-01 3.009891510009765625e-01 2.107118368148803711e-01 6.742280125617980957e-01 4.654196500778198242e-01 4.202606678009033203e-01 1.176548004150390625e-02 2.617470622062683105e-01 1.000000000000000000e+00 0.000000000000000000e+00 0.000000000000000000e+00
7.395544052124023438e-01 7.243791222572326660e-01 1.850000023841857910e-01 1.737161278724670410e-01 6.794314980506896973e-01 1.696217060089111328e-01 6.608214974403381348e-01 8.161448836326599121e-01 4.724597930908203125e-01 0.000000000000000000e+00 0.000000000000000000e+00 0.000000000000000000e+00
8.282198309898376465e-01 1.500464081764221191e-01 1.066195964813232422e-01 6.412065029144287109e-01 1.645341515541076660e-01 4.228165149688720703e-01 2.787963747978210449e-01 2.187665104866027832e-01 5.753350257873535156e-01 0.000000000000000000e+00 1.000000000000000000e+00 0.000000000000000000e+00
6.936186552047729492e-01 4.830382466316223145e-01 6.277402043342590332e-01 6.503564715385437012e-01 3.721508383750915527e-01 8.954269289970397949e-01 1.376210451126098633e-01 7.463304996490478516e-01 6.573699116706848145e-01 0.000000000000000000e+00 0.000000000000000000e+00 0.000000000000000000e+00
9.791772961616516113e-01 1.577346324920654297e-01 7.501599788665771484e-01 7.771600484848022461e-01 8.577099442481994629e-01 3.277005553245544434e-01 6.170368194580078125e-01 9.306482076644897461e-01 4.805889725685119629e-01 0.000000000000000000e+00 0.000000000000000000e+00 0.000000000000000000e+00
7.761554121971130371e-01 9.263169765472412109e-01 3.521715402603149414e-01 4.308964610099792480e-01 4.313653111457824707e-01 2.420458793640136719e-01 9.351041913032531738e-01 4.135209918022155762e-01 9.383029937744140625e-01 1.000000000000000000e+00 0.000000000000000000e+00 0.000000000000000000e+00
6.511584520339965820e-01 4.135094285011291504e-01 6.081704497337341309e-01 2.282667160034179688e-02 9.528266191482543945e-01 5.214151144027709961e-01 9.995339512825012207e-01 6.068313717842102051e-01 7.698534131050109863e-01 0.000000000000000000e+00 0.000000000000000000e+00 0.000000000000000000e+00
4.153164327144622803e-01 7.217249274253845215e-01 2.863270640373229980e-01 6.927775740623474121e-01 1.092369556427001953e-01 3.699831962585449219e-01 8.739311099052429199e-01 5.255503058433532715e-01 2.911728024482727051e-01 1.000000000000000000e+00 0.000000000000000000e+00 0.000000000000000000e+00
9.686041474342346191e-01 7.031320929527282715e-01 9.773221611976623535e-01 5.098505616188049316e-01 7.270168066024780273e-01 8.047604560852050781e-02 9.691842198371887207e-01 5.807849764823913574e-01 3.151086568832397461e-01 0.000000000000000000e+00 0.000000000000000000e+00 0.000000000000000000e+00
9.371038675308227539e-01 2.967915534973144531e-01 8.246843814849853516e-01 9.366492033004760742e-01 4.453666806221008301e-01 6.253309845924377441e-01 6.617204546928405762e-01 7.684638500213623047e-01 6.353030800819396973e-01 0.000000000000000000e+00 0.000000000000000000e+00 0.000000000000000000e+00
9.989330172538757324e-01 4.903507232666015625e-02 2.528870105743408203e-02 9.458539485931396484e-01 5.224227309226989746e-01 1.463386416435241699e-01 5.117187500000000000e-01 8.054799437522888184e-01 2.623320817947387695e-01 1.000000000000000000e+00 0.000000000000000000e+00 0.000000000000000000e+00
4.439061880111694336e-01 8.277298212051391602e-01 5.171619653701782227e-01 6.165523529052734375e-01 3.726368546485900879e-01 7.677766680717468262e-01 6.495118141174316406e-03 6.728296279907226562e-01 9.324170351028442383e-01 0.000000000000000000e+00 0.000000000000000000e+00 0.000000000000000000e+00
2.275422513484954834e-01 5.640896558761596680e-01 1.692693233489990234e-01 7.110643386840820312e-02 3.227868676185607910e-01 7.379692792892456055e-02 4.115142822265625000e-01 3.287478089332580566e-01 2.993633747100830078e-01 0.000000000000000000e+00 0.000000000000000000e+00 0.000000000000000000e+00
1.027752235531806946e-01 1.244062185287475586e-02 3.450809717178344727e-01 2.300035953521728516e-02 2.347826957702636719e-04 3.238511681556701660e-01 5.670704245567321777e-01 7.884472608566284180e-01 3.633605241775512695e-01 0.000000000000000000e+00 0.000000000000000000e+00 0.000000000000000000e+00
7.159599661827087402e-01 5.891682505607604980e-01 6.470406055450439453e-02 4.625527858734130859e-01 6.962934136390686035e-01 4.216914772987365723e-01 9.942966699600219727e-02 2.434798479080200195e-01 9.298399090766906738e-01 1.000000000000000000e+00 0.000000000000000000e+00 0.000000000000000000e+00
4.842688143253326416e-01 2.847311496734619141e-01 1.600556373596191406e-01 4.029135704040527344e-01 3.796319961547851562e-01 6.347063779830932617e-01 1.002736091613769531e-01 4.417104125022888184e-01 8.549563288688659668e-01 1.000000000000000000e+00 0.000000000000000000e+00 0.000000000000000000e+00
8.355758190155029297e-01 7.748213410377502441e-01 7.764630317687988281e-01 8.573383688926696777e-01 3.048042058944702148e-01 1.723237633705139160e-01 9.782949090003967285e-01 6.248118877410888672e-01 9.874721169471740723e-01 0.000000000000000000e+00 0.000000000000000000e+00 0.000000000000000000e+00
4.495092332363128662e-01 4.173725843429565430e-02 2.427582740783691406e-01 4.454205036163330078e-01 3.367749452590942383e-01 9.791812896728515625e-01 8.970223665237426758e-01 4.098433256149291992e-01 9.026201367378234863e-01 0.000000000000000000e+00 0.000000000000000000e+00 0.000000000000000000e+00
7.301037907600402832e-01 8.573209047317504883e-01 7.494801282882690430e-01 3.977627754211425781e-01 7.876650691032409668e-01 4.974967241287231445e-02 8.509902954101562500e-01 4.509692192077636719e-01 9.808655381202697754e-01 1.000000000000000000e+00 0.000000000000000000e+00 0.000000000000000000e+00
1.884735226631164551e-01 6.451815962791442871e-01 7.516692280769348145e-01 2.161705493927001953e-02 5.636150836944580078e-01 3.193600177764892578e-01 9.410493969917297363e-01 9.896474480628967285e-01 7.503755688667297363e-01 0.000000000000000000e+00 0.000000000000000000e+00 0.000000000000000000e+00
8.007399439811706543e-01 8.987538814544677734e-01 2.483745813369750977e-01 6.774476766586303711e-01 5.825192928314208984e-01 7.265135645866394043e-01 8.545196056365966797e-01 2.029603719711303711e-02 4.616178274154663086e-01 0.000000000000000000e+00 0.000000000000000000e+00 0.000000000000000000e+00
9.871975779533386230e-01 2.323325872421264648e-01 3.427288532257080078e-01 9.747502803802490234e-01 7.247401475906372070e-01 7.874642610549926758e-01 3.559696674346923828e-01 9.140035510063171387e-01 3.941933512687683105e-01 0.000000000000000000e+00 1.000000000000000000e+00 0.000000000000000000e+00
9.751589894294738770e-01 1.325941085815429688e-01 8.740889430046081543e-01 7.988475561141967773e-01 1.518731117248535156e-01 4.974710941314697266e-02 9.235928058624267578e-01 5.723669528961181641e-01 2.072933912277221680e-01 0.000000000000000000e+00 0.000000000000000000e+00 0.000000000000000000e+00
9.975689053535461426e-01 1.410325765609741211e-01 6.327086687088012695e-02 9.705066084861755371e-01 5.238462090492248535e-01 2.425849437713623047e-01 9.210437536239624023e-02 8.142867088317871094e-01 3.556223511695861816e-01 0.000000000000000000e+00 1.000000000000000000e+00 0.000000000000000000e+00
2.152732759714126587e-01 4.372005462646484375e-01 5.141036510467529297e-01 1.353930830955505371e-01 2.881418466567993164e-01 7.082493901252746582e-01 5.800297856330871582e-01 7.218158841133117676e-01 8.755788803100585938e-01 1.000000000000000000e+00 0.000000000000000000e+00 0.000000000000000000e+00
9.195221066474914551e-01 3.511734008789062500e-01 7.633822560310363770e-01 5.230203270912170410e-01 5.446148514747619629e-01 2.793821096420288086e-01 9.360048770904541016e-01 7.262642979621887207e-01 7.256519794464111328e-01 0.000000000000000000e+00 0.000000000000000000e+00 0.000000000000000000e+00
7.707862257957458496e-01 6.324389576911926270e-01 2.525607347488403320e-01 8.467166423797607422e-01 4.064415693283081055e-01 8.896754384040832520e-01 2.720375657081604004e-01 5.302866101264953613e-01 1.293486952781677246e-01 0.000000000000000000e+00 1.000000000000000000e+00 0.000000000000000000e+00
8.965819478034973145e-01 8.443188071250915527e-01 5.783954858779907227e-01 9.000605940818786621e-01 5.992911458015441895e-01 7.816864252090454102e-01 1.242969632148742676e-01 1.662497520446777344e-01 6.261157989501953125e-01 0.000000000000000000e+00 0.000000000000000000e+00 0.000000000000000000e+00
9.968985319137573242e-01 4.031725525856018066e-01 9.150844812393188477e-02 9.004259109497070312e-01 9.696826934814453125e-01 2.544987201690673828e-02 6.504970192909240723e-01 6.496549844741821289e-01 9.306367039680480957e-01 0.000000000000000000e+00 1.000000000000000000e+00 0.000000000000000000e+00
4.278970360755920410e-01 8.958235383033752441e-01 1.396695375442504883e-01 4.601283073425292969e-01 8.301621675491333008e-02 4.349314570426940918e-01 3.205738663673400879e-01 6.415339112281799316e-01 8.690190315246582031e-01 1.000000000000000000e+00 0.000000000000000000e+00 0.000000000000000000e+00
9.436070322990417480e-01 1.706684231758117676e-01 8.921822309494018555e-01 9.127452373504638672e-01 1.643248796463012695e-01 5.852857232093811035e-01 3.299341797828674316e-01 3.442007899284362793e-01 2.286968827247619629e-01 0.000000000000000000e+00 1.000000000000000000e+00 0.000000000000000000e+00
9.677057862281799316e-01 3.065995573997497559e-01 8.311214447021484375e-01 5.120618939399719238e-01 8.981084823608398438e-01 3.817525506019592285e-01 8.782047629356384277e-01 9.277210235595703125e-01 7.377940416336059570e-01 0.000000000000000000e+00 0.000000000000000000e+00 0.000000000000000000e+00
4.903454780578613281e-01 3.441464900970458984e-01 4.787998199462890625e-01 4.579508304595947266e-02 9.037405848503112793e-01 6.768871545791625977e-01 3.392536640167236328e-01 4.687354564666748047e-01 6.453732252120971680e-01 0.000000000000000000e+00 1.000000000000000000e+00 0.000000000000000000e+00
5.872228741645812988e-01 6.482566595077514648e-01 6.436743736267089844e-01 5.625963807106018066e-01 7.407040596008300781e-01 9.243978857994079590e-01 9.678605198860168457e-01 2.444121837615966797e-01 9.543159008026123047e-01 1.000000000000000000e+00 0.000000000000000000e+00 0.000000000000000000e+00
9.263030886650085449e-01 5.071082115173339844e-01 8.939481973648071289e-01 5.198210477828979492e-01 6.165134310722351074e-01 4.661596417427062988e-01 3.522913455963134766e-01 6.555811166763305664e-01 8.404640555381774902e-01 0.000000000000000000e+00 0.000000000000000000e+00 0.000000000000000000e+00
7.593578100204467773e-01 4.463244676589965820e-01 7.910036444664001465e-01 8.607242107391357422e-01 8.040428161621093750e-03 6.565361022949218750e-01 9.273321032524108887e-01 5.659926533699035645e-01 1.381396055221557617e-01 1.000000000000000000e+00 0.000000000000000000e+00 0.000000000000000000e+00
4.255738258361816406e-01 8.269742131233215332e-01 5.089933872222900391e-01 4.411774277687072754e-01 3.934508562088012695e-01 5.689530968666076660e-01 6.645342707633972168e-01 4.068251848220825195e-01 3.332652449607849121e-01 0.000000000000000000e+00 0.000000000000000000e+00 0.000000000000000000e+00
2.492810338735580444e-01 9.919093847274780273e-01 4.379786849021911621e-01 1.060671210289001465e-01 5.075172185897827148e-01 2.887091040611267090e-01 8.353936672210693359e-01 5.076853036880493164e-01 1.284406185150146484e-01 0.000000000000000000e+00 0.000000000000000000e+00 0.000000000000000000e+00
9.973879456520080566e-01 5.291461944580078125e-03 1.681012511253356934e-01 8.541705608367919922e-01 5.597043037414550781e-01 5.141310095787048340e-01 5.327740311622619629e-01 8.281103968620300293e-01 4.192962050437927246e-01 1.000000000000000000e+00 0.000000000000000000e+00 0.000000000000000000e+00
3.334907591342926025e-01 4.358631372451782227e-01 3.470146656036376953e-02 3.671340942382812500e-01 5.629115700721740723e-01 9.180833697319030762e-01 3.543205261230468750e-01 1.260747909545898438e-01 1.096084713935852051e-01 1.000000000000000000e+00 0.000000000000000000e+00 0.000000000000000000e+00
9.884876608848571777e-01 5.445843935012817383e-01 6.029047966003417969e-01 9.218614101409912109e-01 6.137495636940002441e-01 8.555454015731811523e-02 2.736109495162963867e-01 9.168959856033325195e-01 3.955983519554138184e-01 1.000000000000000000e+00 0.000000000000000000e+00 0.000000000000000000e+00
4.838503897190093994e-01 6.490375995635986328e-01 5.623792409896850586e-01 1.008912920951843262e-01 8.235858678817749023e-01 4.159350395202636719e-01 2.507877349853515625e-02 5.601301193237304688e-01 5.301997065544128418e-01 1.000000000000000000e+00 1.000000000000000000e+00 1.000000000000000000e+00
9.976141452789306641e-01 1.738628149032592773e-01 2.683667540550231934e-01 9.756434559822082520e-01 9.025834202766418457e-01 4.496288299560546875e-01 2.955781817436218262e-01 8.804845809936523438e-02 3.247922062873840332e-01 0.000000000000000000e+00 1.000000000000000000e+00 0.000000000000000000e+00
8.834787607192993164e-01 5.907283425331115723e-01 5.762310028076171875e-01 7.645490169525146484e-01 3.784369826316833496e-01 2.875610589981079102e-01 7.199429273605346680e-01 8.816457986831665039e-01 2.153628468513488770e-01 0.000000000000000000e+00 0.000000000000000000e+00 0.000000000000000000e+00
7.668966054916381836e-01 2.745389938354492188e-01 6.048579812049865723e-01 6.095994710922241211e-01 4.398334622383117676e-01 3.652542829513549805e-01 9.799379110336303711e-02 3.700817823410034180e-01 8.541005849838256836e-01 0.000000000000000000e+00 0.000000000000000000e+00 0.000000000000000000e+00
6.222720742225646973e-01 5.615472793579101562e-02 2.999775409698486328e-01 2.420069575309753418e-01 7.858734726905822754e-01 1.831835508346557617e-01 9.791439771652221680e-01 7.753546237945556641e-01 1.930228471755981445e-01 1.000000000000000000e+00 0.000000000000000000e+00 0.000000000000000000e+00
8.360052704811096191e-01 8.536044955253601074e-01 6.509337425231933594e-01 8.396429419517517090e-01 5.700639486312866211e-01 2.119023203849792480e-01 5.674481391906738281e-02 2.715427279472351074e-01 2.292337417602539062e-01 0.000000000000000000e+00 0.000000000000000000e+00 0.000000000000000000e+00
7.860380411148071289e-01 8.932873606681823730e-01 7.351367473602294922e-01 5.737711787223815918e-01 6.709879040718078613e-01 1.298915147781372070e-01 1.735804080963134766e-01 3.311785459518432617e-01 2.129780650138854980e-01 0.000000000000000000e+00 0.000000000000000000e+00 0.000000000000000000e+00
5.551023483276367188e-01 8.983801007270812988e-01 9.278702735900878906e-01 6.100869178771972656e-02 4.605967998504638672e-01 9.660012125968933105e-01 6.700085401535034180e-01 5.008844137191772461e-01 4.114044904708862305e-01 0.000000000000000000e+00 0.000000000000000000e+00 0.000000000000000000e+00
9.156006574630737305e-01 4.813164472579956055e-02 8.261795639991760254e-01 3.157362937927246094e-01 8.799446821212768555e-01 9.164231419563293457e-01 1.519421935081481934e-01 2.900041937828063965e-01 5.296313166618347168e-01 0.000000000000000000e+00 0.000000000000000000e+00 0.000000000000000000e+00
3.271166980266571045e-01 4.560516476631164551e-01 1.186676621437072754e-01 4.045569300651550293e-01 5.532481074333190918e-01 3.198426365852355957e-01 2.404629588127136230e-01 4.552998542785644531e-01 4.025142788887023926e-01 0.000000000000000000e+00 1.000000000000000000e+00 0.000000000000000000e+00
4.459199011325836182e-01 5.519137382507324219e-01 5.746481418609619141e-01 1.629588007926940918e-01 8.828258514404296875e-01 5.482495427131652832e-01 7.445318698883056641e-01 3.207904696464538574e-01 4.170023798942565918e-01 1.000000000000000000e+00 0.000000000000000000e+00 0.000000000000000000e+00
3.612109422683715820e-01 8.786153197288513184e-01 7.177842259407043457e-01 3.483595848083496094e-01 3.637488484382629395e-01 5.512359142303466797e-01 4.861076474189758301e-01 7.140184640884399414e-01 6.396613717079162598e-01 1.000000000000000000e+00 0.000000000000000000e+00 0.000000000000000000e+00
9.429751634597778320e-01 9.248935580253601074e-01 4.913190603256225586e-01 8.823611140251159668e-01 7.720738053321838379e-01 4.262769222259521484e-02 3.865339756011962891e-01 1.810294389724731445e-02 8.589196801185607910e-01 0.000000000000000000e+00 0.000000000000000000e+00 0.000000000000000000e+00
9.098626375198364258e-01 3.733931779861450195e-01 8.947606682777404785e-01 6.292992830276489258e-02 8.444142937660217285e-01 3.227950930595397949e-01 4.412229061126708984e-01 9.099600911140441895e-01 5.284861326217651367e-01 0.000000000000000000e+00 0.000000000000000000e+00 0.000000000000000000e+00
8.518550992012023926e-01 4.383946061134338379e-01 8.163566589355468750e-01 5.379513502120971680e-01 3.356268405914306641e-01 1.274413466453552246e-01 6.097735762596130371e-01 2.398610711097717285e-01 9.402949810028076172e-01 1.000000000000000000e+00 0.000000000000000000e+00 0.000000000000000000e+00
6.564209461212158203e-01 8.152134418487548828e-01 7.647718191146850586e-01 2.714740633964538574e-01 7.662891149520874023e-01 1.354116201400756836e-01 5.997151136398315430e-01 2.601914405822753906e-01 2.438053488731384277e-01 0.000000000000000000e+00 0.000000000000000000e+00 0.000000000000000000e+00
9.962770342826843262e-01 2.637642621994018555e-02 6.736747622489929199e-01 8.538215756416320801e-01 5.678427815437316895e-01 1.008042097091674805e-01 1.072977185249328613e-01 8.019865751266479492e-01 6.801867485046386719e-01 0.000000000000000000e+00 0.000000000000000000e+00 0.000000000000000000e+00
7.707774043083190918e-01 9.770697355270385742e-01 4.079984426498413086e-01 9.685919880867004395e-01 5.937169790267944336e-01 7.109743952751159668e-01 7.231375575065612793e-01 6.748600602149963379e-01 8.482675552368164062e-01 0.000000000000000000e+00 0.000000000000000000e+00 0.000000000000000000e+00
6.533125042915344238e-01 8.625257611274719238e-01 5.840699672698974609e-01 2.663630843162536621e-01 5.721070766448974609e-01 8.903911113739013672e-01 6.101269125938415527e-01 5.873683094978332520e-01 8.387408256530761719e-01 1.000000000000000000e+00 0.000000000000000000e+00 0.000000000000000000e+00
8.949905037879943848e-01 9.479382634162902832e-01 5.020286440849304199e-01 8.562862277030944824e-01 5.047947764396667480e-01 5.702864527702331543e-01 8.684834837913513184e-01 3.070389032363891602e-01 1.208503842353820801e-01 1.000000000000000000e+00 1.000000000000000000e+00 1.000000000000000000e+00
8.182600140571594238e-01 9.835228323936462402e-01 7.517432570457458496e-01 9.547139406204223633e-01 7.486319541931152344e-01 5.461345911026000977e-01 6.190779805183410645e-01 8.974432945251464844e-02 8.856683969497680664e-02 0.000000000000000000e+00 1.000000000000000000e+00 0.000000000000000000e+00
8.253248333930969238e-01 1.465896964073181152e-01 6.137565374374389648e-01 6.249852180480957031e-01 7.296299934387207031e-01 7.680116295814514160e-01 4.511154294013977051e-01 4.866685271263122559e-01 3.642834424972534180e-01 0.000000000000000000e+00 0.000000000000000000e+00 0.000000000000000000e+00
6.496827006340026855e-01 6.213869452476501465e-01 3.890205621719360352e-01 3.028448820114135742e-01 7.180907726287841797e-01 5.377662181854248047e-02 2.831382155418395996e-01 7.796123623847961426e-01 5.863816142082214355e-01 0.000000000000000000e+00 0.000000000000000000e+00 0.000000000000000000e+00
6.049152016639709473e-01 7.026579380035400391e-01 2.011235952377319336e-01 4.808688759803771973e-01 6.569585800170898438e-01 9.848254323005676270e-01 6.159039139747619629e-01 6.201108694076538086e-01 5.867267251014709473e-01 1.000000000000000000e+00 0.000000000000000000e+00 0.000000000000000000e+00
2.830280065536499023e-01 4.320266842842102051e-01 7.009917497634887695e-02 4.555471539497375488e-01 3.773539066314697266e-01 5.893983244895935059e-01 3.732785582542419434e-01 6.193796992301940918e-01 8.979933857917785645e-01 0.000000000000000000e+00 1.000000000000000000e+00 0.000000000000000000e+00
2.494762837886810303e-01 9.869109988212585449e-01 1.262522935867309570e-01 4.613075256347656250e-01 1.128342151641845703e-01 4.573585987091064453e-01 5.668497681617736816e-01 7.012519836425781250e-01 3.812967538833618164e-01 0.000000000000000000e+00 1.000000000000000000e+00 0.000000000000000000e+00
5.580284595489501953e-01 7.795454263687133789e-01 8.590180277824401855e-01 9.268252849578857422e-01 1.380896568298339844e-02 5.224169492721557617e-01 6.074672341346740723e-01 9.205121994018554688e-01 5.828614234924316406e-01 0.000000000000000000e+00 0.000000000000000000e+00 0.000000000000000000e+00
1.106665655970573425e-01 5.067922472953796387e-01 8.829087018966674805e-02 4.760086536407470703e-03 3.858178853988647461e-02 5.636937618255615234e-01 8.387892842292785645e-01 8.470573425292968750e-01 5.398977994918823242e-01 1.000000000000000000e+00 0.000000000000000000e+00 0.000000000000000000e+00
9.974176883697509766e-01 2.377325296401977539e-02 3.759692311286926270e-01 9.904009699821472168e-01 2.810389995574951172e-01 2.240769267082214355e-01 8.927084207534790039e-01 8.860659003257751465e-01 7.459801435470581055e-01 0.000000000000000000e+00 0.000000000000000000e+00 0.000000000000000000e+00
8.193703293800354004e-01 2.191104292869567871e-01 7.084289789199829102e-01 3.995760679244995117e-01 5.589517951011657715e-01 9.737732410430908203e-01 1.216840744018554688e-01 6.388732194900512695e-01 8.781671524047851562e-02 1.000000000000000000e+00 1.000000000000000000e+00 1.000000000000000000e+00
7.663834095001220703e-01 7.370499968528747559e-01 1.099534630775451660e-01 4.941343069076538086e-01 9.237439632415771484e-01 5.958259701728820801e-01 1.740359663963317871e-01 6.349738240242004395e-01 6.377626061439514160e-01 1.000000000000000000e+00 0.000000000000000000e+00 0.000000000000000000e+00
8.102012276649475098e-01 9.270163178443908691e-01 7.754908800125122070e-01 6.710693240165710449e-01 8.302980661392211914e-01 8.650796413421630859e-01 4.704808592796325684e-01 1.994941234588623047e-01 3.183439970016479492e-01 1.000000000000000000e+00 0.000000000000000000e+00 0.000000000000000000e+00
1.384798437356948853e-01 9.348176121711730957e-01 7.556831836700439453e-01 4.625737667083740234e-03 3.100420832633972168e-01 6.658590435981750488e-01 1.791806817054748535e-01 1.763784289360046387e-01 6.417810320854187012e-01 0.000000000000000000e+00 1.000000000000000000e+00 0.000000000000000000e+00
9.667608141899108887e-01 2.162343263626098633e-01 9.529543519020080566e-01 1.896713376045227051e-01 5.653032660484313965e-01 3.120071887969970703e-01 1.705956459045410156e-02 7.419530153274536133e-01 2.954907417297363281e-01 0.000000000000000000e+00 0.000000000000000000e+00 0.000000000000000000e+00
2.549187242984771729e-01 8.198308348655700684e-01 1.426177620887756348e-01 5.031710863113403320e-01 1.957768797874450684e-01 1.158314347267150879e-01 8.185403347015380859e-01 7.915487289428710938e-01 6.742278337478637695e-01 1.000000000000000000e+00 1.000000000000000000e+00 1.000000000000000000e+00
7.496454119682312012e-01 8.681340813636779785e-01 9.995801448822021484e-01 6.502594351768493652e-01 6.413183808326721191e-01 4.701855778694152832e-01 8.557248115539550781e-01 7.997267246246337891e-01 4.321154952049255371e-01 1.000000000000000000e+00 0.000000000000000000e+00 0.000000000000000000e+00
1.460882127285003662e-01 4.130264520645141602e-01 1.853183507919311523e-01 3.670059442520141602e-01 4.132366180419921875e-02 1.536696553230285645e-01 5.679801702499389648e-01 4.794800281524658203e-02 9.901488423347473145e-01 1.000000000000000000e+00 0.000000000000000000e+00 0.000000000000000000e+00
5.617244839668273926e-01 8.844662308692932129e-01 4.751972556114196777e-01 7.288654446601867676e-01 4.274585247039794922e-01 3.531352877616882324e-01 8.210526704788208008e-01 1.421794891357421875e-01 6.483218669891357422e-01 0.000000000000000000e+00 0.000000000000000000e+00 0.000000000000000000e+00
2.917743921279907227e-01 6.047192215919494629e-01 3.786584138870239258e-01 2.343862652778625488e-01 2.073724269866943359e-01 8.487635254859924316e-01 4.586173295974731445e-01 4.513686895370483398e-02 3.115292191505432129e-01 1.000000000000000000e+00 1.000000000000000000e+00 1.000000000000000000e+00
4.603168368339538574e-01 2.379664778709411621e-01 4.024560451507568359e-01 1.212183237075805664e-01 8.356359601020812988e-01 3.267750740051269531e-01 6.139532923698425293e-01 9.650416374206542969e-01 7.948641777038574219e-01 1.000000000000000000e+00 0.000000000000000000e+00 0.000000000000000000e+00
8.417397141456604004e-01 3.521445989608764648e-01 5.996848940849304199e-01 7.107644081115722656e-01 5.697952508926391602e-01 6.055118441581726074e-01 1.273562908172607422e-01 8.880990743637084961e-01 4.935249090194702148e-01 0.000000000000000000e+00 0.000000000000000000e+00 0.000000000000000000e+00
9.078835844993591309e-01 1.151192188262939453e-01 7.254047989845275879e-01 4.959816336631774902e-01 6.310068964958190918e-01 2.304455637931823730e-01 9.552782773971557617e-02 2.955904603004455566e-01 2.199461460113525391e-01 0.000000000000000000e+00 0.000000000000000000e+00 0.000000000000000000e+00
6.525657176971435547e-01 8.016234040260314941e-01 7.923868298530578613e-01 4.543462991714477539e-01 9.991102218627929688e-01 7.387758493423461914e-01 8.571457862854003906e-01 7.630081772804260254e-01 5.528631210327148438e-01 1.000000000000000000e+00 0.000000000000000000e+00 0.000000000000000000e+00
7.611546516418457031e-01 6.149414181709289551e-01 1.671460270881652832e-01 7.508783936500549316e-01 3.591915965080261230e-01 3.304849267005920410e-01 6.511666178703308105e-01 6.088530421257019043e-01 2.962896823883056641e-01 0.000000000000000000e+00 0.000000000000000000e+00 0.000000000000000000e+00
8.210656642913818359e-01 9.971321821212768555e-01 5.701876878738403320e-01 5.940784215927124023e-01 5.490074753761291504e-01 8.644027709960937500e-01 5.938709974288940430e-01 7.530891895294189453e-01 9.931136965751647949e-01 0.000000000000000000e+00 0.000000000000000000e+00 0.000000000000000000e+00
9.863998889923095703e-01 2.282544374465942383e-01 5.641396045684814453e-01 9.920036196708679199e-01 4.284958839416503906e-01 8.200088143348693848e-01 7.115983366966247559e-01 8.443856239318847656e-01 2.076932787895202637e-01 0.000000000000000000e+00 0.000000000000000000e+00 0.000000000000000000e+00
2.380597144365310669e-01 4.995546936988830566e-01 1.715891361236572266e-01 5.234726667404174805e-01 1.849448084831237793e-01 2.762532830238342285e-01 2.501988410949707031e-01 7.041734457015991211e-02 4.621098041534423828e-01 0.000000000000000000e+00 1.000000000000000000e+00 0.000000000000000000e+00
6.460686326026916504e-01 1.784203052520751953e-01 6.724100112915039062e-01 3.660088777542114258e-02 6.687280535697937012e-01 9.761485457420349121e-01 7.383762598037719727e-01 2.496086955070495605e-01 8.355559706687927246e-01 0.000000000000000000e+00 1.000000000000000000e+00 0.000000000000000000e+00
9.733228087425231934e-01 1.819481849670410156e-01 1.003102660179138184e-01 6.681932806968688965e-01 8.896368145942687988e-01 4.683359265327453613e-01 3.610773682594299316e-01 1.152860522270202637e-01 5.719683170318603516e-01 0.000000000000000000e+00 1.000000000000000000e+00 0.000000000000000000e+00
5.252186655998229980e-01 4.167184233665466309e-01 7.044926881790161133e-01 5.749590992927551270e-01 2.014457583427429199e-01 6.228908896446228027e-01 2.618895173072814941e-01 4.479800462722778320e-01 3.638578057289123535e-01 1.000000000000000000e+00 0.000000000000000000e+00 0.000000000000000000e+00
8.675550222396850586e-01 2.028353810310363770e-01 7.006838321685791016e-01 4.758495092391967773e-02 8.745648264884948730e-01 1.755408644676208496e-01 7.694711089134216309e-01 5.157864689826965332e-01 8.873100280761718750e-01 0.000000000000000000e+00 0.000000000000000000e+00 0.000000000000000000e+00
8.964265584945678711e-01 3.946636915206909180e-01 8.872991800308227539e-02 6.815148591995239258e-01 8.976707458496093750e-01 4.434580802917480469e-01 4.102110862731933594e-03 1.002576351165771484e-01 6.690441370010375977e-01 0.000000000000000000e+00 1.000000000000000000e+00 0.000000000000000000e+00
9.982470273971557617e-01 3.141016364097595215e-01 2.151075005531311035e-01 8.382130265235900879e-01 9.692310690879821777e-01 1.856660842895507812e-01 8.577452301979064941e-01 8.408957719802856445e-02 4.669814109802246094e-01 0.000000000000000000e+00 0.000000000000000000e+00 0.000000000000000000e+00
5.858805179595947266e-01 8.152161240577697754e-01 7.472698688507080078e-01 2.364544868469238281e-01 4.855825304985046387e-01 1.048697233200073242e-01 2.559691071510314941e-01 1.640475988388061523e-01 3.921782374382019043e-01 1.000000000000000000e+00 0.000000000000000000e+00 0.000000000000000000e+00
9.621888995170593262e-01 3.055495023727416992e-01 7.308959364891052246e-01 6.818272471427917480e-01 6.592426300048828125e-01 4.069272279739379883e-01 2.556292414665222168e-01 9.475806951522827148e-01 7.731350064277648926e-01 0.000000000000000000e+00 0.000000000000000000e+00 0.000000000000000000e+00
7.218253612518310547e-01 6.040341258049011230e-01 9.171118140220642090e-01 3.346544504165649414e-02 7.233940362930297852e-01 2.508668303489685059e-01 9.297562241554260254e-01 2.880620956420898438e-01 7.270546555519104004e-01 0.000000000000000000e+00 1.000000000000000000e+00 0.000000000000000000e+00
9.545010924339294434e-01 8.953902125358581543e-01 4.151511192321777344e-01 9.809359312057495117e-01 6.446977257728576660e-01 6.401709318161010742e-01 1.085357666015625000e-01 6.245983839035034180e-01 8.830813169479370117e-01 0.000000000000000000e+00 0.000000000000000000e+00 0.000000000000000000e+00
9.689120650291442871e-01 3.138578534126281738e-01 9.053443670272827148e-01 9.843592643737792969e-01 2.506842017173767090e-01 5.545688867568969727e-01 2.515525221824645996e-01 3.343258500099182129e-01 5.774021148681640625e-03 0.000000000000000000e+00 1.000000000000000000e+00 0.000000000000000000e+00
6.890381574630737305e-01 4.312844276428222656e-01 1.929103136062622070e-01 4.458300471305847168e-01 7.738585472106933594e-01 6.836345791816711426e-01 4.859083890914916992e-02 2.995117306709289551e-01 2.666247487068176270e-01 0.000000000000000000e+00 0.000000000000000000e+00 0.000000000000000000e+00
8.461095690727233887e-01 2.602952718734741211e-02 4.773808121681213379e-01 6.011554598808288574e-01 3.366165757179260254e-01 5.109688639640808105e-01 1.576530337333679199e-01 2.388817667961120605e-01 6.741167306900024414e-01 1.000000000000000000e+00 0.000000000000000000e+00 0.000000000000000000e+00
7.470363974571228027e-01 3.044523596763610840e-01 6.316921710968017578e-01 1.178581118583679199e-01 8.337118029594421387e-01 3.361690044403076172e-01 5.743242502212524414e-01 6.110867261886596680e-01 5.265796184539794922e-01 0.000000000000000000e+00 0.000000000000000000e+00 0.000000000000000000e+00
3.377541005611419678e-01 6.314966678619384766e-01 3.226103782653808594e-01 1.022236943244934082e-01 2.964984774589538574e-01 7.428554296493530273e-01 8.527128696441650391e-01 9.305491447448730469e-01 2.700289487838745117e-01 1.000000000000000000e+00 0.000000000000000000e+00 0.000000000000000000e+00
8.170939087867736816e-01 3.085297942161560059e-01 5.067650079727172852e-01 3.652536869049072266e-01 9.869639873504638672e-01 9.181706309318542480e-01 1.746132373809814453e-01 1.331297755241394043e-01 7.702912092208862305e-01 0.000000000000000000e+00 1.000000000000000000e+00 0.000000000000000000e+00
5.230891704559326172e-01 7.684072256088256836e-01 6.852141618728637695e-01 3.406417965888977051e-01 9.338498115539550781e-01 6.735638380050659180e-01 6.629812121391296387e-01 3.700054883956909180e-01 1.249613761901855469e-01 0.000000000000000000e+00 0.000000000000000000e+00 0.000000000000000000e+00
2.476939111948013306e-01 7.389106750488281250e-01 6.820534467697143555e-01 4.008389115333557129e-01 2.560127973556518555e-01 4.624801278114318848e-01 9.035157561302185059e-01 4.961669445037841797e-02 4.649394154548645020e-01 1.000000000000000000e+00 0.000000000000000000e+00 0.000000000000000000e+00
7.953885793685913086e-01 9.858998060226440430e-01 9.012921452522277832e-01 9.745307564735412598e-01 3.741735219955444336e-01 8.821606636047363281e-01 1.700093746185302734e-01 4.920983314514160156e-01 1.581474542617797852e-01 0.000000000000000000e+00 0.000000000000000000e+00 0.000000000000000000e+00
2.605204582214355469e-01 4.019669294357299805e-01 7.513070702552795410e-01 2.151169180870056152e-01 3.287659287452697754e-01 8.791854977607727051e-01 2.122163176536560059e-01 9.640699028968811035e-01 9.415945410728454590e-01 0.000000000000000000e+00 0.000000000000000000e+00 0.000000000000000000e+00
9.360900521278381348e-01 9.422804117202758789e-01 2.386349439620971680e-01 8.492285609245300293e-01 8.576353192329406738e-01 7.679589390754699707e-01 4.458982348442077637e-01 7.517937421798706055e-01 8.121070265769958496e-01 0.000000000000000000e+00 0.000000000000000000e+00 0.000000000000000000e+00
7.130656838417053223e-01 1.440167427062988281e-01 4.523422718048095703e-01 4.954175949096679688e-01 6.965904235839843750e-01 2.908496856689453125e-01 2.914993762969970703e-01 3.966441154479980469e-01 1.398382186889648438e-01 0.000000000000000000e+00 0.000000000000000000e+00 0.000000000000000000e+00
1.437627226114273071e-01 2.598873376846313477e-01 3.243911266326904297e-01 2.761153578758239746e-01 1.492297649383544922e-02 7.242611050605773926e-01 2.516186833381652832e-01 8.507579565048217773e-01 9.736307859420776367e-01 0.000000000000000000e+00 0.000000000000000000e+00 0.000000000000000000e+00
9.686077237129211426e-01 6.575117707252502441e-01 7.429217696189880371e-01 8.376085758209228516e-01 9.585394263267517090e-01 1.001500487327575684e-01 6.674803495407104492e-01 8.252470493316650391e-01 1.111555099487304688e-01 0.000000000000000000e+00 1.000000000000000000e+00 0.000000000000000000e+00
9.889987111091613770e-01 3.280609250068664551e-01 8.249738812446594238e-01 8.469975590705871582e-01 6.000132560729980469e-01 1.607500314712524414e-01 9.948194622993469238e-01 1.478804945945739746e-01 9.264469146728515625e-01 0.000000000000000000e+00 0.000000000000000000e+00 0.000000000000000000e+00
9.159758687019348145e-01 1.875221729278564453e-02 8.669288754463195801e-01 5.393664240837097168e-01 4.167551994323730469e-01 9.197716116905212402e-01 5.229552388191223145e-01 8.656423091888427734e-01 3.973700404167175293e-01 0.000000000000000000e+00 0.000000000000000000e+00 0.000000000000000000e+00
6.093792915344238281e-01 8.063617348670959473e-01 2.993829250335693359e-01 4.409711956977844238e-01 5.683018565177917480e-01 3.742681741714477539e-01 1.268230080604553223e-01 4.406182169914245605e-01 1.255971193313598633e-01 0.000000000000000000e+00 0.000000000000000000e+00 0.000000000000000000e+00
2.622964084148406982e-01 5.424017310142517090e-01 5.084466934204101562e-02 5.823463201522827148e-02 6.767138242721557617e-01 5.390191674232482910e-01 1.692515611648559570e-01 8.518287539482116699e-01 7.889605164527893066e-01 0.000000000000000000e+00 0.000000000000000000e+00 0.000000000000000000e+00
6.112371087074279785e-01 9.901863932609558105e-01 7.790653705596923828e-01 5.870479941368103027e-01 5.327891707420349121e-01 8.037751913070678711e-01 9.690948724746704102e-01 8.093026876449584961e-01 7.151497006416320801e-01 1.000000000000000000e+00 0.000000000000000000e+00 0.000000000000000000e+00
9.515149593353271484e-01 7.917891740798950195e-01 9.357802271842956543e-01 7.919351458549499512e-01 9.035302996635437012e-01 4.529785513877868652e-01 9.931321740150451660e-01 2.182586193084716797e-01 1.382599472999572754e-01 0.000000000000000000e+00 0.000000000000000000e+00 0.000000000000000000e+00
9.984329342842102051e-01 9.185647964477539062e-02 3.563559055328369141e-02 8.687170743942260742e-01 8.988067507743835449e-01 2.352967262268066406e-01 8.058972358703613281e-01 5.653108954429626465e-01 4.611921310424804688e-01 0.000000000000000000e+00 0.000000000000000000e+00 0.000000000000000000e+00
8.557313084602355957e-01 6.226004958152770996e-01 5.283539295196533203e-01 3.928294181823730469e-01 5.152990221977233887e-01 8.936845064163208008e-01 6.838067173957824707e-01 4.758492112159729004e-01 7.156534790992736816e-01 0.000000000000000000e+00 0.000000000000000000e+00 0.000000000000000000e+00
1.911646425724029541e-01 7.007983326911926270e-01 2.879686951637268066e-01 4.150879383087158203e-02 2.822183966636657715e-01 8.909581303596496582e-01 7.488895058631896973e-01 8.076083660125732422e-01 6.697676777839660645e-01 1.000000000000000000e+00 0.000000000000000000e+00 0.000000000000000000e+00
4.057964384555816650e-01 9.972981214523315430e-01 7.580941915512084961e-01 3.610900044441223145e-01 5.798104405403137207e-01 8.446144461631774902e-01 6.494659781455993652e-01 6.535689234733581543e-01 2.495508790016174316e-01 1.000000000000000000e+00 0.000000000000000000e+00 0.000000000000000000e+00
7.483425140380859375e-01 8.254926204681396484e-01 6.787526607513427734e-02 8.986613750457763672e-01 5.183605551719665527e-01 5.850506424903869629e-01 2.955484390258789062e-02 9.035085439682006836e-01 6.001757383346557617e-01 1.000000000000000000e+00 0.000000000000000000e+00 0.000000000000000000e+00
5.302505493164062500e-01 8.970210552215576172e-01 4.309359192848205566e-01 2.178343534469604492e-01 8.078150153160095215e-01 3.298461437225341797e-01 4.128255844116210938e-01 8.349965214729309082e-01 2.491653561592102051e-01 0.000000000000000000e+00 0.000000000000000000e+00 0.000000000000000000e+00
4.315814971923828125e-01 8.235546946525573730e-01 2.184699177742004395e-01 3.968968987464904785e-01 7.488211393356323242e-01 7.773695588111877441e-01 3.519791364669799805e-01 7.365816831588745117e-02 3.843495249748229980e-01 1.000000000000000000e+00 0.000000000000000000e+00 0.000000000000000000e+00
9.353751540184020996e-01 8.492818474769592285e-01 8.508533239364624023e-02 8.717579245567321777e-01 7.990697622299194336e-01 5.890510082244873047e-01 9.660163521766662598e-01 1.636472344398498535e-01 7.284265160560607910e-01 0.000000000000000000e+00 0.000000000000000000e+00 0.000000000000000000e+00
8.484184741973876953e-01 2.458427548408508301e-01 8.391996026039123535e-01 1.560351252555847168e-01 6.794589161872863770e-01 3.738092780113220215e-01 6.429198980331420898e-01 5.222501754760742188e-01 5.182495117187500000e-01 1.000000000000000000e+00 0.000000000000000000e+00 0.000000000000000000e+00
9.665325880050659180e-01 2.607152462005615234e-01 7.705954313278198242e-01 7.972089648246765137e-01 5.492103695869445801e-01 2.456584572792053223e-01 9.449649453163146973e-01 3.100365400314331055e-02 2.609682083129882812e-02 1.000000000000000000e+00 1.000000000000000000e+00 1.000000000000000000e+00
9.408888220787048340e-01 1.465189456939697266e-01 4.465013146400451660e-01 6.825142502784729004e-01 5.469940900802612305e-01 1.835215687751770020e-01 4.561465382575988770e-01 4.157282114028930664e-01 1.131604909896850586e-01 0.000000000000000000e+00 1.000000000000000000e+00 0.000000000000000000e+00
9.154031276702880859e-01 3.356184363365173340e-01 7.703817486763000488e-01 1.159676909446716309e-01 8.902249932289123535e-01 5.575688481330871582e-01 1.914104819297790527e-01 8.537482023239135742e-01 9.837089180946350098e-01 0.000000000000000000e+00 0.000000000000000000e+00 0.000000000000000000e+00
3.797076046466827393e-01 8.117268681526184082e-01 7.459740042686462402e-01 7.686342597007751465e-01 4.964836239814758301e-01 5.330017805099487305e-01 8.866162300109863281e-01 9.035931825637817383e-01 9.187626838684082031e-02 1.000000000000000000e+00 0.000000000000000000e+00 0.000000000000000000e+00
7.455544471740722656e-01 7.665455937385559082e-01 7.325447797775268555e-01 7.905918359756469727e-01 9.095670580863952637e-01 9.679105877876281738e-01 6.315003633499145508e-01 1.976679563522338867e-01 2.572479844093322754e-01 1.000000000000000000e+00 0.000000000000000000e+00 0.000000000000000000e+00
4.999520778656005859e-01 8.653467893600463867e-01 4.996883869171142578e-01 4.347454905509948730e-01 3.562442660331726074e-01 6.327438354492187500e-02 4.074007868766784668e-01 8.655443191528320312e-01 8.729816675186157227e-01 0.000000000000000000e+00 0.000000000000000000e+00 0.000000000000000000e+00
9.318795204162597656e-01 1.829932928085327148e-01 2.179511189460754395e-01 7.627754211425781250e-01 1.641417145729064941e-01 5.705075860023498535e-01 4.573673605918884277e-01 7.069039940834045410e-01 5.508087277412414551e-01 0.000000000000000000e+00 0.000000000000000000e+00 0.000000000000000000e+00
5.235861539840698242e-01 1.228864192962646484e-01 1.848595738410949707e-01 1.798054575920104980e-01 8.211848139762878418e-01 9.554803371429443359e-01 2.365826964378356934e-01 9.212169051170349121e-01 3.635708689689636230e-01 1.000000000000000000e+00 0.000000000000000000e+00 0.000000000000000000e+00
5.134513378143310547e-01 1.742224693298339844e-01 5.919477343559265137e-01 3.186334371566772461e-01 3.273193836212158203e-01 6.541243791580200195e-01 7.188183069229125977e-02 3.327074646949768066e-01 3.490642309188842773e-01 1.000000000000000000e+00 0.000000000000000000e+00 0.000000000000000000e+00
8.563096523284912109e-01 6.990404129028320312e-01 1.544827222824096680e-02 9.484288692474365234e-01 1.145887970924377441e-01 1.804863810539245605e-01 9.781111478805541992e-01 2.954711318016052246e-01 8.814568519592285156e-01 0.000000000000000000e+00 0.000000000000000000e+00 0.000000000000000000e+00
7.059915065765380859e-01 6.272050142288208008e-01 8.052067160606384277e-01 1.837359666824340820e-01 9.074288010597229004e-01 6.340335607528686523e-01 2.846449613571166992e-01 2.272636294364929199e-01 4.426800012588500977e-01 0.000000000000000000e+00 0.000000000000000000e+00 0.000000000000000000e+00
4.674859046936035156e-01 3.980914354324340820e-01 5.255101323127746582e-01 4.383345842361450195e-01 9.356147050857543945e-02 2.255159616470336914e-01 7.858137488365173340e-01 6.045103073120117188e-01 8.572542071342468262e-01 1.000000000000000000e+00 0.000000000000000000e+00 0.000000000000000000e+00
5.337488055229187012e-01 7.500783205032348633e-01 5.671592950820922852e-01 3.275660276412963867e-01 1.570071578025817871e-01 4.528863430023193359e-01 6.830121874809265137e-01 1.691637635231018066e-01 8.025095462799072266e-01 0.000000000000000000e+00 0.000000000000000000e+00 0.000000000000000000e+00
3.389089703559875488e-01 5.068781375885009766e-01 5.079736113548278809e-01 3.818494081497192383e-01 4.524220228195190430e-01 4.613690972328186035e-01 6.680454611778259277e-01 4.356654882431030273e-01 7.259414792060852051e-01 1.000000000000000000e+00 1.000000000000000000e+00 1.000000000000000000e+00
4.114165306091308594e-01 4.876037240028381348e-01 1.710059642791748047e-01 3.187286853790283203e-01 4.372242689132690430e-01 3.364482522010803223e-01 1.549943685531616211e-01 4.739826917648315430e-01 7.206461429595947266e-01 0.000000000000000000e+00 1.000000000000000000e+00 0.000000000000000000e+00
6.920837163925170898e-01 8.974834680557250977e-01 2.096846103668212891e-01 6.046577692031860352e-01 5.936276912689208984e-01 1.623049378395080566e-01 1.702509522438049316e-01 1.301528215408325195e-01 1.600205302238464355e-01 0.000000000000000000e+00 0.000000000000000000e+00 0.000000000000000000e+00
8.047871589660644531e-01 6.729552149772644043e-01 4.767776727676391602e-01 4.635750055313110352e-01 9.109988808631896973e-01 5.655084848403930664e-01 3.215360641479492188e-02 6.793679594993591309e-01 8.020961880683898926e-01 0.000000000000000000e+00 0.000000000000000000e+00 0.000000000000000000e+00
3.349609673023223877e-01 4.502726793289184570e-01 2.952012419700622559e-01 2.503299713134765625e-02 5.323173403739929199e-01 3.030795454978942871e-01 5.813822746276855469e-01 2.217698693275451660e-01 2.426691055297851562e-01 1.000000000000000000e+00 0.000000000000000000e+00 0.000000000000000000e+00
9.427795410156250000e-01 2.777832746505737305e-01 9.350372552871704102e-01 7.453698515892028809e-01 4.132134914398193359e-01 5.880203843116760254e-01 4.883317351341247559e-01 1.111227273941040039e-01 9.435428977012634277e-01 0.000000000000000000e+00 1.000000000000000000e+00 0.000000000000000000e+00
2.121624052524566650e-01 1.149322986602783203e-01 2.746532559394836426e-01 2.701608538627624512e-01 5.189155936241149902e-01 4.506218433380126953e-02 9.901297092437744141e-02 6.983850002288818359e-01 7.273817062377929688e-01 1.000000000000000000e+00 0.000000000000000000e+00 0.000000000000000000e+00
9.644964933395385742e-01 3.351897001266479492e-02 4.429674148559570312e-01 7.966849207878112793e-01 1.504020094871520996e-01 8.087049722671508789e-01 8.714765310287475586e-02 5.747157335281372070e-01 3.187959194183349609e-01 0.000000000000000000e+00 0.000000000000000000e+00 0.000000000000000000e+00
1.366742849349975586e-01 1.338599920272827148e-01 3.247939348220825195e-01 3.225119709968566895e-01 3.207659721374511719e-02 3.961569070816040039e-01 7.103981971740722656e-01 3.169471025466918945e-02 3.260572552680969238e-01 1.000000000000000000e+00 1.000000000000000000e+00 1.000000000000000000e+00
9.963196516036987305e-01 3.197994828224182129e-01 2.195811271667480469e-01 9.452856183052062988e-01 9.076704382896423340e-01 2.251738905906677246e-01 7.902194857597351074e-01 4.163165688514709473e-01 3.475067019462585449e-01 1.000000000000000000e+00 0.000000000000000000e+00 0.000000000000000000e+00
6.548651456832885742e-01 7.981036305427551270e-01 8.939868807792663574e-01 8.858099579811096191e-01 3.212629556655883789e-01 7.082577943801879883e-01 1.359623074531555176e-01 4.555196762084960938e-01 6.257618069648742676e-01 1.000000000000000000e+00 0.000000000000000000e+00 0.000000000000000000e+00
6.126744151115417480e-01 8.740745186805725098e-01 4.528903961181640625e-02 5.994882583618164062e-01 3.908836245536804199e-01 7.541759610176086426e-01 2.683078646659851074e-01 9.785659313201904297e-01 2.650519013404846191e-01 0.000000000000000000e+00 0.000000000000000000e+00 0.000000000000000000e+00
9.754030704498291016e-01 4.295762777328491211e-01 8.919338583946228027e-01 9.955600500106811523e-01 5.240793824195861816e-01 6.913084387779235840e-01 5.406280159950256348e-01 7.742559909820556641e-01 5.402501821517944336e-01 0.000000000000000000e+00 0.000000000000000000e+00 0.000000000000000000e+00
7.638642191886901855e-02 5.068103671073913574e-01 1.841226816177368164e-01 7.269197702407836914e-02 5.009305477142333984e-02 4.572188854217529297e-01 1.464598774909973145e-01 9.510356783866882324e-01 7.301082611083984375e-01 0.000000000000000000e+00 1.000000000000000000e+00 0.000000000000000000e+00
2.318725734949111938e-01 3.499727249145507812e-01 3.053570389747619629e-01 8.990526199340820312e-03 2.173912525177001953e-01 3.132598996162414551e-01 6.692432761192321777e-01 3.968620896339416504e-01 1.493350863456726074e-01 0.000000000000000000e+00 0.000000000000000000e+00 0.000000000000000000e+00
2.907221615314483643e-01 4.268252253532409668e-01 4.077062010765075684e-01 7.722973823547363281e-03 5.424563288688659668e-01 4.121509790420532227e-01 3.726009130477905273e-01 3.444652557373046875e-01 2.204966545104980469e-01 0.000000000000000000e+00 0.000000000000000000e+00 0.000000000000000000e+00
5.439221858978271484e-01 1.944805979728698730e-01 6.219106912612915039e-02 3.171826004981994629e-01 9.036391973495483398e-01 6.787248253822326660e-01 5.394653677940368652e-01 6.608963012695312500e-01 4.405987262725830078e-01 1.000000000000000000e+00 1.000000000000000000e+00 1.000000000000000000e+00
9.821854233741760254e-01 6.386015415191650391e-01 7.607464194297790527e-01 9.501346945762634277e-01 4.686732292175292969e-01 5.336463451385498047e-03 5.019670724868774414e-02 7.769713401794433594e-01 6.761682033538818359e-01 0.000000000000000000e+00 1.000000000000000000e+00 0.000000000000000000e+00
6.079730391502380371e-01 7.591277956962585449e-01 3.576095104217529297e-01 1.302433013916015625e-01 7.900214195251464844e-01 1.569756865501403809e-01 9.164553880691528320e-02 7.762799263000488281e-01 6.569996476173400879e-01 1.000000000000000000e+00 0.000000000000000000e+00 0.000000000000000000e+00
1.722260564565658569e-01 2.659831643104553223e-01 3.215335011482238770e-01 1.136590242385864258e-01 1.579290628433227539e-02 4.236131906509399414e-02 5.001381635665893555e-01 6.421027183532714844e-01 7.012940049171447754e-01 1.000000000000000000e+00 1.000000000000000000e+00 1.000000000000000000e+00
4.843121469020843506e-01 9.648218750953674316e-01 6.335269808769226074e-01 2.282249927520751953e-01 5.922087430953979492e-01 4.520511627197265625e-01 3.577693104743957520e-01 3.659321069717407227e-01 8.150147199630737305e-01 0.000000000000000000e+00 0.000000000000000000e+00 0.000000000000000000e+00
