9.784423708915710449e-01 1.495689153671264648e-01 7.861776947975158691e-01 9.355998039245605469e-01 2.833669185638427734e-01 6.134446859359741211e-01 7.245026230812072754e-01 8.957505226135253906e-01 7.837297320365905762e-01 0.000000000000000000e+00 0.000000000000000000e+00 0.000000000000000000e+00
8.383607268333435059e-01 1.318140029907226562e-01 3.375359177589416504e-01 4.683962464332580566e-01 5.744927525520324707e-01 2.332959771156311035e-01 8.869580626487731934e-01 9.281553626060485840e-01 7.644156217575073242e-01 0.000000000000000000e+00 0.000000000000000000e+00 0.000000000000000000e+00
8.592071533203125000e-01 1.006740331649780273e-01 2.829486131668090820e-01 6.703869104385375977e-01 3.261749148368835449e-01 8.268563747406005859e-01 7.261162400245666504e-01 7.668322324752807617e-02 7.652686834335327148e-01 0.000000000000000000e+00 0.000000000000000000e+00 0.000000000000000000e+00
8.537442088127136230e-01 3.627272248268127441e-01 4.287654161453247070e-02 7.415343523025512695e-01 7.505964636802673340e-01 9.810643196105957031e-01 1.101235747337341309e-01 7.852782607078552246e-01 4.596594572067260742e-01 0.000000000000000000e+00 0.000000000000000000e+00 0.000000000000000000e+00
9.879900813102722168e-01 8.065265417098999023e-02 7.105451822280883789e-01 8.951508402824401855e-01 8.596380949020385742e-01 8.243125677108764648e-01 5.388288497924804688e-01 1.243002414703369141e-01 4.757701754570007324e-01 1.000000000000000000e+00 0.000000000000000000e+00 0.000000000000000000e+00
3.609488308429718018e-01 1.802225708961486816e-01 2.419331073760986328e-01 3.007075786590576172e-01 6.147182583808898926e-01 7.306536436080932617e-01 3.539189100265502930e-01 4.658930301666259766e-01 6.002464890480041504e-01 1.000000000000000000e+00 1.000000000000000000e+00 1.000000000000000000e+00
7.118405103683471680e-01 1.506368517875671387e-01 4.635732173919677734e-01 5.589373707771301270e-01 1.098694205284118652e-01 8.231161832809448242e-01 5.104092955589294434e-01 4.336578845977783203e-01 5.179549455642700195e-01 0.000000000000000000e+00 0.000000000000000000e+00 0.000000000000000000e+00
8.548847436904907227e-01 9.828358292579650879e-01 2.541907429695129395e-01 9.128460884094238281e-01 6.308035850524902344e-01 4.690471291542053223e-01 7.231623530387878418e-01 1.057798862457275391e-01 6.189447641372680664e-02 0.000000000000000000e+00 0.000000000000000000e+00 0.000000000000000000e+00
9.084995388984680176e-01 3.550522327423095703e-01 1.907541751861572266e-01 6.800236701965332031e-01 5.350786447525024414e-01 9.990722537040710449e-01 5.677115321159362793e-01 3.597949743270874023e-01 1.741493940353393555e-01 0.000000000000000000e+00 0.000000000000000000e+00 0.000000000000000000e+00
8.989247679710388184e-01 3.139705061912536621e-01 5.937341451644897461e-01 5.144075155258178711e-01 7.589843273162841797e-01 6.180599331855773926e-01 9.102364778518676758e-01 3.654519915580749512e-01 5.227625370025634766e-01 0.000000000000000000e+00 0.000000000000000000e+00 0.000000000000000000e+00
7.482838630676269531e-01 8.950206041336059570e-01 1.041548252105712891e-01 8.215002417564392090e-01 2.876857519149780273e-01 4.053114056587219238e-01 1.731383800506591797e-02 2.852882742881774902e-01 5.312583446502685547e-01 0.000000000000000000e+00 0.000000000000000000e+00 0.000000000000000000e+00
6.832858920097351074e-01 7.931559681892395020e-01 2.843642234802246094e-01 9.155079126358032227e-01 2.822290658950805664e-01 4.135419130325317383e-01 7.021067738533020020e-01 3.171080350875854492e-01 1.335015296936035156e-01 0.000000000000000000e+00 0.000000000000000000e+00 0.000000000000000000e+00
1.027774289250373840e-01 4.289517402648925781e-01 8.713781833648681641e-02 8.999764919281005859e-02 1.331161856651306152e-01 3.016018271446228027e-01 1.450409889221191406e-01 5.723370313644409180e-01 6.021165847778320312e-01 0.000000000000000000e+00 0.000000000000000000e+00 0.000000000000000000e+00
3.394545018672943115e-01 7.028847336769104004e-01 9.059570431709289551e-01 3.209642171859741211e-01 1.268565654754638672e-01 7.179741859436035156e-01 4.696003198623657227e-01 6.158565282821655273e-01 8.140736222267150879e-01 1.000000000000000000e+00 0.000000000000000000e+00 0.000000000000000000e+00
1.016660854220390320e-01 4.234850406646728516e-01 4.259967207908630371e-01 2.064927220344543457e-01 1.421105861663818359e-02 3.227488398551940918e-01 1.097585558891296387e-01 3.508481979370117188e-01 3.261868953704833984e-01 1.000000000000000000e+00 0.000000000000000000e+00 0.000000000000000000e+00
7.041751742362976074e-01 2.906776070594787598e-01 3.986018896102905273e-01 1.689601540565490723e-01 9.004817605018615723e-01 4.567497968673706055e-02 7.098128199577331543e-01 8.178311586380004883e-02 7.689411044120788574e-01 1.000000000000000000e+00 1.000000000000000000e+00 1.000000000000000000e+00
5.805228948593139648e-01 8.276571035385131836e-01 6.466067433357238770e-01 3.217123150825500488e-01 9.951531291007995605e-01 7.757461667060852051e-01 9.876850247383117676e-01 2.066279649734497070e-01 1.437087655067443848e-01 0.000000000000000000e+00 0.000000000000000000e+00 0.000000000000000000e+00
6.788548827171325684e-01 8.047679662704467773e-01 4.082816243171691895e-01 6.296887397766113281e-01 5.930326581001281738e-01 9.471259713172912598e-01 6.246369481086730957e-01 9.839656352996826172e-01 8.182334899902343750e-01 1.000000000000000000e+00 0.000000000000000000e+00 0.000000000000000000e+00
8.471080660820007324e-01 6.688538193702697754e-01 5.213555097579956055e-01 6.440656781196594238e-01 9.987441897392272949e-01 5.537528395652770996e-01 5.415807366371154785e-01 5.606969594955444336e-01 6.125831604003906250e-01 1.000000000000000000e+00 0.000000000000000000e+00 0.000000000000000000e+00
7.243641614913940430e-01 3.005670309066772461e-01 7.110286951065063477e-01 1.713162660598754883e-01 6.373009681701660156e-01 3.227568864822387695e-01 4.202927947044372559e-01 9.004228711128234863e-01 9.746891856193542480e-01 0.000000000000000000e+00 0.000000000000000000e+00 0.000000000000000000e+00
5.863577127456665039e-01 9.325420856475830078e-01 5.222221016883850098e-01 9.796113967895507812e-01 9.090662002563476562e-03 2.542465925216674805e-01 3.693393468856811523e-01 6.618248820304870605e-01 9.177933931350708008e-01 0.000000000000000000e+00 0.000000000000000000e+00 0.000000000000000000e+00
7.050891518592834473e-01 7.118005156517028809e-01 6.057861447334289551e-01 2.813698649406433105e-01 9.283767342567443848e-01 9.312522411346435547e-01 3.869891166687011719e-03 7.474817633628845215e-01 8.267956972122192383e-01 1.000000000000000000e+00 0.000000000000000000e+00 0.000000000000000000e+00
2.044581919908523560e-01 5.830304026603698730e-01 3.408653140068054199e-01 2.987009286880493164e-01 1.888131499290466309e-01 5.370171070098876953e-01 1.982920765876770020e-01 9.844188094139099121e-01 2.213916778564453125e-01 0.000000000000000000e+00 0.000000000000000000e+00 0.000000000000000000e+00
9.938945174217224121e-01 2.775007486343383789e-01 2.588365077972412109e-01 9.061235785484313965e-01 5.729961395263671875e-01 2.801402807235717773e-01 5.782364010810852051e-01 8.296261429786682129e-01 1.385335326194763184e-01 0.000000000000000000e+00 1.000000000000000000e+00 0.000000000000000000e+00
9.030798673629760742e-01 2.214736938476562500e-01 6.253877282142639160e-01 1.770494580268859863e-01 8.083280324935913086e-01 2.384994029998779297e-01 5.171639323234558105e-01 9.708786010742187500e-01 3.102710843086242676e-01 0.000000000000000000e+00 0.000000000000000000e+00 0.000000000000000000e+00
2.611021101474761963e-01 6.464108228683471680e-01 1.006509661674499512e-01 1.945145130157470703e-01 2.489855289459228516e-01 8.304815888404846191e-01 6.786233782768249512e-01 6.620804071426391602e-01 1.778694987297058105e-01 0.000000000000000000e+00 0.000000000000000000e+00 0.000000000000000000e+00
7.038254737854003906e-01 9.400877952575683594e-01 7.018274068832397461e-01 6.173663735389709473e-01 7.949984073638916016e-02 9.497858881950378418e-01 5.268544554710388184e-01 5.303978323936462402e-01 1.447793245315551758e-01 1.000000000000000000e+00 0.000000000000000000e+00 0.000000000000000000e+00
5.631464719772338867e-01 8.012603521347045898e-01 5.337040424346923828e-01 2.152209281921386719e-01 7.618346810340881348e-01 9.195027947425842285e-01 7.963706851005554199e-01 8.393743038177490234e-01 4.122897386550903320e-01 1.000000000000000000e+00 0.000000000000000000e+00 0.000000000000000000e+00
9.609331488609313965e-01 8.834016323089599609e-02 7.397633790969848633e-01 8.225368261337280273e-01 5.984688401222229004e-01 8.427510261535644531e-01 2.528756260871887207e-01 8.399854302406311035e-01 8.428149819374084473e-01 0.000000000000000000e+00 0.000000000000000000e+00 0.000000000000000000e+00
9.993715882301330566e-01 5.245381593704223633e-02 3.769866824150085449e-01 8.651490807533264160e-01 9.006929397583007812e-01 3.070127964019775391e-02 8.660597801208496094e-01 5.567445158958435059e-01 4.389955401420593262e-01 0.000000000000000000e+00 1.000000000000000000e+00 0.000000000000000000e+00
5.409332513809204102e-01 9.396951198577880859e-01 6.336995363235473633e-01 2.468355298042297363e-01 4.408152103424072266e-01 3.256406188011169434e-01 3.089615106582641602e-01 8.171805143356323242e-01 4.197986125946044922e-01 0.000000000000000000e+00 0.000000000000000000e+00 0.000000000000000000e+00
9.217653870582580566e-01 3.595841526985168457e-01 4.624440073966979980e-01 5.569649934768676758e-01 9.114099740982055664e-01 1.967366933822631836e-01 4.142504930496215820e-02 7.895756363868713379e-01 8.698750734329223633e-01 0.000000000000000000e+00 0.000000000000000000e+00 0.000000000000000000e+00
7.777122259140014648e-01 9.897502064704895020e-01 8.226606845855712891e-01 7.090717554092407227e-01 8.855628371238708496e-01 8.276569843292236328e-01 5.188041925430297852e-01 5.912376642227172852e-01 1.542534828186035156e-01 0.000000000000000000e+00 0.000000000000000000e+00 0.000000000000000000e+00
9.922572374343872070e-01 3.275960087776184082e-01 1.130917668342590332e-01 9.800338149070739746e-01 6.271117329597473145e-01 3.656687140464782715e-01 2.953020930290222168e-01 1.346190571784973145e-01 8.798870444297790527e-01 0.000000000000000000e+00 0.000000000000000000e+00 0.000000000000000000e+00
9.067714214324951172e-02 2.535417079925537109e-01 2.037308812141418457e-01 1.179472804069519043e-01 2.133075594902038574e-01 4.102424979209899902e-01 5.602993369102478027e-01 1.803391575813293457e-01 5.629222989082336426e-01 0.000000000000000000e+00 1.000000000000000000e+00 0.000000000000000000e+00
6.750651597976684570e-01 4.791182279586791992e-01 8.845924735069274902e-01 4.203293919563293457e-01 3.710454106330871582e-01 4.901852011680603027e-01 9.510545134544372559e-01 7.979655861854553223e-01 3.841975331306457520e-01 0.000000000000000000e+00 0.000000000000000000e+00 0.000000000000000000e+00
2.123204320669174194e-01 1.505824327468872070e-01 4.337096810340881348e-01 8.582603931427001953e-02 4.218900203704833984e-01 9.434275031089782715e-01 2.771166563034057617e-01 2.764236330986022949e-01 9.101548194885253906e-01 0.000000000000000000e+00 1.000000000000000000e+00 0.000000000000000000e+00
8.810586929321289062e-01 1.411280632019042969e-01 3.055873513221740723e-01 4.486426711082458496e-01 9.601227641105651855e-01 4.640672206878662109e-01 9.902164936065673828e-01 1.236827969551086426e-01 6.510782241821289062e-02 0.000000000000000000e+00 1.000000000000000000e+00 0.000000000000000000e+00
7.681449055671691895e-01 8.247963786125183105e-01 9.907577633857727051e-01 2.089865803718566895e-01 7.969530820846557617e-01 4.298353195190429688e-02 4.313992857933044434e-01 1.416660547256469727e-01 8.973050117492675781e-01 0.000000000000000000e+00 0.000000000000000000e+00 0.000000000000000000e+00
2.825481891632080078e-01 2.945060133934020996e-01 2.236209511756896973e-01 2.340632081031799316e-01 7.473422884941101074e-01 8.942309021949768066e-01 8.968531489372253418e-01 2.990856170654296875e-01 8.220596313476562500e-01 1.000000000000000000e+00 0.000000000000000000e+00 0.000000000000000000e+00
2.238084822893142700e-01 7.806746959686279297e-01 4.911649823188781738e-01 5.719277262687683105e-01 3.836125135421752930e-02 8.354138135910034180e-01 9.038372635841369629e-01 2.277273535728454590e-01 9.722368717193603516e-01 0.000000000000000000e+00 0.000000000000000000e+00 0.000000000000000000e+00
1.773478686809539795e-01 5.289560556411743164e-01 2.576001286506652832e-01 1.418775320053100586e-01 2.156615257263183594e-03 6.867013573646545410e-01 6.970590353012084961e-02 9.579608440399169922e-01 3.537485599517822266e-01 0.000000000000000000e+00 1.000000000000000000e+00 0.000000000000000000e+00
4.160525202751159668e-01 3.313201069831848145e-01 4.903578162193298340e-01 1.877779960632324219e-01 1.578731536865234375e-01 3.105128407478332520e-01 2.832498550415039062e-01 2.144141793251037598e-01 8.915787339210510254e-01 1.000000000000000000e+00 0.000000000000000000e+00 0.000000000000000000e+00
7.442483901977539062e-01 7.095253467559814453e-01 9.838533401489257812e-02 7.182289958000183105e-01 5.606660842895507812e-01 8.779924511909484863e-01 6.147018074989318848e-01 8.084511160850524902e-01 7.958444952964782715e-01 1.000000000000000000e+00 0.000000000000000000e+00 0.000000000000000000e+00
3.966619968414306641e-01 5.781477093696594238e-01 6.316155791282653809e-01 2.826897501945495605e-01 5.233687162399291992e-01 9.185893535614013672e-01 7.607304453849792480e-01 8.621692061424255371e-01 6.283889412879943848e-01 1.000000000000000000e+00 0.000000000000000000e+00 0.000000000000000000e+00
4.727976322174072266e-01 5.655663013458251953e-01 2.326291203498840332e-01 6.777420043945312500e-01 7.721614837646484375e-02 3.004674315452575684e-01 6.118951439857482910e-01 9.672426581382751465e-01 4.846280813217163086e-01 1.000000000000000000e+00 0.000000000000000000e+00 0.000000000000000000e+00
8.784108161926269531e-01 1.428307294845581055e-01 6.363026499748229980e-01 1.357131004333496094e-01 6.882051825523376465e-01 1.414563059806823730e-01 4.955554604530334473e-01 7.646796107292175293e-01 3.368122577667236328e-01 1.000000000000000000e+00 0.000000000000000000e+00 0.000000000000000000e+00
8.768520951271057129e-01 8.578014373779296875e-01 6.223976612091064453e-02 8.794668912887573242e-01 6.460897326469421387e-01 9.841354489326477051e-01 2.831888198852539062e-02 1.321232914924621582e-01 7.316458821296691895e-01 0.000000000000000000e+00 0.000000000000000000e+00 0.000000000000000000e+00
8.790169954299926758e-01 9.792351722717285156e-02 3.848010897636413574e-01 5.807017087936401367e-01 5.598176121711730957e-01 6.435439586639404297e-01 7.306498289108276367e-02 4.073034524917602539e-01 5.976683497428894043e-01 0.000000000000000000e+00 1.000000000000000000e+00 0.000000000000000000e+00
4.566037058830261230e-01 4.506585001945495605e-01 1.527526974678039551e-01 6.067599654197692871e-01 9.303253889083862305e-02 6.227161884307861328e-01 8.176207542419433594e-01 3.797695040702819824e-01 7.377380132675170898e-02 1.000000000000000000e+00 0.000000000000000000e+00 0.000000000000000000e+00
3.555836081504821777e-01 9.323498606681823730e-01 2.880772948265075684e-01 1.140711307525634766e-01 4.269132018089294434e-01 2.344714999198913574e-01 1.657714247703552246e-01 7.812718152999877930e-01 7.612792849540710449e-01 1.000000000000000000e+00 0.000000000000000000e+00 0.000000000000000000e+00
3.845545351505279541e-01 6.502395272254943848e-01 6.097674369812011719e-02 4.055954813957214355e-01 1.524818539619445801e-01 3.846648335456848145e-01 5.583572387695312500e-01 9.082253575325012207e-01 2.250582575798034668e-01 1.000000000000000000e+00 0.000000000000000000e+00 0.000000000000000000e+00
7.332172989845275879e-01 7.879206538200378418e-01 9.002318978309631348e-01 9.134387373924255371e-01 6.341820955276489258e-02 6.661544442176818848e-01 5.497418642044067383e-01 1.625391840934753418e-01 9.873329997062683105e-01 0.000000000000000000e+00 0.000000000000000000e+00 0.000000000000000000e+00
9.857139587402343750e-01 1.903815269470214844e-01 8.589618802070617676e-01 8.161635398864746094e-01 4.339799284934997559e-01 1.071918606758117676e-01 9.179833531379699707e-01 9.120946526527404785e-01 1.054460406303405762e-01 0.000000000000000000e+00 0.000000000000000000e+00 0.000000000000000000e+00
6.071483492851257324e-01 9.982474446296691895e-01 1.916754245758056641e-01 6.145955324172973633e-01 7.098903059959411621e-01 3.807438015937805176e-01 2.419884204864501953e-01 9.384124875068664551e-01 3.993163704872131348e-01 1.000000000000000000e+00 0.000000000000000000e+00 0.000000000000000000e+00
6.157549619674682617e-01 7.037878632545471191e-01 1.169249415397644043e-01 4.986459612846374512e-01 4.538691043853759766e-01 8.628101944923400879e-01 6.486112475395202637e-01 6.751940250396728516e-01 2.793584465980529785e-01 0.000000000000000000e+00 0.000000000000000000e+00 0.000000000000000000e+00
8.145902752876281738e-01 6.080172061920166016e-01 4.311144351959228516e-03 7.193393707275390625e-01 8.327693343162536621e-01 3.158026933670043945e-01 1.291308403015136719e-01 4.585033059120178223e-01 8.199197053909301758e-02 0.000000000000000000e+00 0.000000000000000000e+00 0.000000000000000000e+00
7.699921727180480957e-01 6.059235930442810059e-01 9.462581276893615723e-01 3.730134367942810059e-01 8.210824728012084961e-01 9.007618427276611328e-01 5.652709007263183594e-01 7.563418745994567871e-01 7.148233056068420410e-01 1.000000000000000000e+00 0.000000000000000000e+00 0.000000000000000000e+00
6.655479669570922852e-01 7.854518294334411621e-01 7.719430327415466309e-01 7.473034858703613281e-01 4.260587692260742188e-02 5.110502243041992188e-02 1.888191103935241699e-01 8.195905089378356934e-01 4.235768318176269531e-01 0.000000000000000000e+00 0.000000000000000000e+00 0.000000000000000000e+00
7.350628376007080078e-01 6.309844255447387695e-01 9.086180329322814941e-01 1.393704414367675781e-01 9.261007905006408691e-01 7.161419987678527832e-01 2.397028803825378418e-01 2.819436788558959961e-01 2.141698002815246582e-01 1.000000000000000000e+00 0.000000000000000000e+00 0.000000000000000000e+00
4.662334322929382324e-01 6.132696270942687988e-01 5.094276666641235352e-01 3.108787536621093750e-02 8.100129961967468262e-01 5.442315936088562012e-01 2.280662655830383301e-01 7.615780830383300781e-02 7.027627825736999512e-01 1.000000000000000000e+00 0.000000000000000000e+00 0.000000000000000000e+00
6.405340433120727539e-01 2.168225049972534180e-01 9.609647393226623535e-01 5.063813924789428711e-02 8.667165040969848633e-02 5.884495377540588379e-01 6.396046280860900879e-01 9.083786010742187500e-01 5.209172368049621582e-01 0.000000000000000000e+00 0.000000000000000000e+00 0.000000000000000000e+00
2.942863106727600098e-01 9.988653659820556641e-01 3.609865903854370117e-02 1.283519268035888672e-01 5.526508688926696777e-01 8.081678748130798340e-01 4.949937462806701660e-01 7.482060790061950684e-01 3.458204269409179688e-01 0.000000000000000000e+00 0.000000000000000000e+00 0.000000000000000000e+00
5.341565608978271484e-01 8.587634563446044922e-01 7.123314738273620605e-01 4.410883784294128418e-01 3.361416459083557129e-01 4.245104193687438965e-01 1.745072603225708008e-01 6.083668470382690430e-01 4.234470725059509277e-01 0.000000000000000000e+00 0.000000000000000000e+00 0.000000000000000000e+00
6.186852455139160156e-01 9.410026669502258301e-01 8.018881082534790039e-01 3.678504228591918945e-01 5.687758922576904297e-01 5.807006359100341797e-02 8.966484069824218750e-01 3.528773784637451172e-02 4.775038361549377441e-01 1.000000000000000000e+00 0.000000000000000000e+00 0.000000000000000000e+00
8.954225778579711914e-01 4.557721614837646484e-01 3.233412504196166992e-01 8.831751942634582520e-01 1.997140049934387207e-01 4.566559195518493652e-01 5.306758880615234375e-01 1.850485801696777344e-01 4.813169836997985840e-01 0.000000000000000000e+00 1.000000000000000000e+00 0.000000000000000000e+00
8.129738569259643555e-01 7.165308594703674316e-01 4.598192572593688965e-01 8.875943422317504883e-01 5.724518299102783203e-01 5.629842281341552734e-01 4.682797193527221680e-02 6.684550046920776367e-01 1.891143918037414551e-01 0.000000000000000000e+00 0.000000000000000000e+00 0.000000000000000000e+00
8.611716628074645996e-01 4.873818755149841309e-01 9.975511431694030762e-01 7.646593451499938965e-01 3.824388980865478516e-01 7.473235130310058594e-01 7.841751575469970703e-01 2.107447981834411621e-01 9.881774187088012695e-01 0.000000000000000000e+00 0.000000000000000000e+00 0.000000000000000000e+00
9.533005356788635254e-01 4.042129516601562500e-01 9.081712365150451660e-01 4.951763153076171875e-01 4.268968105316162109e-01 1.784417629241943359e-01 3.138394355773925781e-01 2.706235051155090332e-01 6.533038020133972168e-01 0.000000000000000000e+00 0.000000000000000000e+00 0.000000000000000000e+00
5.313455462455749512e-01 6.172854900360107422e-01 9.252619147300720215e-01 2.505950927734375000e-01 5.398662090301513672e-01 8.933788537979125977e-01 6.192561984062194824e-01 7.771575450897216797e-02 3.185142278671264648e-01 1.000000000000000000e+00 0.000000000000000000e+00 0.000000000000000000e+00
8.877595067024230957e-01 2.815553545951843262e-01 7.544847726821899414e-01 8.805437684059143066e-01 3.880923986434936523e-02 6.649815440177917480e-01 6.040325760841369629e-01 2.430318593978881836e-01 7.563738822937011719e-01 0.000000000000000000e+00 0.000000000000000000e+00 0.000000000000000000e+00
8.194663524627685547e-01 1.491381525993347168e-01 6.601278781890869141e-01 2.529597282409667969e-01 3.508913516998291016e-01 4.861612915992736816e-01 4.146595001220703125e-01 4.568224549293518066e-01 3.038653731346130371e-01 1.000000000000000000e+00 0.000000000000000000e+00 0.000000000000000000e+00
6.318473815917968750e-01 3.188439011573791504e-01 6.689090728759765625e-01 2.967936396598815918e-01 5.511074066162109375e-01 8.280487656593322754e-01 9.519357085227966309e-01 1.566863656044006348e-01 9.637476205825805664e-01 1.000000000000000000e+00 0.000000000000000000e+00 0.000000000000000000e+00
6.568126082420349121e-01 6.642349362373352051e-01 9.042325019836425781e-01 6.297894716262817383e-01 3.742458820343017578e-01 5.759970545768737793e-01 4.920827746391296387e-01 9.792840480804443359e-02 6.218438148498535156e-01 0.000000000000000000e+00 0.000000000000000000e+00 0.000000000000000000e+00
2.788167595863342285e-01 6.875874400138854980e-01 2.254795432090759277e-01 3.527899980545043945e-01 2.872970104217529297e-01 3.090523481369018555e-01 7.254040241241455078e-02 4.867522120475769043e-01 3.167397975921630859e-01 0.000000000000000000e+00 0.000000000000000000e+00 0.000000000000000000e+00
2.853079140186309814e-01 9.023888707160949707e-01 3.127568364143371582e-01 4.330520629882812500e-01 1.606792211532592773e-02 3.709303736686706543e-01 5.228130221366882324e-01 4.003491997718811035e-01 8.906280994415283203e-01 0.000000000000000000e+00 0.000000000000000000e+00 0.000000000000000000e+00
5.710916519165039062e-01 4.345405101776123047e-02 4.974968433380126953e-01 5.564777851104736328e-01 1.092719435691833496e-01 9.926490783691406250e-01 4.594354033470153809e-01 3.215612769126892090e-01 7.764929533004760742e-02 1.000000000000000000e+00 0.000000000000000000e+00 0.000000000000000000e+00
4.095003902912139893e-01 4.167860746383666992e-02 2.049791216850280762e-01 4.360161423683166504e-01 1.363344788551330566e-01 5.724050402641296387e-01 5.802679061889648438e-02 8.064801096916198730e-01 2.054305672645568848e-01 0.000000000000000000e+00 0.000000000000000000e+00 0.000000000000000000e+00
5.132710933685302734e-01 5.837588310241699219e-01 4.796212911605834961e-02 1.875763535499572754e-01 6.053240299224853516e-01 4.265283346176147461e-01 2.170442342758178711e-01 9.918001890182495117e-01 1.878268718719482422e-01 1.000000000000000000e+00 0.000000000000000000e+00 0.000000000000000000e+00
9.569221138954162598e-01 4.297170639038085938e-01 7.069909572601318359e-02 9.232714772224426270e-01 5.523340106010437012e-01 3.184005022048950195e-01 8.159435987472534180e-01 9.674974083900451660e-01 6.819661855697631836e-01 0.000000000000000000e+00 0.000000000000000000e+00 0.000000000000000000e+00
9.636331796646118164e-01 6.333078145980834961e-01 5.417094230651855469e-01 8.280670046806335449e-01 8.105940818786621094e-01 1.287314295768737793e-01 3.659288883209228516e-01 2.557429671287536621e-01 5.163792967796325684e-01 1.000000000000000000e+00 0.000000000000000000e+00 0.000000000000000000e+00
4.457770586013793945e-01 9.664351940155029297e-01 9.179587364196777344e-01 1.256296038627624512e-01 7.955702543258666992e-01 8.224227428436279297e-01 2.995748519897460938e-01 2.116822600364685059e-01 9.307386279106140137e-01 0.000000000000000000e+00 0.000000000000000000e+00 0.000000000000000000e+00
8.306752443313598633e-01 4.124744534492492676e-01 8.473199605941772461e-02 6.244671344757080078e-01 5.838784575462341309e-01 4.543402194976806641e-01 2.737269401550292969e-01 7.740556597709655762e-01 5.950635671615600586e-01 0.000000000000000000e+00 0.000000000000000000e+00 0.000000000000000000e+00
5.400941967964172363e-01 7.965837121009826660e-01 3.986709713935852051e-01 2.088906764984130859e-01 8.195712566375732422e-01 5.844464302062988281e-01 9.923105835914611816e-01 9.713668823242187500e-01 9.435772299766540527e-01 1.000000000000000000e+00 0.000000000000000000e+00 0.000000000000000000e+00
9.786882400512695312e-01 6.895014643669128418e-01 8.488156795501708984e-01 8.544253706932067871e-01 7.254258990287780762e-01 1.074868440628051758e-02 4.705044627189636230e-01 6.190580129623413086e-01 9.742397069931030273e-01 0.000000000000000000e+00 0.000000000000000000e+00 0.000000000000000000e+00
1.584528684616088867e-01 9.095022082328796387e-01 8.016039729118347168e-01 3.095543980598449707e-01 3.128904104232788086e-02 2.044635415077209473e-01 6.536302566528320312e-01 7.009173035621643066e-01 1.587032079696655273e-01 1.000000000000000000e+00 0.000000000000000000e+00 0.000000000000000000e+00
8.722525238990783691e-01 9.766076207160949707e-01 4.486814737319946289e-01 7.320993542671203613e-01 8.839398026466369629e-01 2.112287282943725586e-02 9.262840151786804199e-01 2.918303012847900391e-02 1.039536595344543457e-01 1.000000000000000000e+00 0.000000000000000000e+00 0.000000000000000000e+00
5.964443087577819824e-01 4.956148862838745117e-01 4.569790363311767578e-01 5.509127378463745117e-01 3.748931288719177246e-01 5.729636549949645996e-01 9.567271471023559570e-01 1.821879744529724121e-01 4.332778453826904297e-01 0.000000000000000000e+00 0.000000000000000000e+00 0.000000000000000000e+00
9.036144614219665527e-01 6.273336410522460938e-01 9.001884460449218750e-01 5.459001660346984863e-01 8.330083489418029785e-01 3.347848057746887207e-01 2.095889449119567871e-01 2.323509454727172852e-01 6.119316816329956055e-02 0.000000000000000000e+00 1.000000000000000000e+00 0.000000000000000000e+00
2.197587043046951294e-01 7.628636956214904785e-01 4.815882444381713867e-01 1.068755388259887695e-01 6.446905136108398438e-01 8.163356781005859375e-01 1.639247536659240723e-01 6.321045160293579102e-01 7.079060077667236328e-01 0.000000000000000000e+00 0.000000000000000000e+00 0.000000000000000000e+00
3.198868930339813232e-01 9.927721619606018066e-01 1.817663311958312988e-01 2.899362444877624512e-01 5.804191231727600098e-01 2.643961906433105469e-01 7.106544375419616699e-01 1.924576163291931152e-01 3.341612815856933594e-01 0.000000000000000000e+00 0.000000000000000000e+00 0.000000000000000000e+00
7.230343222618103027e-01 4.863533377647399902e-01 2.057741880416870117e-01 6.752156615257263184e-01 3.756255507469177246e-01 8.128725290298461914e-01 4.590677022933959961e-01 1.812396049499511719e-01 3.592908978462219238e-01 0.000000000000000000e+00 1.000000000000000000e+00 0.000000000000000000e+00
3.479510843753814697e-01 9.582148194313049316e-01 6.187991499900817871e-01 2.876743674278259277e-01 2.269706726074218750e-01 8.434885740280151367e-02 5.322533249855041504e-01 3.456362485885620117e-01 3.771108388900756836e-01 0.000000000000000000e+00 0.000000000000000000e+00 0.000000000000000000e+00
8.807750344276428223e-01 8.659383058547973633e-01 5.304828882217407227e-01 9.678144454956054688e-01 4.105176329612731934e-01 6.321668624877929688e-02 9.919182062149047852e-01 6.228756904602050781e-01 7.161571979522705078e-01 0.000000000000000000e+00 0.000000000000000000e+00 0.000000000000000000e+00
7.552468180656433105e-01 3.567457795143127441e-01 9.372446537017822266e-01 7.826524972915649414e-02 1.176199316978454590e-01 2.583135962486267090e-01 8.722252845764160156e-01 8.673772811889648438e-01 3.957018852233886719e-01 0.000000000000000000e+00 0.000000000000000000e+00 0.000000000000000000e+00
9.936344623565673828e-01 4.759584069252014160e-01 7.711713314056396484e-01 8.502686023712158203e-01 6.204108595848083496e-01 3.304731845855712891e-02 7.714933156967163086e-01 3.864614963531494141e-01 6.310731172561645508e-02 0.000000000000000000e+00 1.000000000000000000e+00 0.000000000000000000e+00
9.187229275703430176e-01 2.148987054824829102e-01 7.310782670974731445e-01 5.700476765632629395e-01 4.490816593170166016e-01 1.502130031585693359e-01 4.737856388092041016e-01 8.720892071723937988e-01 2.913694381713867188e-01 0.000000000000000000e+00 0.000000000000000000e+00 0.000000000000000000e+00
8.531471490859985352e-01 8.381549715995788574e-01 3.297197818756103516e-01 5.892723202705383301e-01 8.695244789123535156e-01 5.907956361770629883e-01 1.197270154953002930e-01 8.190144896507263184e-01 2.746337056159973145e-01 0.000000000000000000e+00 0.000000000000000000e+00 0.000000000000000000e+00
7.817937731742858887e-01 3.936434984207153320e-01 4.866898655891418457e-01 7.016369104385375977e-01 6.953951716423034668e-01 9.335365891456604004e-01 7.559529542922973633e-01 4.213199615478515625e-01 4.719664454460144043e-01 0.000000000000000000e+00 0.000000000000000000e+00 0.000000000000000000e+00
9.037408828735351562e-01 7.871460914611816406e-01 7.066328525543212891e-01 3.408281207084655762e-01 9.177825450897216797e-01 8.567422628402709961e-02 8.537651300430297852e-01 2.663410305976867676e-01 3.601819276809692383e-01 0.000000000000000000e+00 0.000000000000000000e+00 0.000000000000000000e+00
8.930456042289733887e-01 5.325725078582763672e-01 7.937048673629760742e-01 7.894436717033386230e-01 9.503615498542785645e-01 6.424617171287536621e-01 3.407199382781982422e-01 6.301973462104797363e-01 2.040366530418395996e-01 0.000000000000000000e+00 0.000000000000000000e+00 0.000000000000000000e+00
6.376485228538513184e-01 7.411465048789978027e-01 6.347372531890869141e-01 5.911613702774047852e-01 3.763996362686157227e-01 4.206750392913818359e-01 6.482964754104614258e-02 5.379234552383422852e-01 4.446896314620971680e-01 0.000000000000000000e+00 0.000000000000000000e+00 0.000000000000000000e+00
1.974166929721832275e-01 7.116192579269409180e-01 1.761561036109924316e-01 4.909754395484924316e-01 1.485589742660522461e-01 9.759137630462646484e-01 8.493745326995849609e-01 2.703284025192260742e-01 1.937611699104309082e-01 0.000000000000000000e+00 0.000000000000000000e+00 0.000000000000000000e+00
3.393868505954742432e-01 4.971907734870910645e-01 3.385534286499023438e-01 4.657623171806335449e-01 9.430366754531860352e-02 9.526154994964599609e-01 8.499878644943237305e-02 3.201619982719421387e-01 7.850736379623413086e-02 0.000000000000000000e+00 1.000000000000000000e+00 0.000000000000000000e+00
7.498567104339599609e-01 6.187498569488525391e-01 6.272627115249633789e-01 8.953545689582824707e-01 2.640479803085327148e-01 9.863158464431762695e-01 6.596211194992065430e-01 3.029070496559143066e-01 8.528825044631958008e-01 1.000000000000000000e+00 0.000000000000000000e+00 0.000000000000000000e+00
9.902991056442260742e-01 4.217251539230346680e-01 8.915405869483947754e-01 4.465498328208923340e-01 9.785652160644531250e-01 6.932216882705688477e-02 8.786348104476928711e-01 2.416503429412841797e-01 1.010498404502868652e-01 0.000000000000000000e+00 0.000000000000000000e+00 0.000000000000000000e+00
9.611626863479614258e-01 3.706629872322082520e-01 7.305572628974914551e-01 8.419997692108154297e-01 1.909624934196472168e-01 8.357715606689453125e-02 9.638994932174682617e-01 3.453111648559570312e-01 9.490774273872375488e-01 0.000000000000000000e+00 1.000000000000000000e+00 0.000000000000000000e+00
4.479342699050903320e-02 3.013610839843750000e-01 2.699698805809020996e-01 5.649685859680175781e-02 9.478145837783813477e-02 2.009692192077636719e-01 2.665158510208129883e-01 3.471717834472656250e-01 4.855475425720214844e-01 0.000000000000000000e+00 0.000000000000000000e+00 0.000000000000000000e+00
5.203307271003723145e-01 9.681687355041503906e-01 3.920635581016540527e-01 3.052911162376403809e-01 9.783492684364318848e-01 5.153256058692932129e-01 8.702197074890136719e-01 5.558612942695617676e-01 2.724885344505310059e-01 1.000000000000000000e+00 0.000000000000000000e+00 0.000000000000000000e+00
9.691346883773803711e-01 4.114444851875305176e-01 7.817949056625366211e-01 6.200518608093261719e-01 8.311958909034729004e-01 4.288202524185180664e-02 1.092869043350219727e-01 2.689364552497863770e-01 5.947229862213134766e-01 0.000000000000000000e+00 0.000000000000000000e+00 0.000000000000000000e+00
3.630066514015197754e-01 8.864445686340332031e-01 9.066458344459533691e-01 3.135120272636413574e-01 3.269274234771728516e-01 5.649178624153137207e-01 7.557150125503540039e-01 7.199949026107788086e-02 5.436914563179016113e-01 1.000000000000000000e+00 0.000000000000000000e+00 0.000000000000000000e+00
5.768974423408508301e-01 2.124446630477905273e-01 6.725032925605773926e-01 2.364030480384826660e-01 1.875887513160705566e-01 8.643614649772644043e-01 5.874714255332946777e-01 2.881191372871398926e-01 8.620886206626892090e-01 0.000000000000000000e+00 0.000000000000000000e+00 0.000000000000000000e+00
2.504503130912780762e-01 4.865838885307312012e-01 3.061403036117553711e-01 4.610308408737182617e-01 2.198325991630554199e-01 7.429253458976745605e-01 1.331360936164855957e-01 8.783399462699890137e-01 4.044700264930725098e-01 1.000000000000000000e+00 0.000000000000000000e+00 0.000000000000000000e+00
8.384518623352050781e-01 4.999806880950927734e-01 7.932946085929870605e-01 8.042932152748107910e-01 7.731866836547851562e-02 2.062840461730957031e-01 5.840445160865783691e-01 1.591429114341735840e-01 2.533172965049743652e-01 0.000000000000000000e+00 0.000000000000000000e+00 0.000000000000000000e+00
4.614998996257781982e-01 9.541934728622436523e-01 8.860777020454406738e-01 6.270326972007751465e-01 6.425839662551879883e-02 2.770072221755981445e-01 3.044030070304870605e-01 6.218906641006469727e-01 7.522138357162475586e-01 0.000000000000000000e+00 0.000000000000000000e+00 0.000000000000000000e+00
9.651737809181213379e-01 3.792792558670043945e-01 2.547663450241088867e-01 7.836796641349792480e-01 8.427963256835937500e-01 3.311645388603210449e-01 1.550570130348205566e-01 2.923690676689147949e-01 1.679282188415527344e-01 0.000000000000000000e+00 0.000000000000000000e+00 0.000000000000000000e+00
2.754277288913726807e-01 5.042505264282226562e-01 3.235473632812500000e-01 5.266363620758056641e-01 2.994418144226074219e-03 5.640568137168884277e-01 1.353073120117187500e-02 3.637828826904296875e-01 1.817728281021118164e-01 0.000000000000000000e+00 1.000000000000000000e+00 0.000000000000000000e+00
7.450762391090393066e-01 8.559591770172119141e-01 2.209898233413696289e-01 3.271533846855163574e-01 6.863448619842529297e-01 9.856528043746948242e-02 1.118008494377136230e-01 1.949146986007690430e-01 9.791490435600280762e-01 0.000000000000000000e+00 0.000000000000000000e+00 0.000000000000000000e+00
7.406252026557922363e-01 7.325739264488220215e-01 4.937653541564941406e-01 8.191655278205871582e-01 6.289721727371215820e-01 8.163146376609802246e-01 8.016120791435241699e-01 9.024255275726318359e-01 6.410049200057983398e-01 0.000000000000000000e+00 0.000000000000000000e+00 0.000000000000000000e+00
4.999268054962158203e-01 6.316842436790466309e-01 6.434934139251708984e-01 3.158666491508483887e-01 5.151890516281127930e-01 6.131343245506286621e-01 5.201079845428466797e-01 4.260933399200439453e-02 4.752374887466430664e-01 1.000000000000000000e+00 0.000000000000000000e+00 0.000000000000000000e+00
9.790086150169372559e-01 3.724888563156127930e-01 9.781398773193359375e-01 9.374840259552001953e-01 4.185490012168884277e-01 4.708287119865417480e-01 3.750894069671630859e-01 6.444363594055175781e-01 4.967254400253295898e-01 1.000000000000000000e+00 0.000000000000000000e+00 0.000000000000000000e+00
9.834733605384826660e-01 3.484506011009216309e-01 3.420142531394958496e-01 9.481101036071777344e-01 4.899645447731018066e-01 4.847424626350402832e-01 8.947730064392089844e-03 1.541084647178649902e-01 3.771606087684631348e-01 0.000000000000000000e+00 0.000000000000000000e+00 0.000000000000000000e+00
1.455899029970169067e-01 7.319422960281372070e-01 6.269177794456481934e-01 4.420592188835144043e-01 1.316627860069274902e-01 5.374969840049743652e-01 3.634711503982543945e-01 4.410676360130310059e-01 4.752861261367797852e-01 0.000000000000000000e+00 0.000000000000000000e+00 0.000000000000000000e+00
9.932007193565368652e-01 4.012818336486816406e-01 4.830082654953002930e-01 9.777099490165710449e-01 7.385732531547546387e-01 1.613714098930358887e-01 8.120855689048767090e-01 4.458870887756347656e-01 1.735023856163024902e-01 0.000000000000000000e+00 1.000000000000000000e+00 0.000000000000000000e+00
3.421688973903656006e-01 7.039942741394042969e-01 9.997404813766479492e-01 2.605386376380920410e-01 6.698580980300903320e-01 9.661060571670532227e-01 2.737720012664794922e-01 8.315401077270507812e-01 1.675932407379150391e-01 0.000000000000000000e+00 0.000000000000000000e+00 0.000000000000000000e+00
7.281096577644348145e-01 8.541641235351562500e-01 2.173525094985961914e-02 1.198890209197998047e-01 9.892124533653259277e-01 4.509107470512390137e-01 7.522248625755310059e-01 5.302773714065551758e-01 9.420182704925537109e-01 1.000000000000000000e+00 0.000000000000000000e+00 0.000000000000000000e+00
1.562736630439758301e-01 7.509787678718566895e-01 3.317068219184875488e-01 1.060055494308471680e-01 2.569913864135742188e-02 8.977134227752685547e-01 1.341375112533569336e-01 8.308449983596801758e-01 3.521054983139038086e-02 0.000000000000000000e+00 0.000000000000000000e+00 0.000000000000000000e+00
5.237211585044860840e-01 8.428971171379089355e-01 7.712318897247314453e-01 1.861061453819274902e-01 5.142140984535217285e-01 4.017824530601501465e-01 2.187775373458862305e-01 8.820545077323913574e-01 8.527804613113403320e-01 1.000000000000000000e+00 0.000000000000000000e+00 0.000000000000000000e+00
4.730335772037506104e-01 8.034158945083618164e-01 4.106172323226928711e-01 4.209634065628051758e-01 2.626234292984008789e-02 1.869353652000427246e-01 8.193286657333374023e-01 8.235632181167602539e-01 6.129284501075744629e-01 0.000000000000000000e+00 0.000000000000000000e+00 0.000000000000000000e+00
1.575333923101425171e-01 5.164319276809692383e-02 2.545764446258544922e-01 3.188998103141784668e-01 1.568776369094848633e-01 8.837133646011352539e-01 6.612940430641174316e-01 9.264649152755737305e-01 9.871045351028442383e-01 0.000000000000000000e+00 1.000000000000000000e+00 0.000000000000000000e+00
4.067952036857604980e-01 3.288661837577819824e-01 2.084960937500000000e-01 2.145263552665710449e-01 5.254359245300292969e-01 3.658670783042907715e-01 1.187230348587036133e-01 5.766467452049255371e-01 6.657103300094604492e-01 1.000000000000000000e+00 1.000000000000000000e+00 1.000000000000000000e+00
2.701348662376403809e-01 9.888598322868347168e-01 6.913937330245971680e-01 2.758309841156005859e-01 2.143447399139404297e-01 8.370504975318908691e-01 3.109948635101318359e-01 4.141607880592346191e-01 8.094149827957153320e-01 0.000000000000000000e+00 0.000000000000000000e+00 0.000000000000000000e+00
9.055864214897155762e-01 7.541571259498596191e-01 4.961146712303161621e-01 8.305841088294982910e-01 5.640653371810913086e-01 3.305564522743225098e-01 4.795888066291809082e-01 2.241852283477783203e-01 9.446394443511962891e-01 0.000000000000000000e+00 0.000000000000000000e+00 0.000000000000000000e+00
1.974782943725585938e-01 5.422174334526062012e-01 5.995584130287170410e-01 1.324927806854248047e-02 4.152829051017761230e-01 1.742360591888427734e-01 7.222889065742492676e-01 2.315217256546020508e-01 3.347387313842773438e-01 0.000000000000000000e+00 0.000000000000000000e+00 0.000000000000000000e+00
7.486537098884582520e-01 8.704189062118530273e-01 8.323544859886169434e-01 8.584564328193664551e-01 4.198840856552124023e-01 3.387577533721923828e-01 3.911198973655700684e-01 8.445624709129333496e-01 7.675410509109497070e-01 1.000000000000000000e+00 0.000000000000000000e+00 0.000000000000000000e+00
7.326241731643676758e-01 6.295712590217590332e-01 2.444899082183837891e-01 4.358476996421813965e-01 6.430630683898925781e-01 5.914282798767089844e-02 1.914451718330383301e-01 4.247781634330749512e-01 8.420441746711730957e-01 0.000000000000000000e+00 0.000000000000000000e+00 0.000000000000000000e+00
4.261374771595001221e-01 2.079762220382690430e-01 5.562022328376770020e-01 2.922578454017639160e-01 4.451301693916320801e-01 6.288412213325500488e-01 3.138080239295959473e-01 3.499678969383239746e-01 7.720243930816650391e-02 1.000000000000000000e+00 0.000000000000000000e+00 0.000000000000000000e+00
7.669029831886291504e-01 2.882063388824462891e-01 7.624560594558715820e-02 8.119714260101318359e-01 2.811531424522399902e-01 9.435414671897888184e-01 8.097114562988281250e-01 9.628944396972656250e-01 5.325651764869689941e-01 0.000000000000000000e+00 0.000000000000000000e+00 0.000000000000000000e+00
4.880867525935173035e-02 1.010707020759582520e-01 1.159543991088867188e-01 2.970506548881530762e-01 1.227664947509765625e-02 3.461106419563293457e-01 9.475445747375488281e-01 4.622216820716857910e-01 3.865215182304382324e-01 0.000000000000000000e+00 0.000000000000000000e+00 0.000000000000000000e+00
4.297453165054321289e-01 9.414446949958801270e-01 1.612692475318908691e-01 7.803421616554260254e-01 5.595815181732177734e-02 2.964299321174621582e-01 1.739865541458129883e-02 1.100646257400512695e-01 7.851376533508300781e-01 0.000000000000000000e+00 0.000000000000000000e+00 0.000000000000000000e+00
9.610123038291931152e-01 5.393712520599365234e-01 9.528499841690063477e-01 6.330792903900146484e-01 9.046671390533447266e-01 1.725485920906066895e-01 8.559646010398864746e-01 5.763958692550659180e-01 9.629404544830322266e-02 0.000000000000000000e+00 1.000000000000000000e+00 0.000000000000000000e+00
9.035997390747070312e-01 1.325234174728393555e-01 5.182718634605407715e-01 5.478269457817077637e-01 6.862975358963012695e-01 2.234031558036804199e-01 5.020142197608947754e-01 3.289020061492919922e-02 4.877702593803405762e-01 0.000000000000000000e+00 1.000000000000000000e+00 0.000000000000000000e+00
8.273559212684631348e-01 9.620262980461120605e-01 7.584152221679687500e-01 6.508335471153259277e-01 8.675121665000915527e-01 5.278117060661315918e-01 3.604718446731567383e-01 4.514574408531188965e-01 8.490272760391235352e-01 0.000000000000000000e+00 0.000000000000000000e+00 0.000000000000000000e+00
6.850574016571044922e-01 3.092232942581176758e-01 5.533704161643981934e-01 5.028404593467712402e-01 8.609097003936767578e-01 4.066620469093322754e-01 7.753279209136962891e-01 4.243940711021423340e-01 1.929217576980590820e-02 1.000000000000000000e+00 0.000000000000000000e+00 0.000000000000000000e+00
5.265841484069824219e-01 5.902878046035766602e-01 8.381862640380859375e-01 4.618303179740905762e-01 2.777772545814514160e-01 8.632597327232360840e-01 9.971754550933837891e-01 5.776517391204833984e-01 5.228453874588012695e-02 1.000000000000000000e+00 0.000000000000000000e+00 0.000000000000000000e+00
4.318919181823730469e-01 1.689890623092651367e-01 5.211859941482543945e-01 4.588735103607177734e-02 2.666140198707580566e-01 2.937624454498291016e-01 1.964157819747924805e-02 6.403853297233581543e-01 7.683102488517761230e-01 0.000000000000000000e+00 0.000000000000000000e+00 0.000000000000000000e+00
9.308612346649169922e-01 6.414077281951904297e-01 4.974156618118286133e-01 7.752187252044677734e-01 9.278023242950439453e-01 2.058449983596801758e-01 2.703030705451965332e-01 1.024723052978515625e-02 7.805553674697875977e-01 0.000000000000000000e+00 0.000000000000000000e+00 0.000000000000000000e+00
8.801523447036743164e-01 8.723230957984924316e-01 1.603202223777770996e-01 5.972285270690917969e-01 8.247455954551696777e-01 7.238149642944335938e-02 7.501670718193054199e-01 5.088183879852294922e-01 3.204407095909118652e-01 0.000000000000000000e+00 0.000000000000000000e+00 0.000000000000000000e+00
6.715059876441955566e-01 6.095389723777770996e-01 9.781499505043029785e-01 4.861077666282653809e-01 3.031333684921264648e-01 9.724804759025573730e-01 2.905395030975341797e-01 7.875147461891174316e-01 6.459962129592895508e-01 1.000000000000000000e+00 0.000000000000000000e+00 0.000000000000000000e+00
4.462454617023468018e-01 1.584584116935729980e-01 3.574365377426147461e-02 5.692505240440368652e-01 8.815693855285644531e-02 6.459756493568420410e-01 1.798847317695617676e-01 2.971029877662658691e-01 2.750379443168640137e-01 1.000000000000000000e+00 0.000000000000000000e+00 0.000000000000000000e+00
4.688398241996765137e-01 8.476064205169677734e-01 3.612785935401916504e-01 3.371256589889526367e-02 8.117067217826843262e-01 3.921949863433837891e-02 6.865893602371215820e-01 7.944926023483276367e-01 4.596605896949768066e-01 0.000000000000000000e+00 0.000000000000000000e+00 0.000000000000000000e+00
6.885391473770141602e-01 3.111045360565185547e-01 7.100145220756530762e-01 2.911225557327270508e-01 2.810510396957397461e-01 2.176496386528015137e-01 9.664271473884582520e-01 9.658935070037841797e-01 2.389281988143920898e-02 0.000000000000000000e+00 1.000000000000000000e+00 0.000000000000000000e+00
1.704662591218948364e-01 5.457269549369812012e-01 4.674925804138183594e-01 4.246668815612792969e-01 1.002289056777954102e-01 8.659921884536743164e-01 9.333705306053161621e-01 9.010679125785827637e-01 5.615919232368469238e-01 0.000000000000000000e+00 1.000000000000000000e+00 0.000000000000000000e+00
7.594195008277893066e-01 5.985219478607177734e-01 4.912743568420410156e-01 7.346215248107910156e-01 5.566926598548889160e-01 8.188310861587524414e-01 8.229297399520874023e-01 7.235599160194396973e-01 4.464151263236999512e-01 0.000000000000000000e+00 0.000000000000000000e+00 0.000000000000000000e+00
9.972881078720092773e-01 2.822283506393432617e-01 4.865573048591613770e-01 9.340137243270874023e-01 8.083452582359313965e-01 6.237399578094482422e-02 4.565384984016418457e-01 6.791404485702514648e-01 3.840868473052978516e-01 0.000000000000000000e+00 0.000000000000000000e+00 0.000000000000000000e+00
6.084066033363342285e-01 9.201140999794006348e-01 4.157347679138183594e-01 2.391894459724426270e-01 5.623084902763366699e-01 8.912911415100097656e-01 8.166866302490234375e-01 6.870660781860351562e-01 9.372800588607788086e-01 1.000000000000000000e+00 0.000000000000000000e+00 0.000000000000000000e+00
9.790614247322082520e-01 4.670321941375732422e-02 7.194956541061401367e-01 7.841997742652893066e-01 1.455331444740295410e-01 2.472144365310668945e-01 6.054025888442993164e-02 7.071058750152587891e-01 8.768224716186523438e-01 0.000000000000000000e+00 0.000000000000000000e+00 0.000000000000000000e+00
6.803510785102844238e-01 8.855436444282531738e-01 5.558612346649169922e-01 8.234576582908630371e-01 7.886872291564941406e-01 4.849735498428344727e-01 1.717557311058044434e-01 9.423378705978393555e-01 1.374533772468566895e-01 1.000000000000000000e+00 0.000000000000000000e+00 0.000000000000000000e+00
6.041868925094604492e-01 3.144552111625671387e-01 1.993160247802734375e-01 4.076281785964965820e-01 9.704840183258056641e-01 6.853827834129333496e-01 1.297991871833801270e-01 7.530081868171691895e-01 3.998876810073852539e-01 0.000000000000000000e+00 0.000000000000000000e+00 0.000000000000000000e+00
1.745781451463699341e-01 7.041859030723571777e-01 3.364686965942382812e-01 7.180100679397583008e-01 4.199188947677612305e-02 9.492673873901367188e-01 9.422137141227722168e-01 7.287645339965820312e-01 8.598898649215698242e-01 0.000000000000000000e+00 1.000000000000000000e+00 0.000000000000000000e+00
7.273820638656616211e-01 7.652256488800048828e-01 7.894158363342285156e-02 6.904912590980529785e-01 2.511535286903381348e-01 1.076483726501464844e-01 5.036594271659851074e-01 4.039072394371032715e-01 7.135643959045410156e-01 0.000000000000000000e+00 0.000000000000000000e+00 0.000000000000000000e+00
7.687507867813110352e-01 8.933627605438232422e-02 2.463194131851196289e-01 6.505612730979919434e-01 2.153362035751342773e-01 8.813196420669555664e-01 9.267810583114624023e-01 7.714138627052307129e-01 1.257397532463073730e-01 0.000000000000000000e+00 0.000000000000000000e+00 0.000000000000000000e+00
3.384261131286621094e-01 8.478888869285583496e-01 6.813998818397521973e-01 7.203184366226196289e-01 2.677744626998901367e-01 3.012182712554931641e-01 9.838056564331054688e-02 9.817941784858703613e-01 6.762161850929260254e-01 1.000000000000000000e+00 0.000000000000000000e+00 0.000000000000000000e+00
1.532219797372817993e-01 2.721177935600280762e-01 6.861823797225952148e-02 3.737666010856628418e-01 3.141032457351684570e-01 5.140017271041870117e-01 9.072154760360717773e-02 2.482753992080688477e-01 1.671664714813232422e-01 0.000000000000000000e+00 1.000000000000000000e+00 0.000000000000000000e+00
5.428087115287780762e-01 4.806312918663024902e-01 4.457269310951232910e-01 1.410067081451416016e-01 9.212610721588134766e-01 8.968933820724487305e-01 9.718253612518310547e-01 6.508170962333679199e-01 9.366034269332885742e-01 1.000000000000000000e+00 0.000000000000000000e+00 0.000000000000000000e+00
6.485782861709594727e-01 5.643538832664489746e-01 5.145861506462097168e-01 8.532570004463195801e-01 3.713321685791015625e-02 6.563155055046081543e-01 4.017074704170227051e-01 9.469437599182128906e-01 3.890733718872070312e-01 0.000000000000000000e+00 0.000000000000000000e+00 0.000000000000000000e+00
5.798535346984863281e-01 7.715354561805725098e-01 8.968272805213928223e-01 3.424847126007080078e-02 9.532524943351745605e-01 4.063875675201416016e-01 4.697101116180419922e-01 9.256631135940551758e-01 1.225622892379760742e-01 0.000000000000000000e+00 1.000000000000000000e+00 0.000000000000000000e+00
1.795274317264556885e-01 5.784658789634704590e-01 6.197532415390014648e-01 6.819969415664672852e-02 6.664482355117797852e-01 6.586006283760070801e-01 9.392293691635131836e-01 2.232662439346313477e-01 6.868411302566528320e-01 0.000000000000000000e+00 0.000000000000000000e+00 0.000000000000000000e+00
9.667727351188659668e-01 2.842229604721069336e-02 4.034635424613952637e-01 9.124308228492736816e-01 2.513659000396728516e-02 5.284299850463867188e-01 9.255905151367187500e-01 2.231383323669433594e-01 5.012577176094055176e-01 1.000000000000000000e+00 1.000000000000000000e+00 1.000000000000000000e+00
9.721930027008056641e-01 3.640372753143310547e-01 9.274440407752990723e-01 5.895866155624389648e-01 8.464517593383789062e-01 4.414562582969665527e-01 2.455568909645080566e-01 1.412762403488159180e-01 4.036535024642944336e-01 0.000000000000000000e+00 1.000000000000000000e+00 0.000000000000000000e+00
7.576275467872619629e-01 1.738129258155822754e-01 6.904188394546508789e-01 7.500785589218139648e-02 4.274296164512634277e-01 5.979080796241760254e-01 4.351295828819274902e-01 4.609624147415161133e-01 6.027539372444152832e-01 1.000000000000000000e+00 0.000000000000000000e+00 0.000000000000000000e+00
6.905646324157714844e-01 8.255354762077331543e-01 5.210045576095581055e-01 4.433969259262084961e-01 5.354679226875305176e-01 3.672809004783630371e-01 7.429325580596923828e-01 4.519138932228088379e-01 9.079500436782836914e-01 1.000000000000000000e+00 0.000000000000000000e+00 0.000000000000000000e+00
5.053897500038146973e-01 5.725486874580383301e-01 1.022349596023559570e-01 4.350625276565551758e-01 6.199662089347839355e-01 7.095454335212707520e-01 6.621744632720947266e-01 9.239118099212646484e-01 7.880167365074157715e-01 0.000000000000000000e+00 0.000000000000000000e+00 0.000000000000000000e+00
6.873055100440979004e-01 5.605136156082153320e-01 4.057115316390991211e-01 2.449365258216857910e-01 8.892850875854492188e-01 1.559018492698669434e-01 9.778708219528198242e-02 2.612868547439575195e-01 4.294595122337341309e-01 0.000000000000000000e+00 0.000000000000000000e+00 0.000000000000000000e+00
7.210048437118530273e-01 1.239439845085144043e-01 2.346023917198181152e-01 6.100880503654479980e-01 3.718122243881225586e-01 6.791057586669921875e-01 6.791187524795532227e-01 9.872480034828186035e-01 8.181175589561462402e-01 0.000000000000000000e+00 0.000000000000000000e+00 0.000000000000000000e+00
5.334488749504089355e-01 9.919112920761108398e-02 3.694670796394348145e-01 4.967252016067504883e-01 5.470442175865173340e-01 6.616836190223693848e-01 4.493926167488098145e-01 6.848534345626831055e-01 7.338798642158508301e-01 0.000000000000000000e+00 0.000000000000000000e+00 0.000000000000000000e+00
9.976038336753845215e-01 1.930248737335205078e-02 8.442214727401733398e-01 9.068450927734375000e-01 4.599130153656005859e-01 4.993893504142761230e-01 6.354364156723022461e-01 3.516281247138977051e-01 1.384719014167785645e-01 0.000000000000000000e+00 0.000000000000000000e+00 0.000000000000000000e+00
9.711602926254272461e-01 4.427675604820251465e-01 9.066588282585144043e-01 8.896642327308654785e-01 5.762256979942321777e-01 3.627940416336059570e-01 7.574684619903564453e-01 8.775786161422729492e-01 4.398366808891296387e-01 0.000000000000000000e+00 0.000000000000000000e+00 0.000000000000000000e+00
6.269009709358215332e-01 7.840344309806823730e-01 1.722161769866943359e-01 3.871594071388244629e-01 4.917585253715515137e-01 3.800129294395446777e-01 4.233634471893310547e-01 4.500315189361572266e-01 3.013255000114440918e-01 1.000000000000000000e+00 0.000000000000000000e+00 0.000000000000000000e+00
4.744211137294769287e-01 2.422874569892883301e-01 9.107095003128051758e-02 4.328435063362121582e-01 1.840831041336059570e-01 5.965883135795593262e-01 2.850194573402404785e-01 2.977722883224487305e-02 7.970163226127624512e-01 0.000000000000000000e+00 0.000000000000000000e+00 0.000000000000000000e+00
6.286000609397888184e-01 4.576544165611267090e-01 2.298250198364257812e-01 6.816405057907104492e-01 1.683408021926879883e-02 5.450525283813476562e-01 8.438330888748168945e-01 3.108217716217041016e-01 4.530646204948425293e-01 0.000000000000000000e+00 0.000000000000000000e+00 0.000000000000000000e+00
5.844151973724365234e-01 8.167403340339660645e-01 6.512522697448730469e-02 5.644840598106384277e-01 4.613785147666931152e-01 7.481017112731933594e-01 4.268537759780883789e-01 4.645093083381652832e-01 5.838177204132080078e-01 1.000000000000000000e+00 0.000000000000000000e+00 0.000000000000000000e+00
7.672080397605895996e-01 7.146501541137695312e-01 1.400015950202941895e-01 4.243032932281494141e-01 9.111913442611694336e-01 9.314031004905700684e-01 6.634178161621093750e-01 4.406927227973937988e-01 9.153272509574890137e-01 1.000000000000000000e+00 0.000000000000000000e+00 0.000000000000000000e+00
9.581561088562011719e-01 2.646073698997497559e-01 3.439739942550659180e-01 7.876472473144531250e-01 9.741486907005310059e-01 6.920841932296752930e-01 7.810607552528381348e-01 5.647903680801391602e-01 2.396112084388732910e-01 0.000000000000000000e+00 1.000000000000000000e+00 0.000000000000000000e+00
3.409678637981414795e-01 5.870376229286193848e-01 3.650304079055786133e-01 1.235383152961730957e-01 4.874808192253112793e-01 4.806652069091796875e-01 8.094695806503295898e-01 7.209753990173339844e-02 2.331809997558593750e-01 0.000000000000000000e+00 0.000000000000000000e+00 0.000000000000000000e+00
5.346274971961975098e-01 8.608283400535583496e-01 7.216314673423767090e-01 8.866588473320007324e-01 2.178506255149841309e-01 6.616030931472778320e-01 2.857667207717895508e-02 1.690621376037597656e-01 7.138843536376953125e-01 0.000000000000000000e+00 0.000000000000000000e+00 0.000000000000000000e+00
4.501777589321136475e-01 5.641887187957763672e-01 6.562007665634155273e-01 5.762807130813598633e-01 1.881638169288635254e-01 8.736340999603271484e-01 2.857089042663574219e-01 2.795354723930358887e-01 3.744542598724365234e-03 0.000000000000000000e+00 1.000000000000000000e+00 0.000000000000000000e+00
7.043855190277099609e-01 7.684625387191772461e-01 5.245923399925231934e-01 1.764929294586181641e-02 7.751036286354064941e-01 2.217695116996765137e-01 4.732941985130310059e-01 1.580762267112731934e-01 5.499054789543151855e-01 0.000000000000000000e+00 0.000000000000000000e+00 0.000000000000000000e+00
5.094235539436340332e-01 6.586756706237792969e-01 5.799028277397155762e-01 4.433702230453491211e-01 3.267629742622375488e-01 2.961350679397583008e-01 4.696784019470214844e-01 8.056856393814086914e-01 5.892477631568908691e-01 1.000000000000000000e+00 0.000000000000000000e+00 0.000000000000000000e+00
2.942709922790527344e-01 3.541375398635864258e-01 2.205080389976501465e-01 7.976788282394409180e-02 4.485555887222290039e-01 1.736702919006347656e-01 2.733280658721923828e-01 8.351515531539916992e-01 4.147362112998962402e-01 0.000000000000000000e+00 0.000000000000000000e+00 0.000000000000000000e+00
4.846890270709991455e-01 7.443563938140869141e-01 9.328787922859191895e-01 5.021423697471618652e-01 9.357059001922607422e-02 9.719811677932739258e-01 8.345841169357299805e-01 3.323923945426940918e-01 3.459756970405578613e-01 0.000000000000000000e+00 1.000000000000000000e+00 0.000000000000000000e+00
8.883362412452697754e-01 2.970534563064575195e-01 9.913791418075561523e-01 9.248024225234985352e-02 6.262881755828857422e-01 3.697574138641357422e-01 6.208660602569580078e-01 1.607485413551330566e-01 6.401547193527221680e-01 0.000000000000000000e+00 1.000000000000000000e+00 0.000000000000000000e+00
3.787242770195007324e-01 4.342160820960998535e-01 3.556259274482727051e-01 6.064409613609313965e-01 3.272688984870910645e-01 6.176249384880065918e-01 5.560073852539062500e-01 1.475321650505065918e-01 9.597139954566955566e-01 0.000000000000000000e+00 0.000000000000000000e+00 0.000000000000000000e+00
9.685696363449096680e-01 2.581058740615844727e-01 3.497751355171203613e-01 8.510228395462036133e-01 8.015095591545104980e-01 6.384760737419128418e-01 6.013033986091613770e-01 7.156356573104858398e-01 2.495670318603515625e-02 0.000000000000000000e+00 0.000000000000000000e+00 0.000000000000000000e+00
7.908875942230224609e-01 5.598455071449279785e-01 6.680018901824951172e-01 5.944979786872863770e-01 4.107157588005065918e-01 8.207958936691284180e-02 8.105409145355224609e-01 5.495460033416748047e-01 3.674178719520568848e-01 1.000000000000000000e+00 0.000000000000000000e+00 0.000000000000000000e+00
6.745688617229461670e-02 1.574218869209289551e-01 2.990105152130126953e-01 1.873290538787841797e-02 3.144955635070800781e-02 4.980463981628417969e-01 4.470786452293395996e-01 1.459491252899169922e-01 2.554352879524230957e-01 0.000000000000000000e+00 0.000000000000000000e+00 0.000000000000000000e+00
9.700807332992553711e-01 7.349389791488647461e-01 2.462279200553894043e-01 9.685564041137695312e-01 7.184798717498779297e-01 6.217026710510253906e-02 7.368726134300231934e-01 1.402747631072998047e-02 7.631385326385498047e-01 1.000000000000000000e+00 0.000000000000000000e+00 0.000000000000000000e+00
6.116474866867065430e-01 7.942089438438415527e-01 2.720572948455810547e-01 3.290082216262817383e-01 5.699114203453063965e-01 6.950975060462951660e-01 2.590247988700866699e-01 5.357229113578796387e-01 3.105536699295043945e-01 0.000000000000000000e+00 0.000000000000000000e+00 0.000000000000000000e+00
5.099649429321289062e-01 6.583408117294311523e-01 8.595840334892272949e-01 5.524466633796691895e-01 2.961587905883789062e-02 1.610674858093261719e-01 3.033709526062011719e-02 8.935803174972534180e-01 3.402253389358520508e-01 1.000000000000000000e+00 0.000000000000000000e+00 0.000000000000000000e+00
9.585700035095214844e-01 1.264881491661071777e-01 3.608524799346923828e-03 8.433079719543457031e-01 9.619758725166320801e-01 8.909114599227905273e-01 9.442579746246337891e-01 5.619125962257385254e-01 2.024129629135131836e-01 0.000000000000000000e+00 0.000000000000000000e+00 0.000000000000000000e+00
6.441139578819274902e-01 9.764918088912963867e-01 2.626786828041076660e-01 5.894812345504760742e-01 7.728567123413085938e-01 5.481370687484741211e-01 2.141133546829223633e-01 3.530156016349792480e-01 1.154464483261108398e-01 1.000000000000000000e+00 0.000000000000000000e+00 0.000000000000000000e+00
7.386850565671920776e-02 8.649032115936279297e-01 4.320076704025268555e-01 3.564792871475219727e-02 1.874315142631530762e-01 6.074755787849426270e-01 1.190999150276184082e-01 6.794793009757995605e-01 2.739840745925903320e-02 1.000000000000000000e+00 0.000000000000000000e+00 0.000000000000000000e+00
7.873858213424682617e-01 1.919122338294982910e-01 9.069650173187255859e-01 1.106671094894409180e-01 4.957776665687561035e-01 7.303087115287780762e-01 9.601274132728576660e-01 8.679500222206115723e-01 5.879250168800354004e-01 0.000000000000000000e+00 0.000000000000000000e+00 0.000000000000000000e+00
5.778853297233581543e-01 7.614208459854125977e-01 4.294149875640869141e-01 2.483964562416076660e-01 8.236233592033386230e-01 3.377651572227478027e-01 6.858587265014648438e-03 6.550151705741882324e-01 3.562652468681335449e-01 1.000000000000000000e+00 0.000000000000000000e+00 0.000000000000000000e+00
2.590084373950958252e-01 7.928968071937561035e-01 1.025676131248474121e-01 2.144805788993835449e-01 1.928487420082092285e-01 3.284060955047607422e-01 7.355972528457641602e-01 6.016337871551513672e-01 9.821484088897705078e-01 0.000000000000000000e+00 0.000000000000000000e+00 0.000000000000000000e+00
6.267808675765991211e-01 4.624730348587036133e-01 4.886530637741088867e-01 3.997758626937866211e-01 4.462509751319885254e-01 5.296687483787536621e-01 8.699618577957153320e-01 4.444772005081176758e-01 6.443333625793457031e-02 1.000000000000000000e+00 0.000000000000000000e+00 0.000000000000000000e+00
8.387581110000610352e-01 4.206606745719909668e-01 1.100100278854370117e-01 7.799751758575439453e-01 8.683109283447265625e-02 4.540925621986389160e-01 9.973175525665283203e-01 8.399530649185180664e-01 3.476950526237487793e-01 0.000000000000000000e+00 0.000000000000000000e+00 0.000000000000000000e+00
2.151434868574142456e-01 7.374500632286071777e-01 6.846712827682495117e-01 1.720263957977294922e-01 3.027874231338500977e-02 2.632797956466674805e-01 4.843779802322387695e-01 6.955924034118652344e-01 6.588464975357055664e-01 0.000000000000000000e+00 0.000000000000000000e+00 0.000000000000000000e+00
5.745160579681396484e-01 7.167675495147705078e-01 7.944658994674682617e-01 2.301887869834899902e-01 7.454070448875427246e-01 6.062999367713928223e-01 8.703851699829101562e-01 7.275737524032592773e-01 3.267036676406860352e-01 0.000000000000000000e+00 0.000000000000000000e+00 0.000000000000000000e+00
9.809342026710510254e-01 2.526593208312988281e-02 9.220940470695495605e-01 3.103316426277160645e-01 7.509763240814208984e-01 4.529006481170654297e-01 2.710440158843994141e-01 3.991737961769104004e-01 8.867920637130737305e-01 0.000000000000000000e+00 0.000000000000000000e+00 0.000000000000000000e+00
9.682900905609130859e-01 7.521575689315795898e-02 9.146289229393005371e-01 2.585056424140930176e-01 4.034652113914489746e-01 5.469670295715332031e-01 5.523842573165893555e-02 4.134693145751953125e-01 7.621419429779052734e-01 0.000000000000000000e+00 0.000000000000000000e+00 0.000000000000000000e+00
9.567864984273910522e-02 9.853823781013488770e-01 5.815829038619995117e-01 2.894389629364013672e-02 3.402567505836486816e-01 4.994440674781799316e-01 9.046034812927246094e-01 3.731808066368103027e-01 9.661390185356140137e-01 0.000000000000000000e+00 1.000000000000000000e+00 0.000000000000000000e+00
3.399343788623809814e-01 4.292700290679931641e-01 4.458582401275634766e-02 4.223135113716125488e-01 1.430603861808776855e-01 9.190031886100769043e-01 4.747186899185180664e-01 3.682574629783630371e-01 1.086004972457885742e-01 0.000000000000000000e+00 0.000000000000000000e+00 0.000000000000000000e+00
3.169566988945007324e-01 8.967844247817993164e-01 2.287584543228149414e-01 2.683323621749877930e-02 6.118655204772949219e-02 4.100769758224487305e-02 5.345302224159240723e-01 2.598385214805603027e-01 9.980478286743164062e-01 0.000000000000000000e+00 0.000000000000000000e+00 0.000000000000000000e+00
9.486752748489379883e-01 2.699396014213562012e-01 3.405513763427734375e-01 6.780478358268737793e-01 7.709296345710754395e-01 7.561870217323303223e-01 3.947910070419311523e-01 7.621011137962341309e-01 9.878975749015808105e-01 0.000000000000000000e+00 0.000000000000000000e+00 0.000000000000000000e+00
9.262077212333679199e-01 4.014477729797363281e-01 2.385610342025756836e-01 8.222407102584838867e-01 8.307957649230957031e-02 3.408426046371459961e-02 4.234204292297363281e-01 3.762248158454895020e-01 1.552404761314392090e-01 0.000000000000000000e+00 1.000000000000000000e+00 0.000000000000000000e+00
7.920396327972412109e-01 8.106971979141235352e-01 3.423528075218200684e-01 4.097853302955627441e-01 8.278670310974121094e-01 7.713592052459716797e-02 1.056446433067321777e-01 5.805094242095947266e-01 1.190293431282043457e-01 1.000000000000000000e+00 0.000000000000000000e+00 0.000000000000000000e+00
3.658084571361541748e-01 5.561322569847106934e-01 8.940696716308593750e-07 4.347304701805114746e-01 9.740835428237915039e-02 4.111675620079040527e-01 3.043431043624877930e-01 5.339984297752380371e-01 1.825578808784484863e-01 1.000000000000000000e+00 0.000000000000000000e+00 0.000000000000000000e+00
8.475572466850280762e-01 3.429199457168579102e-01 7.324318885803222656e-01 5.863438844680786133e-01 5.132214426994323730e-01 5.166192054748535156e-01 6.908881664276123047e-02 7.579281330108642578e-01 2.066725492477416992e-01 0.000000000000000000e+00 0.000000000000000000e+00 0.000000000000000000e+00
9.943403005599975586e-01 1.461048722267150879e-01 5.714892148971557617e-01 7.795585393905639648e-01 8.227273821830749512e-01 1.335061192512512207e-01 2.009056210517883301e-01 3.548650145530700684e-01 3.025257587432861328e-02 0.000000000000000000e+00 0.000000000000000000e+00 0.000000000000000000e+00
9.409245848655700684e-01 5.668944120407104492e-01 3.193031549453735352e-01 7.127110958099365234e-01 9.629906415939331055e-01 7.182264328002929688e-02 8.433067798614501953e-01 8.330631852149963379e-01 1.889342665672302246e-01 0.000000000000000000e+00 0.000000000000000000e+00 0.000000000000000000e+00
9.179437756538391113e-01 8.754948973655700684e-01 1.077791452407836914e-01 9.343045353889465332e-01 6.977891325950622559e-01 9.569791555404663086e-01 3.658615350723266602e-01 8.295636177062988281e-01 2.248455882072448730e-01 0.000000000000000000e+00 0.000000000000000000e+00 0.000000000000000000e+00
7.843644618988037109e-01 9.849730134010314941e-01 6.140301227569580078e-01 7.977200746536254883e-01 7.101908326148986816e-01 4.368802905082702637e-01 1.881085038185119629e-01 7.218024134635925293e-01 7.175104022026062012e-01 0.000000000000000000e+00 0.000000000000000000e+00 0.000000000000000000e+00
6.779412627220153809e-01 7.221887111663818359e-01 2.368699908256530762e-01 2.127965688705444336e-01 7.474861741065979004e-01 4.356063008308410645e-01 7.440148591995239258e-01 2.707830667495727539e-01 1.397145986557006836e-01 1.000000000000000000e+00 1.000000000000000000e+00 1.000000000000000000e+00
3.036812245845794678e-01 7.052443623542785645e-01 3.142136335372924805e-01 1.463884115219116211e-01 6.124169826507568359e-01 8.110042214393615723e-01 6.852359175682067871e-01 7.242494225502014160e-01 8.416472673416137695e-01 0.000000000000000000e+00 0.000000000000000000e+00 0.000000000000000000e+00
5.069631338119506836e-01 3.482530713081359863e-01 4.071837663650512695e-02 1.194958686828613281e-01 7.405511736869812012e-01 8.718324303627014160e-01 9.532662034034729004e-01 1.262520551681518555e-01 1.827239394187927246e-01 0.000000000000000000e+00 0.000000000000000000e+00 0.000000000000000000e+00
4.078575372695922852e-01 7.721266150474548340e-01 4.143670201301574707e-01 6.357954144477844238e-01 6.617772579193115234e-02 3.014451861381530762e-01 3.217077851295471191e-01 4.978266954421997070e-01 7.193694710731506348e-01 0.000000000000000000e+00 0.000000000000000000e+00 0.000000000000000000e+00
2.485357969999313354e-01 8.130886554718017578e-01 5.154629349708557129e-01 1.166206598281860352e-01 2.401193976402282715e-01 3.200787901878356934e-01 7.981739640235900879e-01 2.918156385421752930e-01 9.131754040718078613e-01 1.000000000000000000e+00 1.000000000000000000e+00 1.000000000000000000e+00
9.132736921310424805e-01 2.473132014274597168e-01 7.048304677009582520e-01 7.860619425773620605e-01 3.674408197402954102e-01 8.275698423385620117e-01 5.418910384178161621e-01 7.895293235778808594e-01 9.403902888298034668e-01 0.000000000000000000e+00 0.000000000000000000e+00 0.000000000000000000e+00
5.384171009063720703e-01 6.040793061256408691e-01 7.976346611976623535e-01 7.218194007873535156e-02 2.552376389503479004e-01 5.214294195175170898e-01 2.805737853050231934e-01 8.054640293121337891e-01 7.349424958229064941e-01 1.000000000000000000e+00 0.000000000000000000e+00 0.000000000000000000e+00
9.533107876777648926e-01 3.029740452766418457e-01 9.928236007690429688e-01 6.541049480438232422e-01 4.338856935501098633e-01 5.459311008453369141e-01 3.343771696090698242e-01 8.090599775314331055e-01 3.441113829612731934e-01 0.000000000000000000e+00 0.000000000000000000e+00 0.000000000000000000e+00
9.782119989395141602e-01 1.670325398445129395e-01 1.844003796577453613e-01 8.967461585998535156e-01 5.270682573318481445e-01 8.062753081321716309e-01 6.740030646324157715e-01 2.356482744216918945e-01 4.831436276435852051e-01 0.000000000000000000e+00 0.000000000000000000e+00 0.000000000000000000e+00
7.431520819664001465e-01 1.134790182113647461e-01 1.252303123474121094e-01 7.195261120796203613e-01 2.293140888214111328e-01 8.538948893547058105e-01 4.667228460311889648e-01 3.604130148887634277e-01 7.290810942649841309e-01 0.000000000000000000e+00 0.000000000000000000e+00 0.000000000000000000e+00
9.205192327499389648e-01 8.402655720710754395e-01 8.286592960357666016e-01 7.494413852691650391e-01 9.214743375778198242e-01 4.850646853446960449e-01 1.281303763389587402e-01 8.116170763969421387e-01 1.973304748535156250e-01 0.000000000000000000e+00 0.000000000000000000e+00 0.000000000000000000e+00
7.342190146446228027e-01 6.798791885375976562e-01 6.893412470817565918e-01 4.889884591102600098e-01 2.283295392990112305e-01 1.424813270568847656e-02 5.214045643806457520e-01 6.978679895401000977e-01 8.464853167533874512e-01 1.000000000000000000e+00 0.000000000000000000e+00 0.000000000000000000e+00
9.183955192565917969e-01 4.437453746795654297e-01 5.668920874595642090e-01 8.892536759376525879e-01 7.426633238792419434e-01 8.215519785881042480e-01 3.156228661537170410e-01 1.327000260353088379e-01 4.188892841339111328e-01 0.000000000000000000e+00 0.000000000000000000e+00 0.000000000000000000e+00
3.657496571540832520e-01 5.598523020744323730e-01 4.375057220458984375e-01 5.366558432579040527e-01 1.956843137741088867e-01 7.730286717414855957e-01 3.812551498413085938e-01 1.183664798736572266e-02 1.358200311660766602e-01 0.000000000000000000e+00 0.000000000000000000e+00 0.000000000000000000e+00
6.636471152305603027e-01 9.117563366889953613e-01 5.333055853843688965e-01 2.503506541252136230e-01 6.769615411758422852e-01 2.027139663696289062e-01 4.101305007934570312e-01 5.273320674896240234e-01 3.675936460494995117e-01 0.000000000000000000e+00 0.000000000000000000e+00 0.000000000000000000e+00
9.033666849136352539e-01 5.622863173484802246e-01 6.645874977111816406e-01 5.189239978790283203e-01 9.990618228912353516e-01 1.634884476661682129e-01 8.341799378395080566e-01 9.995920658111572266e-01 5.013293027877807617e-01 0.000000000000000000e+00 0.000000000000000000e+00 0.000000000000000000e+00
9.763668179512023926e-01 2.932671904563903809e-01 8.034259676933288574e-01 5.357767343521118164e-01 9.987289905548095703e-01 5.663432478904724121e-01 3.659211993217468262e-01 2.882047295570373535e-01 6.609817743301391602e-01 0.000000000000000000e+00 0.000000000000000000e+00 0.000000000000000000e+00
8.305559158325195312e-01 3.523907661437988281e-01 5.822800397872924805e-01 5.091872215270996094e-01 7.765192389488220215e-01 3.455027937889099121e-01 4.017519950866699219e-02 2.424107193946838379e-01 6.352909207344055176e-01 0.000000000000000000e+00 0.000000000000000000e+00 0.000000000000000000e+00
7.066546082496643066e-01 1.872221827507019043e-01 1.068611145019531250e-01 3.200566172599792480e-01 8.395043015480041504e-01 7.714468240737915039e-02 6.172739863395690918e-01 5.566604733467102051e-01 8.505342602729797363e-01 1.000000000000000000e+00 0.000000000000000000e+00 0.000000000000000000e+00
9.713885188102722168e-01 1.261752843856811523e-01 1.732494235038757324e-01 7.684865593910217285e-01 8.235144615173339844e-01 6.080010533332824707e-01 6.249360442161560059e-01 3.829908370971679688e-01 1.419621706008911133e-02 0.000000000000000000e+00 0.000000000000000000e+00 0.000000000000000000e+00
9.840175509452819824e-01 4.548546075820922852e-01 4.720703959465026855e-01 8.999661803245544434e-01 8.034706115722656250e-01 2.674798369407653809e-01 3.646404743194580078e-01 6.800859570503234863e-01 3.719497919082641602e-01 0.000000000000000000e+00 0.000000000000000000e+00 0.000000000000000000e+00
9.816980361938476562e-01 3.443688750267028809e-01 1.220672726631164551e-01 6.020765304565429688e-01 9.976405501365661621e-01 1.448343396186828613e-01 6.240344047546386719e-02 1.778851151466369629e-01 5.963002443313598633e-01 0.000000000000000000e+00 0.000000000000000000e+00 0.000000000000000000e+00
2.531721591949462891e-01 4.205105304718017578e-01 1.742830872535705566e-01 1.383094787597656250e-01 4.727341532707214355e-01 6.923429369926452637e-01 9.734111428260803223e-01 7.567157745361328125e-01 5.446731448173522949e-01 1.000000000000000000e+00 0.000000000000000000e+00 0.000000000000000000e+00
6.329415440559387207e-01 1.332348585128784180e-02 3.058625459671020508e-01 5.194330811500549316e-01 2.642890810966491699e-01 1.316379904747009277e-01 8.708645701408386230e-01 7.107763886451721191e-01 3.631162047386169434e-01 1.000000000000000000e+00 0.000000000000000000e+00 0.000000000000000000e+00
9.499619603157043457e-01 7.305555343627929688e-01 5.036409497261047363e-01 9.228231906890869141e-01 7.054646015167236328e-01 6.807196140289306641e-01 5.422745347023010254e-01 1.464580297470092773e-01 1.081956624984741211e-01 0.000000000000000000e+00 0.000000000000000000e+00 0.000000000000000000e+00
9.199910163879394531e-01 1.946839690208435059e-01 9.465788006782531738e-01 5.619779229164123535e-01 3.878308534622192383e-01 6.353368759155273438e-01 3.735727667808532715e-01 6.744862794876098633e-01 2.639898657798767090e-01 0.000000000000000000e+00 0.000000000000000000e+00 0.000000000000000000e+00
4.384077489376068115e-01 3.946842551231384277e-01 4.566459655761718750e-01 4.319429397583007812e-01 1.301783323287963867e-01 8.941674232482910156e-02 3.229618072509765625e-03 2.426407933235168457e-01 7.518456578254699707e-01 0.000000000000000000e+00 0.000000000000000000e+00 0.000000000000000000e+00
4.730947613716125488e-01 7.654645442962646484e-01 1.045839190483093262e-01 1.740079522132873535e-01 6.043094992637634277e-01 5.930662155151367188e-03 9.947834610939025879e-01 3.529778122901916504e-01 1.160171031951904297e-01 1.000000000000000000e+00 0.000000000000000000e+00 0.000000000000000000e+00
6.525421738624572754e-01 1.856145262718200684e-01 7.332966327667236328e-01 1.020053029060363770e-01 2.549285292625427246e-01 2.954953908920288086e-01 5.359945893287658691e-01 5.322749614715576172e-01 5.917218923568725586e-01 1.000000000000000000e+00 1.000000000000000000e+00 1.000000000000000000e+00
5.801153182983398438e-01 4.743921160697937012e-01 9.048488736152648926e-01 1.430697441101074219e-01 7.691450119018554688e-01 5.775617957115173340e-01 4.147682189941406250e-01 6.485036611557006836e-01 6.337080597877502441e-01 1.000000000000000000e+00 0.000000000000000000e+00 0.000000000000000000e+00
6.907340288162231445e-01 6.231920719146728516e-01 8.172844052314758301e-01 5.976470708847045898e-01 5.108666419982910156e-02 4.648005962371826172e-02 3.426076769828796387e-01 9.581965804100036621e-01 6.657469272613525391e-02 0.000000000000000000e+00 0.000000000000000000e+00 0.000000000000000000e+00
3.837481141090393066e-01 1.202808022499084473e-01 3.122991919517517090e-01 4.198380708694458008e-01 1.558650732040405273e-01 8.985363245010375977e-01 8.898482918739318848e-01 7.299328446388244629e-01 9.252317547798156738e-01 0.000000000000000000e+00 0.000000000000000000e+00 0.000000000000000000e+00
9.944666028022766113e-01 3.815243840217590332e-01 8.121269941329956055e-02 9.537979960441589355e-01 4.624241590499877930e-01 1.068526506423950195e-02 2.140377759933471680e-01 7.349160909652709961e-01 8.721008300781250000e-01 1.000000000000000000e+00 0.000000000000000000e+00 0.000000000000000000e+00
7.655357718467712402e-01 9.866920113563537598e-01 7.084077000617980957e-01 7.364740967750549316e-01 4.935917854309082031e-01 3.277734518051147461e-01 6.376738548278808594e-01 3.089740276336669922e-01 8.708202242851257324e-01 0.000000000000000000e+00 0.000000000000000000e+00 0.000000000000000000e+00
3.888626694679260254e-01 3.881666064262390137e-01 4.863229990005493164e-01 3.367742300033569336e-01 3.183336257934570312e-01 4.445453286170959473e-01 8.687378168106079102e-01 3.231960535049438477e-01 8.330379724502563477e-01 1.000000000000000000e+00 0.000000000000000000e+00 0.000000000000000000e+00
9.705918431282043457e-01 2.080776095390319824e-01 6.924599409103393555e-02 7.969713211059570312e-01 5.564470887184143066e-01 9.371907711029052734e-01 7.335750460624694824e-01 8.923990130424499512e-01 9.573352932929992676e-01 0.000000000000000000e+00 0.000000000000000000e+00 0.000000000000000000e+00
5.378474593162536621e-01 8.610302209854125977e-02 5.031177401542663574e-01 7.053464651107788086e-02 2.521010041236877441e-01 7.497861385345458984e-01 9.028245806694030762e-01 5.376319885253906250e-01 3.220125436782836914e-01 1.000000000000000000e+00 0.000000000000000000e+00 0.000000000000000000e+00
8.393698930740356445e-01 6.458957791328430176e-01 6.456661224365234375e-02 7.590197324752807617e-01 9.429738521575927734e-01 9.655353426933288574e-01 7.932535409927368164e-01 4.501818418502807617e-01 9.482232332229614258e-01 0.000000000000000000e+00 0.000000000000000000e+00 0.000000000000000000e+00
9.733943939208984375e-01 6.129872202873229980e-01 9.642350673675537109e-01 8.798007369041442871e-01 7.592864632606506348e-01 8.741009235382080078e-02 8.110402822494506836e-01 9.772981405258178711e-01 3.008056879043579102e-01 0.000000000000000000e+00 0.000000000000000000e+00 0.000000000000000000e+00
7.124165892601013184e-01 9.977570772171020508e-01 2.507978081703186035e-01 2.492971420288085938e-01 9.456443190574645996e-01 9.564381837844848633e-01 5.263901948928833008e-01 7.185120582580566406e-01 4.634552597999572754e-01 0.000000000000000000e+00 0.000000000000000000e+00 0.000000000000000000e+00
3.172447979450225830e-01 8.071159720420837402e-01 3.047390580177307129e-01 1.527559757232666016e-01 3.567063212394714355e-01 9.557552337646484375e-01 5.789570212364196777e-01 9.102864861488342285e-01 3.921285271644592285e-01 1.000000000000000000e+00 0.000000000000000000e+00 0.000000000000000000e+00
4.809335172176361084e-01 3.437620401382446289e-01 5.134193897247314453e-01 4.587959647178649902e-01 4.085851907730102539e-01 8.848842978477478027e-01 2.119182348251342773e-01 4.340882897377014160e-01 6.479005813598632812e-01 0.000000000000000000e+00 0.000000000000000000e+00 0.000000000000000000e+00
8.006352186203002930e-01 2.732143402099609375e-01 8.537900447845458984e-01 2.485063672065734863e-01 6.694566607475280762e-01 9.633259773254394531e-01 6.755771636962890625e-01 2.943312525749206543e-01 2.410151958465576172e-01 0.000000000000000000e+00 1.000000000000000000e+00 0.000000000000000000e+00
9.541851282119750977e-01 6.051095724105834961e-01 4.150446057319641113e-01 9.585996866226196289e-01 7.369778156280517578e-01 9.559308290481567383e-01 7.331967353820800781e-02 4.915188550949096680e-01 2.990267276763916016e-01 0.000000000000000000e+00 0.000000000000000000e+00 0.000000000000000000e+00
1.816565990447998047e-01 9.209792613983154297e-01 7.123571038246154785e-01 3.564518690109252930e-01 9.344017505645751953e-02 6.408966779708862305e-01 4.800489544868469238e-01 2.334318161010742188e-01 9.094461202621459961e-01 0.000000000000000000e+00 0.000000000000000000e+00 0.000000000000000000e+00
9.236798286437988281e-01 1.241042613983154297e-01 7.238886952400207520e-01 5.373229980468750000e-01 2.397757172584533691e-01 1.369261145591735840e-01 8.621696233749389648e-01 9.852661490440368652e-01 8.840976953506469727e-01 0.000000000000000000e+00 0.000000000000000000e+00 0.000000000000000000e+00
8.159222602844238281e-01 7.577642202377319336e-01 1.048034429550170898e-02 2.126346230506896973e-01 9.623153805732727051e-01 1.421523094177246094e-02 7.292248606681823730e-01 1.264724135398864746e-01 6.863847374916076660e-01 0.000000000000000000e+00 0.000000000000000000e+00 0.000000000000000000e+00
6.883648633956909180e-01 3.982304334640502930e-01 2.484173774719238281e-01 1.078867912292480469e-01 8.756923079490661621e-01 2.528584003448486328e-02 5.238779783248901367e-01 3.538659214973449707e-01 3.314574956893920898e-01 0.000000000000000000e+00 0.000000000000000000e+00 0.000000000000000000e+00
4.573171138763427734e-01 7.667677402496337891e-01 9.575027227401733398e-02 8.202664852142333984e-01 7.043868303298950195e-02 5.451599955558776855e-01 4.013633131980895996e-01 2.736806869506835938e-01 7.650275826454162598e-01 0.000000000000000000e+00 0.000000000000000000e+00 0.000000000000000000e+00
9.411033987998962402e-01 6.804212927818298340e-01 3.729527592658996582e-01 8.684305548667907715e-01 5.490720868110656738e-01 3.799165487289428711e-01 4.615904688835144043e-01 3.784638643264770508e-02 8.885007500648498535e-01 0.000000000000000000e+00 0.000000000000000000e+00 0.000000000000000000e+00
9.970065951347351074e-01 8.800822496414184570e-02 3.101719617843627930e-01 9.489104747772216797e-01 5.595483779907226562e-01 3.620280027389526367e-01 6.694275140762329102e-02 1.489609479904174805e-01 1.328483223915100098e-01 1.000000000000000000e+00 0.000000000000000000e+00 0.000000000000000000e+00
6.342654228210449219e-01 5.914719700813293457e-01 2.351800799369812012e-01 4.506356716156005859e-01 8.211387991905212402e-01 8.783104419708251953e-01 2.799304723739624023e-01 5.695243477821350098e-01 7.791882157325744629e-01 0.000000000000000000e+00 0.000000000000000000e+00 0.000000000000000000e+00
6.725151538848876953e-01 2.861139178276062012e-01 6.614196300506591797e-01 1.231956481933593750e-01 6.467004418373107910e-01 1.136505603790283203e-02 7.881861925125122070e-02 3.580056428909301758e-01 5.991759300231933594e-01 0.000000000000000000e+00 0.000000000000000000e+00 0.000000000000000000e+00
9.323450922966003418e-01 7.449936866760253906e-01 5.195296406745910645e-01 8.295457959175109863e-01 9.139878749847412109e-01 2.431237697601318359e-02 2.873838543891906738e-01 9.107607007026672363e-01 3.706204891204833984e-02 0.000000000000000000e+00 0.000000000000000000e+00 0.000000000000000000e+00
3.455372452735900879e-01 7.821218371391296387e-01 1.322693824768066406e-01 2.983927726745605469e-01 4.955335855484008789e-01 1.962014436721801758e-01 8.501893877983093262e-01 7.693102359771728516e-01 5.313448905944824219e-01 1.000000000000000000e+00 1.000000000000000000e+00 1.000000000000000000e+00
5.775648355484008789e-01 6.155732274055480957e-01 9.918422698974609375e-01 3.399151563644409180e-01 8.250707387924194336e-02 3.778902888298034668e-01 8.192402124404907227e-02 3.925681114196777344e-01 8.735926151275634766e-01 1.000000000000000000e+00 0.000000000000000000e+00 0.000000000000000000e+00
9.932837486267089844e-01 7.316040992736816406e-02 9.431965947151184082e-01 8.594852685928344727e-01 9.384441375732421875e-02 2.915156483650207520e-01 1.889466643333435059e-01 5.070400834083557129e-01 3.168345689773559570e-01 0.000000000000000000e+00 0.000000000000000000e+00 0.000000000000000000e+00
9.569818377494812012e-01 2.211785316467285156e-01 3.518198728561401367e-01 4.791713356971740723e-01 9.337120056152343750e-01 4.071933031082153320e-02 1.196076869964599609e-01 3.727655410766601562e-01 6.852893233299255371e-01 0.000000000000000000e+00 1.000000000000000000e+00 0.000000000000000000e+00
9.676755666732788086e-01 3.206716775894165039e-01 3.435903787612915039e-01 7.481277585029602051e-01 5.162166953086853027e-01 1.658273339271545410e-01 9.988241195678710938e-01 4.984507560729980469e-01 8.855985999107360840e-01 0.000000000000000000e+00 0.000000000000000000e+00 0.000000000000000000e+00
9.626198410987854004e-01 6.104475855827331543e-01 6.721914410591125488e-01 9.690433144569396973e-01 2.349209785461425781e-01 2.325261831283569336e-01 6.318150758743286133e-01 6.414389014244079590e-01 8.620734810829162598e-01 1.000000000000000000e+00 1.000000000000000000e+00 1.000000000000000000e+00
1.996207982301712036e-01 6.543919444084167480e-01 5.155524015426635742e-01 2.365744113922119141e-01 9.021812677383422852e-02 8.696193695068359375e-01 4.088639020919799805e-01 4.296409487724304199e-01 2.969605922698974609e-01 1.000000000000000000e+00 0.000000000000000000e+00 0.000000000000000000e+00
9.327883720397949219e-01 6.425719261169433594e-01 8.520159125328063965e-01 7.430115342140197754e-01 8.890359401702880859e-01 9.509888291358947754e-01 8.571950197219848633e-01 2.651602625846862793e-01 5.357651114463806152e-01 0.000000000000000000e+00 0.000000000000000000e+00 0.000000000000000000e+00
9.282371401786804199e-01 4.261084198951721191e-01 2.547289133071899414e-01 9.827159047126770020e-01 2.531351447105407715e-01 5.539857745170593262e-01 8.178641796112060547e-01 5.905300378799438477e-01 6.808638572692871094e-01 0.000000000000000000e+00 0.000000000000000000e+00 0.000000000000000000e+00
3.315979242324829102e-01 6.934478878974914551e-01 1.419026851654052734e-01 5.811333656311035156e-01 3.300594091415405273e-01 4.617819786071777344e-01 5.632061958312988281e-01 6.710903048515319824e-01 6.317849159240722656e-01 0.000000000000000000e+00 0.000000000000000000e+00 0.000000000000000000e+00
2.757257223129272461e-01 1.014290452003479004e-01 4.333062171936035156e-01 1.178359389305114746e-01 3.992313146591186523e-01 8.333001732826232910e-01 4.353362917900085449e-01 8.905410170555114746e-01 2.341243028640747070e-01 1.000000000000000000e+00 0.000000000000000000e+00 0.000000000000000000e+00
6.435384750366210938e-01 8.039937615394592285e-01 6.089150309562683105e-01 2.896559834480285645e-01 9.471055865287780762e-01 9.428949952125549316e-01 4.845350980758666992e-01 8.965304493904113770e-01 7.423545718193054199e-01 0.000000000000000000e+00 0.000000000000000000e+00 0.000000000000000000e+00
8.010641336441040039e-01 7.064881920814514160e-01 8.197047114372253418e-01 4.417239427566528320e-01 9.618921279907226562e-01 7.401151657104492188e-01 1.838172674179077148e-01 8.661102056503295898e-01 1.725262403488159180e-01 0.000000000000000000e+00 0.000000000000000000e+00 0.000000000000000000e+00
6.421592235565185547e-01 6.510927677154541016e-01 2.591460943222045898e-02 1.194535493850708008e-01 6.527874469757080078e-01 9.131761193275451660e-01 5.637702941894531250e-01 2.877604365348815918e-01 3.870308399200439453e-02 1.000000000000000000e+00 0.000000000000000000e+00 0.000000000000000000e+00
2.034841477870941162e-01 7.515848875045776367e-01 8.449733257293701172e-03 3.680198788642883301e-01 1.960043311119079590e-01 3.468864560127258301e-01 4.519065022468566895e-01 2.857581973075866699e-01 7.474044561386108398e-01 0.000000000000000000e+00 0.000000000000000000e+00 0.000000000000000000e+00
6.321250796318054199e-01 4.238985180854797363e-01 3.687888383865356445e-01 3.414332270622253418e-01 8.704091906547546387e-01 3.258905410766601562e-01 1.902991533279418945e-01 2.556914687156677246e-01 2.699250578880310059e-01 0.000000000000000000e+00 0.000000000000000000e+00 0.000000000000000000e+00
7.078173756599426270e-01 6.295748353004455566e-01 1.295158267021179199e-01 5.243209004402160645e-01 7.140461802482604980e-01 6.515573263168334961e-01 9.740947484970092773e-01 8.103660345077514648e-01 3.034427165985107422e-01 1.000000000000000000e+00 0.000000000000000000e+00 0.000000000000000000e+00
5.865856409072875977e-01 2.244994640350341797e-01 6.359660625457763672e-01 3.314883708953857422e-01 6.724322438240051270e-01 8.527585268020629883e-01 5.149673223495483398e-01 5.957865715026855469e-01 5.098476409912109375e-01 1.000000000000000000e+00 0.000000000000000000e+00 0.000000000000000000e+00
1.256366670131683350e-01 3.792145848274230957e-01 2.170310020446777344e-01 3.806771039962768555e-01 7.646620273590087891e-03 4.359511137008666992e-01 6.279317140579223633e-01 2.318791151046752930e-01 7.074563503265380859e-01 0.000000000000000000e+00 1.000000000000000000e+00 0.000000000000000000e+00
9.327096939086914062e-01 7.710086107254028320e-01 4.049555063247680664e-01 9.618023037910461426e-01 2.737956643104553223e-01 3.052580356597900391e-02 7.995400428771972656e-01 6.606247425079345703e-01 6.068770289421081543e-01 0.000000000000000000e+00 0.000000000000000000e+00 0.000000000000000000e+00
9.896855354309082031e-01 4.803228378295898438e-01 8.257429003715515137e-01 5.440900325775146484e-01 8.661566376686096191e-01 3.662232160568237305e-01 2.066580057144165039e-01 9.063439965248107910e-01 9.941883683204650879e-01 0.000000000000000000e+00 0.000000000000000000e+00 0.000000000000000000e+00
9.577376842498779297e-01 1.203627586364746094e-01 3.691777586936950684e-01 7.398489713668823242e-01 1.342207789421081543e-01 3.887291550636291504e-01 1.897408962249755859e-01 1.568997502326965332e-01 1.440386772155761719e-01 0.000000000000000000e+00 1.000000000000000000e+00 0.000000000000000000e+00
6.093506217002868652e-01 8.537918329238891602e-02 5.755174160003662109e-01 4.478489756584167480e-01 3.942651748657226562e-01 7.276255488395690918e-01 5.247387886047363281e-01 8.930322527885437012e-01 5.030797123908996582e-01 0.000000000000000000e+00 0.000000000000000000e+00 0.000000000000000000e+00
9.794237613677978516e-01 4.566293358802795410e-01 9.705731868743896484e-01 6.465893983840942383e-01 8.954848051071166992e-01 1.098704338073730469e-01 2.748521566390991211e-01 6.151301264762878418e-01 3.633925318717956543e-01 0.000000000000000000e+00 0.000000000000000000e+00 0.000000000000000000e+00
9.967883825302124023e-01 1.697751879692077637e-01 9.102009534835815430e-01 9.448120594024658203e-01 7.468100190162658691e-01 4.423817992210388184e-01 3.422344326972961426e-01 5.877138972282409668e-01 4.831253290176391602e-01 0.000000000000000000e+00 0.000000000000000000e+00 0.000000000000000000e+00
3.454085290431976318e-01 6.908499002456665039e-01 3.904539942741394043e-01 3.570547699928283691e-01 1.149021387100219727e-01 5.600109100341796875e-01 7.447273135185241699e-01 2.333539724349975586e-01 6.152371168136596680e-01 1.000000000000000000e+00 0.000000000000000000e+00 0.000000000000000000e+00
4.980015456676483154e-01 8.531274199485778809e-01 1.726488471031188965e-01 5.343857407569885254e-01 3.148119449615478516e-01 2.358460426330566406e-02 5.591580271720886230e-01 7.425473928451538086e-01 3.565572500228881836e-01 1.000000000000000000e+00 0.000000000000000000e+00 0.000000000000000000e+00
8.543185591697692871e-01 4.203857183456420898e-01 2.544270753860473633e-01 5.121952295303344727e-01 9.836514592170715332e-01 2.329618930816650391e-01 2.324495911598205566e-01 5.154512524604797363e-01 2.237961888313293457e-01 1.000000000000000000e+00 1.000000000000000000e+00 1.000000000000000000e+00
1.172055825591087341e-01 7.089106440544128418e-01 5.391754508018493652e-01 2.720431089401245117e-01 1.061697602272033691e-01 8.948670625686645508e-01 3.617956042289733887e-01 3.831849694252014160e-01 1.011648774147033691e-01 0.000000000000000000e+00 0.000000000000000000e+00 0.000000000000000000e+00
6.706001162528991699e-01 6.422009468078613281e-01 1.546332240104675293e-01 6.180793642997741699e-01 6.274237632751464844e-01 2.316558361053466797e-02 9.194355607032775879e-01 8.441408276557922363e-01 8.249090909957885742e-01 1.000000000000000000e+00 0.000000000000000000e+00 0.000000000000000000e+00
7.679136991500854492e-01 2.477645277976989746e-01 4.358737468719482422e-01 7.229570150375366211e-01 2.902243733406066895e-01 9.577074050903320312e-01 6.994122266769409180e-01 2.811765074729919434e-01 7.536602020263671875e-02 0.000000000000000000e+00 0.000000000000000000e+00 0.000000000000000000e+00
2.265390753746032715e-01 9.572671055793762207e-01 5.621981620788574219e-01 1.714419126510620117e-01 1.667683720588684082e-01 1.603871583938598633e-02 8.750353455543518066e-01 9.328716397285461426e-01 1.147604584693908691e-01 1.000000000000000000e+00 1.000000000000000000e+00 1.000000000000000000e+00
9.812901616096496582e-01 3.864169120788574219e-02 5.287109613418579102e-01 7.117463350296020508e-01 8.832084536552429199e-01 4.047145247459411621e-01 5.128651261329650879e-01 4.609091877937316895e-01 9.303562045097351074e-01 0.000000000000000000e+00 0.000000000000000000e+00 0.000000000000000000e+00
9.828260540962219238e-01 2.449898123741149902e-01 7.985408306121826172e-01 5.177489519119262695e-01 8.642849326133728027e-01 3.330665230751037598e-01 4.120381474494934082e-01 2.822589874267578125e-02 4.114538431167602539e-02 0.000000000000000000e+00 0.000000000000000000e+00 0.000000000000000000e+00
5.006915330886840820e-01 9.725047945976257324e-01 1.964939236640930176e-01 2.076231241226196289e-01 9.270832538604736328e-01 8.721025586128234863e-01 2.905399203300476074e-01 2.191656231880187988e-01 3.992705345153808594e-01 1.000000000000000000e+00 0.000000000000000000e+00 0.000000000000000000e+00
7.540375590324401855e-01 8.916136026382446289e-01 5.574839115142822266e-01 9.436134696006774902e-01 2.136267423629760742e-01 4.041292071342468262e-01 3.643270134925842285e-01 8.634767532348632812e-01 6.679783463478088379e-01 1.000000000000000000e+00 0.000000000000000000e+00 0.000000000000000000e+00
9.828751087188720703e-01 3.012607693672180176e-01 4.840922951698303223e-01 9.667838811874389648e-01 8.475920557975769043e-01 9.003626704216003418e-01 6.490110754966735840e-01 6.058142185211181641e-01 9.567608833312988281e-01 0.000000000000000000e+00 0.000000000000000000e+00 0.000000000000000000e+00
7.500996589660644531e-01 7.363567948341369629e-01 5.158668756484985352e-01 5.429973006248474121e-01 9.206453561782836914e-01 2.082779407501220703e-01 1.215381622314453125e-01 1.074091792106628418e-01 2.272503972053527832e-01 1.000000000000000000e+00 0.000000000000000000e+00 0.000000000000000000e+00
5.075727701187133789e-01 6.525492668151855469e-01 7.070446014404296875e-01 3.110794425010681152e-01 3.998151421546936035e-01 1.693433523178100586e-01 5.333630442619323730e-01 4.633252024650573730e-01 6.585392951965332031e-01 0.000000000000000000e+00 0.000000000000000000e+00 0.000000000000000000e+00
9.862745404243469238e-01 4.353492856025695801e-01 8.608949184417724609e-02 8.302614092826843262e-01 6.035469770431518555e-01 1.883518695831298828e-02 6.177372336387634277e-01 3.668254017829895020e-01 2.838327884674072266e-01 0.000000000000000000e+00 0.000000000000000000e+00 0.000000000000000000e+00
7.674948573112487793e-01 7.207279801368713379e-01 7.481664419174194336e-01 8.332548737525939941e-01 3.601104021072387695e-01 6.359746456146240234e-01 3.548194169998168945e-01 3.750593066215515137e-01 1.642888784408569336e-01 0.000000000000000000e+00 1.000000000000000000e+00 0.000000000000000000e+00
9.025664925575256348e-01 6.421395540237426758e-01 6.337680220603942871e-01 7.311827540397644043e-01 9.590771794319152832e-01 7.674346566200256348e-01 6.274750828742980957e-01 9.037720561027526855e-01 8.819412589073181152e-01 0.000000000000000000e+00 0.000000000000000000e+00 0.000000000000000000e+00
1.436699777841567993e-01 6.851519346237182617e-01 3.137254714965820312e-02 1.665586233139038086e-01 1.500905752182006836e-01 6.158391833305358887e-01 4.004666805267333984e-01 4.855905771255493164e-01 9.901997447013854980e-01 0.000000000000000000e+00 0.000000000000000000e+00 0.000000000000000000e+00
7.852098345756530762e-01 2.067599892616271973e-01 7.411836981773376465e-01 5.654954314231872559e-01 2.164999246597290039e-01 7.920387387275695801e-01 7.319079041481018066e-01 8.247396945953369141e-01 9.865073561668395996e-01 0.000000000000000000e+00 0.000000000000000000e+00 0.000000000000000000e+00
8.357723951339721680e-01 3.166066408157348633e-01 1.114763617515563965e-01 9.121130704879760742e-01 1.898013949394226074e-01 8.143137693405151367e-01 4.622179269790649414e-02 8.997278809547424316e-01 6.559812426567077637e-01 1.000000000000000000e+00 0.000000000000000000e+00 0.000000000000000000e+00
6.022412180900573730e-01 7.648757696151733398e-01 6.542724370956420898e-01 5.516860485076904297e-01 7.890453338623046875e-01 4.948740005493164062e-01 4.101628065109252930e-01 7.858402132987976074e-01 7.314254045486450195e-01 1.000000000000000000e+00 0.000000000000000000e+00 0.000000000000000000e+00
9.100160598754882812e-01 3.989402651786804199e-01 4.120876789093017578e-01 6.035323739051818848e-01 9.290553927421569824e-01 2.756071090698242188e-01 2.978420853614807129e-01 3.342502117156982422e-01 2.347339391708374023e-01 1.000000000000000000e+00 1.000000000000000000e+00 1.000000000000000000e+00
4.523815214633941650e-01 3.303875923156738281e-01 4.470897912979125977e-01 5.255566835403442383e-01 7.827550172805786133e-02 7.537730336189270020e-01 1.598085165023803711e-01 2.607369422912597656e-02 3.315734863281250000e-02 0.000000000000000000e+00 0.000000000000000000e+00 0.000000000000000000e+00
8.554806709289550781e-01 6.791446208953857422e-01 3.947872519493103027e-01 9.800279140472412109e-01 3.264247179031372070e-01 8.644906282424926758e-01 4.688529372215270996e-01 6.697979569435119629e-01 5.117695927619934082e-01 0.000000000000000000e+00 0.000000000000000000e+00 0.000000000000000000e+00
7.259563207626342773e-01 9.809589385986328125e-01 5.049186348915100098e-01 9.083750247955322266e-01 4.356448650360107422e-01 2.001758217811584473e-01 5.288330912590026855e-01 3.802811503410339355e-01 9.893296957015991211e-01 1.000000000000000000e+00 0.000000000000000000e+00 0.000000000000000000e+00
2.538259327411651611e-01 7.299658656120300293e-01 4.413453936576843262e-01 6.286812424659729004e-01 2.428954839706420898e-02 1.613199710845947266e-01 3.149299025535583496e-01 5.564037561416625977e-01 8.794207572937011719e-01 1.000000000000000000e+00 0.000000000000000000e+00 0.000000000000000000e+00
8.079093694686889648e-01 6.341964006423950195e-01 3.921362161636352539e-01 1.853586435317993164e-01 9.982520341873168945e-01 2.494594454765319824e-01 3.976309895515441895e-01 6.442352533340454102e-01 3.517854213714599609e-02 0.000000000000000000e+00 0.000000000000000000e+00 0.000000000000000000e+00
9.110782146453857422e-01 4.070102572441101074e-01 1.116461157798767090e-01 7.857145667076110840e-01 3.716660141944885254e-01 3.791351914405822754e-01 8.209446072578430176e-01 6.842168569564819336e-01 4.341484308242797852e-01 0.000000000000000000e+00 0.000000000000000000e+00 0.000000000000000000e+00
2.831337451934814453e-01 4.271076321601867676e-01 7.418233156204223633e-02 4.271281957626342773e-01 4.242255687713623047e-01 4.079501032829284668e-01 3.406371474266052246e-01 8.506401777267456055e-01 6.283335685729980469e-01 0.000000000000000000e+00 0.000000000000000000e+00 0.000000000000000000e+00
4.841548204421997070e-01 3.817132711410522461e-01 5.639777183532714844e-01 2.341138124465942383e-01 5.203750729560852051e-01 4.730427265167236328e-01 7.685653567314147949e-01 3.404636383056640625e-01 8.447101712226867676e-01 0.000000000000000000e+00 1.000000000000000000e+00 0.000000000000000000e+00
3.153583407402038574e-01 2.296560406684875488e-01 6.115533709526062012e-01 4.155368804931640625e-01 6.025809049606323242e-02 6.077340841293334961e-01 6.535444855690002441e-01 9.248504042625427246e-01 8.425388336181640625e-01 1.000000000000000000e+00 0.000000000000000000e+00 0.000000000000000000e+00
2.192245274782180786e-01 6.462835073471069336e-01 1.075601577758789062e-02 6.435215473175048828e-03 2.664077877998352051e-01 5.570887923240661621e-01 1.730495095252990723e-01 3.645691275596618652e-01 1.020114421844482422e-01 0.000000000000000000e+00 1.000000000000000000e+00 0.000000000000000000e+00
8.126250505447387695e-01 6.897079944610595703e-01 2.199170589447021484e-01 9.291150569915771484e-01 3.891187310218811035e-01 4.740468263626098633e-01 5.239468812942504883e-01 5.334168672561645508e-02 6.458199024200439453e-01 1.000000000000000000e+00 0.000000000000000000e+00 0.000000000000000000e+00
7.906067967414855957e-01 1.096515655517578125e-01 3.769825696945190430e-01 6.506299376487731934e-01 3.113523721694946289e-01 9.531826972961425781e-01 3.325051665306091309e-01 4.565181732177734375e-01 8.072163462638854980e-01 1.000000000000000000e+00 0.000000000000000000e+00 0.000000000000000000e+00
6.431954503059387207e-01 9.561531543731689453e-01 5.804422497749328613e-01 4.719617366790771484e-01 6.086480617523193359e-01 4.564642906188964844e-03 4.027595520019531250e-01 5.646540522575378418e-01 4.647934436798095703e-02 1.000000000000000000e+00 0.000000000000000000e+00 0.000000000000000000e+00
3.729514479637145996e-01 5.745306611061096191e-01 9.148162603378295898e-01 4.121906757354736328e-01 4.728651046752929688e-02 6.449190378189086914e-01 5.139634013175964355e-01 6.875458359718322754e-01 6.197904348373413086e-01 0.000000000000000000e+00 0.000000000000000000e+00 0.000000000000000000e+00
9.916491508483886719e-01 5.632638931274414062e-04 9.129085540771484375e-01 7.566620111465454102e-01 6.846158504486083984e-01 2.537355422973632812e-01 2.885648608207702637e-01 1.950340270996093750e-01 2.003377676010131836e-01 1.000000000000000000e+00 0.000000000000000000e+00 0.000000000000000000e+00
7.122582197189331055e-01 9.751744866371154785e-01 3.288916945457458496e-01 3.642296195030212402e-01 7.005059123039245605e-01 9.957066774368286133e-01 3.203397989273071289e-01 4.377722144126892090e-01 7.122035026550292969e-01 1.000000000000000000e+00 0.000000000000000000e+00 0.000000000000000000e+00
7.482450604438781738e-01 5.331611633300781250e-02 6.065890192985534668e-01 6.271938681602478027e-01 1.653552055358886719e-01 8.835470676422119141e-02 7.183204293251037598e-01 4.613347649574279785e-01 1.713011860847473145e-01 1.000000000000000000e+00 0.000000000000000000e+00 0.000000000000000000e+00
9.019632339477539062e-01 3.186836242675781250e-01 5.648921132087707520e-01 8.950698375701904297e-02 9.656711816787719727e-01 1.335970759391784668e-01 5.152148604393005371e-01 1.302636265754699707e-01 7.926290035247802734e-01 0.000000000000000000e+00 1.000000000000000000e+00 0.000000000000000000e+00
7.126513719558715820e-01 6.894354224205017090e-01 3.116828203201293945e-01 6.246485114097595215e-01 2.205119132995605469e-01 5.571284890174865723e-01 8.681932687759399414e-01 8.556855320930480957e-01 3.078206181526184082e-01 0.000000000000000000e+00 0.000000000000000000e+00 0.000000000000000000e+00
9.046695232391357422e-01 8.770890235900878906e-01 2.349375486373901367e-01 9.784435033798217773e-01 8.256562352180480957e-01 6.334819197654724121e-01 8.198434114456176758e-01 4.910355210304260254e-01 1.406705379486083984e-01 0.000000000000000000e+00 1.000000000000000000e+00 0.000000000000000000e+00
8.174627423286437988e-01 5.903336405754089355e-01 9.196816682815551758e-01 7.409816980361938477e-02 7.825804948806762695e-01 5.135536193847656250e-03 1.618424057960510254e-01 6.549953818321228027e-01 6.395503282546997070e-01 0.000000000000000000e+00 1.000000000000000000e+00 0.000000000000000000e+00
8.286076784133911133e-01 5.744179487228393555e-01 7.933333516120910645e-01 7.382292151451110840e-01 3.642441630363464355e-01 6.778925657272338867e-01 9.673076868057250977e-01 9.412224292755126953e-01 7.909635305404663086e-01 0.000000000000000000e+00 0.000000000000000000e+00 0.000000000000000000e+00
8.140385150909423828e-01 2.861564159393310547e-01 7.068779468536376953e-01 4.775313735008239746e-01 4.581293463706970215e-01 7.129149436950683594e-01 3.271692991256713867e-02 6.727071404457092285e-01 8.710991144180297852e-01 0.000000000000000000e+00 0.000000000000000000e+00 0.000000000000000000e+00
5.837157964706420898e-01 8.256255984306335449e-01 4.156425595283508301e-01 2.777746319770812988e-01 5.939297080039978027e-01 7.381071448326110840e-01 6.399189233779907227e-01 2.495070695877075195e-01 1.136965155601501465e-01 0.000000000000000000e+00 0.000000000000000000e+00 0.000000000000000000e+00
2.067552953958511353e-01 6.515332460403442383e-01 6.848741769790649414e-01 1.019122004508972168e-01 2.077829837799072266e-01 2.701956033706665039e-01 7.912943363189697266e-01 5.042880773544311523e-01 3.702772855758666992e-01 1.000000000000000000e+00 0.000000000000000000e+00 0.000000000000000000e+00
9.619569182395935059e-01 4.055621623992919922e-01 8.399392366409301758e-01 4.584386944770812988e-01 9.569282531738281250e-01 4.619144797325134277e-01 4.366065859794616699e-01 3.398499488830566406e-01 4.421312808990478516e-01 1.000000000000000000e+00 0.000000000000000000e+00 0.000000000000000000e+00
3.662903308868408203e-01 4.925747513771057129e-01 1.919771432876586914e-01 2.636001706123352051e-01 5.170956254005432129e-01 1.745914220809936523e-01 6.549513936042785645e-01 9.261403083801269531e-01 9.497399926185607910e-01 1.000000000000000000e+00 0.000000000000000000e+00 0.000000000000000000e+00
8.057737946510314941e-01 8.226161003112792969e-01 7.748066782951354980e-01 6.050922274589538574e-01 7.303166389465332031e-01 8.870148658752441406e-02 5.076723098754882812e-01 3.697597980499267578e-01 7.372566461563110352e-01 1.000000000000000000e+00 0.000000000000000000e+00 0.000000000000000000e+00
3.932949006557464600e-01 8.397664427757263184e-01 6.659751534461975098e-01 2.064351439476013184e-01 7.703968286514282227e-01 6.098771095275878906e-01 7.994213104248046875e-01 5.356019735336303711e-02 4.230588674545288086e-01 0.000000000000000000e+00 0.000000000000000000e+00 0.000000000000000000e+00
9.547634720802307129e-01 7.185458540916442871e-01 2.023422718048095703e-01 5.812020897865295410e-01 9.871178269386291504e-01 7.417327165603637695e-02 4.197914600372314453e-01 2.403784394264221191e-01 1.893992424011230469e-01 0.000000000000000000e+00 1.000000000000000000e+00 0.000000000000000000e+00
7.386832237243652344e-01 9.819179773330688477e-02 3.728758096694946289e-01 4.114905595779418945e-01 7.145616412162780762e-01 5.615017414093017578e-01 8.453449010848999023e-01 2.351794242858886719e-01 9.412940144538879395e-01 1.000000000000000000e+00 1.000000000000000000e+00 1.000000000000000000e+00
2.131047993898391724e-01 6.979336738586425781e-01 1.853406429290771484e-01 2.769342064857482910e-01 8.363634347915649414e-02 9.783707857131958008e-01 3.774399757385253906e-01 3.057671189308166504e-01 6.069844961166381836e-02 0.000000000000000000e+00 0.000000000000000000e+00 0.000000000000000000e+00
4.100170731544494629e-01 6.062726378440856934e-01 6.931532025337219238e-01 2.732672691345214844e-01 5.070677995681762695e-01 9.818841814994812012e-01 8.674833178520202637e-01 7.677801847457885742e-01 7.657053470611572266e-01 1.000000000000000000e+00 0.000000000000000000e+00 0.000000000000000000e+00
1.804548650979995728e-01 3.932002186775207520e-01 2.674001455307006836e-02 2.366988658905029297e-01 1.905586719512939453e-01 5.017280578613281250e-01 9.466151595115661621e-01 3.072163462638854980e-01 3.188751339912414551e-01 0.000000000000000000e+00 0.000000000000000000e+00 0.000000000000000000e+00
8.910393714904785156e-01 1.796007156372070312e-02 7.959276437759399414e-02 6.258674860000610352e-01 2.378716468811035156e-01 4.141950607299804688e-02 8.400318622589111328e-01 9.218793511390686035e-01 5.401072502136230469e-01 0.000000000000000000e+00 0.000000000000000000e+00 0.000000000000000000e+00
4.490211308002471924e-01 8.777647614479064941e-01 3.825465440750122070e-01 7.591642141342163086e-01 1.867471337318420410e-01 7.273788452148437500e-01 8.983070254325866699e-01 9.713796973228454590e-01 3.245062232017517090e-01 0.000000000000000000e+00 0.000000000000000000e+00 0.000000000000000000e+00
9.783580303192138672e-01 3.518866896629333496e-01 2.619007825851440430e-01 9.344594478607177734e-01 7.118530869483947754e-01 5.106693506240844727e-01 5.643737316131591797e-01 4.156950712203979492e-01 6.941598057746887207e-01 0.000000000000000000e+00 0.000000000000000000e+00 0.000000000000000000e+00
2.036877721548080444e-01 7.047116756439208984e-02 2.052154541015625000e-01 2.709642052650451660e-01 1.173790693283081055e-01 5.203613638877868652e-01 6.802332401275634766e-02 7.208791971206665039e-01 9.383974671363830566e-01 0.000000000000000000e+00 0.000000000000000000e+00 0.000000000000000000e+00
9.852555990219116211e-01 6.914786100387573242e-01 9.508941173553466797e-01 8.172771930694580078e-01 9.219901561737060547e-01 1.998617053031921387e-01 5.949277877807617188e-01 6.824529170989990234e-01 7.364488244056701660e-01 0.000000000000000000e+00 0.000000000000000000e+00 0.000000000000000000e+00
1.227436140179634094e-01 9.870876073837280273e-01 4.036599993705749512e-01 1.751970648765563965e-01 1.021383404731750488e-01 6.304699778556823730e-01 7.753054499626159668e-01 9.241870045661926270e-01 5.673874020576477051e-01 1.000000000000000000e+00 1.000000000000000000e+00 1.000000000000000000e+00
7.146474719047546387e-01 5.712922215461730957e-01 7.193851470947265625e-01 2.327981591224670410e-01 2.688491940498352051e-01 1.202127933502197266e-01 5.304268598556518555e-01 8.738667964935302734e-01 1.127899885177612305e-01 0.000000000000000000e+00 1.000000000000000000e+00 0.000000000000000000e+00
8.327725529670715332e-01 6.627685427665710449e-01 1.521697044372558594e-01 7.550324797630310059e-01 5.805363059043884277e-01 7.549611330032348633e-01 7.505902647972106934e-01 9.023472666740417480e-01 9.185974001884460449e-01 0.000000000000000000e+00 0.000000000000000000e+00 0.000000000000000000e+00
4.704444706439971924e-01 6.274796724319458008e-01 5.385929942131042480e-01 4.499226808547973633e-02 9.852756261825561523e-01 7.686178088188171387e-01 6.553543806076049805e-01 3.782162070274353027e-01 5.326503515243530273e-01 0.000000000000000000e+00 0.000000000000000000e+00 0.000000000000000000e+00
3.737132251262664795e-01 8.253985643386840820e-01 4.144927263259887695e-01 2.502312064170837402e-01 2.011969089508056641e-01 1.427466869354248047e-01 8.574424982070922852e-01 9.857975244522094727e-01 6.567956805229187012e-01 1.000000000000000000e+00 0.000000000000000000e+00 0.000000000000000000e+00
7.400038242340087891e-01 4.620407819747924805e-01 3.857034444808959961e-01 6.165817379951477051e-01 1.534056663513183594e-01 7.905203104019165039e-02 6.114418506622314453e-01 1.929954290390014648e-01 8.579111695289611816e-01 0.000000000000000000e+00 0.000000000000000000e+00 0.000000000000000000e+00
3.314960002899169922e-01 4.284538626670837402e-01 9.039129018783569336e-01 2.157226800918579102e-01 1.117262244224548340e-01 8.409148454666137695e-01 3.115296959877014160e-01 4.181041121482849121e-01 5.568410158157348633e-01 0.000000000000000000e+00 0.000000000000000000e+00 0.000000000000000000e+00
5.474917292594909668e-01 8.733196258544921875e-01 1.491312384605407715e-01 5.118002295494079590e-01 2.705493569374084473e-01 2.828513979911804199e-01 6.348028779029846191e-01 1.797859668731689453e-01 4.679334759712219238e-01 0.000000000000000000e+00 0.000000000000000000e+00 0.000000000000000000e+00
9.158912897109985352e-01 2.007161378860473633e-01 6.728254556655883789e-01 7.160506248474121094e-01 8.139921426773071289e-01 8.608098030090332031e-01 3.924038410186767578e-01 7.890774011611938477e-01 3.604281544685363770e-01 0.000000000000000000e+00 0.000000000000000000e+00 0.000000000000000000e+00
9.109703898429870605e-01 2.288199067115783691e-01 1.864345073699951172e-01 7.694379687309265137e-01 6.515175104141235352e-01 8.612264394760131836e-01 3.537763357162475586e-01 2.165243029594421387e-01 7.226862311363220215e-01 0.000000000000000000e+00 0.000000000000000000e+00 0.000000000000000000e+00
9.870281219482421875e-01 3.657895326614379883e-02 9.146203398704528809e-01 2.165251970291137695e-01 7.047280669212341309e-01 7.482933998107910156e-02 2.053299546241760254e-01 6.264992356300354004e-01 2.924244999885559082e-01 0.000000000000000000e+00 0.000000000000000000e+00 0.000000000000000000e+00
3.707534074783325195e-01 6.829144358634948730e-01 2.303440570831298828e-01 5.705520510673522949e-01 2.378404140472412109e-03 1.513027548789978027e-01 2.365934252738952637e-01 5.091570615768432617e-01 5.800269246101379395e-01 0.000000000000000000e+00 0.000000000000000000e+00 0.000000000000000000e+00
4.841194152832031250e-01 4.526481628417968750e-01 2.862806320190429688e-01 2.798891067504882812e-02 8.420034646987915039e-01 6.183497309684753418e-01 9.864215850830078125e-01 5.829117894172668457e-01 2.303480505943298340e-01 1.000000000000000000e+00 0.000000000000000000e+00 0.000000000000000000e+00
6.873998641967773438e-01 7.099417448043823242e-01 4.362796545028686523e-01 1.528989076614379883e-01 8.920522332191467285e-01 6.001605987548828125e-01 1.783199310302734375e-01 5.792316794395446777e-01 5.887476205825805664e-01 0.000000000000000000e+00 0.000000000000000000e+00 0.000000000000000000e+00
5.422209501266479492e-01 4.327770471572875977e-01 6.645417213439941406e-01 3.139930963516235352e-02 5.606829524040222168e-01 5.070573687553405762e-01 9.781664609909057617e-02 4.913211464881896973e-01 5.156207084655761719e-02 0.000000000000000000e+00 0.000000000000000000e+00 0.000000000000000000e+00
9.262740015983581543e-01 2.901468276977539062e-01 7.573055028915405273e-01 5.495907664299011230e-01 3.483926653861999512e-01 2.202959656715393066e-01 3.408729434013366699e-01 7.065435647964477539e-01 9.110520482063293457e-01 0.000000000000000000e+00 0.000000000000000000e+00 0.000000000000000000e+00
6.035721898078918457e-01 9.946168065071105957e-01 9.721269607543945312e-01 3.915039300918579102e-01 5.331635475158691406e-01 9.544653892517089844e-01 6.976199746131896973e-01 5.309257507324218750e-01 8.682600259780883789e-01 0.000000000000000000e+00 0.000000000000000000e+00 0.000000000000000000e+00
9.890320897102355957e-01 2.332215905189514160e-01 5.615969300270080566e-01 8.345751166343688965e-01 9.048394560813903809e-01 6.321200728416442871e-01 1.932441592216491699e-01 2.152194976806640625e-01 5.705292820930480957e-01 0.000000000000000000e+00 1.000000000000000000e+00 0.000000000000000000e+00
6.044032573699951172e-01 3.275300264358520508e-01 3.256683349609375000e-01 4.263448119163513184e-01 6.468026041984558105e-01 9.305052757263183594e-01 3.282331228256225586e-01 9.577839970588684082e-01 4.062425494194030762e-01 0.000000000000000000e+00 0.000000000000000000e+00 0.000000000000000000e+00
3.872359991073608398e-01 4.887323975563049316e-01 8.771938085556030273e-01 1.412787437438964844e-01 5.804634690284729004e-01 8.601961135864257812e-01 7.565841078758239746e-01 5.641111135482788086e-01 2.591478228569030762e-01 0.000000000000000000e+00 1.000000000000000000e+00 0.000000000000000000e+00
8.971674442291259766e-01 1.702558994293212891e-02 6.158787608146667480e-01 3.191225528717041016e-01 6.614611148834228516e-01 1.865440607070922852e-02 2.912449240684509277e-01 4.916607737541198730e-01 1.332631111145019531e-01 0.000000000000000000e+00 1.000000000000000000e+00 0.000000000000000000e+00
6.619356870651245117e-01 3.067931532859802246e-01 3.945877552032470703e-01 6.273627281188964844e-01 5.996304750442504883e-02 3.081638813018798828e-01 1.699706912040710449e-01 1.204657554626464844e-02 7.952083349227905273e-01 0.000000000000000000e+00 0.000000000000000000e+00 0.000000000000000000e+00
8.648203015327453613e-01 4.161528348922729492e-01 4.333819150924682617e-01 5.411173701286315918e-01 6.224889159202575684e-01 2.582767605781555176e-01 8.245181441307067871e-01 5.258240699768066406e-01 9.947925806045532227e-01 0.000000000000000000e+00 0.000000000000000000e+00 0.000000000000000000e+00
6.337941884994506836e-01 5.928283333778381348e-01 7.993386983871459961e-01 3.350327610969543457e-01 4.210006594657897949e-01 5.652492642402648926e-01 2.932424545288085938e-01 2.038068175315856934e-01 2.309058904647827148e-01 0.000000000000000000e+00 0.000000000000000000e+00 0.000000000000000000e+00
6.507343649864196777e-01 9.696762561798095703e-01 5.789510011672973633e-01 5.734378099441528320e-01 2.654176354408264160e-01 6.358630061149597168e-01 9.865562915802001953e-01 9.547644257545471191e-01 8.689735531806945801e-01 0.000000000000000000e+00 0.000000000000000000e+00 0.000000000000000000e+00
6.289564371109008789e-01 1.886202096939086914e-01 6.007239222526550293e-01 4.256864190101623535e-01 4.642959237098693848e-01 5.801343917846679688e-01 2.651153206825256348e-01 9.614533782005310059e-01 1.935099959373474121e-01 0.000000000000000000e+00 0.000000000000000000e+00 0.000000000000000000e+00
6.168760657310485840e-01 6.640309095382690430e-02 5.088872313499450684e-01 2.536289691925048828e-01 7.317081093788146973e-01 7.828301787376403809e-01 9.622328281402587891e-01 7.109042406082153320e-01 8.313519358634948730e-01 1.000000000000000000e+00 0.000000000000000000e+00 0.000000000000000000e+00
6.123586297035217285e-01 3.173565864562988281e-01 6.190426945686340332e-01 1.619401574134826660e-01 6.462361812591552734e-01 8.023698329925537109e-01 9.906944036483764648e-01 7.032606601715087891e-01 8.224449753761291504e-01 0.000000000000000000e+00 0.000000000000000000e+00 0.000000000000000000e+00
6.223637461662292480e-01 9.868522286415100098e-01 3.077932596206665039e-01 9.617503881454467773e-01 4.708666205406188965e-01 9.723930954933166504e-01 4.067537784576416016e-01 2.049126029014587402e-01 9.470920562744140625e-01 1.000000000000000000e+00 0.000000000000000000e+00 0.000000000000000000e+00
5.851369500160217285e-01 8.655135035514831543e-01 9.460151195526123047e-02 1.381590366363525391e-01 7.779803872108459473e-01 3.223121166229248047e-01 2.304466366767883301e-01 4.287744164466857910e-01 8.693652749061584473e-01 0.000000000000000000e+00 0.000000000000000000e+00 0.000000000000000000e+00
5.753374099731445312e-01 9.478332400321960449e-01 7.805563211441040039e-01 7.247490882873535156e-01 3.316833376884460449e-01 5.027408003807067871e-01 3.138495087623596191e-01 7.276064753532409668e-01 6.045640707015991211e-01 0.000000000000000000e+00 0.000000000000000000e+00 0.000000000000000000e+00
8.476254343986511230e-01 5.803241729736328125e-01 1.446962356567382812e-03 6.959202885627746582e-01 6.176568865776062012e-01 1.256132125854492188e-01 5.686269402503967285e-01 6.273224353790283203e-01 8.239216804504394531e-01 0.000000000000000000e+00 0.000000000000000000e+00 0.000000000000000000e+00
9.887136220932006836e-01 3.362644314765930176e-01 9.029012918472290039e-01 7.981505393981933594e-01 5.305624604225158691e-01 4.864931106567382812e-03 6.470906734466552734e-02 2.946135401725769043e-01 4.815730452537536621e-01 0.000000000000000000e+00 0.000000000000000000e+00 0.000000000000000000e+00
4.796282052993774414e-01 3.500338792800903320e-01 3.635969758033752441e-01 3.991772532463073730e-01 6.115725040435791016e-01 3.167873024940490723e-01 1.515114307403564453e-01 7.226657271385192871e-01 7.355604767799377441e-01 0.000000000000000000e+00 0.000000000000000000e+00 0.000000000000000000e+00
3.650223016738891602e-01 9.540086984634399414e-01 9.609369635581970215e-01 3.636149168014526367e-01 3.634172677993774414e-01 9.213441610336303711e-01 2.111107110977172852e-02 4.859799146652221680e-01 1.512738466262817383e-01 0.000000000000000000e+00 1.000000000000000000e+00 0.000000000000000000e+00
1.195086538791656494e-01 7.611770629882812500e-01 4.845359325408935547e-01 2.489336133003234863e-01 2.269892096519470215e-01 2.353318333625793457e-01 8.830153942108154297e-01 9.616278409957885742e-01 1.876288652420043945e-01 0.000000000000000000e+00 1.000000000000000000e+00 0.000000000000000000e+00
9.974676370620727539e-01 2.205864191055297852e-01 6.821138262748718262e-01 9.789919853210449219e-01 9.344125986099243164e-01 5.544678568840026855e-01 3.390834927558898926e-01 6.695765256881713867e-01 3.898292183876037598e-01 1.000000000000000000e+00 0.000000000000000000e+00 0.000000000000000000e+00
5.864533185958862305e-01 6.015098094940185547e-02 4.148856997489929199e-01 4.138551950454711914e-01 5.248232483863830566e-01 6.549835205078125000e-01 4.373785853385925293e-01 7.772740721702575684e-01 7.206630706787109375e-01 0.000000000000000000e+00 0.000000000000000000e+00 0.000000000000000000e+00
4.741871058940887451e-01 5.632950663566589355e-01 3.253885507583618164e-01 2.242578268051147461e-01 8.775223493576049805e-01 3.522639274597167969e-01 8.474725484848022461e-02 9.766157269477844238e-01 5.112475156784057617e-01 1.000000000000000000e+00 0.000000000000000000e+00 0.000000000000000000e+00
8.414356112480163574e-01 7.255695462226867676e-01 6.044847369194030762e-01 8.221111893653869629e-01 4.879155755043029785e-01 3.588236570358276367e-01 5.380131006240844727e-01 1.105990409851074219e-01 8.064768314361572266e-01 1.000000000000000000e+00 0.000000000000000000e+00 0.000000000000000000e+00
3.898988664150238037e-01 1.005928516387939453e-01 1.434452533721923828e-01 1.256396174430847168e-01 6.968383789062500000e-01 5.959283709526062012e-01 1.738929152488708496e-01 6.332770586013793945e-01 9.706070423126220703e-01 0.000000000000000000e+00 0.000000000000000000e+00 0.000000000000000000e+00
3.002579212188720703e-01 2.154190540313720703e-01 1.839174628257751465e-01 3.594145178794860840e-01 2.198739647865295410e-01 7.166182994842529297e-01 7.747351527214050293e-01 9.230512380599975586e-01 7.990325093269348145e-01 0.000000000000000000e+00 0.000000000000000000e+00 0.000000000000000000e+00
6.723999977111816406e-01 9.533429145812988281e-01 7.983716130256652832e-01 8.115448355674743652e-01 9.053844213485717773e-02 9.357054233551025391e-01 7.671463489532470703e-01 4.508870244026184082e-01 1.686265468597412109e-01 0.000000000000000000e+00 0.000000000000000000e+00 0.000000000000000000e+00
6.830675601959228516e-01 7.731999754905700684e-01 9.255488514900207520e-01 2.128503918647766113e-01 5.544895529747009277e-01 1.191262602806091309e-01 3.899211883544921875e-01 7.080995440483093262e-01 6.054252386093139648e-01 1.000000000000000000e+00 0.000000000000000000e+00 0.000000000000000000e+00
6.573161482810974121e-01 5.877852439880371094e-03 3.853291273117065430e-02 4.309849739074707031e-01 5.782037377357482910e-01 7.630586624145507812e-04 9.161986708641052246e-01 7.077240943908691406e-02 2.771266698837280273e-01 0.000000000000000000e+00 0.000000000000000000e+00 0.000000000000000000e+00
2.882533967494964600e-01 6.739439368247985840e-01 7.112020254135131836e-02 7.131640315055847168e-01 8.580803871154785156e-03 7.770159840583801270e-01 2.759915590286254883e-01 5.352593064308166504e-01 7.755233049392700195e-01 0.000000000000000000e+00 0.000000000000000000e+00 0.000000000000000000e+00
5.924876332283020020e-01 9.717000126838684082e-01 6.068596839904785156e-01 3.506214022636413574e-01 8.675850629806518555e-01 3.890473842620849609e-01 8.048567771911621094e-01 1.005639433860778809e-01 2.225664854049682617e-01 1.000000000000000000e+00 0.000000000000000000e+00 0.000000000000000000e+00
2.667397260665893555e-01 2.797057032585144043e-01 3.772148489952087402e-01 2.332727909088134766e-01 6.457719206809997559e-01 6.426444649696350098e-01 9.025205373764038086e-01 3.387021422386169434e-01 5.456448197364807129e-01 0.000000000000000000e+00 0.000000000000000000e+00 0.000000000000000000e+00
9.236022233963012695e-01 5.954476594924926758e-01 9.899614453315734863e-01 9.034640192985534668e-01 2.950720191001892090e-01 3.918544054031372070e-01 6.356686949729919434e-01 1.435742974281311035e-01 8.146328926086425781e-01 0.000000000000000000e+00 0.000000000000000000e+00 0.000000000000000000e+00
4.155272841453552246e-01 3.317412137985229492e-01 9.841420054435729980e-01 3.253209590911865234e-02 3.528404235839843750e-02 6.375648379325866699e-01 1.997017860412597656e-01 1.691385507583618164e-01 5.883045792579650879e-01 0.000000000000000000e+00 0.000000000000000000e+00 0.000000000000000000e+00
6.721962988376617432e-02 6.350614428520202637e-01 2.318097949028015137e-01 1.767587661743164062e-02 1.791709661483764648e-02 6.584053039550781250e-01 2.289472222328186035e-01 7.746754288673400879e-01 6.570371389389038086e-01 0.000000000000000000e+00 1.000000000000000000e+00 0.000000000000000000e+00
9.444909691810607910e-01 1.194055080413818359e-01 7.366737723350524902e-01 8.197014927864074707e-01 2.370635867118835449e-01 6.193692684173583984e-01 5.579350590705871582e-01 6.959803104400634766e-01 1.867983937263488770e-01 0.000000000000000000e+00 0.000000000000000000e+00 0.000000000000000000e+00
5.135168433189392090e-01 9.736986160278320312e-01 3.666122555732727051e-01 3.218038678169250488e-01 7.281665205955505371e-01 5.369406342506408691e-01 9.483749270439147949e-01 8.708332180976867676e-01 4.801592230796813965e-01 1.000000000000000000e+00 0.000000000000000000e+00 0.000000000000000000e+00
7.332736998796463013e-02 2.177494764328002930e-01 1.595886945724487305e-01 3.105314970016479492e-01 3.953993320465087891e-02 7.811142802238464355e-01 9.862531423568725586e-01 7.057690620422363281e-01 4.467653632164001465e-01 1.000000000000000000e+00 1.000000000000000000e+00 1.000000000000000000e+00
8.742880225181579590e-01 1.047514677047729492e-01 5.695686936378479004e-01 2.820219397544860840e-01 9.487947225570678711e-01 5.656754970550537109e-01 9.537463784217834473e-01 6.991382837295532227e-01 1.876162290573120117e-01 0.000000000000000000e+00 0.000000000000000000e+00 0.000000000000000000e+00
4.735409915447235107e-01 5.934071540832519531e-01 4.266667962074279785e-01 3.003429770469665527e-01 4.810118675231933594e-01 3.422922492027282715e-01 7.697343230247497559e-01 6.422220468521118164e-01 3.927846550941467285e-01 0.000000000000000000e+00 0.000000000000000000e+00 0.000000000000000000e+00
7.691428661346435547e-01 1.916871070861816406e-01 8.786398172378540039e-01 2.956790328025817871e-01 4.044974446296691895e-01 9.182249903678894043e-01 8.114850521087646484e-01 3.659752607345581055e-01 7.456133961677551270e-01 1.000000000000000000e+00 0.000000000000000000e+00 0.000000000000000000e+00
2.038075476884841919e-01 8.092483282089233398e-01 7.002877593040466309e-01 3.803009390830993652e-01 1.245141029357910156e-03 4.976392388343811035e-01 1.269676089286804199e-01 7.320904135704040527e-01 7.116048932075500488e-01 0.000000000000000000e+00 0.000000000000000000e+00 0.000000000000000000e+00
6.118894815444946289e-01 3.817968368530273438e-01 6.760201454162597656e-01 5.171751976013183594e-01 5.182932019233703613e-01 9.523570537567138672e-03 1.184719204902648926e-01 4.424751996994018555e-01 2.827764153480529785e-01 0.000000000000000000e+00 1.000000000000000000e+00 0.000000000000000000e+00
8.762949705123901367e-01 1.604639291763305664e-01 5.276932716369628906e-01 7.012660503387451172e-01 7.437989711761474609e-01 7.519755959510803223e-01 8.457458019256591797e-01 1.219159960746765137e-01 2.271171808242797852e-01 0.000000000000000000e+00 0.000000000000000000e+00 0.000000000000000000e+00
7.730156183242797852e-01 4.532438516616821289e-01 3.892003893852233887e-01 3.699509501457214355e-01 9.885795712471008301e-01 9.999684691429138184e-01 3.591893911361694336e-01 5.509326457977294922e-01 6.187587976455688477e-01 1.000000000000000000e+00 0.000000000000000000e+00 0.000000000000000000e+00
3.047204017639160156e-01 1.748982071876525879e-01 2.796976566314697266e-01 2.946975827217102051e-01 6.319167613983154297e-01 6.288754940032958984e-02 6.773950457572937012e-01 1.605821847915649414e-01 7.966784834861755371e-01 0.000000000000000000e+00 0.000000000000000000e+00 0.000000000000000000e+00
8.793268203735351562e-01 8.981041312217712402e-01 9.717851281166076660e-01 9.538591504096984863e-01 6.056633591651916504e-01 6.621921062469482422e-01 4.037964940071105957e-01 3.732708096504211426e-01 4.409727454185485840e-01 1.000000000000000000e+00 0.000000000000000000e+00 0.000000000000000000e+00
1.928725242614746094e-01 8.531867265701293945e-01 1.780637502670288086e-01 2.683290839195251465e-01 1.100284457206726074e-01 5.679148435592651367e-01 1.110454797744750977e-01 5.910268425941467285e-01 5.852694511413574219e-01 0.000000000000000000e+00 0.000000000000000000e+00 0.000000000000000000e+00
9.683190584182739258e-01 3.572037220001220703e-01 2.603326439857482910e-01 9.673953056335449219e-01 3.401708602905273438e-01 3.132601380348205566e-01 7.501759529113769531e-01 7.273007035255432129e-01 3.649082779884338379e-01 0.000000000000000000e+00 1.000000000000000000e+00 0.000000000000000000e+00
9.804052114486694336e-01 6.375046968460083008e-01 5.891066789627075195e-01 8.850368857383728027e-01 9.121392369270324707e-01 1.533591747283935547e-01 8.677431941032409668e-01 7.978820204734802246e-01 7.904804348945617676e-01 0.000000000000000000e+00 0.000000000000000000e+00 0.000000000000000000e+00
9.768587946891784668e-01 1.465515494346618652e-01 9.486299157142639160e-01 1.991276144981384277e-01 4.542917013168334961e-01 7.911896705627441406e-02 8.768064975738525391e-01 1.583922505378723145e-01 1.890003681182861328e-02 0.000000000000000000e+00 1.000000000000000000e+00 0.000000000000000000e+00
2.892888188362121582e-01 8.565242290496826172e-01 4.781984090805053711e-01 3.168461918830871582e-01 2.031335830688476562e-01 1.522363424301147461e-01 2.834379076957702637e-01 2.394971251487731934e-01 2.348959445953369141e-01 0.000000000000000000e+00 1.000000000000000000e+00 0.000000000000000000e+00
9.977819323539733887e-01 1.086040735244750977e-01 9.493926763534545898e-01 6.839567422866821289e-01 8.449289798736572266e-01 2.601832151412963867e-01 4.340697526931762695e-01 7.167220115661621094e-02 9.973061680793762207e-01 0.000000000000000000e+00 0.000000000000000000e+00 0.000000000000000000e+00
3.331797122955322266e-01 4.795846343040466309e-01 2.181328535079956055e-01 6.408095359802246094e-04 7.317540645599365234e-01 3.066474795341491699e-01 7.125806808471679688e-02 4.698462486267089844e-01 7.097154855728149414e-01 0.000000000000000000e+00 0.000000000000000000e+00 0.000000000000000000e+00
7.436637878417968750e-01 6.888138055801391602e-01 6.133083105087280273e-01 6.480836272239685059e-01 7.294291257858276367e-01 2.830765247344970703e-01 4.426866173744201660e-01 8.386308550834655762e-01 7.840968966484069824e-01 1.000000000000000000e+00 0.000000000000000000e+00 0.000000000000000000e+00
9.872893691062927246e-01 8.105927705764770508e-02 3.538985848426818848e-01 7.451881766319274902e-01 2.601873278617858887e-01 2.115870714187622070e-01 1.537992358207702637e-01 9.283465147018432617e-02 1.018816232681274414e-02 0.000000000000000000e+00 1.000000000000000000e+00 0.000000000000000000e+00
9.565319418907165527e-01 4.140374660491943359e-01 4.502352476119995117e-01 9.219691753387451172e-01 5.760753154754638672e-01 8.448423743247985840e-01 8.081148862838745117e-01 1.896718144416809082e-01 7.146136164665222168e-01 1.000000000000000000e+00 0.000000000000000000e+00 0.000000000000000000e+00
8.934850692749023438e-01 4.642308354377746582e-01 4.009338021278381348e-01 8.392642736434936523e-01 5.770556330680847168e-01 7.684620618820190430e-01 6.111565232276916504e-01 9.773737192153930664e-02 9.494504928588867188e-01 1.000000000000000000e+00 0.000000000000000000e+00 0.000000000000000000e+00
4.075420200824737549e-01 4.413385987281799316e-01 7.356274127960205078e-02 1.054360866546630859e-01 7.173362374305725098e-01 3.650504350662231445e-01 3.633153438568115234e-01 3.717645406723022461e-01 2.347596883773803711e-01 1.000000000000000000e+00 0.000000000000000000e+00 0.000000000000000000e+00
9.346697926521301270e-01 2.122771739959716797e-01 7.343760728836059570e-01 9.082768559455871582e-01 4.659336805343627930e-02 5.015056729316711426e-01 1.918761730194091797e-01 9.067078232765197754e-01 9.005520343780517578e-01 0.000000000000000000e+00 0.000000000000000000e+00 0.000000000000000000e+00
4.726845026016235352e-01 1.367960572242736816e-01 3.396559357643127441e-01 1.768558025360107422e-01 6.159461736679077148e-01 3.986877202987670898e-02 1.850342750549316406e-02 8.731179833412170410e-01 8.298181891441345215e-01 0.000000000000000000e+00 0.000000000000000000e+00 0.000000000000000000e+00
7.437180876731872559e-01 5.150005817413330078e-01 5.569332838058471680e-02 5.412584543228149414e-01 3.925954699516296387e-01 6.533175706863403320e-02 2.164377570152282715e-01 3.412055373191833496e-01 8.527511358261108398e-01 1.000000000000000000e+00 0.000000000000000000e+00 0.000000000000000000e+00
3.753683865070343018e-01 6.309655308723449707e-01 3.065176606178283691e-01 4.377315640449523926e-01 3.190349936485290527e-01 4.167353510856628418e-01 3.706188797950744629e-01 1.308969259262084961e-01 7.908512949943542480e-01 0.000000000000000000e+00 0.000000000000000000e+00 0.000000000000000000e+00
2.710167132318019867e-02 2.102662920951843262e-01 9.577751159667968750e-02 4.825508594512939453e-02 3.385643362998962402e-01 9.448534250259399414e-02 5.220845341682434082e-01 3.085106611251831055e-02 3.378947377204895020e-01 0.000000000000000000e+00 0.000000000000000000e+00 0.000000000000000000e+00
8.674285411834716797e-01 7.473114728927612305e-01 5.525586605072021484e-01 5.273201465606689453e-01 6.789968609809875488e-01 1.108181476593017578e-02 5.799137949943542480e-01 3.045383095741271973e-01 1.170281171798706055e-01 0.000000000000000000e+00 1.000000000000000000e+00 0.000000000000000000e+00
2.038075923919677734e-01 3.674061894416809082e-01 3.952704071998596191e-01 4.978901147842407227e-02 4.814635515213012695e-01 2.964304089546203613e-01 9.881864190101623535e-01 2.994909882545471191e-01 9.118965268135070801e-01 0.000000000000000000e+00 1.000000000000000000e+00 0.000000000000000000e+00
6.493698954582214355e-01 7.362222075462341309e-01 6.196841001510620117e-01 7.713698744773864746e-01 1.264817118644714355e-01 2.380867004394531250e-01 4.030318856239318848e-01 4.268986582756042480e-01 5.711424350738525391e-02 0.000000000000000000e+00 1.000000000000000000e+00 0.000000000000000000e+00
9.680426120758056641e-01 1.222689747810363770e-01 7.338157296180725098e-01 6.774938106536865234e-02 9.613845944404602051e-01 1.441189050674438477e-01 1.464082002639770508e-01 1.937867999076843262e-01 5.071482658386230469e-01 1.000000000000000000e+00 0.000000000000000000e+00 0.000000000000000000e+00
2.267273515462875366e-01 3.811020255088806152e-01 1.999185085296630859e-01 5.657374858856201172e-02 3.987649679183959961e-01 7.168842554092407227e-01 6.457162499427795410e-01 3.770649433135986328e-03 6.778024435043334961e-01 1.000000000000000000e+00 0.000000000000000000e+00 0.000000000000000000e+00
1.928606331348419189e-01 9.022746682167053223e-01 8.620972633361816406e-01 2.766602635383605957e-01 1.210300326347351074e-01 4.363712668418884277e-01 9.737862348556518555e-01 4.638981223106384277e-01 2.893166542053222656e-01 1.000000000000000000e+00 0.000000000000000000e+00 0.000000000000000000e+00
7.418691515922546387e-01 7.056458592414855957e-01 6.272691488265991211e-02 4.006575942039489746e-01 4.310638904571533203e-01 3.653740882873535156e-02 1.621541380882263184e-01 2.367340922355651855e-01 9.417427182197570801e-01 0.000000000000000000e+00 0.000000000000000000e+00 0.000000000000000000e+00
9.544413685798645020e-01 2.697444558143615723e-01 8.515817523002624512e-01 9.390102624893188477e-01 3.228054642677307129e-01 6.494293808937072754e-01 8.266560435295104980e-01 1.954170465469360352e-01 4.058620333671569824e-01 0.000000000000000000e+00 0.000000000000000000e+00 0.000000000000000000e+00
9.283315539360046387e-01 3.498721718788146973e-01 8.472912907600402832e-01 4.762655496597290039e-01 1.447826623916625977e-01 5.924135446548461914e-02 3.957197666168212891e-01 9.561429023742675781e-01 7.462621331214904785e-01 0.000000000000000000e+00 0.000000000000000000e+00 0.000000000000000000e+00
3.997677862644195557e-01 6.642353534698486328e-01 6.144561767578125000e-01 2.891814112663269043e-01 2.668439745903015137e-01 5.805141925811767578e-01 4.827975034713745117e-01 8.278569579124450684e-01 9.835168719291687012e-01 1.000000000000000000e+00 0.000000000000000000e+00 0.000000000000000000e+00
8.840985298156738281e-01 1.088353991508483887e-01 5.501842498779296875e-01 7.188662886619567871e-01 3.378246426582336426e-01 3.914616703987121582e-01 2.690695524215698242e-01 8.240702748298645020e-01 1.537088751792907715e-01 0.000000000000000000e+00 0.000000000000000000e+00 0.000000000000000000e+00
8.613084554672241211e-01 8.387073278427124023e-01 5.528840422630310059e-01 5.847838521003723145e-01 8.300256133079528809e-01 7.872117757797241211e-01 1.914536952972412109e-02 2.621297240257263184e-01 8.906680345535278320e-02 1.000000000000000000e+00 0.000000000000000000e+00 0.000000000000000000e+00
1.985552757978439331e-01 1.375827789306640625e-01 2.381935715675354004e-01 2.889868617057800293e-01 2.567117214202880859e-01 9.774804115295410156e-01 7.210436463356018066e-01 5.323081016540527344e-01 8.561463952064514160e-01 0.000000000000000000e+00 0.000000000000000000e+00 0.000000000000000000e+00
7.563183307647705078e-01 4.357229471206665039e-01 8.308920860290527344e-01 2.717936038970947266e-01 7.937407493591308594e-01 5.116754174232482910e-01 6.275886297225952148e-02 4.307152628898620605e-01 3.094892501831054688e-01 1.000000000000000000e+00 1.000000000000000000e+00 1.000000000000000000e+00
8.294630646705627441e-01 6.692691445350646973e-01 8.150588870048522949e-01 7.530241608619689941e-01 4.664669036865234375e-01 1.335324048995971680e-01 2.799634337425231934e-01 8.006359338760375977e-01 6.354091763496398926e-01 0.000000000000000000e+00 0.000000000000000000e+00 0.000000000000000000e+00
7.323386073112487793e-01 9.751197099685668945e-01 1.720482110977172852e-01 5.577561855316162109e-01 5.324020981788635254e-01 2.414185404777526855e-01 3.837203979492187500e-02 9.759232401847839355e-01 8.853780627250671387e-01 0.000000000000000000e+00 0.000000000000000000e+00 0.000000000000000000e+00
4.562486112117767334e-01 7.898299694061279297e-01 8.892765045166015625e-01 4.843809008598327637e-01 1.458264589309692383e-01 6.189950108528137207e-01 3.411126136779785156e-01 7.099821567535400391e-01 8.120157122611999512e-01 0.000000000000000000e+00 0.000000000000000000e+00 0.000000000000000000e+00
7.928406596183776855e-01 5.144816637039184570e-01 7.362074851989746094e-01 7.235012650489807129e-01 1.720771789550781250e-01 1.306483149528503418e-01 3.809424042701721191e-01 4.981350898742675781e-01 4.304051995277404785e-01 1.000000000000000000e+00 1.000000000000000000e+00 1.000000000000000000e+00
4.537100195884704590e-01 9.293312430381774902e-01 6.544892787933349609e-01 8.482260107994079590e-01 1.527281403541564941e-01 4.138297438621520996e-01 4.365971088409423828e-01 6.333760023117065430e-01 8.844641447067260742e-01 1.000000000000000000e+00 0.000000000000000000e+00 0.000000000000000000e+00
5.031378269195556641e-01 6.606631875038146973e-01 9.273942708969116211e-01 2.555161714553833008e-02 4.714824557304382324e-01 7.383698225021362305e-01 4.595013856887817383e-01 1.717866063117980957e-01 3.118662238121032715e-01 1.000000000000000000e+00 1.000000000000000000e+00 1.000000000000000000e+00
9.173598289489746094e-01 4.706007242202758789e-01 3.606958985328674316e-01 8.756301403045654297e-01 1.680262088775634766e-01 3.935587406158447266e-01 7.324829697608947754e-01 2.843406200408935547e-01 7.171966433525085449e-01 0.000000000000000000e+00 0.000000000000000000e+00 0.000000000000000000e+00
8.259886503219604492e-01 2.497904896736145020e-01 6.614537239074707031e-01 3.107615709304809570e-01 8.413714766502380371e-01 5.112858414649963379e-01 1.431216597557067871e-01 7.161282896995544434e-01 4.019725322723388672e-01 0.000000000000000000e+00 0.000000000000000000e+00 0.000000000000000000e+00
2.433860003948211670e-01 4.083764553070068359e-01 1.131401062011718750e-01 2.588615417480468750e-01 5.445057153701782227e-02 4.372920989990234375e-01 7.467257380485534668e-01 2.440287470817565918e-01 5.169305801391601562e-01 1.000000000000000000e+00 0.000000000000000000e+00 0.000000000000000000e+00
5.099843740463256836e-01 1.730177998542785645e-01 7.068936228752136230e-01 1.956712007522583008e-01 5.233877897262573242e-02 3.994243741035461426e-01 3.626244068145751953e-01 2.655195593833923340e-01 8.648506402969360352e-01 0.000000000000000000e+00 0.000000000000000000e+00 0.000000000000000000e+00
3.660202920436859131e-01 9.846862554550170898e-01 9.873308539390563965e-01 1.339054107666015625e-01 3.590781688690185547e-01 3.767169117927551270e-01 4.916414022445678711e-01 8.763453364372253418e-01 4.691439270973205566e-01 0.000000000000000000e+00 0.000000000000000000e+00 0.000000000000000000e+00
1.592165082693099976e-01 9.871786832809448242e-01 5.703378915786743164e-01 3.479313850402832031e-02 3.475329875946044922e-01 5.353266000747680664e-02 9.905816316604614258e-01 3.850483894348144531e-01 5.809835791587829590e-01 1.000000000000000000e+00 0.000000000000000000e+00 0.000000000000000000e+00
9.995492100715637207e-01 1.292461156845092773e-02 5.672645568847656250e-02 8.852740526199340820e-01 9.850056767463684082e-01 1.443176865577697754e-01 9.652373790740966797e-01 8.137232661247253418e-01 5.481638312339782715e-01 0.000000000000000000e+00 0.000000000000000000e+00 0.000000000000000000e+00
3.719667792320251465e-01 9.227589368820190430e-01 9.791542887687683105e-01 3.737324476242065430e-02 1.888661980628967285e-01 1.979255676269531250e-01 6.223671436309814453e-01 8.388410210609436035e-01 9.270954132080078125e-01 1.000000000000000000e+00 0.000000000000000000e+00 0.000000000000000000e+00
9.915748238563537598e-01 2.597271800041198730e-01 5.010294318199157715e-01 8.645425438880920410e-01 6.961125731468200684e-01 3.952485918998718262e-01 3.181439638137817383e-02 9.938316941261291504e-01 3.110453486442565918e-01 1.000000000000000000e+00 1.000000000000000000e+00 1.000000000000000000e+00
9.891788959503173828e-01 1.543945074081420898e-01 9.512357115745544434e-01 4.170868396759033203e-01 7.698231935501098633e-01 1.476538777351379395e-01 7.850575447082519531e-02 5.774156451225280762e-01 6.818171739578247070e-01 0.000000000000000000e+00 0.000000000000000000e+00 0.000000000000000000e+00
9.383820295333862305e-01 4.168587327003479004e-01 5.227733254432678223e-01 8.902178406715393066e-01 6.154537200927734375e-01 3.992589116096496582e-01 9.602379798889160156e-02 2.683159112930297852e-01 2.352444529533386230e-01 0.000000000000000000e+00 1.000000000000000000e+00 0.000000000000000000e+00
5.418580770492553711e-01 4.147318005561828613e-01 9.576261043548583984e-01 6.790616512298583984e-01 1.388466954231262207e-01 8.686456084251403809e-01 4.873844981193542480e-01 6.283243298530578613e-01 2.560350298881530762e-01 0.000000000000000000e+00 0.000000000000000000e+00 0.000000000000000000e+00
2.468158751726150513e-01 6.289991140365600586e-01 1.305645704269409180e-01 5.274087190628051758e-01 1.552887558937072754e-01 3.020187020301818848e-01 9.092733263969421387e-01 4.971987009048461914e-01 2.201460599899291992e-01 1.000000000000000000e+00 0.000000000000000000e+00 0.000000000000000000e+00
2.531273663043975830e-01 7.450042366981506348e-01 3.674699068069458008e-01 1.444352269172668457e-01 2.579689025878906250e-03 1.421075463294982910e-01 5.987201333045959473e-01 1.746584177017211914e-01 4.473314285278320312e-01 0.000000000000000000e+00 1.000000000000000000e+00 0.000000000000000000e+00
8.441596031188964844e-01 6.819415092468261719e-02 7.722333073616027832e-01 5.105776786804199219e-01 2.659334540367126465e-01 7.591379284858703613e-01 6.332213282585144043e-01 1.009750962257385254e-01 1.729635000228881836e-01 0.000000000000000000e+00 0.000000000000000000e+00 0.000000000000000000e+00
9.119657874107360840e-01 9.559612274169921875e-01 6.926804184913635254e-01 3.549082279205322266e-01 9.886698126792907715e-01 1.536154747009277344e-02 8.490635752677917480e-01 3.272235393524169922e-03 9.510923027992248535e-01 0.000000000000000000e+00 0.000000000000000000e+00 0.000000000000000000e+00
9.040288925170898438e-01 6.748936772346496582e-01 9.218232035636901855e-01 3.258427977561950684e-01 8.250851631164550781e-01 3.308558464050292969e-02 3.497402667999267578e-01 6.352943181991577148e-01 8.996437788009643555e-01 0.000000000000000000e+00 0.000000000000000000e+00 0.000000000000000000e+00
5.798049569129943848e-01 7.353496551513671875e-01 2.744843363761901855e-01 5.633424520492553711e-01 4.526328444480895996e-01 4.084017872810363770e-01 1.834225654602050781e-01 4.905299544334411621e-01 3.145597577095031738e-01 0.000000000000000000e+00 0.000000000000000000e+00 0.000000000000000000e+00
7.877819538116455078e-01 2.243022918701171875e-01 9.137014746665954590e-01 7.187122106552124023e-02 6.852978467941284180e-02 2.083805799484252930e-01 8.673909306526184082e-01 4.173635840415954590e-01 6.484395265579223633e-01 0.000000000000000000e+00 1.000000000000000000e+00 0.000000000000000000e+00
6.362226605415344238e-01 8.179627060890197754e-01 4.802957773208618164e-01 4.950979948043823242e-01 7.324817180633544922e-01 2.313189506530761719e-01 3.035539984703063965e-01 8.142685294151306152e-01 8.611959815025329590e-01 0.000000000000000000e+00 0.000000000000000000e+00 0.000000000000000000e+00
7.092629075050354004e-01 3.224765658378601074e-01 3.226401805877685547e-01 8.917105197906494141e-02 9.893375635147094727e-01 7.867328524589538574e-01 4.257919788360595703e-01 4.717940092086791992e-01 2.951145172119140625e-02 0.000000000000000000e+00 1.000000000000000000e+00 0.000000000000000000e+00
5.501439571380615234e-01 8.683829307556152344e-01 2.183907032012939453e-01 6.526359915733337402e-01 3.103076815605163574e-01 7.828187942504882812e-02 5.826485157012939453e-01 6.439522504806518555e-01 2.457116246223449707e-01 0.000000000000000000e+00 0.000000000000000000e+00 0.000000000000000000e+00
4.015619456768035889e-01 3.902888298034667969e-01 3.031094074249267578e-01 9.233844280242919922e-02 6.609300971031188965e-01 3.784779906272888184e-01 8.307957053184509277e-01 5.242106914520263672e-01 5.890129804611206055e-01 1.000000000000000000e+00 0.000000000000000000e+00 0.000000000000000000e+00
2.776989340782165527e-01 1.285489201545715332e-01 7.594448328018188477e-02 2.344774603843688965e-01 8.999842405319213867e-01 5.330878496170043945e-02 6.004071235656738281e-02 4.719628691673278809e-01 7.027745246887207031e-01 1.000000000000000000e+00 1.000000000000000000e+00 1.000000000000000000e+00
4.667244851589202881e-01 2.001470923423767090e-01 8.195662498474121094e-02 5.153894424438476562e-01 7.595330476760864258e-02 3.782918453216552734e-01 2.975143194198608398e-01 9.792071580886840820e-01 7.907551527023315430e-01 1.000000000000000000e+00 0.000000000000000000e+00 0.000000000000000000e+00
9.449067115783691406e-01 3.444526195526123047e-01 7.113334536552429199e-01 6.090742945671081543e-01 3.764088153839111328e-01 2.992250323295593262e-01 7.697135210037231445e-01 2.172580957412719727e-01 4.027570486068725586e-01 1.000000000000000000e+00 1.000000000000000000e+00 1.000000000000000000e+00
9.155290126800537109e-01 7.516969442367553711e-01 3.368681073188781738e-01 9.122955203056335449e-01 7.939679622650146484e-01 5.248073339462280273e-01 5.771623849868774414e-01 7.227949500083923340e-01 4.381783008575439453e-01 0.000000000000000000e+00 1.000000000000000000e+00 0.000000000000000000e+00
9.953605532646179199e-01 7.328706979751586914e-02 9.589806199073791504e-01 2.281639575958251953e-01 6.733848452568054199e-01 9.724074602127075195e-02 8.148304224014282227e-01 9.703764319419860840e-01 9.135017395019531250e-01 0.000000000000000000e+00 0.000000000000000000e+00 0.000000000000000000e+00
8.377812504768371582e-01 4.345413446426391602e-01 9.292362332344055176e-01 3.104330897331237793e-01 7.892423868179321289e-02 1.796226501464843750e-01 6.555435657501220703e-01 9.239211678504943848e-01 2.462089657783508301e-01 0.000000000000000000e+00 0.000000000000000000e+00 0.000000000000000000e+00
8.374818563461303711e-01 5.527521371841430664e-01 7.107630968093872070e-01 4.619265198707580566e-01 8.661741018295288086e-01 3.753300905227661133e-01 5.395518541336059570e-01 4.200220108032226562e-01 4.036882519721984863e-01 1.000000000000000000e+00 0.000000000000000000e+00 0.000000000000000000e+00
3.277902901172637939e-01 7.623761296272277832e-01 2.517786026000976562e-01 6.023718714714050293e-01 5.520290136337280273e-02 1.703416109085083008e-01 4.022677540779113770e-01 1.478629708290100098e-01 3.474042415618896484e-01 0.000000000000000000e+00 0.000000000000000000e+00 0.000000000000000000e+00
8.995271325111389160e-01 8.752706050872802734e-01 1.291950941085815430e-01 8.362776041030883789e-01 9.528530240058898926e-01 4.364166259765625000e-01 6.136117577552795410e-01 9.701617956161499023e-01 9.633922576904296875e-01 0.000000000000000000e+00 0.000000000000000000e+00 0.000000000000000000e+00
8.194316029548645020e-01 5.044211745262145996e-01 3.663151264190673828e-01 5.824561119079589844e-01 8.345101475715637207e-01 8.424161672592163086e-01 9.715564250946044922e-01 3.333517313003540039e-01 9.870104789733886719e-01 0.000000000000000000e+00 0.000000000000000000e+00 0.000000000000000000e+00
9.662443995475769043e-01 6.108595132827758789e-01 4.818770289421081543e-01 8.882089853286743164e-01 8.271065950393676758e-01 3.012360334396362305e-01 1.092426180839538574e-01 6.627627611160278320e-01 3.382559418678283691e-01 0.000000000000000000e+00 0.000000000000000000e+00 0.000000000000000000e+00
6.197689846158027649e-02 2.428490519523620605e-01 8.443015813827514648e-02 5.868762731552124023e-02 2.806170582771301270e-01 4.710490107536315918e-01 4.632442593574523926e-01 4.437156319618225098e-01 9.761750698089599609e-03 0.000000000000000000e+00 0.000000000000000000e+00 0.000000000000000000e+00
6.457067131996154785e-01 3.578983545303344727e-01 3.827656507492065430e-01 1.426668167114257812e-01 7.285674214363098145e-01 1.445537805557250977e-02 9.936484694480895996e-01 2.219358086585998535e-01 7.546158432960510254e-01 1.000000000000000000e+00 0.000000000000000000e+00 0.000000000000000000e+00
9.992081522941589355e-01 3.297232389450073242e-01 9.578135609626770020e-01 9.646878838539123535e-01 9.641131758689880371e-01 1.565191149711608887e-01 3.683169484138488770e-01 1.810257434844970703e-01 9.115737676620483398e-01 1.000000000000000000e+00 1.000000000000000000e+00 1.000000000000000000e+00
