7.776956558227539062e-01 3.904193639755249023e-02 5.269710421562194824e-01 4.090854525566101074e-01 2.876603007316589355e-01 2.379484772682189941e-01 6.980743408203125000e-01 7.253041267395019531e-01 5.367930531501770020e-01 1.000000000000000000e+00 0.000000000000000000e+00 0.000000000000000000e+00
5.287435650825500488e-01 2.076796889305114746e-01 3.193544149398803711e-01 5.604612231254577637e-01 6.640487909317016602e-02 7.721375226974487305e-01 5.611392855644226074e-01 7.089960575103759766e-01 8.243787288665771484e-01 0.000000000000000000e+00 0.000000000000000000e+00 0.000000000000000000e+00
8.889035582542419434e-01 1.155912280082702637e-01 3.692400455474853516e-02 7.439872622489929199e-01 1.600661277770996094e-01 6.569411158561706543e-01 8.958277702331542969e-01 8.997521400451660156e-01 5.334659218788146973e-01 1.000000000000000000e+00 0.000000000000000000e+00 0.000000000000000000e+00
4.954044222831726074e-01 2.666828036308288574e-01 5.357493758201599121e-01 3.550102114677429199e-01 1.039476990699768066e-01 2.102740406990051270e-01 7.443511486053466797e-02 6.704059839248657227e-01 2.061545848846435547e-03 1.000000000000000000e+00 0.000000000000000000e+00 0.000000000000000000e+00
8.128219842910766602e-01 3.503354787826538086e-01 9.346671700477600098e-01 4.559305310249328613e-01 3.892866969108581543e-01 9.861665964126586914e-01 9.277135133743286133e-01 6.641808152198791504e-01 5.553156137466430664e-02 0.000000000000000000e+00 0.000000000000000000e+00 0.000000000000000000e+00
2.861222326755523682e-01 8.495464920997619629e-01 2.322797775268554688e-01 2.362437248229980469e-01 2.408917546272277832e-01 2.555218935012817383e-01 7.521284222602844238e-01 6.490612030029296875e-01 6.884523630142211914e-01 1.000000000000000000e+00 0.000000000000000000e+00 0.000000000000000000e+00
9.648135304450988770e-01 1.802003979682922363e-01 9.847233295440673828e-01 1.327974200248718262e-01 7.989618778228759766e-01 3.649037480354309082e-01 2.315127849578857422e-01 1.661151051521301270e-01 3.347398042678833008e-01 0.000000000000000000e+00 0.000000000000000000e+00 0.000000000000000000e+00
8.885446786880493164e-01 7.183831930160522461e-02 4.596651792526245117e-01 4.251967072486877441e-01 9.775211811065673828e-01 8.935546278953552246e-01 1.763107180595397949e-01 2.133212685585021973e-01 7.429823875427246094e-01 1.000000000000000000e+00 0.000000000000000000e+00 0.000000000000000000e+00
9.709342718124389648e-01 4.252326488494873047e-02 8.296636343002319336e-01 2.259519696235656738e-01 9.784930348396301270e-01 4.410238862037658691e-01 2.979736924171447754e-01 5.292721390724182129e-01 2.501735687255859375e-01 0.000000000000000000e+00 0.000000000000000000e+00 0.000000000000000000e+00
9.537374377250671387e-01 1.138059496879577637e-01 8.708232641220092773e-01 5.075258612632751465e-01 8.755355477333068848e-01 8.220166563987731934e-01 1.319546103477478027e-01 7.883855700492858887e-01 2.000304460525512695e-01 1.000000000000000000e+00 1.000000000000000000e+00 1.000000000000000000e+00
7.476732730865478516e-01 7.533219456672668457e-01 2.643207311630249023e-01 4.623328447341918945e-01 5.108284354209899902e-01 9.302079677581787109e-01 1.887469291687011719e-01 7.019531726837158203e-02 5.886999368667602539e-01 0.000000000000000000e+00 0.000000000000000000e+00 0.000000000000000000e+00
6.173975467681884766e-01 3.606675863265991211e-01 2.843415737152099609e-02 2.509847283363342285e-01 7.864208221435546875e-01 9.395571351051330566e-01 5.764658451080322266e-01 3.969240784645080566e-01 6.627142429351806641e-01 1.000000000000000000e+00 1.000000000000000000e+00 1.000000000000000000e+00
9.884972572326660156e-01 9.186458587646484375e-02 4.928662180900573730e-01 8.749064803123474121e-01 2.768714427947998047e-01 2.429548501968383789e-01 8.508192896842956543e-01 5.553291440010070801e-01 7.924919724464416504e-01 0.000000000000000000e+00 0.000000000000000000e+00 0.000000000000000000e+00
8.556592464447021484e-01 1.773419976234436035e-01 6.755055785179138184e-01 7.084063291549682617e-01 6.317722797393798828e-02 6.612250804901123047e-01 4.373432397842407227e-01 5.907623171806335449e-01 7.596327066421508789e-01 0.000000000000000000e+00 0.000000000000000000e+00 0.000000000000000000e+00
5.637915134429931641e-01 9.135186672210693359e-01 1.822784543037414551e-01 3.210616111755371094e-02 4.878174066543579102e-01 9.331206679344177246e-01 6.114864349365234375e-02 1.327751874923706055e-01 5.177000761032104492e-01 1.000000000000000000e+00 0.000000000000000000e+00 0.000000000000000000e+00
3.543645441532135010e-01 9.434075951576232910e-01 3.747743964195251465e-01 1.727380752563476562e-01 6.527418494224548340e-01 8.586022257804870605e-01 8.451018929481506348e-01 7.129280567169189453e-01 8.140484690666198730e-01 1.000000000000000000e+00 0.000000000000000000e+00 0.000000000000000000e+00
9.451878070831298828e-01 1.158658862113952637e-01 4.988030791282653809e-01 6.661151647567749023e-01 4.849992990493774414e-01 2.414284348487854004e-01 5.382489562034606934e-01 2.305768132209777832e-01 4.916533231735229492e-01 1.000000000000000000e+00 0.000000000000000000e+00 0.000000000000000000e+00
7.690716981887817383e-01 4.081737995147705078e-01 4.655590057373046875e-01 6.041380763053894043e-01 2.109811902046203613e-01 3.296196460723876953e-01 3.968228697776794434e-01 4.195077419281005859e-01 8.258073329925537109e-01 0.000000000000000000e+00 0.000000000000000000e+00 0.000000000000000000e+00
5.805649757385253906e-01 5.679709911346435547e-01 6.470507979393005371e-01 3.145277500152587891e-02 9.605502486228942871e-01 4.671062231063842773e-01 7.524583339691162109e-01 7.420259118080139160e-01 2.075779438018798828e-02 0.000000000000000000e+00 0.000000000000000000e+00 0.000000000000000000e+00
7.537560462951660156e-01 5.816456079483032227e-01 5.987195968627929688e-01 9.835175275802612305e-01 2.259355783462524414e-01 9.737773537635803223e-01 8.877277374267578125e-03 5.682500600814819336e-01 3.153395652770996094e-02 1.000000000000000000e+00 1.000000000000000000e+00 1.000000000000000000e+00
9.803829193115234375e-01 7.095477581024169922e-01 6.813917756080627441e-01 9.872541427612304688e-01 8.529840111732482910e-01 3.906900286674499512e-01 4.023396968841552734e-02 4.279591441154479980e-01 3.383678197860717773e-01 1.000000000000000000e+00 0.000000000000000000e+00 0.000000000000000000e+00
2.767596542835235596e-01 6.668930649757385254e-01 1.392808556556701660e-01 4.972928166389465332e-01 9.491205215454101562e-03 3.663915991783142090e-01 7.708801031112670898e-01 1.950374841690063477e-01 5.481433868408203125e-01 0.000000000000000000e+00 1.000000000000000000e+00 0.000000000000000000e+00
8.359078764915466309e-01 4.788530468940734863e-01 7.635416388511657715e-01 7.716189026832580566e-01 5.854603052139282227e-01 4.386827945709228516e-01 2.741340994834899902e-01 2.457454800605773926e-01 7.218861579895019531e-02 0.000000000000000000e+00 0.000000000000000000e+00 0.000000000000000000e+00
9.861454963684082031e-01 4.872335195541381836e-01 8.470665812492370605e-01 9.052749276161193848e-01 9.463642239570617676e-01 4.940517544746398926e-01 3.875283002853393555e-01 4.821143150329589844e-01 8.615648150444030762e-01 0.000000000000000000e+00 0.000000000000000000e+00 0.000000000000000000e+00
2.860557436943054199e-01 1.836727261543273926e-01 3.358415365219116211e-01 6.399226188659667969e-02 3.681617975234985352e-01 9.378719925880432129e-01 6.459302902221679688e-01 9.035009741783142090e-01 3.440421223640441895e-01 0.000000000000000000e+00 0.000000000000000000e+00 0.000000000000000000e+00
1.300855875015258789e-01 9.053352475166320801e-01 8.711661696434020996e-01 3.556614518165588379e-01 4.354572296142578125e-02 8.548482656478881836e-01 2.005245685577392578e-01 8.839079141616821289e-01 8.077673316001892090e-01 0.000000000000000000e+00 0.000000000000000000e+00 0.000000000000000000e+00
4.746389687061309814e-01 8.633583188056945801e-01 4.912765026092529297e-01 7.248060107231140137e-01 1.462975740432739258e-01 2.029605507850646973e-01 5.511199235916137695e-01 1.996713876724243164e-02 8.992786407470703125e-01 0.000000000000000000e+00 0.000000000000000000e+00 0.000000000000000000e+00
9.474849104881286621e-01 1.136720180511474609e-02 7.834254503250122070e-01 1.260727643966674805e-01 5.169784426689147949e-01 3.222771286964416504e-01 6.527042388916015625e-01 5.361376404762268066e-01 3.199703097343444824e-01 1.000000000000000000e+00 0.000000000000000000e+00 0.000000000000000000e+00
5.964161157608032227e-01 7.058643102645874023e-01 6.351649165153503418e-01 1.134312748908996582e-01 9.812996983528137207e-01 1.437585353851318359e-01 8.704013824462890625e-01 2.670096755027770996e-01 2.333724498748779297e-02 1.000000000000000000e+00 0.000000000000000000e+00 0.000000000000000000e+00
4.322630763053894043e-01 2.652332782745361328e-01 9.148013591766357422e-02 1.565777659416198730e-01 9.366623759269714355e-01 8.387007713317871094e-01 3.797739744186401367e-01 9.462487697601318359e-02 2.787865400314331055e-01 0.000000000000000000e+00 1.000000000000000000e+00 0.000000000000000000e+00
8.384910225868225098e-01 6.011143326759338379e-01 6.312570571899414062e-01 5.815508961677551270e-01 8.297300338745117188e-01 9.439436793327331543e-01 8.495323657989501953e-01 6.152651309967041016e-01 7.678598165512084961e-01 1.000000000000000000e+00 0.000000000000000000e+00 0.000000000000000000e+00
5.638779997825622559e-01 9.123618602752685547e-01 9.493783712387084961e-01 3.608755469322204590e-01 5.923418402671813965e-01 3.233871459960937500e-01 2.614462375640869141e-02 5.751219987869262695e-01 5.978896617889404297e-01 1.000000000000000000e+00 0.000000000000000000e+00 0.000000000000000000e+00
5.115340948104858398e-01 2.296880483627319336e-01 1.152150630950927734e-01 4.434946179389953613e-01 5.684422850608825684e-01 5.506509542465209961e-01 2.398418188095092773e-01 5.695625543594360352e-01 5.131953358650207520e-01 0.000000000000000000e+00 0.000000000000000000e+00 0.000000000000000000e+00
4.801417291164398193e-01 9.714931845664978027e-01 1.920956373214721680e-02 7.639823555946350098e-01 2.084028720855712891e-02 8.741500377655029297e-01 5.471499562263488770e-01 1.883210539817810059e-01 7.671767473220825195e-01 1.000000000000000000e+00 0.000000000000000000e+00 0.000000000000000000e+00
9.052429795265197754e-01 5.628830194473266602e-01 5.750346779823303223e-01 9.584176540374755859e-01 5.688188672065734863e-01 8.692828416824340820e-01 8.167664408683776855e-01 2.287198901176452637e-01 1.173205375671386719e-01 0.000000000000000000e+00 0.000000000000000000e+00 0.000000000000000000e+00
4.836958646774291992e-01 3.583872318267822266e-01 7.461026310920715332e-01 2.310583591461181641e-01 5.729523301124572754e-01 7.402071952819824219e-01 2.133963704109191895e-01 9.995451569557189941e-01 5.458720326423645020e-01 0.000000000000000000e+00 0.000000000000000000e+00 0.000000000000000000e+00
4.977753162384033203e-01 7.391322255134582520e-01 5.391131043434143066e-01 2.052742242813110352e-01 2.534469366073608398e-01 4.989348649978637695e-01 2.707549333572387695e-01 1.604259014129638672e-01 3.660943508148193359e-01 1.000000000000000000e+00 1.000000000000000000e+00 1.000000000000000000e+00
5.787597298622131348e-01 2.220236063003540039e-01 7.638847827911376953e-01 2.305233478546142578e-01 8.148956298828125000e-02 6.776427626609802246e-01 5.819494128227233887e-01 2.520717382431030273e-01 4.852113127708435059e-01 1.000000000000000000e+00 0.000000000000000000e+00 0.000000000000000000e+00
4.513405859470367432e-01 9.541670083999633789e-01 9.430159330368041992e-01 3.186930418014526367e-01 3.986791968345642090e-01 5.355796813964843750e-01 8.694290518760681152e-01 8.885166049003601074e-01 9.287173748016357422e-01 1.000000000000000000e+00 0.000000000000000000e+00 0.000000000000000000e+00
9.738818407058715820e-01 3.290216326713562012e-01 5.696081519126892090e-01 8.700916767120361328e-01 4.074114561080932617e-02 2.268127799034118652e-01 3.908413648605346680e-02 5.057497024536132812e-01 2.130742669105529785e-01 1.000000000000000000e+00 1.000000000000000000e+00 1.000000000000000000e+00
9.695481061935424805e-01 3.781331777572631836e-01 6.388711929321289062e-01 4.007164239883422852e-01 9.746996164321899414e-01 3.780411481857299805e-01 2.323210239410400391e-03 8.211339712142944336e-01 7.498461008071899414e-01 0.000000000000000000e+00 0.000000000000000000e+00 0.000000000000000000e+00
7.272427082061767578e-01 3.116587400436401367e-01 7.976423501968383789e-01 4.860585331916809082e-01 1.444052457809448242e-01 7.307688593864440918e-01 1.133150458335876465e-01 9.727326631546020508e-01 9.458115696907043457e-01 0.000000000000000000e+00 0.000000000000000000e+00 0.000000000000000000e+00
8.102509975433349609e-01 2.112327218055725098e-01 5.183890461921691895e-01 3.855557441711425781e-01 9.247754216194152832e-01 6.008969545364379883e-01 1.646227836608886719e-01 7.312625050544738770e-01 5.799447298049926758e-01 0.000000000000000000e+00 0.000000000000000000e+00 0.000000000000000000e+00
6.814200878143310547e-01 3.412439227104187012e-01 6.057646870613098145e-01 5.343628525733947754e-01 8.896195888519287109e-02 2.303232550621032715e-01 7.776058316230773926e-01 4.052858352661132812e-01 9.914052486419677734e-01 0.000000000000000000e+00 0.000000000000000000e+00 0.000000000000000000e+00
6.990237832069396973e-01 6.123523712158203125e-01 3.640435934066772461e-01 7.426809072494506836e-01 7.138403058052062988e-01 6.976999044418334961e-01 6.581983566284179688e-01 4.708116054534912109e-01 5.330109000205993652e-01 0.000000000000000000e+00 0.000000000000000000e+00 0.000000000000000000e+00
7.627137303352355957e-01 6.727222800254821777e-01 3.034477233886718750e-01 3.513914346694946289e-01 8.940893411636352539e-01 6.484838724136352539e-01 2.525650858879089355e-01 9.713693261146545410e-01 9.717066287994384766e-01 0.000000000000000000e+00 0.000000000000000000e+00 0.000000000000000000e+00
8.534607887268066406e-01 5.034933686256408691e-01 1.141695380210876465e-01 6.220457553863525391e-01 9.618028402328491211e-01 9.253499507904052734e-01 4.631903171539306641e-01 5.670296549797058105e-01 3.355428576469421387e-01 0.000000000000000000e+00 0.000000000000000000e+00 0.000000000000000000e+00
6.341244578361511230e-01 1.079261302947998047e-03 5.167558789253234863e-01 1.596164703369140625e-02 4.049775004386901855e-01 4.555940032005310059e-01 6.325280666351318359e-02 7.727899551391601562e-01 2.311919331550598145e-01 1.000000000000000000e+00 0.000000000000000000e+00 0.000000000000000000e+00
4.920889139175415039e-01 3.272529840469360352e-01 4.482919573783874512e-01 5.703656673431396484e-01 3.388260006904602051e-01 1.276928782463073730e-01 5.080261826515197754e-01 9.951171875000000000e-01 3.927862048149108887e-01 0.000000000000000000e+00 0.000000000000000000e+00 0.000000000000000000e+00
2.889935970306396484e-01 4.293076395988464355e-01 3.774638772010803223e-01 5.577763319015502930e-01 1.569358706474304199e-01 5.771902799606323242e-01 6.871724128723144531e-01 5.699878334999084473e-01 6.286043524742126465e-01 1.000000000000000000e+00 0.000000000000000000e+00 0.000000000000000000e+00
1.950807124376296997e-01 4.417678117752075195e-01 6.137254238128662109e-01 1.487467288970947266e-01 1.364970207214355469e-01 6.619791984558105469e-01 5.555394291877746582e-01 9.705711603164672852e-01 1.409212946891784668e-01 1.000000000000000000e+00 1.000000000000000000e+00 1.000000000000000000e+00
9.858385920524597168e-01 2.343395352363586426e-01 1.392107605934143066e-01 7.359081506729125977e-01 6.771721243858337402e-01 9.167075157165527344e-03 2.530295848846435547e-01 8.144202232360839844e-01 3.953370451927185059e-01 1.000000000000000000e+00 0.000000000000000000e+00 0.000000000000000000e+00
3.764484822750091553e-01 3.596470952033996582e-01 3.078068494796752930e-01 9.396219253540039062e-02 7.383108139038085938e-01 8.101948499679565430e-01 4.986227750778198242e-01 8.767849206924438477e-02 3.102700710296630859e-01 0.000000000000000000e+00 0.000000000000000000e+00 0.000000000000000000e+00
2.525779902935028076e-01 8.389503955841064453e-01 3.591197729110717773e-02 2.508988976478576660e-01 1.759238839149475098e-01 4.904437065124511719e-01 2.468432784080505371e-01 9.735286235809326172e-02 4.779838323593139648e-01 1.000000000000000000e+00 0.000000000000000000e+00 0.000000000000000000e+00
9.582690000534057617e-01 9.298692941665649414e-01 5.157272815704345703e-01 8.958860635757446289e-01 8.240417838096618652e-01 4.905750155448913574e-01 2.892158627510070801e-01 6.698274612426757812e-02 9.937038421630859375e-01 0.000000000000000000e+00 0.000000000000000000e+00 0.000000000000000000e+00
5.633409619331359863e-01 5.756576061248779297e-01 8.609352707862854004e-01 9.643214941024780273e-02 5.139981508255004883e-01 1.797249913215637207e-01 6.177408099174499512e-01 8.996317982673645020e-01 8.080583810806274414e-01 1.000000000000000000e+00 0.000000000000000000e+00 0.000000000000000000e+00
6.579967737197875977e-01 7.425956726074218750e-01 6.039525270462036133e-01 2.349530458450317383e-01 7.504367828369140625e-01 2.570943832397460938e-01 7.495617270469665527e-01 2.908680438995361328e-01 5.333065986633300781e-02 0.000000000000000000e+00 0.000000000000000000e+00 0.000000000000000000e+00
2.414042949676513672e-01 6.517024040222167969e-01 3.446759581565856934e-01 5.152447223663330078e-01 1.661002635955810547e-03 5.756795406341552734e-01 9.733932018280029297e-01 4.074391722679138184e-01 7.588766217231750488e-01 0.000000000000000000e+00 0.000000000000000000e+00 0.000000000000000000e+00
8.692571520805358887e-01 3.007404208183288574e-01 2.311279773712158203e-01 6.458096504211425781e-01 5.950338840484619141e-01 9.073240160942077637e-01 2.565149664878845215e-01 4.061962962150573730e-01 2.898061871528625488e-01 0.000000000000000000e+00 1.000000000000000000e+00 0.000000000000000000e+00
2.266216278076171875e-01 5.353083014488220215e-01 5.117822885513305664e-01 1.649431586265563965e-01 4.238483309745788574e-01 5.899655818939208984e-01 1.450246572494506836e-01 1.653534173965454102e-02 4.099667072296142578e-01 0.000000000000000000e+00 0.000000000000000000e+00 0.000000000000000000e+00
9.659767746925354004e-01 1.639540791511535645e-01 7.294994592666625977e-02 8.774808049201965332e-01 4.263634085655212402e-01 8.310267329216003418e-01 7.788942456245422363e-01 8.097290992736816406e-02 1.551604270935058594e-02 0.000000000000000000e+00 1.000000000000000000e+00 0.000000000000000000e+00
7.245348095893859863e-01 6.156359314918518066e-01 6.867229938507080078e-02 9.700734615325927734e-01 8.679026365280151367e-02 8.655809760093688965e-01 9.574027657508850098e-01 3.274027109146118164e-01 9.531669616699218750e-01 0.000000000000000000e+00 0.000000000000000000e+00 0.000000000000000000e+00
8.581216931343078613e-01 9.002138376235961914e-01 4.130423069000244141e-02 6.927421092987060547e-01 6.831166148185729980e-01 7.356042265892028809e-01 8.090019822120666504e-01 8.162378072738647461e-01 4.144142270088195801e-01 0.000000000000000000e+00 0.000000000000000000e+00 0.000000000000000000e+00
5.362525954842567444e-02 2.504917979240417480e-01 2.239504456520080566e-01 1.592689156532287598e-01 1.173034906387329102e-01 7.746437191963195801e-01 6.581174135208129883e-01 3.401249647140502930e-01 6.180315017700195312e-01 0.000000000000000000e+00 1.000000000000000000e+00 0.000000000000000000e+00
9.992052912712097168e-01 1.948617100715637207e-01 9.443743228912353516e-01 8.918045163154602051e-01 9.371836781501770020e-01 1.215730905532836914e-01 5.704870223999023438e-01 7.567750215530395508e-01 3.657120466232299805e-02 0.000000000000000000e+00 0.000000000000000000e+00 0.000000000000000000e+00
3.597463369369506836e-01 1.696512103080749512e-01 3.419495820999145508e-01 5.286842584609985352e-02 5.045149922370910645e-01 9.699034690856933594e-01 4.817551374435424805e-02 5.751778483390808105e-01 1.628146767616271973e-01 0.000000000000000000e+00 0.000000000000000000e+00 0.000000000000000000e+00
6.244669556617736816e-01 5.231831669807434082e-01 8.619276285171508789e-01 5.271295309066772461e-01 3.341817259788513184e-01 7.248342037200927734e-01 2.302240133285522461e-01 1.039624214172363281e-02 5.811829566955566406e-01 0.000000000000000000e+00 0.000000000000000000e+00 0.000000000000000000e+00
2.963158190250396729e-01 4.430038928985595703e-01 4.576498270034790039e-01 5.054640173912048340e-01 2.276386618614196777e-01 4.002550244331359863e-01 1.460732221603393555e-01 9.676288962364196777e-01 5.228197574615478516e-01 0.000000000000000000e+00 0.000000000000000000e+00 0.000000000000000000e+00
9.914935827255249023e-01 3.955805301666259766e-01 6.388243436813354492e-01 9.227738976478576660e-01 9.108247756958007812e-01 3.757485151290893555e-01 8.045642971992492676e-01 2.229002118110656738e-01 2.699822187423706055e-01 0.000000000000000000e+00 0.000000000000000000e+00 0.000000000000000000e+00
8.623934388160705566e-01 1.715400815010070801e-01 4.412546753883361816e-01 5.499870777130126953e-01 9.592857360839843750e-01 9.225355982780456543e-01 4.362517595291137695e-02 2.180280089378356934e-01 3.861964344978332520e-01 0.000000000000000000e+00 0.000000000000000000e+00 0.000000000000000000e+00
7.302435040473937988e-01 2.985457181930541992e-01 1.656782627105712891e-01 6.684571504592895508e-01 8.595470190048217773e-01 8.607318997383117676e-01 1.789349317550659180e-01 5.015247464179992676e-01 7.090862989425659180e-01 0.000000000000000000e+00 0.000000000000000000e+00 0.000000000000000000e+00
8.638169765472412109e-01 7.226650118827819824e-01 1.682437658309936523e-01 7.802950739860534668e-01 5.168852210044860840e-01 3.672006130218505859e-01 2.528318762779235840e-01 4.339268803596496582e-01 1.675238013267517090e-01 1.000000000000000000e+00 0.000000000000000000e+00 0.000000000000000000e+00
9.447315931320190430e-01 7.266336679458618164e-02 9.214131832122802734e-01 1.614170074462890625e-01 7.048431038856506348e-01 5.135087966918945312e-01 3.558445572853088379e-01 4.916409850120544434e-01 6.191399693489074707e-01 0.000000000000000000e+00 0.000000000000000000e+00 0.000000000000000000e+00
8.524041175842285156e-01 3.697794079780578613e-01 2.227407693862915039e-02 9.600415825843811035e-01 2.484952807426452637e-01 9.621143341064453125e-01 7.264367938041687012e-01 8.078641295433044434e-01 1.569572687149047852e-01 0.000000000000000000e+00 0.000000000000000000e+00 0.000000000000000000e+00
8.879516720771789551e-01 7.652709484100341797e-01 9.857681989669799805e-01 8.912225365638732910e-01 7.445985078811645508e-01 8.342101573944091797e-01 4.023208022117614746e-01 1.930971145629882812e-01 7.283241748809814453e-01 0.000000000000000000e+00 0.000000000000000000e+00 0.000000000000000000e+00
7.576811313629150391e-01 5.151396989822387695e-02 5.017442703247070312e-01 7.923022508621215820e-01 1.843398809432983398e-02 7.860211133956909180e-01 6.398630142211914062e-02 7.728804945945739746e-01 9.563542008399963379e-01 1.000000000000000000e+00 0.000000000000000000e+00 0.000000000000000000e+00
3.847886025905609131e-01 5.033636093139648438e-01 6.737852096557617188e-02 3.289018869400024414e-01 7.558404803276062012e-01 2.864253520965576172e-01 5.382068753242492676e-01 8.011096715927124023e-02 5.813610553741455078e-02 0.000000000000000000e+00 1.000000000000000000e+00 0.000000000000000000e+00
1.769728958606719971e-01 8.212429881095886230e-01 6.555593013763427734e-02 3.306078910827636719e-02 4.202938079833984375e-02 4.596689939498901367e-01 3.664281964302062988e-01 2.542543411254882812e-02 3.055393695831298828e-02 1.000000000000000000e+00 0.000000000000000000e+00 0.000000000000000000e+00
5.318826436996459961e-01 3.317648768424987793e-01 3.627245426177978516e-01 3.276574015617370605e-01 5.362880229949951172e-01 2.044609189033508301e-01 7.018214464187622070e-02 9.286690354347229004e-01 9.638734459877014160e-01 0.000000000000000000e+00 0.000000000000000000e+00 0.000000000000000000e+00
5.357307791709899902e-01 6.718301773071289062e-02 9.033679962158203125e-04 2.999457716941833496e-01 5.332437157630920410e-01 7.595314979553222656e-01 4.463605284690856934e-01 7.991649508476257324e-01 4.583867788314819336e-01 0.000000000000000000e+00 0.000000000000000000e+00 0.000000000000000000e+00
6.081968545913696289e-01 4.541300535202026367e-01 2.606548070907592773e-01 2.356040477752685547e-01 8.859668374061584473e-01 6.487772464752197266e-01 1.288402080535888672e-02 5.808557271957397461e-01 1.382739543914794922e-01 1.000000000000000000e+00 0.000000000000000000e+00 0.000000000000000000e+00
6.425427794456481934e-01 3.167014718055725098e-01 5.166164040565490723e-01 1.761474609375000000e-01 6.448585987091064453e-01 1.741194725036621094e-02 4.013254642486572266e-01 9.654118418693542480e-01 3.910239338874816895e-01 0.000000000000000000e+00 0.000000000000000000e+00 0.000000000000000000e+00
7.465240359306335449e-01 9.253281354904174805e-01 6.961397528648376465e-01 8.525664210319519043e-01 1.454563736915588379e-01 7.389007806777954102e-01 2.845706343650817871e-01 3.542381525039672852e-02 7.028594017028808594e-01 0.000000000000000000e+00 0.000000000000000000e+00 0.000000000000000000e+00
8.938344120979309082e-01 2.574979066848754883e-01 9.915989637374877930e-02 6.266782283782958984e-01 8.983364701271057129e-01 7.584607601165771484e-01 5.477056503295898438e-01 4.231333732604980469e-03 9.450727701187133789e-02 0.000000000000000000e+00 0.000000000000000000e+00 0.000000000000000000e+00
9.502584338188171387e-01 5.679756999015808105e-01 5.999783873558044434e-01 8.961474299430847168e-01 2.619224190711975098e-01 3.289663791656494141e-02 9.154554605484008789e-01 8.242391943931579590e-01 8.726376295089721680e-01 0.000000000000000000e+00 0.000000000000000000e+00 0.000000000000000000e+00
3.955625593662261963e-01 7.283654212951660156e-01 4.062612056732177734e-01 4.044368863105773926e-01 1.117424368858337402e-01 7.355399131774902344e-01 3.593629598617553711e-02 3.155762553215026855e-01 1.663771271705627441e-01 0.000000000000000000e+00 0.000000000000000000e+00 0.000000000000000000e+00
2.336711138486862183e-01 1.821764707565307617e-01 2.251218557357788086e-01 2.249453663825988770e-01 4.273051023483276367e-01 1.723058223724365234e-01 4.781196117401123047e-01 9.096495509147644043e-01 8.232731819152832031e-01 0.000000000000000000e+00 0.000000000000000000e+00 0.000000000000000000e+00
1.901690959930419922e-01 8.643994927406311035e-01 5.295163393020629883e-01 5.219658017158508301e-01 1.043623685836791992e-01 4.611314535140991211e-01 5.419200062751770020e-01 9.485313892364501953e-01 7.665830850601196289e-02 0.000000000000000000e+00 0.000000000000000000e+00 0.000000000000000000e+00
7.468771338462829590e-01 8.206753134727478027e-01 9.876624941825866699e-01 1.167822480201721191e-01 6.779386401176452637e-01 9.058815240859985352e-02 6.415044665336608887e-01 8.349680304527282715e-01 6.741225123405456543e-01 0.000000000000000000e+00 0.000000000000000000e+00 0.000000000000000000e+00
1.582074314355850220e-01 4.299116134643554688e-02 1.335786581039428711e-01 9.935808181762695312e-02 7.637380957603454590e-01 2.069385647773742676e-01 5.395375490188598633e-01 3.843635320663452148e-01 5.081894993782043457e-01 1.000000000000000000e+00 0.000000000000000000e+00 0.000000000000000000e+00
9.785436987876892090e-01 9.234267473220825195e-02 3.596194982528686523e-01 7.753936648368835449e-01 2.624298930168151855e-01 3.148710131645202637e-01 9.453226923942565918e-01 3.069471120834350586e-01 9.899553656578063965e-01 0.000000000000000000e+00 0.000000000000000000e+00 0.000000000000000000e+00
8.053393363952636719e-01 7.231765985488891602e-02 7.011892795562744141e-01 4.301345348358154297e-01 4.354985952377319336e-01 7.308793067932128906e-01 6.488647460937500000e-01 5.546738505363464355e-01 8.306479454040527344e-02 0.000000000000000000e+00 0.000000000000000000e+00 0.000000000000000000e+00
9.952427744865417480e-01 9.415370225906372070e-02 1.560212373733520508e-01 7.638370394706726074e-01 7.296705842018127441e-01 2.187043428421020508e-02 9.347986578941345215e-01 3.463735580444335938e-01 5.512483716011047363e-01 0.000000000000000000e+00 0.000000000000000000e+00 0.000000000000000000e+00
3.110222220420837402e-01 3.873291015625000000e-01 5.139005184173583984e-01 7.748371362686157227e-02 4.987202286720275879e-01 5.906265974044799805e-01 3.487438559532165527e-01 1.128362417221069336e-01 2.083720564842224121e-01 1.000000000000000000e+00 0.000000000000000000e+00 0.000000000000000000e+00
2.455415874719619751e-01 8.878719210624694824e-01 2.106462717056274414e-01 1.535080671310424805e-01 6.349145770072937012e-01 9.061845541000366211e-01 8.243706226348876953e-01 7.445445656776428223e-01 6.572598814964294434e-01 1.000000000000000000e+00 0.000000000000000000e+00 0.000000000000000000e+00
7.742010951042175293e-01 4.242253899574279785e-01 8.333202600479125977e-01 3.692665696144104004e-01 5.314496159553527832e-01 9.686486124992370605e-01 8.255358338356018066e-01 1.424372196197509766e-02 1.074200868606567383e-02 0.000000000000000000e+00 1.000000000000000000e+00 0.000000000000000000e+00
9.940749406814575195e-01 4.268541336059570312e-01 7.533973455429077148e-02 9.768159985542297363e-01 5.601062774658203125e-01 1.448306441307067871e-01 1.754629611968994141e-02 1.600228548049926758e-01 4.742005467414855957e-01 0.000000000000000000e+00 1.000000000000000000e+00 0.000000000000000000e+00
2.028231471776962280e-01 3.817691206932067871e-01 1.835227012634277344e-04 1.571967005729675293e-01 4.430559873580932617e-01 5.814850330352783203e-01 5.504371523857116699e-01 6.701912283897399902e-01 3.516198992729187012e-01 1.000000000000000000e+00 1.000000000000000000e+00 1.000000000000000000e+00
2.200070470571517944e-01 6.179967522621154785e-01 1.370894908905029297e-01 1.691071391105651855e-01 3.584209084510803223e-01 2.418189048767089844e-01 3.358317613601684570e-01 7.277993559837341309e-01 1.475256085395812988e-01 0.000000000000000000e+00 1.000000000000000000e+00 0.000000000000000000e+00
5.994641184806823730e-01 6.575028896331787109e-01 1.872734427452087402e-01 8.547998070716857910e-01 3.645422458648681641e-01 7.840303182601928711e-01 5.759646892547607422e-01 1.708568334579467773e-01 8.888204693794250488e-01 1.000000000000000000e+00 0.000000000000000000e+00 0.000000000000000000e+00
9.736499786376953125e-01 4.671831130981445312e-01 5.064415931701660156e-01 7.317196130752563477e-01 8.699576854705810547e-01 3.185529708862304688e-01 6.417185664176940918e-01 3.753662109375000000e-03 8.673651218414306641e-01 0.000000000000000000e+00 0.000000000000000000e+00 0.000000000000000000e+00
9.945098161697387695e-01 1.898344159126281738e-01 9.191327691078186035e-01 8.725900053977966309e-01 1.605227589607238770e-01 2.511048316955566406e-02 3.529042005538940430e-01 8.123803138732910156e-01 6.782839894294738770e-01 0.000000000000000000e+00 0.000000000000000000e+00 0.000000000000000000e+00
2.364697158336639404e-01 2.844339013099670410e-01 3.287472724914550781e-01 1.632570028305053711e-01 5.600771307945251465e-01 4.367365837097167969e-01 6.768048405647277832e-01 3.378309607505798340e-01 2.553427815437316895e-01 0.000000000000000000e+00 0.000000000000000000e+00 0.000000000000000000e+00
7.182883620262145996e-01 7.935255765914916992e-01 7.687259912490844727e-01 1.878806948661804199e-01 6.740552186965942383e-01 4.361117482185363770e-01 9.049956202507019043e-01 3.129305839538574219e-01 9.389779567718505859e-01 0.000000000000000000e+00 0.000000000000000000e+00 0.000000000000000000e+00
4.723406732082366943e-01 8.169007301330566406e-01 4.653327465057373047e-01 2.750807404518127441e-01 7.470696568489074707e-01 6.059392690658569336e-01 6.645500063896179199e-01 9.773967862129211426e-01 9.657045006752014160e-01 0.000000000000000000e+00 0.000000000000000000e+00 0.000000000000000000e+00
4.567292928695678711e-01 3.636241555213928223e-01 5.542584061622619629e-01 5.275127291679382324e-01 5.027453303337097168e-01 3.621412515640258789e-01 8.489511013031005859e-01 1.277130246162414551e-01 3.339725732803344727e-02 0.000000000000000000e+00 1.000000000000000000e+00 0.000000000000000000e+00
6.058158278465270996e-01 2.836896777153015137e-01 4.932871460914611816e-01 2.211744785308837891e-01 5.955111980438232422e-01 9.963513016700744629e-01 8.137655258178710938e-01 6.904985904693603516e-01 3.825833201408386230e-01 0.000000000000000000e+00 0.000000000000000000e+00 0.000000000000000000e+00
4.314247071743011475e-01 6.120960712432861328e-01 6.617377996444702148e-01 6.651425361633300781e-01 2.420989274978637695e-01 9.161458015441894531e-01 5.332990288734436035e-01 2.866458892822265625e-02 8.108938932418823242e-01 1.000000000000000000e+00 0.000000000000000000e+00 0.000000000000000000e+00
7.516543269157409668e-01 4.983309507369995117e-01 7.657057046890258789e-02 8.890575766563415527e-01 1.410197019577026367e-01 6.944955587387084961e-01 9.268236756324768066e-01 4.829247593879699707e-01 5.551058053970336914e-01 0.000000000000000000e+00 0.000000000000000000e+00 0.000000000000000000e+00
4.713100492954254150e-01 7.866824269294738770e-01 6.731227636337280273e-01 7.043394446372985840e-01 1.063718199729919434e-01 4.910057783126831055e-01 7.839246988296508789e-01 7.250540852546691895e-01 1.871614456176757812e-01 1.000000000000000000e+00 0.000000000000000000e+00 0.000000000000000000e+00
6.171694397926330566e-01 1.859583258628845215e-01 9.291028380393981934e-01 3.250515460968017578e-02 1.410781145095825195e-01 5.987864136695861816e-01 9.480654597282409668e-01 3.752311468124389648e-01 4.899202585220336914e-01 0.000000000000000000e+00 0.000000000000000000e+00 0.000000000000000000e+00
9.957891106605529785e-01 1.819224357604980469e-01 5.609732270240783691e-01 9.018969535827636719e-01 7.470839619636535645e-01 4.477375149726867676e-01 1.490585803985595703e-01 6.289895772933959961e-01 7.038344144821166992e-01 0.000000000000000000e+00 1.000000000000000000e+00 0.000000000000000000e+00
5.029678940773010254e-01 3.620709776878356934e-01 5.938878059387207031e-01 5.013715028762817383e-01 8.803123235702514648e-02 5.728629231452941895e-01 6.983259916305541992e-01 8.424993753433227539e-01 4.191757440567016602e-01 0.000000000000000000e+00 0.000000000000000000e+00 0.000000000000000000e+00
9.565628170967102051e-01 2.942367792129516602e-01 3.296366930007934570e-01 7.450955510139465332e-01 9.362719058990478516e-01 8.184892535209655762e-01 2.698510885238647461e-02 7.230162620544433594e-02 2.950036525726318359e-02 0.000000000000000000e+00 1.000000000000000000e+00 0.000000000000000000e+00
8.226192593574523926e-01 1.657373309135437012e-01 7.255309224128723145e-01 6.401122808456420898e-01 6.515133380889892578e-02 2.348008155822753906e-01 9.692735671997070312e-01 1.115989685058593750e-01 3.026853799819946289e-01 0.000000000000000000e+00 0.000000000000000000e+00 0.000000000000000000e+00
8.322163820266723633e-01 4.328359961509704590e-01 8.404909372329711914e-01 2.327634096145629883e-01 4.020375609397888184e-01 7.078515291213989258e-01 3.403286933898925781e-01 8.912888765335083008e-01 1.556263566017150879e-01 0.000000000000000000e+00 0.000000000000000000e+00 0.000000000000000000e+00
3.463149368762969971e-01 8.748700022697448730e-01 5.021274089813232422e-02 6.524767875671386719e-01 7.553827762603759766e-02 6.048874258995056152e-01 1.252002716064453125e-01 6.313560605049133301e-01 9.079037904739379883e-01 1.000000000000000000e+00 0.000000000000000000e+00 0.000000000000000000e+00
5.633046627044677734e-01 6.355307698249816895e-01 3.247550725936889648e-01 6.087843179702758789e-01 1.975397467613220215e-01 5.946545004844665527e-01 6.778181791305541992e-01 3.175634741783142090e-01 6.918972730636596680e-01 1.000000000000000000e+00 0.000000000000000000e+00 0.000000000000000000e+00
5.559133291244506836e-01 5.273060798645019531e-01 1.599287986755371094e-02 3.871465325355529785e-01 8.032462596893310547e-01 3.818987607955932617e-01 9.245026707649230957e-01 9.777040481567382812e-01 7.793888449668884277e-01 0.000000000000000000e+00 0.000000000000000000e+00 0.000000000000000000e+00
5.983656048774719238e-01 6.428823471069335938e-01 7.648624181747436523e-01 1.829092502593994141e-01 7.078784704208374023e-01 5.308447480201721191e-01 8.186938166618347168e-01 5.393929481506347656e-01 7.974606156349182129e-01 0.000000000000000000e+00 0.000000000000000000e+00 0.000000000000000000e+00
6.532527208328247070e-01 9.669438600540161133e-01 6.841427087783813477e-01 3.665724396705627441e-01 6.575980782508850098e-01 1.770631074905395508e-01 8.166180253028869629e-01 7.201280593872070312e-01 2.023672461509704590e-01 1.000000000000000000e+00 0.000000000000000000e+00 0.000000000000000000e+00
6.817970275878906250e-01 7.264226078987121582e-01 3.246224522590637207e-01 4.176059961318969727e-01 5.375795960426330566e-01 6.889411807060241699e-01 6.727599501609802246e-01 8.316487669944763184e-01 2.159212827682495117e-01 0.000000000000000000e+00 0.000000000000000000e+00 0.000000000000000000e+00
7.330825328826904297e-01 4.730054736137390137e-01 6.924207806587219238e-01 6.385451555252075195e-01 6.557341814041137695e-01 7.451418042182922363e-01 7.245044112205505371e-01 8.780995607376098633e-01 5.001699924468994141e-02 0.000000000000000000e+00 0.000000000000000000e+00 0.000000000000000000e+00
1.988678723573684692e-01 6.389858722686767578e-01 6.602553129196166992e-01 1.595421433448791504e-01 1.364645361900329590e-01 5.063036680221557617e-01 5.057840943336486816e-01 6.302806138992309570e-01 5.937040448188781738e-01 0.000000000000000000e+00 0.000000000000000000e+00 0.000000000000000000e+00
6.481355428695678711e-01 9.532120823860168457e-01 1.713667511940002441e-01 8.415567874908447266e-01 3.098630905151367188e-01 8.972835540771484375e-01 8.285570144653320312e-01 9.296446442604064941e-01 9.599275588989257812e-01 0.000000000000000000e+00 0.000000000000000000e+00 0.000000000000000000e+00
5.087292194366455078e-01 6.533647775650024414e-01 1.542570590972900391e-01 4.805720448493957520e-01 3.559470772743225098e-01 8.763599395751953125e-02 1.939397454261779785e-01 3.897234201431274414e-01 5.458956956863403320e-02 0.000000000000000000e+00 0.000000000000000000e+00 0.000000000000000000e+00
9.946213960647583008e-01 1.701388955116271973e-01 9.589223265647888184e-01 8.163093924522399902e-01 4.563505053520202637e-01 3.522005677223205566e-01 2.521174550056457520e-01 2.326016426086425781e-01 2.502362132072448730e-01 0.000000000000000000e+00 1.000000000000000000e+00 0.000000000000000000e+00
7.047609090805053711e-01 9.385139346122741699e-01 4.811037182807922363e-01 1.243771910667419434e-01 7.490808367729187012e-01 4.245305061340332031e-02 4.059903621673583984e-01 7.862811684608459473e-01 5.102841854095458984e-01 1.000000000000000000e+00 0.000000000000000000e+00 0.000000000000000000e+00
9.749572277069091797e-01 1.710752844810485840e-01 5.486132502555847168e-01 7.287174463272094727e-01 8.761818408966064453e-01 5.585144162178039551e-01 1.778418421745300293e-01 7.579002976417541504e-01 8.509893417358398438e-01 1.000000000000000000e+00 0.000000000000000000e+00 0.000000000000000000e+00
4.329577386379241943e-01 8.282403349876403809e-01 9.199668765068054199e-01 2.260074615478515625e-01 9.705501794815063477e-02 1.322960853576660156e-01 3.522609472274780273e-01 7.891014814376831055e-01 5.529067516326904297e-01 1.000000000000000000e+00 0.000000000000000000e+00 0.000000000000000000e+00
9.765416383743286133e-01 3.519662618637084961e-01 9.515724778175354004e-01 6.572951674461364746e-01 3.397667407989501953e-01 4.798078536987304688e-02 3.839657306671142578e-01 3.041122555732727051e-01 6.655721664428710938e-01 0.000000000000000000e+00 0.000000000000000000e+00 0.000000000000000000e+00
3.993411362171173096e-02 5.555737018585205078e-02 7.035601139068603516e-02 1.680233478546142578e-01 7.261222600936889648e-02 7.259348630905151367e-01 1.030414104461669922e-01 3.463662266731262207e-01 6.732680201530456543e-01 0.000000000000000000e+00 1.000000000000000000e+00 0.000000000000000000e+00
6.516977548599243164e-01 2.922881245613098145e-01 5.098438262939453125e-01 5.960392951965332031e-01 3.002986311912536621e-01 3.695023059844970703e-02 9.393088221549987793e-01 2.450066804885864258e-02 5.770885944366455078e-01 0.000000000000000000e+00 0.000000000000000000e+00 0.000000000000000000e+00
9.196767210960388184e-01 3.244566321372985840e-01 8.961917161941528320e-01 1.017159819602966309e-01 5.173626542091369629e-01 2.948001027107238770e-01 4.474042654037475586e-01 9.301842451095581055e-01 6.305907368659973145e-01 0.000000000000000000e+00 0.000000000000000000e+00 0.000000000000000000e+00
9.082040190696716309e-01 2.477447986602783203e-01 7.374094128608703613e-01 4.987022876739501953e-01 7.509864568710327148e-01 8.194639682769775391e-01 8.513276576995849609e-01 5.076736807823181152e-01 9.942218065261840820e-01 0.000000000000000000e+00 0.000000000000000000e+00 0.000000000000000000e+00
9.869595170021057129e-01 8.094769716262817383e-02 8.967639207839965820e-01 8.695155978202819824e-01 8.674657940864562988e-01 9.286138415336608887e-01 3.560144901275634766e-01 1.493030786514282227e-01 3.029656410217285156e-02 1.000000000000000000e+00 0.000000000000000000e+00 0.000000000000000000e+00
9.918531775474548340e-01 2.583771347999572754e-01 5.632442235946655273e-02 9.972229003906250000e-01 5.296855568885803223e-01 3.183931708335876465e-01 6.090139150619506836e-01 4.124590158462524414e-01 2.682614326477050781e-02 0.000000000000000000e+00 0.000000000000000000e+00 0.000000000000000000e+00
8.885593414306640625e-01 1.541469097137451172e-01 8.545724749565124512e-01 3.951042890548706055e-01 4.959337115287780762e-01 4.312440752983093262e-01 3.683945536613464355e-01 8.300423622131347656e-02 1.021950244903564453e-01 0.000000000000000000e+00 0.000000000000000000e+00 0.000000000000000000e+00
4.220155477523803711e-01 6.059557199478149414e-01 9.280976057052612305e-01 2.739508748054504395e-01 3.353214859962463379e-01 8.911778330802917480e-01 3.742350935935974121e-01 2.093207836151123047e-01 2.948733568191528320e-01 1.000000000000000000e+00 0.000000000000000000e+00 0.000000000000000000e+00
9.793190360069274902e-01 7.432243824005126953e-01 8.562297821044921875e-01 8.736547827720642090e-01 9.553088545799255371e-01 6.402426958084106445e-02 9.157001972198486328e-01 6.153184175491333008e-01 7.431129813194274902e-01 0.000000000000000000e+00 0.000000000000000000e+00 0.000000000000000000e+00
7.942996621131896973e-01 1.030425429344177246e-01 4.689024686813354492e-01 9.183502197265625000e-02 8.204985857009887695e-01 2.355947494506835938e-01 1.588947772979736328e-01 8.529139757156372070e-01 8.357939720153808594e-01 0.000000000000000000e+00 0.000000000000000000e+00 0.000000000000000000e+00
8.502368927001953125e-01 3.998329639434814453e-01 7.680652737617492676e-01 5.565209388732910156e-01 2.604233026504516602e-01 3.296273350715637207e-01 3.502839803695678711e-01 3.315354585647583008e-01 4.603855013847351074e-01 1.000000000000000000e+00 0.000000000000000000e+00 0.000000000000000000e+00
9.704678058624267578e-01 5.349665880203247070e-02 1.675066351890563965e-01 8.848081231117248535e-01 3.117505908012390137e-01 7.368428111076354980e-01 7.973968982696533203e-03 9.387149810791015625e-01 7.802242636680603027e-01 0.000000000000000000e+00 0.000000000000000000e+00 0.000000000000000000e+00
9.092341661453247070e-01 2.147413492202758789e-01 1.017358899116516113e-01 7.700917124748229980e-01 4.422677159309387207e-01 5.264391899108886719e-01 1.397429704666137695e-01 4.192337393760681152e-01 7.834420800209045410e-01 1.000000000000000000e+00 1.000000000000000000e+00 1.000000000000000000e+00
6.203728914260864258e-01 7.121357321739196777e-01 6.373493075370788574e-01 5.346894860267639160e-01 3.867056965827941895e-01 2.330827713012695312e-02 4.191243648529052734e-01 6.858744621276855469e-01 7.309752106666564941e-01 1.000000000000000000e+00 0.000000000000000000e+00 0.000000000000000000e+00
9.579361081123352051e-01 2.492536306381225586e-01 8.250372409820556641e-01 5.640591382980346680e-01 5.947964787483215332e-01 4.574083685874938965e-01 1.760714054107666016e-01 3.479024767875671387e-01 9.271766543388366699e-01 0.000000000000000000e+00 0.000000000000000000e+00 0.000000000000000000e+00
6.810618638992309570e-01 4.367287158966064453e-01 7.074208259582519531e-01 4.674283266067504883e-01 5.966815948486328125e-01 9.002087712287902832e-01 5.909968018531799316e-01 9.153050184249877930e-02 5.527751445770263672e-01 0.000000000000000000e+00 0.000000000000000000e+00 0.000000000000000000e+00
8.177780508995056152e-01 9.437460303306579590e-01 8.071035146713256836e-01 5.179649591445922852e-01 8.415678739547729492e-01 4.463899135589599609e-02 3.088331818580627441e-01 3.481997251510620117e-01 1.808781623840332031e-01 0.000000000000000000e+00 0.000000000000000000e+00 0.000000000000000000e+00
8.890631794929504395e-01 3.126584887504577637e-01 7.935710549354553223e-01 7.882377505302429199e-01 4.835139513015747070e-01 9.651812314987182617e-01 6.279617547988891602e-02 6.509444713592529297e-01 2.367109656333923340e-01 0.000000000000000000e+00 0.000000000000000000e+00 0.000000000000000000e+00
8.501907587051391602e-01 5.227033495903015137e-01 6.246007084846496582e-01 6.986313462257385254e-01 6.087694168090820312e-01 4.988157749176025391e-01 1.757422685623168945e-01 9.707925319671630859e-01 8.023290038108825684e-01 0.000000000000000000e+00 0.000000000000000000e+00 0.000000000000000000e+00
5.856016874313354492e-01 5.666247606277465820e-01 5.850589275360107422e-01 2.945853471755981445e-01 4.895974993705749512e-01 2.689366340637207031e-01 9.810919165611267090e-01 6.264963746070861816e-01 7.914447784423828125e-01 1.000000000000000000e+00 0.000000000000000000e+00 0.000000000000000000e+00
6.223745346069335938e-01 7.725983858108520508e-01 6.826837658882141113e-01 1.044964790344238281e-01 9.325654506683349609e-01 9.699331521987915039e-01 1.473289728164672852e-02 5.704700946807861328e-02 1.084228157997131348e-01 1.000000000000000000e+00 0.000000000000000000e+00 0.000000000000000000e+00
4.755349755287170410e-01 7.840555906295776367e-01 6.626512408256530762e-01 8.187720179557800293e-01 6.853669881820678711e-02 5.559827089309692383e-01 7.552608847618103027e-01 8.985912203788757324e-01 8.590256571769714355e-01 1.000000000000000000e+00 0.000000000000000000e+00 0.000000000000000000e+00
2.417820841073989868e-01 8.378307223320007324e-01 6.569370031356811523e-01 5.466140508651733398e-01 1.500809788703918457e-01 3.828945159912109375e-01 1.271069049835205078e-02 7.643586397171020508e-02 1.438730359077453613e-01 0.000000000000000000e+00 0.000000000000000000e+00 0.000000000000000000e+00
4.694533944129943848e-01 3.565192818641662598e-01 1.280063986778259277e-01 5.522443056106567383e-01 1.122662425041198730e-01 9.768029451370239258e-01 5.039930343627929688e-01 4.633954167366027832e-01 2.306353449821472168e-01 0.000000000000000000e+00 0.000000000000000000e+00 0.000000000000000000e+00
4.635396301746368408e-01 6.656931638717651367e-01 8.840328454971313477e-02 2.718794941902160645e-01 6.430091261863708496e-01 6.620715856552124023e-01 3.364385366439819336e-01 5.852351784706115723e-01 6.640701889991760254e-01 1.000000000000000000e+00 0.000000000000000000e+00 0.000000000000000000e+00
6.976089477539062500e-01 8.331321477890014648e-01 6.941938400268554688e-01 9.327455759048461914e-01 1.933428049087524414e-01 5.608417391777038574e-01 4.577777385711669922e-01 1.362541913986206055e-01 6.677179336547851562e-01 0.000000000000000000e+00 0.000000000000000000e+00 0.000000000000000000e+00
7.859959602355957031e-01 8.180885910987854004e-01 4.616231322288513184e-01 9.376044273376464844e-01 5.046848058700561523e-01 8.210949897766113281e-01 8.379919528961181641e-01 4.811089038848876953e-01 1.180718541145324707e-01 0.000000000000000000e+00 0.000000000000000000e+00 0.000000000000000000e+00
9.443549513816833496e-01 6.159753799438476562e-01 3.981131315231323242e-01 8.233364820480346680e-01 7.525895833969116211e-01 2.103565335273742676e-01 8.967173695564270020e-01 6.524943709373474121e-01 3.036009073257446289e-01 0.000000000000000000e+00 0.000000000000000000e+00 0.000000000000000000e+00
7.239605784416198730e-01 6.779696345329284668e-01 4.318118095397949219e-02 6.379170417785644531e-01 3.616716265678405762e-01 9.212552309036254883e-01 6.619021296501159668e-01 7.997661232948303223e-01 7.461147308349609375e-01 0.000000000000000000e+00 0.000000000000000000e+00 0.000000000000000000e+00
6.299574375152587891e-01 9.676991105079650879e-01 8.472158908843994141e-01 5.064215064048767090e-01 7.476634979248046875e-01 4.835782051086425781e-01 5.690413117408752441e-01 9.816807508468627930e-02 5.490956306457519531e-01 0.000000000000000000e+00 0.000000000000000000e+00 0.000000000000000000e+00
5.377146974205970764e-02 1.598556041717529297e-01 2.840578556060791016e-03 8.579850196838378906e-02 4.350093603134155273e-01 1.653524041175842285e-01 3.001998066902160645e-01 1.840606331825256348e-01 2.668986320495605469e-01 1.000000000000000000e+00 0.000000000000000000e+00 0.000000000000000000e+00
9.131504297256469727e-01 7.236925363540649414e-01 6.619471311569213867e-02 7.640952467918395996e-01 7.755680084228515625e-01 9.884222149848937988e-01 8.920148611068725586e-01 1.659284830093383789e-01 3.534844517707824707e-01 0.000000000000000000e+00 0.000000000000000000e+00 0.000000000000000000e+00
9.413210749626159668e-01 4.812608957290649414e-01 3.944654464721679688e-01 9.244303703308105469e-01 5.970104336738586426e-01 5.651423931121826172e-01 3.763761520385742188e-01 5.773270130157470703e-01 3.888047337532043457e-01 0.000000000000000000e+00 0.000000000000000000e+00 0.000000000000000000e+00
4.047982394695281982e-01 3.439501523971557617e-01 6.871253848075866699e-01 2.357829809188842773e-01 2.689353227615356445e-01 6.283833384513854980e-01 4.210023283958435059e-01 5.915109515190124512e-01 1.909301877021789551e-01 1.000000000000000000e+00 1.000000000000000000e+00 1.000000000000000000e+00
7.998290657997131348e-01 3.999417424201965332e-01 4.042229652404785156e-01 6.543179750442504883e-01 5.102780461311340332e-01 9.304963350296020508e-01 8.808755278587341309e-01 8.551262617111206055e-01 8.903465270996093750e-01 1.000000000000000000e+00 0.000000000000000000e+00 0.000000000000000000e+00
9.406628012657165527e-01 3.890557885169982910e-01 4.633555412292480469e-01 7.268295884132385254e-01 9.309326410293579102e-01 9.907976388931274414e-01 9.938702583312988281e-01 8.429085612297058105e-01 6.728653311729431152e-01 0.000000000000000000e+00 0.000000000000000000e+00 0.000000000000000000e+00
4.686478972434997559e-01 2.705584764480590820e-01 4.231438040733337402e-01 2.874076962471008301e-01 5.823130011558532715e-01 7.194876670837402344e-01 2.224814891815185547e-02 9.801573753356933594e-01 4.057558774948120117e-01 1.000000000000000000e+00 0.000000000000000000e+00 0.000000000000000000e+00
8.498502373695373535e-01 9.489662647247314453e-01 4.366793632507324219e-01 8.392134308815002441e-01 7.815240621566772461e-01 5.143738985061645508e-01 1.816083192825317383e-01 2.768061161041259766e-01 7.966943979263305664e-01 1.000000000000000000e+00 0.000000000000000000e+00 0.000000000000000000e+00
5.174387097358703613e-01 2.814561128616333008e-02 5.080270171165466309e-01 2.324554324150085449e-01 4.624741077423095703e-01 7.142407894134521484e-01 7.429178953170776367e-01 6.127111911773681641e-01 2.793498635292053223e-01 1.000000000000000000e+00 0.000000000000000000e+00 0.000000000000000000e+00
5.000578761100769043e-01 6.384884119033813477e-01 9.069271683692932129e-01 2.825212478637695312e-02 3.180099129676818848e-01 9.838770627975463867e-01 7.645336389541625977e-01 6.044405102729797363e-01 9.693790674209594727e-01 1.000000000000000000e+00 0.000000000000000000e+00 0.000000000000000000e+00
9.777573943138122559e-01 1.274033188819885254e-01 8.356577157974243164e-01 9.832360744476318359e-01 6.395193338394165039e-01 8.264293074607849121e-01 9.467974305152893066e-01 5.971871614456176758e-01 6.151494979858398438e-01 1.000000000000000000e+00 0.000000000000000000e+00 0.000000000000000000e+00
4.588707685470581055e-01 5.641726851463317871e-01 5.868754982948303223e-01 5.316995978355407715e-01 6.223205924034118652e-01 3.262864351272583008e-01 2.687529921531677246e-01 3.250075578689575195e-01 2.468441724777221680e-01 0.000000000000000000e+00 0.000000000000000000e+00 0.000000000000000000e+00
5.324243307113647461e-01 6.905446648597717285e-01 9.091052412986755371e-01 2.029460072517395020e-01 9.535877108573913574e-01 8.214966654777526855e-01 4.468893408775329590e-01 3.809592723846435547e-01 7.802783250808715820e-01 1.000000000000000000e+00 0.000000000000000000e+00 0.000000000000000000e+00
1.695014089345932007e-01 2.792911529541015625e-01 2.267130613327026367e-01 9.926551580429077148e-02 4.320424795150756836e-01 8.901461958885192871e-01 2.081394195556640625e-03 4.360354542732238770e-01 5.333054661750793457e-01 1.000000000000000000e+00 0.000000000000000000e+00 0.000000000000000000e+00
2.532773315906524658e-01 7.778961658477783203e-01 4.434495568275451660e-01 1.326358318328857422e-02 1.286044120788574219e-01 3.917328715324401855e-01 6.468718647956848145e-01 7.486314773559570312e-01 9.636296033859252930e-01 0.000000000000000000e+00 0.000000000000000000e+00 0.000000000000000000e+00
5.768759250640869141e-01 3.031122684478759766e-01 2.444268465042114258e-01 6.014140248298645020e-01 1.370320916175842285e-01 9.460778236389160156e-01 9.729069471359252930e-01 5.342738628387451172e-01 8.307645320892333984e-01 0.000000000000000000e+00 0.000000000000000000e+00 0.000000000000000000e+00
2.185962796211242676e-01 8.446372747421264648e-01 2.576992511749267578e-01 1.927107572555541992e-02 9.805071353912353516e-02 9.842975139617919922e-01 1.547639369964599609e-01 8.615370392799377441e-01 1.620889306068420410e-01 0.000000000000000000e+00 0.000000000000000000e+00 0.000000000000000000e+00
4.223143756389617920e-01 5.136349797248840332e-01 5.778911709785461426e-01 2.748031616210937500e-01 3.947807550430297852e-01 9.303786754608154297e-01 1.906336545944213867e-01 9.960728883743286133e-01 6.750968694686889648e-01 0.000000000000000000e+00 0.000000000000000000e+00 0.000000000000000000e+00
9.917203187942504883e-01 4.895129203796386719e-01 4.931982159614562988e-01 9.161729812622070312e-01 8.798321485519409180e-01 4.609596729278564453e-02 7.613580822944641113e-01 2.615015506744384766e-01 2.711862325668334961e-02 0.000000000000000000e+00 0.000000000000000000e+00 0.000000000000000000e+00
9.818181395530700684e-01 1.852667927742004395e-01 4.172853231430053711e-01 7.983925938606262207e-01 6.009588241577148438e-01 2.671759724617004395e-01 9.408100843429565430e-01 8.245468735694885254e-01 2.532761096954345703e-01 0.000000000000000000e+00 0.000000000000000000e+00 0.000000000000000000e+00
4.605481326580047607e-01 6.914325356483459473e-01 2.462055087089538574e-01 2.398805022239685059e-01 6.904160976409912109e-01 9.732049107551574707e-01 1.286868453025817871e-01 2.260614037513732910e-01 3.275334835052490234e-03 1.000000000000000000e+00 0.000000000000000000e+00 0.000000000000000000e+00
9.758145213127136230e-01 4.284328222274780273e-02 1.021513938903808594e-01 7.818909883499145508e-01 2.239070534706115723e-01 2.291604876518249512e-01 8.305127024650573730e-01 3.256826996803283691e-01 7.533635497093200684e-01 0.000000000000000000e+00 0.000000000000000000e+00 0.000000000000000000e+00
8.813536167144775391e-01 2.299062013626098633e-01 8.972270488739013672e-01 3.515666723251342773e-02 4.685918688774108887e-01 3.976944088935852051e-01 5.192012190818786621e-01 2.163130640983581543e-01 3.162946701049804688e-01 0.000000000000000000e+00 0.000000000000000000e+00 0.000000000000000000e+00
7.562436461448669434e-01 5.570917725563049316e-01 9.252801537513732910e-01 4.044250845909118652e-01 5.199719667434692383e-01 6.333722472190856934e-01 4.136331081390380859e-01 5.481517314910888672e-01 8.097932338714599609e-01 1.000000000000000000e+00 0.000000000000000000e+00 0.000000000000000000e+00
4.581670463085174561e-01 3.301869034767150879e-01 2.703614830970764160e-01 1.418608427047729492e-01 7.464853525161743164e-01 8.161423206329345703e-01 9.572920799255371094e-01 4.846038818359375000e-01 6.041109561920166016e-03 1.000000000000000000e+00 1.000000000000000000e+00 1.000000000000000000e+00
4.488568603992462158e-01 9.455057978630065918e-01 9.084284305572509766e-02 3.561726212501525879e-01 6.898814439773559570e-01 6.421779990196228027e-01 1.320112347602844238e-01 9.237315058708190918e-01 9.355217218399047852e-02 0.000000000000000000e+00 0.000000000000000000e+00 0.000000000000000000e+00
6.939586400985717773e-01 4.710893034934997559e-01 3.766403794288635254e-01 6.208897829055786133e-01 6.411905288696289062e-01 6.265674233436584473e-01 3.162181377410888672e-02 2.243377566337585449e-01 2.587196826934814453e-01 1.000000000000000000e+00 0.000000000000000000e+00 0.000000000000000000e+00
9.015691876411437988e-01 7.156339287757873535e-01 7.404553890228271484e-01 9.696686267852783203e-01 3.175311088562011719e-01 5.706956386566162109e-01 4.669392108917236328e-02 1.024435162544250488e-01 2.304920554161071777e-01 0.000000000000000000e+00 0.000000000000000000e+00 0.000000000000000000e+00
1.981258243322372437e-01 9.850794076919555664e-02 6.418347358703613281e-03 3.676754236221313477e-01 1.109023690223693848e-01 7.973070740699768066e-01 9.450946450233459473e-01 1.187182068824768066e-01 4.525291919708251953e-02 0.000000000000000000e+00 0.000000000000000000e+00 0.000000000000000000e+00
6.680857539176940918e-01 8.194801807403564453e-01 6.725108623504638672e-02 7.506173253059387207e-01 8.685377240180969238e-01 6.708090901374816895e-01 8.616860508918762207e-01 8.841664791107177734e-01 5.756221413612365723e-01 0.000000000000000000e+00 0.000000000000000000e+00 0.000000000000000000e+00
5.174218416213989258e-01 2.941381931304931641e-02 4.655343294143676758e-02 2.544597387313842773e-01 7.997500896453857422e-01 2.135440111160278320e-01 3.605558276176452637e-01 4.989136457443237305e-01 7.842926979064941406e-01 1.000000000000000000e+00 0.000000000000000000e+00 0.000000000000000000e+00
9.286512732505798340e-01 6.500480175018310547e-01 6.961047053337097168e-01 9.709429740905761719e-01 8.474025726318359375e-01 7.477024793624877930e-01 5.153477191925048828e-01 1.952944397926330566e-01 6.055831909179687500e-03 0.000000000000000000e+00 1.000000000000000000e+00 0.000000000000000000e+00
9.987335801124572754e-01 1.006186604499816895e-01 3.629983067512512207e-01 9.760219454765319824e-01 3.969492316246032715e-01 1.327441930770874023e-01 3.953365683555603027e-01 4.868448376655578613e-01 7.489978075027465820e-01 0.000000000000000000e+00 0.000000000000000000e+00 0.000000000000000000e+00
9.943360686302185059e-01 6.177681684494018555e-02 8.403599262237548828e-03 9.918915629386901855e-01 4.695307016372680664e-01 5.675081610679626465e-01 6.750363111495971680e-01 1.303367018699645996e-01 8.451139926910400391e-01 0.000000000000000000e+00 1.000000000000000000e+00 0.000000000000000000e+00
9.916743636131286621e-01 4.289320707321166992e-01 4.583933949470520020e-01 8.898866176605224609e-01 7.898364663124084473e-01 1.748002767562866211e-01 8.662156462669372559e-01 2.212327718734741211e-01 2.150493860244750977e-01 0.000000000000000000e+00 1.000000000000000000e+00 0.000000000000000000e+00
3.795071542263031006e-01 3.481879830360412598e-01 2.661592960357666016e-01 2.816238999366760254e-01 4.633885622024536133e-02 7.728689908981323242e-01 8.106613755226135254e-01 5.417338013648986816e-01 3.018075227737426758e-02 0.000000000000000000e+00 0.000000000000000000e+00 0.000000000000000000e+00
4.355326890945434570e-01 7.222540974617004395e-01 4.928367733955383301e-01 3.471046686172485352e-02 5.563685297966003418e-01 7.757159471511840820e-01 4.206507802009582520e-01 1.012265682220458984e-01 5.913652777671813965e-01 0.000000000000000000e+00 0.000000000000000000e+00 0.000000000000000000e+00
6.316637396812438965e-01 8.710877895355224609e-01 2.335046529769897461e-01 7.930404543876647949e-01 4.163730144500732422e-02 2.154999971389770508e-02 4.191024899482727051e-01 3.469918370246887207e-01 2.639238834381103516e-01 1.000000000000000000e+00 0.000000000000000000e+00 0.000000000000000000e+00
5.222758650779724121e-01 8.220649361610412598e-01 8.730921149253845215e-01 3.795804381370544434e-01 3.368255496025085449e-01 5.421408414840698242e-01 7.517964243888854980e-01 7.319952249526977539e-01 9.769895672798156738e-01 1.000000000000000000e+00 0.000000000000000000e+00 0.000000000000000000e+00
2.317409515380859375e-01 4.608423113822937012e-01 3.756887912750244141e-01 4.643201828002929688e-02 6.194604635238647461e-01 7.431602478027343750e-01 2.449473738670349121e-01 5.735186934471130371e-01 5.298010706901550293e-01 0.000000000000000000e+00 0.000000000000000000e+00 0.000000000000000000e+00
3.621883988380432129e-01 6.896458864212036133e-01 4.793418049812316895e-01 8.373584747314453125e-01 6.516623497009277344e-02 8.407935500144958496e-01 2.091040611267089844e-01 4.452509880065917969e-01 2.686588168144226074e-01 0.000000000000000000e+00 0.000000000000000000e+00 0.000000000000000000e+00
7.557669281959533691e-01 4.003217816352844238e-01 6.354120373725891113e-01 7.671781778335571289e-01 2.762269973754882812e-02 5.307122468948364258e-01 7.021028995513916016e-01 5.720001459121704102e-01 2.220728397369384766e-01 0.000000000000000000e+00 0.000000000000000000e+00 0.000000000000000000e+00
9.018837809562683105e-01 1.842834353446960449e-01 9.229466319084167480e-01 3.653088808059692383e-01 2.835358381271362305e-01 4.429033994674682617e-01 1.826476454734802246e-01 9.754864573478698730e-01 4.418666958808898926e-01 1.000000000000000000e+00 0.000000000000000000e+00 0.000000000000000000e+00
4.627234637737274170e-01 6.765318512916564941e-01 7.857776284217834473e-01 1.486409306526184082e-01 3.260900378227233887e-01 1.287740468978881836e-01 8.591539263725280762e-01 6.190698742866516113e-01 6.861467361450195312e-01 0.000000000000000000e+00 0.000000000000000000e+00 0.000000000000000000e+00
3.249499499797821045e-01 9.375455975532531738e-01 9.977260828018188477e-01 1.552659273147583008e-01 3.068174123764038086e-01 7.744100093841552734e-01 1.878147125244140625e-01 2.258302569389343262e-01 1.768463850021362305e-01 1.000000000000000000e+00 0.000000000000000000e+00 0.000000000000000000e+00
7.451108098030090332e-01 1.723554730415344238e-01 2.044980525970458984e-01 2.931397557258605957e-01 9.743621349334716797e-01 3.097559809684753418e-01 6.930366158485412598e-01 2.368202805519104004e-01 4.263272285461425781e-01 0.000000000000000000e+00 1.000000000000000000e+00 0.000000000000000000e+00
4.878976643085479736e-01 4.963205456733703613e-01 1.231673359870910645e-01 6.614804267883300781e-01 2.900403738021850586e-01 8.658136129379272461e-01 6.698206663131713867e-01 6.980663537979125977e-02 5.667890310287475586e-01 0.000000000000000000e+00 0.000000000000000000e+00 0.000000000000000000e+00
4.958789646625518799e-01 9.147176146507263184e-01 8.425199389457702637e-01 2.514534592628479004e-01 7.224798202514648438e-02 2.931952476501464844e-03 1.938478946685791016e-01 9.658496379852294922e-01 1.167646050453186035e-01 0.000000000000000000e+00 0.000000000000000000e+00 0.000000000000000000e+00
7.257443666458129883e-01 6.695209145545959473e-01 8.468939661979675293e-01 9.354578256607055664e-01 4.737430810928344727e-02 7.983707189559936523e-01 3.504874110221862793e-01 4.733300209045410156e-01 3.796421885490417480e-01 0.000000000000000000e+00 0.000000000000000000e+00 0.000000000000000000e+00
6.954362392425537109e-01 4.268355965614318848e-01 5.653458833694458008e-01 8.292770385742187500e-02 8.504972457885742188e-01 1.682021021842956543e-01 6.135070323944091797e-02 3.562530875205993652e-01 8.399404287338256836e-01 0.000000000000000000e+00 0.000000000000000000e+00 0.000000000000000000e+00
8.796966671943664551e-01 7.328647375106811523e-01 3.489979505538940430e-01 6.771314144134521484e-01 9.779481291770935059e-01 4.400590062141418457e-01 8.845126628875732422e-01 5.396821498870849609e-01 5.519697070121765137e-01 0.000000000000000000e+00 0.000000000000000000e+00 0.000000000000000000e+00
9.123714566230773926e-01 1.924039125442504883e-01 6.491442322731018066e-01 3.659912943840026855e-01 6.511100530624389648e-01 1.032506227493286133e-01 2.440342307090759277e-01 3.486955761909484863e-01 7.002307772636413574e-01 0.000000000000000000e+00 0.000000000000000000e+00 0.000000000000000000e+00
5.646737217903137207e-01 9.700049161911010742e-01 1.937951445579528809e-01 2.252547740936279297e-01 8.511605858802795410e-01 1.825854182243347168e-01 1.362860202789306641e-01 8.057342767715454102e-01 8.718020915985107422e-01 1.000000000000000000e+00 0.000000000000000000e+00 0.000000000000000000e+00
4.962650239467620850e-01 6.222265362739562988e-01 9.085417389869689941e-01 1.642566919326782227e-01 4.413366317749023438e-01 8.386535644531250000e-01 6.311982274055480957e-01 1.901591420173645020e-01 2.539034485816955566e-01 1.000000000000000000e+00 0.000000000000000000e+00 0.000000000000000000e+00
9.952038526535034180e-01 4.704862833023071289e-02 4.450885057449340820e-01 9.542638659477233887e-01 4.963741898536682129e-01 5.392085909843444824e-01 6.879555583000183105e-01 8.509880304336547852e-01 2.379704713821411133e-01 0.000000000000000000e+00 0.000000000000000000e+00 0.000000000000000000e+00
4.637028872966766357e-01 6.804653406143188477e-01 6.915003061294555664e-01 1.635475158691406250e-01 1.371862292289733887e-01 1.427752375602722168e-01 4.523985981941223145e-01 2.984622120857238770e-01 1.086543798446655273e-01 1.000000000000000000e+00 0.000000000000000000e+00 0.000000000000000000e+00
9.609178304672241211e-01 2.392737269401550293e-01 7.259510755538940430e-01 6.152063608169555664e-01 6.493949294090270996e-01 4.140202999114990234e-01 4.303727746009826660e-01 4.722052216529846191e-01 8.212288618087768555e-01 0.000000000000000000e+00 1.000000000000000000e+00 0.000000000000000000e+00
3.304825723171234131e-01 8.798627853393554688e-01 9.529580473899841309e-01 1.274657249450683594e-01 6.361897587776184082e-01 9.226630926132202148e-01 7.086461782455444336e-02 5.724086761474609375e-01 2.776774168014526367e-01 1.000000000000000000e+00 0.000000000000000000e+00 0.000000000000000000e+00
3.402595818042755127e-01 5.215519666671752930e-01 3.357060551643371582e-01 1.778733134269714355e-01 5.149784088134765625e-01 4.627695083618164062e-01 3.839135169982910156e-01 9.497066736221313477e-01 6.449864506721496582e-01 0.000000000000000000e+00 0.000000000000000000e+00 0.000000000000000000e+00
4.740306735038757324e-01 1.227383017539978027e-01 3.234877586364746094e-01 8.488631248474121094e-02 4.668441414833068848e-01 5.293172597885131836e-02 4.947828054428100586e-01 4.519622325897216797e-01 8.081576824188232422e-01 0.000000000000000000e+00 0.000000000000000000e+00 0.000000000000000000e+00
6.995587944984436035e-01 5.026564002037048340e-01 6.227489709854125977e-01 3.511416912078857422e-02 8.647003769874572754e-01 2.964859008789062500e-01 1.295876502990722656e-01 3.384262323379516602e-01 7.058986425399780273e-01 1.000000000000000000e+00 0.000000000000000000e+00 0.000000000000000000e+00
3.241483867168426514e-01 4.817364215850830078e-01 5.680723786354064941e-01 4.147389531135559082e-01 3.102189302444458008e-02 7.629209160804748535e-01 7.592038512229919434e-01 4.616662263870239258e-01 9.240670204162597656e-01 1.000000000000000000e+00 1.000000000000000000e+00 1.000000000000000000e+00
9.640827178955078125e-01 8.313243985176086426e-01 5.248713493347167969e-02 9.672899246215820312e-01 7.096215486526489258e-01 3.425040245056152344e-01 3.428072929382324219e-01 4.752951264381408691e-01 5.485816597938537598e-01 0.000000000000000000e+00 0.000000000000000000e+00 0.000000000000000000e+00
4.546814858913421631e-01 6.897153258323669434e-01 5.673303008079528809e-01 5.984205007553100586e-02 8.244774341583251953e-01 1.883749365806579590e-01 1.923863291740417480e-01 2.416965365409851074e-01 3.304482698440551758e-01 0.000000000000000000e+00 1.000000000000000000e+00 0.000000000000000000e+00
2.190537452697753906e-01 1.636373400688171387e-01 4.109010100364685059e-01 1.163718700408935547e-01 5.364466905593872070e-01 6.799944043159484863e-01 7.681294083595275879e-01 7.582105398178100586e-01 6.310461163520812988e-01 1.000000000000000000e+00 0.000000000000000000e+00 0.000000000000000000e+00
4.752552509307861328e-01 5.572482347488403320e-01 8.222126364707946777e-01 1.010686159133911133e-01 1.935575604438781738e-01 4.144960641860961914e-01 2.109616994857788086e-02 2.240318059921264648e-02 6.423048377037048340e-01 0.000000000000000000e+00 1.000000000000000000e+00 0.000000000000000000e+00
2.583434581756591797e-01 2.206116318702697754e-01 2.577419281005859375e-01 2.270807623863220215e-01 1.775357127189636230e-01 9.523981213569641113e-01 4.106061458587646484e-01 8.763422369956970215e-01 7.595563530921936035e-01 1.000000000000000000e+00 0.000000000000000000e+00 0.000000000000000000e+00
8.090531229972839355e-01 7.017453312873840332e-01 5.530319809913635254e-01 8.251481652259826660e-01 2.141913771629333496e-01 8.492229580879211426e-01 2.624589204788208008e-01 6.406913399696350098e-01 4.113451838493347168e-01 1.000000000000000000e+00 0.000000000000000000e+00 0.000000000000000000e+00
6.858351826667785645e-01 4.281209707260131836e-01 2.534371018409729004e-01 6.627330780029296875e-01 3.855762481689453125e-01 4.302803874015808105e-01 5.653182268142700195e-01 3.012302517890930176e-01 4.066995978355407715e-01 1.000000000000000000e+00 1.000000000000000000e+00 1.000000000000000000e+00
3.347269296646118164e-01 8.429445624351501465e-01 4.017412662506103516e-03 6.094927191734313965e-01 1.273582577705383301e-01 6.421080231666564941e-01 9.648519754409790039e-02 6.229546666145324707e-01 1.250806450843811035e-01 0.000000000000000000e+00 1.000000000000000000e+00 0.000000000000000000e+00
8.002941608428955078e-01 8.911732435226440430e-01 5.508528947830200195e-01 6.098125576972961426e-01 8.092828392982482910e-01 8.302415013313293457e-01 6.248909235000610352e-02 3.908498287200927734e-01 3.484967350959777832e-01 0.000000000000000000e+00 0.000000000000000000e+00 0.000000000000000000e+00
1.832835227251052856e-01 6.919090747833251953e-01 9.653147459030151367e-01 3.223669528961181641e-02 1.378398537635803223e-01 7.895076870918273926e-01 7.803403139114379883e-01 1.537311077117919922e-02 5.332940220832824707e-01 0.000000000000000000e+00 1.000000000000000000e+00 0.000000000000000000e+00
3.534123301506042480e-01 9.996998310089111328e-01 4.684486985206604004e-01 8.342008590698242188e-01 1.810135245323181152e-01 2.492526173591613770e-01 9.638637304306030273e-02 8.263856172561645508e-02 2.879450321197509766e-01 1.000000000000000000e+00 0.000000000000000000e+00 0.000000000000000000e+00
7.588410973548889160e-01 1.536716222763061523e-01 7.873726487159729004e-01 2.493221163749694824e-01 4.063817262649536133e-01 8.497222661972045898e-01 7.163872122764587402e-01 6.586510539054870605e-01 9.574281573295593262e-01 0.000000000000000000e+00 0.000000000000000000e+00 0.000000000000000000e+00
8.129065632820129395e-01 3.393585681915283203e-01 8.155894279479980469e-02 7.156493067741394043e-01 4.307755231857299805e-01 5.436108112335205078e-01 3.872586488723754883e-01 4.124069213867187500e-01 8.627675771713256836e-01 1.000000000000000000e+00 0.000000000000000000e+00 0.000000000000000000e+00
4.356810450553894043e-01 7.681268453598022461e-01 3.278817534446716309e-01 2.363495230674743652e-01 5.109619498252868652e-01 9.550724625587463379e-01 8.696244955062866211e-01 2.522099614143371582e-01 6.038579344749450684e-01 0.000000000000000000e+00 0.000000000000000000e+00 0.000000000000000000e+00
6.567759513854980469e-01 1.315956115722656250e-01 1.740820407867431641e-01 2.933379411697387695e-01 9.801365137100219727e-01 6.741307973861694336e-01 7.950812578201293945e-01 8.596184849739074707e-01 9.626019001007080078e-01 1.000000000000000000e+00 0.000000000000000000e+00 0.000000000000000000e+00
9.502733349800109863e-01 8.158504962921142578e-03 8.225007653236389160e-01 3.091796040534973145e-01 2.006798982620239258e-01 1.089852452278137207e-01 7.252904176712036133e-01 4.656277894973754883e-01 2.252414226531982422e-01 0.000000000000000000e+00 0.000000000000000000e+00 0.000000000000000000e+00
8.470098972320556641e-01 4.447796344757080078e-01 9.845271110534667969e-01 5.035679936408996582e-01 5.086508393287658691e-01 9.908341169357299805e-01 6.413947939872741699e-01 1.851988434791564941e-01 2.868629693984985352e-01 1.000000000000000000e+00 1.000000000000000000e+00 1.000000000000000000e+00
9.261928200721740723e-01 3.291397690773010254e-01 7.145709395408630371e-01 7.228095531463623047e-01 8.830671906471252441e-01 3.240958452224731445e-01 6.575268507003784180e-02 6.506126523017883301e-01 1.191914677619934082e-01 0.000000000000000000e+00 1.000000000000000000e+00 0.000000000000000000e+00
2.709571719169616699e-01 8.329548835754394531e-01 9.891176223754882812e-01 1.783132553100585938e-02 9.591156244277954102e-01 7.392081022262573242e-01 2.490025758743286133e-01 7.876086831092834473e-01 8.141057491302490234e-01 1.000000000000000000e+00 0.000000000000000000e+00 0.000000000000000000e+00
7.018073797225952148e-01 4.473252892494201660e-01 2.197492718696594238e-01 1.781182289123535156e-01 8.164862394332885742e-01 1.186676025390625000e-01 5.717164278030395508e-01 1.879185438156127930e-02 6.515837907791137695e-01 0.000000000000000000e+00 0.000000000000000000e+00 0.000000000000000000e+00
8.022248148918151855e-01 2.101360559463500977e-01 9.696697592735290527e-01 9.417140483856201172e-02 2.674433588981628418e-01 8.436923027038574219e-01 2.708548903465270996e-01 5.746748447418212891e-01 2.774828672409057617e-02 0.000000000000000000e+00 0.000000000000000000e+00 0.000000000000000000e+00
1.067668795585632324e-01 2.277255058288574219e-01 9.814864397048950195e-02 2.506855726242065430e-01 4.780133366584777832e-01 3.115172982215881348e-01 5.164041519165039062e-01 9.449685215950012207e-01 5.021044015884399414e-01 0.000000000000000000e+00 1.000000000000000000e+00 0.000000000000000000e+00
5.990401506423950195e-01 2.908512949943542480e-01 5.419760942459106445e-02 3.627613782882690430e-01 7.957807779312133789e-01 3.498405814170837402e-01 7.986714243888854980e-01 6.542387604713439941e-01 6.334271430969238281e-01 1.000000000000000000e+00 0.000000000000000000e+00 0.000000000000000000e+00
9.505713582038879395e-01 5.891499519348144531e-01 9.593086242675781250e-01 9.028717279434204102e-01 6.305590271949768066e-01 2.733389139175415039e-01 8.680528402328491211e-02 9.113057255744934082e-01 5.672693252563476562e-01 0.000000000000000000e+00 0.000000000000000000e+00 0.000000000000000000e+00
9.942109584808349609e-01 7.199633121490478516e-02 5.508631467819213867e-02 9.937272071838378906e-01 5.518501400947570801e-01 6.735028624534606934e-01 7.867521643638610840e-01 2.000260353088378906e-01 1.165850162506103516e-01 0.000000000000000000e+00 0.000000000000000000e+00 0.000000000000000000e+00
9.333301186561584473e-01 2.505735754966735840e-01 8.405691385269165039e-02 6.338628530502319336e-01 5.949808955192565918e-01 2.680850625038146973e-01 2.527503967285156250e-01 1.165779829025268555e-01 8.631607890129089355e-01 0.000000000000000000e+00 0.000000000000000000e+00 0.000000000000000000e+00
8.191304802894592285e-01 2.975667715072631836e-01 7.907571196556091309e-01 8.515756130218505859e-01 2.426021099090576172e-01 7.784112691879272461e-01 2.954180240631103516e-01 1.128233075141906738e-01 5.720775127410888672e-01 0.000000000000000000e+00 1.000000000000000000e+00 0.000000000000000000e+00
8.809235692024230957e-01 1.172016263008117676e-01 6.892889738082885742e-02 6.459430456161499023e-01 1.652707457542419434e-01 2.498778104782104492e-01 5.209117531776428223e-01 3.656589984893798828e-02 3.000164628028869629e-01 1.000000000000000000e+00 0.000000000000000000e+00 0.000000000000000000e+00
3.879334926605224609e-01 7.556729316711425781e-01 6.561725735664367676e-01 1.158680319786071777e-01 3.600643873214721680e-01 2.821123600006103516e-02 6.925238370895385742e-01 6.086834669113159180e-01 2.757095694541931152e-01 0.000000000000000000e+00 0.000000000000000000e+00 0.000000000000000000e+00
7.127742171287536621e-01 3.223791122436523438e-01 2.534240484237670898e-02 6.613191962242126465e-01 4.620059728622436523e-01 6.977081894874572754e-01 2.158443331718444824e-01 6.508762836456298828e-01 5.387717485427856445e-01 0.000000000000000000e+00 0.000000000000000000e+00 0.000000000000000000e+00
1.955858469009399414e-01 7.365819811820983887e-01 2.491200566291809082e-01 2.059451341629028320e-01 1.832326650619506836e-01 9.966164827346801758e-01 4.121105670928955078e-01 5.202814936637878418e-01 5.714909434318542480e-01 1.000000000000000000e+00 0.000000000000000000e+00 0.000000000000000000e+00
1.271508783102035522e-01 9.204061031341552734e-01 3.961970806121826172e-01 1.977610588073730469e-02 2.232770919799804688e-01 1.235374212265014648e-01 5.410920381546020508e-01 1.046514511108398438e-01 1.186998486518859863e-01 0.000000000000000000e+00 1.000000000000000000e+00 0.000000000000000000e+00
9.506722092628479004e-01 7.856538295745849609e-01 7.826040387153625488e-01 9.055646657943725586e-01 6.330878734588623047e-01 1.906508803367614746e-01 4.770029783248901367e-01 5.612734556198120117e-01 5.143092274665832520e-01 0.000000000000000000e+00 0.000000000000000000e+00 0.000000000000000000e+00
9.780784249305725098e-01 1.782840490341186523e-02 1.342148184776306152e-01 8.340096473693847656e-01 2.018038034439086914e-01 1.859776973724365234e-01 5.230789780616760254e-01 3.042301535606384277e-01 4.628448486328125000e-01 0.000000000000000000e+00 0.000000000000000000e+00 0.000000000000000000e+00
6.130024194717407227e-01 8.141356110572814941e-01 9.060081243515014648e-01 3.289252519607543945e-02 7.465757131576538086e-01 2.076997756958007812e-01 2.414976954460144043e-01 2.618219852447509766e-01 5.256885886192321777e-01 1.000000000000000000e+00 0.000000000000000000e+00 0.000000000000000000e+00
6.236824393272399902e-01 1.806513667106628418e-01 7.157548666000366211e-01 3.926929831504821777e-01 8.969527482986450195e-02 7.508574724197387695e-01 1.455320119857788086e-01 2.758866548538208008e-01 5.725201368331909180e-01 1.000000000000000000e+00 0.000000000000000000e+00 0.000000000000000000e+00
9.061163663864135742e-01 5.937818884849548340e-01 7.646664381027221680e-01 6.834453344345092773e-01 9.282582998275756836e-01 7.952644228935241699e-01 1.618649363517761230e-01 8.388406038284301758e-01 2.069734930992126465e-01 0.000000000000000000e+00 0.000000000000000000e+00 0.000000000000000000e+00
3.331266045570373535e-01 7.085820436477661133e-01 7.628501057624816895e-01 2.763400673866271973e-01 4.595808386802673340e-01 8.021821975708007812e-01 9.720253348350524902e-01 3.670837879180908203e-01 9.764337539672851562e-02 1.000000000000000000e+00 0.000000000000000000e+00 0.000000000000000000e+00
9.888168573379516602e-01 1.654585599899291992e-01 8.432308435440063477e-01 7.724973559379577637e-01 7.518220543861389160e-01 2.142643928527832031e-02 6.200018525123596191e-01 8.846486210823059082e-01 8.476084470748901367e-02 0.000000000000000000e+00 0.000000000000000000e+00 0.000000000000000000e+00
1.208477690815925598e-01 2.579242587089538574e-01 1.935567855834960938e-01 3.832651972770690918e-01 1.239718794822692871e-01 8.959729671478271484e-01 4.836159944534301758e-01 9.182364940643310547e-01 6.420750021934509277e-01 1.000000000000000000e+00 1.000000000000000000e+00 1.000000000000000000e+00
8.248171210289001465e-01 3.651471734046936035e-01 9.442074298858642578e-01 8.102928400039672852e-01 2.956990599632263184e-01 9.819502234458923340e-01 7.767730951309204102e-01 8.438453674316406250e-01 8.162246346473693848e-01 0.000000000000000000e+00 0.000000000000000000e+00 0.000000000000000000e+00
3.524128794670104980e-01 6.022633910179138184e-01 3.114278316497802734e-01 5.395227670669555664e-01 3.639786839485168457e-01 9.629841446876525879e-01 5.283730626106262207e-01 8.237287402153015137e-01 5.068381428718566895e-01 1.000000000000000000e+00 0.000000000000000000e+00 0.000000000000000000e+00
8.696493506431579590e-02 2.967993021011352539e-01 1.427627801895141602e-01 1.476113796234130859e-01 4.439722299575805664e-01 1.347172260284423828e-02 5.655824542045593262e-01 4.716928005218505859e-01 1.923758983612060547e-01 1.000000000000000000e+00 1.000000000000000000e+00 1.000000000000000000e+00
3.053899109363555908e-01 8.324807882308959961e-01 5.443060398101806641e-01 1.960891485214233398e-02 6.261714100837707520e-01 8.865180015563964844e-01 5.541628599166870117e-02 9.807583689689636230e-01 2.232834100723266602e-01 0.000000000000000000e+00 1.000000000000000000e+00 0.000000000000000000e+00
7.113363146781921387e-01 9.861905574798583984e-01 7.751216292381286621e-01 1.484326720237731934e-01 7.758083343505859375e-01 3.825406432151794434e-01 4.063892960548400879e-01 2.076891660690307617e-01 6.166025400161743164e-01 1.000000000000000000e+00 0.000000000000000000e+00 0.000000000000000000e+00
7.139376997947692871e-01 7.020679712295532227e-01 2.400516271591186523e-01 5.063881874084472656e-01 6.570807099342346191e-01 6.705124974250793457e-01 1.402328610420227051e-01 7.669834494590759277e-01 2.177697420120239258e-01 0.000000000000000000e+00 0.000000000000000000e+00 0.000000000000000000e+00
6.168038249015808105e-01 8.253703117370605469e-01 2.513756155967712402e-01 1.063664555549621582e-01 8.563239574432373047e-01 1.025049686431884766e-01 9.461054801940917969e-01 7.052053809165954590e-01 4.885414242744445801e-01 1.000000000000000000e+00 0.000000000000000000e+00 0.000000000000000000e+00
8.657673597335815430e-01 8.755983114242553711e-01 2.787132859230041504e-01 7.667084932327270508e-01 9.944315552711486816e-01 7.372862100601196289e-02 8.320548534393310547e-01 9.227871298789978027e-01 1.140096187591552734e-01 0.000000000000000000e+00 0.000000000000000000e+00 0.000000000000000000e+00
7.735321521759033203e-01 9.022122621536254883e-01 6.863273978233337402e-01 3.561516404151916504e-01 7.312676906585693359e-01 2.309216856956481934e-01 5.796343684196472168e-01 2.584099769592285156e-03 9.578102827072143555e-01 0.000000000000000000e+00 0.000000000000000000e+00 0.000000000000000000e+00
1.414077430963516235e-01 8.201169967651367188e-02 3.199970722198486328e-02 3.512686491012573242e-02 7.378434538841247559e-01 6.084670424461364746e-01 3.547212481498718262e-01 2.666202187538146973e-01 7.285887002944946289e-02 1.000000000000000000e+00 1.000000000000000000e+00 1.000000000000000000e+00
3.835133016109466553e-01 8.908309936523437500e-01 5.049146413803100586e-01 8.010810613632202148e-02 3.631039261817932129e-01 2.379687428474426270e-01 9.486007690429687500e-02 4.216165542602539062e-01 7.793253660202026367e-02 0.000000000000000000e+00 1.000000000000000000e+00 0.000000000000000000e+00
9.380062818527221680e-01 9.585863351821899414e-01 6.225098371505737305e-01 9.489529728889465332e-01 5.931624770164489746e-01 2.492010593414306641e-02 2.633326649665832520e-01 3.978534340858459473e-01 6.732400059700012207e-01 0.000000000000000000e+00 0.000000000000000000e+00 0.000000000000000000e+00
7.462652921676635742e-01 4.624345302581787109e-01 9.403278827667236328e-01 1.420668363571166992e-01 4.402565360069274902e-01 4.102454185485839844e-01 3.385927677154541016e-01 9.437869787216186523e-01 4.642549753189086914e-01 0.000000000000000000e+00 0.000000000000000000e+00 0.000000000000000000e+00
5.473583936691284180e-01 7.416427135467529297e-01 9.568060636520385742e-01 5.170706510543823242e-01 3.062110543251037598e-01 4.088072776794433594e-01 6.739878654479980469e-01 2.710127234458923340e-01 5.079235434532165527e-01 0.000000000000000000e+00 0.000000000000000000e+00 0.000000000000000000e+00
9.750560522079467773e-01 6.356169581413269043e-01 6.921426057815551758e-01 9.605079889297485352e-01 9.004240632057189941e-01 3.391680121421813965e-01 1.355576515197753906e-02 8.737916350364685059e-01 4.216200113296508789e-01 1.000000000000000000e+00 0.000000000000000000e+00 0.000000000000000000e+00
7.289912104606628418e-01 4.847686290740966797e-01 6.466490030288696289e-01 3.713083863258361816e-01 5.843973159790039062e-01 1.012404561042785645e-01 2.259233593940734863e-01 7.012984156608581543e-01 1.083006858825683594e-01 0.000000000000000000e+00 0.000000000000000000e+00 0.000000000000000000e+00
7.542004585266113281e-01 9.950983524322509766e-01 7.749832868576049805e-01 9.775332808494567871e-01 6.853282451629638672e-02 8.651281595230102539e-01 9.218419790267944336e-01 6.956682205200195312e-01 3.053553104400634766e-01 0.000000000000000000e+00 0.000000000000000000e+00 0.000000000000000000e+00
8.543680310249328613e-01 1.350719332695007324e-01 3.704403042793273926e-01 6.456025838851928711e-01 3.947547674179077148e-01 6.874977946281433105e-01 8.799908757209777832e-01 2.337709069252014160e-01 4.823119044303894043e-01 0.000000000000000000e+00 0.000000000000000000e+00 0.000000000000000000e+00
9.970148801803588867e-01 7.691884040832519531e-02 4.935182332992553711e-01 9.420827031135559082e-01 2.963398098945617676e-01 1.127383112907409668e-01 5.902777910232543945e-01 9.999257326126098633e-02 6.339106559753417969e-01 1.000000000000000000e+00 0.000000000000000000e+00 0.000000000000000000e+00
8.149470686912536621e-01 5.351336598396301270e-01 2.207136750221252441e-01 8.535592555999755859e-01 2.005696892738342285e-01 6.615598797798156738e-01 8.535741567611694336e-01 7.678486108779907227e-01 1.617622375488281250e-01 1.000000000000000000e+00 0.000000000000000000e+00 0.000000000000000000e+00
4.391736388206481934e-01 6.658521294593811035e-01 3.960462212562561035e-01 1.996648311614990234e-01 7.083103060722351074e-01 4.216396212577819824e-01 7.891855239868164062e-01 9.471255540847778320e-01 5.302281975746154785e-01 0.000000000000000000e+00 0.000000000000000000e+00 0.000000000000000000e+00
3.390466868877410889e-01 7.158464193344116211e-01 4.381633400917053223e-01 6.522242426872253418e-01 1.546737551689147949e-01 8.197060823440551758e-01 9.991017580032348633e-01 1.013666391372680664e-01 7.108224630355834961e-01 1.000000000000000000e+00 0.000000000000000000e+00 0.000000000000000000e+00
3.067287802696228027e-01 7.233297824859619141e-01 5.449066162109375000e-01 5.849643945693969727e-01 1.506124138832092285e-01 5.594095587730407715e-01 2.942214012145996094e-01 7.621966004371643066e-01 6.361009478569030762e-01 1.000000000000000000e+00 0.000000000000000000e+00 0.000000000000000000e+00
7.213658690452575684e-01 8.079760670661926270e-01 4.244893789291381836e-01 7.739221453666687012e-01 3.330628275871276855e-01 2.713587880134582520e-01 8.665674924850463867e-02 7.504709362983703613e-01 3.501319289207458496e-01 0.000000000000000000e+00 0.000000000000000000e+00 0.000000000000000000e+00
8.193759322166442871e-01 5.329664349555969238e-01 6.198922395706176758e-01 5.475447773933410645e-01 9.633474349975585938e-01 3.669040203094482422e-01 1.504617929458618164e-02 7.036141753196716309e-01 5.270105600357055664e-01 0.000000000000000000e+00 0.000000000000000000e+00 0.000000000000000000e+00
5.165601968765258789e-01 9.339291453361511230e-01 2.916051745414733887e-01 3.452969789505004883e-01 3.886859416961669922e-01 1.575440168380737305e-02 1.208695173263549805e-01 2.477864623069763184e-01 8.690984249114990234e-01 0.000000000000000000e+00 0.000000000000000000e+00 0.000000000000000000e+00
9.598150849342346191e-01 1.082972884178161621e-01 1.042705774307250977e-01 7.371843457221984863e-01 6.668053269386291504e-01 7.779352068901062012e-01 5.572720766067504883e-01 1.245603561401367188e-01 3.937215805053710938e-01 0.000000000000000000e+00 0.000000000000000000e+00 0.000000000000000000e+00
9.732794761657714844e-01 3.487574458122253418e-01 5.235500931739807129e-01 9.029723405838012695e-01 6.907845735549926758e-01 9.564138054847717285e-01 4.459235072135925293e-01 4.579836726188659668e-01 3.749285340309143066e-01 0.000000000000000000e+00 1.000000000000000000e+00 0.000000000000000000e+00
9.760790467262268066e-01 2.046856284141540527e-01 9.119062423706054688e-01 5.629262924194335938e-01 5.263910889625549316e-01 2.450565695762634277e-01 8.123939037322998047e-01 5.257347226142883301e-01 5.094187855720520020e-01 0.000000000000000000e+00 0.000000000000000000e+00 0.000000000000000000e+00
9.925894737243652344e-01 2.048850059509277344e-03 4.711927175521850586e-01 7.803961038589477539e-01 7.766408920288085938e-01 9.411323070526123047e-02 4.564803242683410645e-01 7.860315442085266113e-01 6.606277227401733398e-01 0.000000000000000000e+00 0.000000000000000000e+00 0.000000000000000000e+00
9.827947020530700684e-01 8.065044879913330078e-03 8.437412977218627930e-02 7.845470905303955078e-01 1.217793822288513184e-01 1.137641668319702148e-01 1.526479721069335938e-01 4.925513267517089844e-01 3.590244054794311523e-01 0.000000000000000000e+00 1.000000000000000000e+00 0.000000000000000000e+00
4.734729826450347900e-01 9.858549833297729492e-01 7.385362386703491211e-01 3.531090617179870605e-01 4.594821929931640625e-01 3.546198606491088867e-01 1.605423092842102051e-01 7.980464696884155273e-01 8.987259864807128906e-01 1.000000000000000000e+00 0.000000000000000000e+00 0.000000000000000000e+00
9.937898516654968262e-01 1.801679730415344238e-01 8.235450983047485352e-01 8.472323417663574219e-01 5.710342526435852051e-01 2.889863252639770508e-01 9.023561477661132812e-01 1.660895347595214844e-01 9.939939975738525391e-01 0.000000000000000000e+00 1.000000000000000000e+00 0.000000000000000000e+00
6.338731646537780762e-01 5.181032419204711914e-01 3.037213683128356934e-01 3.505375385284423828e-01 6.482125520706176758e-01 1.148928403854370117e-01 1.637404561042785645e-01 1.686980128288269043e-01 6.242364048957824707e-01 0.000000000000000000e+00 0.000000000000000000e+00 0.000000000000000000e+00
2.971202731132507324e-01 9.985818862915039062e-01 6.317915320396423340e-01 2.514476180076599121e-01 2.443805336952209473e-01 3.666504025459289551e-01 8.341732025146484375e-01 8.974910378456115723e-01 5.011993646621704102e-02 1.000000000000000000e+00 0.000000000000000000e+00 0.000000000000000000e+00
7.012336254119873047e-01 8.689960241317749023e-01 7.839441895484924316e-01 7.151989340782165527e-01 6.616849303245544434e-01 2.935054302215576172e-01 3.092088699340820312e-01 5.066298842430114746e-01 8.092021346092224121e-01 1.000000000000000000e+00 0.000000000000000000e+00 0.000000000000000000e+00
8.305556774139404297e-01 8.455215096473693848e-01 3.203105926513671875e-02 8.477538228034973145e-01 4.874416589736938477e-01 1.277816295623779297e-02 3.428705930709838867e-01 8.222751021385192871e-01 2.566044330596923828e-01 0.000000000000000000e+00 0.000000000000000000e+00 0.000000000000000000e+00
8.707729578018188477e-01 4.132082462310791016e-01 1.245255470275878906e-01 6.921865344047546387e-01 8.696195483207702637e-01 9.675337076187133789e-01 3.909552097320556641e-02 7.583189606666564941e-01 4.740211367607116699e-01 0.000000000000000000e+00 0.000000000000000000e+00 0.000000000000000000e+00
6.117193698883056641e-01 8.796369433403015137e-01 1.638603806495666504e-01 5.090117454528808594e-01 4.831904768943786621e-01 8.190644383430480957e-01 8.769093155860900879e-01 6.793522238731384277e-01 1.971559524536132812e-01 0.000000000000000000e+00 0.000000000000000000e+00 0.000000000000000000e+00
7.325417995452880859e-01 7.787294387817382812e-01 1.103817224502563477e-01 8.319796323776245117e-01 5.910112857818603516e-01 8.199485540390014648e-01 3.474925756454467773e-01 5.296756625175476074e-01 7.244585156440734863e-01 0.000000000000000000e+00 0.000000000000000000e+00 0.000000000000000000e+00
7.206820249557495117e-01 8.863111138343811035e-01 8.150965571403503418e-01 8.828973770141601562e-01 4.211283922195434570e-01 5.430250167846679688e-01 9.126402139663696289e-01 9.507798552513122559e-01 9.323394298553466797e-02 1.000000000000000000e+00 0.000000000000000000e+00 0.000000000000000000e+00
8.341421484947204590e-01 3.001534342765808105e-01 8.851544857025146484e-01 3.814066648483276367e-01 8.437608480453491211e-01 9.592110514640808105e-01 3.170622587203979492e-01 5.799874067306518555e-01 6.858809590339660645e-01 0.000000000000000000e+00 0.000000000000000000e+00 0.000000000000000000e+00
2.444622814655303955e-01 2.443854808807373047e-01 2.968329191207885742e-02 1.099309325218200684e-01 7.477982640266418457e-01 5.771333575248718262e-01 6.395936012268066406e-01 3.267999887466430664e-01 8.887946605682373047e-02 0.000000000000000000e+00 0.000000000000000000e+00 0.000000000000000000e+00
9.695397019386291504e-01 2.384193539619445801e-01 7.128313183784484863e-01 8.092618584632873535e-01 6.412461996078491211e-01 7.037387490272521973e-01 1.478334069252014160e-01 3.468347787857055664e-01 8.229733705520629883e-01 0.000000000000000000e+00 0.000000000000000000e+00 0.000000000000000000e+00
8.976890444755554199e-01 8.255547285079956055e-01 8.866930007934570312e-02 9.552787542343139648e-01 9.322230219841003418e-01 8.078814148902893066e-01 3.293775320053100586e-01 1.654970049858093262e-01 7.070938944816589355e-01 1.000000000000000000e+00 0.000000000000000000e+00 0.000000000000000000e+00
7.323390245437622070e-01 2.311901450157165527e-01 7.663997411727905273e-01 4.680001139640808105e-01 3.604964017868041992e-01 3.833925127983093262e-01 3.391616940498352051e-01 1.774166226387023926e-01 6.013740301132202148e-01 1.000000000000000000e+00 0.000000000000000000e+00 0.000000000000000000e+00
8.182309269905090332e-01 3.734266757965087891e-02 6.501297354698181152e-01 6.922423839569091797e-03 3.723281621932983398e-01 2.591965198516845703e-01 4.434708356857299805e-01 7.858808636665344238e-01 2.720157504081726074e-01 1.000000000000000000e+00 0.000000000000000000e+00 0.000000000000000000e+00
7.502138018608093262e-01 5.609433054924011230e-01 9.559088349342346191e-01 4.908845424652099609e-01 1.171395182609558105e-01 2.768997550010681152e-01 8.827891945838928223e-01 4.818122982978820801e-01 5.413284897804260254e-01 0.000000000000000000e+00 0.000000000000000000e+00 0.000000000000000000e+00
4.419212639331817627e-01 3.142067193984985352e-01 8.372275233268737793e-01 3.519892692565917969e-02 3.583741188049316406e-02 5.800242424011230469e-01 6.508466005325317383e-01 4.233344793319702148e-01 8.148751854896545410e-01 0.000000000000000000e+00 0.000000000000000000e+00 0.000000000000000000e+00
6.727668046951293945e-01 3.265100121498107910e-01 8.940631151199340820e-02 4.178652763366699219e-01 9.313571453094482422e-01 3.094820380210876465e-01 3.592628240585327148e-01 3.524203300476074219e-01 2.240448594093322754e-01 0.000000000000000000e+00 1.000000000000000000e+00 0.000000000000000000e+00
8.755843639373779297e-01 9.168477654457092285e-01 3.817529678344726562e-01 8.152974843978881836e-01 8.599043488502502441e-01 2.969003319740295410e-01 3.403910398483276367e-01 8.385877013206481934e-01 2.317821979522705078e-02 1.000000000000000000e+00 0.000000000000000000e+00 0.000000000000000000e+00
6.428462862968444824e-01 3.188595175743103027e-01 3.941611647605895996e-01 2.945165634155273438e-01 7.452875375747680664e-01 7.466221451759338379e-01 9.332290291786193848e-01 2.952292561531066895e-01 3.743407726287841797e-01 0.000000000000000000e+00 1.000000000000000000e+00 0.000000000000000000e+00
9.356034994125366211e-01 8.855923414230346680e-01 9.036787152290344238e-01 6.200999617576599121e-01 8.696957826614379883e-01 5.423426628112792969e-03 6.833683848381042480e-01 2.165257930755615234e-01 9.260478615760803223e-01 0.000000000000000000e+00 0.000000000000000000e+00 0.000000000000000000e+00
6.197844743728637695e-01 6.919879913330078125e-01 1.848798394203186035e-01 8.847770094871520996e-01 1.798540353775024414e-01 9.607663154602050781e-01 8.184779286384582520e-01 1.394551992416381836e-01 6.402666568756103516e-01 1.000000000000000000e+00 0.000000000000000000e+00 0.000000000000000000e+00
6.903453469276428223e-01 7.709501385688781738e-01 8.489062190055847168e-01 5.659959316253662109e-01 9.154198169708251953e-01 4.437166452407836914e-01 9.691222906112670898e-01 7.322565317153930664e-01 6.388786435127258301e-01 0.000000000000000000e+00 0.000000000000000000e+00 0.000000000000000000e+00
2.048322409391403198e-01 9.380744695663452148e-01 6.245691180229187012e-01 4.114435911178588867e-01 6.232887506484985352e-02 9.526286721229553223e-01 9.360498785972595215e-01 4.858416318893432617e-01 9.473586678504943848e-01 0.000000000000000000e+00 1.000000000000000000e+00 0.000000000000000000e+00
1.865767389535903931e-01 9.510892629623413086e-01 5.381154417991638184e-01 2.538848519325256348e-01 2.204149365425109863e-01 6.683536767959594727e-01 6.128225922584533691e-01 9.213294386863708496e-01 9.750259518623352051e-01 1.000000000000000000e+00 1.000000000000000000e+00 1.000000000000000000e+00
2.463969588279724121e-01 9.427328109741210938e-01 2.014648318290710449e-01 1.638495922088623047e-02 5.733329653739929199e-01 3.318709731101989746e-01 3.388051390647888184e-01 8.392059803009033203e-02 6.166868805885314941e-01 0.000000000000000000e+00 0.000000000000000000e+00 0.000000000000000000e+00
4.105047583580017090e-01 9.766809940338134766e-01 2.205689549446105957e-01 2.548483014106750488e-01 4.274273514747619629e-01 3.394878506660461426e-01 3.734450340270996094e-01 3.000091910362243652e-01 3.234394788742065430e-01 1.000000000000000000e+00 1.000000000000000000e+00 1.000000000000000000e+00
5.102052688598632812e-01 2.908161282539367676e-01 4.180790781974792480e-01 4.636548161506652832e-01 2.816891670227050781e-01 8.308511972427368164e-02 9.461450576782226562e-01 6.198560595512390137e-01 5.945715904235839844e-01 1.000000000000000000e+00 0.000000000000000000e+00 0.000000000000000000e+00
7.791491746902465820e-01 1.125374436378479004e-01 7.470475435256958008e-01 2.841396927833557129e-01 1.621275544166564941e-01 6.304955482482910156e-01 8.586286306381225586e-01 9.084509015083312988e-01 8.937430381774902344e-01 1.000000000000000000e+00 0.000000000000000000e+00 0.000000000000000000e+00
9.895241856575012207e-01 5.875819921493530273e-02 5.368442535400390625e-01 9.130663871765136719e-01 4.683414101600646973e-01 6.662284731864929199e-01 1.713538765907287598e-01 4.731893539428710938e-02 1.804550290107727051e-01 0.000000000000000000e+00 0.000000000000000000e+00 0.000000000000000000e+00
9.850813746452331543e-01 8.787965774536132812e-02 9.917599558830261230e-01 2.757879495620727539e-01 6.377234458923339844e-01 2.100043296813964844e-01 2.791178226470947266e-01 9.781863093376159668e-01 7.428579926490783691e-01 0.000000000000000000e+00 0.000000000000000000e+00 0.000000000000000000e+00
3.977033793926239014e-01 2.268596291542053223e-01 6.477898359298706055e-01 2.543497085571289062e-02 5.301331877708435059e-01 8.981062173843383789e-01 4.849060177803039551e-01 2.915663123130798340e-01 5.925017595291137695e-01 0.000000000000000000e+00 0.000000000000000000e+00 0.000000000000000000e+00
6.667689085006713867e-01 7.707118988037109375e-02 5.515767931938171387e-01 1.281479001045227051e-01 9.531394839286804199e-01 5.571905970573425293e-01 8.496914505958557129e-01 6.695480942726135254e-01 7.812120914459228516e-01 0.000000000000000000e+00 0.000000000000000000e+00 0.000000000000000000e+00
8.892232179641723633e-01 7.994729280471801758e-02 1.372817754745483398e-01 4.882066845893859863e-01 7.901774048805236816e-01 4.963917136192321777e-01 2.335382103919982910e-01 9.210106730461120605e-01 7.156893610954284668e-01 0.000000000000000000e+00 0.000000000000000000e+00 0.000000000000000000e+00
7.960492968559265137e-01 5.487923622131347656e-01 8.634043931961059570e-01 5.115550160408020020e-01 7.492868900299072266e-01 2.092354893684387207e-01 2.056615948677062988e-01 9.336256980895996094e-01 2.388163208961486816e-01 0.000000000000000000e+00 0.000000000000000000e+00 0.000000000000000000e+00
9.896447658538818359e-01 2.890700101852416992e-02 1.609619855880737305e-01 7.126369476318359375e-01 9.460607767105102539e-01 3.989199995994567871e-01 2.441769242286682129e-01 2.736561894416809082e-01 7.119243144989013672e-01 0.000000000000000000e+00 1.000000000000000000e+00 0.000000000000000000e+00
6.669727563858032227e-01 7.821613550186157227e-01 2.328467369079589844e-02 5.208528041839599609e-01 5.146131515502929688e-01 3.128759860992431641e-01 6.942800283432006836e-01 9.728524684906005859e-01 4.594293832778930664e-01 1.000000000000000000e+00 0.000000000000000000e+00 0.000000000000000000e+00
9.726796150207519531e-01 1.255285739898681641e-02 3.024033904075622559e-01 7.042824029922485352e-01 6.128571033477783203e-01 1.885007023811340332e-01 1.837241053581237793e-01 4.778207540512084961e-01 3.575444221496582031e-03 0.000000000000000000e+00 0.000000000000000000e+00 0.000000000000000000e+00
6.789370775222778320e-01 6.496534943580627441e-01 3.419503569602966309e-01 6.814244985580444336e-01 9.117385149002075195e-01 8.942012786865234375e-01 7.874965071678161621e-01 1.858133673667907715e-01 5.150328278541564941e-01 0.000000000000000000e+00 0.000000000000000000e+00 0.000000000000000000e+00
8.022125959396362305e-01 3.394860029220581055e-01 8.421052694320678711e-01 3.758043646812438965e-01 2.480313777923583984e-01 6.862455606460571289e-02 7.065667510032653809e-01 3.832367062568664551e-01 3.782109618186950684e-01 1.000000000000000000e+00 0.000000000000000000e+00 0.000000000000000000e+00
1.988874822854995728e-01 5.417448878288269043e-01 2.794507145881652832e-01 2.653746008872985840e-01 4.833942651748657227e-02 1.382615566253662109e-01 2.067226767539978027e-01 5.926001071929931641e-01 5.621095895767211914e-01 1.000000000000000000e+00 0.000000000000000000e+00 0.000000000000000000e+00
9.476394653320312500e-01 6.354099512100219727e-02 4.300321340560913086e-01 5.814936757087707520e-01 6.052138805389404297e-01 4.276669025421142578e-02 2.981140017509460449e-01 9.943090677261352539e-01 6.552545428276062012e-01 0.000000000000000000e+00 0.000000000000000000e+00 0.000000000000000000e+00
9.501184225082397461e-01 6.265212893486022949e-01 8.377684950828552246e-01 7.543938755989074707e-01 7.129634618759155273e-01 2.025038003921508789e-02 1.896920800209045410e-01 1.256979107856750488e-01 3.016816377639770508e-01 0.000000000000000000e+00 0.000000000000000000e+00 0.000000000000000000e+00
9.891000390052795410e-01 2.923011779785156250e-04 4.447349309921264648e-01 7.596088647842407227e-01 8.784762620925903320e-01 9.771803617477416992e-01 4.075562953948974609e-01 1.170394420623779297e-01 6.590521335601806641e-01 1.000000000000000000e+00 1.000000000000000000e+00 1.000000000000000000e+00
6.867972016334533691e-01 7.856653928756713867e-01 8.059150576591491699e-01 7.317826151847839355e-01 4.289236664772033691e-01 1.155691146850585938e-01 9.450715780258178711e-02 7.649113535881042480e-01 8.315324187278747559e-01 1.000000000000000000e+00 0.000000000000000000e+00 0.000000000000000000e+00
3.259132802486419678e-01 5.111634731292724609e-02 2.866240739822387695e-01 1.831766366958618164e-01 5.276499390602111816e-01 8.345528841018676758e-01 7.684488296508789062e-01 4.265875816345214844e-01 7.024409174919128418e-01 1.000000000000000000e+00 0.000000000000000000e+00 0.000000000000000000e+00
5.132007002830505371e-01 8.768479824066162109e-01 7.290865182876586914e-01 8.634728193283081055e-01 8.118921518325805664e-02 4.719796776771545410e-01 4.024127125740051270e-01 2.445333003997802734e-01 9.480863809585571289e-02 0.000000000000000000e+00 1.000000000000000000e+00 0.000000000000000000e+00
1.248388886451721191e-01 6.261888742446899414e-01 1.366578340530395508e-01 1.529425382614135742e-02 9.558904170989990234e-02 4.988335967063903809e-01 2.863254547119140625e-01 2.089661359786987305e-01 5.194103121757507324e-01 0.000000000000000000e+00 0.000000000000000000e+00 0.000000000000000000e+00
9.175183773040771484e-01 3.178704380989074707e-01 4.054723978042602539e-01 9.015227556228637695e-01 3.697949647903442383e-02 7.227953672409057617e-01 6.812340021133422852e-02 9.615284204483032227e-02 2.299984693527221680e-01 1.000000000000000000e+00 1.000000000000000000e+00 1.000000000000000000e+00
9.831164479255676270e-01 9.703332185745239258e-02 5.488144159317016602e-01 7.442728877067565918e-01 3.959779143333435059e-01 3.403514623641967773e-02 1.272320747375488281e-03 1.270176768302917480e-01 7.699337601661682129e-01 0.000000000000000000e+00 0.000000000000000000e+00 0.000000000000000000e+00
8.763141036033630371e-01 4.438512325286865234e-01 7.838183641433715820e-01 9.529968500137329102e-01 4.221848249435424805e-01 6.265584826469421387e-01 8.099967241287231445e-02 1.618704199790954590e-01 5.889518260955810547e-01 1.000000000000000000e+00 0.000000000000000000e+00 0.000000000000000000e+00
4.331795126199722290e-02 4.748779535293579102e-02 2.171706557273864746e-01 9.177505970001220703e-02 9.419524669647216797e-02 3.747648000717163086e-02 3.978258967399597168e-01 1.376360654830932617e-01 2.350786924362182617e-01 0.000000000000000000e+00 0.000000000000000000e+00 0.000000000000000000e+00
4.090248942375183105e-01 9.683780670166015625e-01 4.912515282630920410e-01 3.232521414756774902e-01 4.247471690177917480e-01 3.630660176277160645e-01 6.812196373939514160e-01 6.822531819343566895e-01 5.781113505363464355e-01 1.000000000000000000e+00 0.000000000000000000e+00 0.000000000000000000e+00
4.640977680683135986e-01 3.094004988670349121e-01 2.617050409317016602e-01 2.906844019889831543e-01 7.198070883750915527e-01 8.656197786331176758e-01 1.958649158477783203e-01 6.036542654037475586e-01 7.520377635955810547e-03 1.000000000000000000e+00 0.000000000000000000e+00 0.000000000000000000e+00
3.300641179084777832e-01 7.506628036499023438e-01 7.391232252120971680e-01 2.689325809478759766e-01 1.747075319290161133e-01 3.280314803123474121e-01 7.437235116958618164e-01 9.328783154487609863e-01 8.267060518264770508e-01 1.000000000000000000e+00 0.000000000000000000e+00 0.000000000000000000e+00
9.853057265281677246e-01 4.590026736259460449e-01 3.580576777458190918e-01 9.594656825065612793e-01 8.342737555503845215e-01 4.123307466506958008e-01 3.357168436050415039e-01 9.492068886756896973e-01 9.400016069412231445e-02 0.000000000000000000e+00 1.000000000000000000e+00 0.000000000000000000e+00
1.669778674840927124e-01 7.857676148414611816e-01 1.536645889282226562e-01 2.205350399017333984e-01 2.003997564315795898e-02 2.625812888145446777e-01 5.592256188392639160e-01 6.491253972053527832e-01 9.483052492141723633e-01 0.000000000000000000e+00 1.000000000000000000e+00 0.000000000000000000e+00
5.242854952812194824e-01 5.932121872901916504e-01 1.792824268341064453e-01 5.406300425529479980e-01 1.283463239669799805e-01 9.230694174766540527e-01 1.171816587448120117e-01 8.053154945373535156e-01 6.778864860534667969e-01 0.000000000000000000e+00 0.000000000000000000e+00 0.000000000000000000e+00
3.763844370841979980e-01 4.313681125640869141e-01 4.947589635848999023e-01 1.197917461395263672e-01 5.020650029182434082e-01 1.522856950759887695e-01 8.941217064857482910e-01 4.668252468109130859e-01 3.856174349784851074e-01 0.000000000000000000e+00 0.000000000000000000e+00 0.000000000000000000e+00
2.604900300502777100e-01 3.802180886268615723e-01 2.285853624343872070e-01 2.396708726882934570e-02 3.640113472938537598e-01 5.148045420646667480e-01 5.977193117141723633e-01 6.502891778945922852e-01 8.792741894721984863e-01 0.000000000000000000e+00 0.000000000000000000e+00 0.000000000000000000e+00
5.749894976615905762e-01 7.420278787612915039e-01 2.648146152496337891e-01 2.968686819076538086e-01 8.465577960014343262e-01 8.103275895118713379e-01 4.978655576705932617e-01 6.005418300628662109e-02 4.183441996574401855e-01 0.000000000000000000e+00 0.000000000000000000e+00 0.000000000000000000e+00
4.117848873138427734e-01 1.962264776229858398e-01 4.515230655670166016e-01 7.998108863830566406e-03 8.464050292968750000e-01 4.836469292640686035e-01 5.653700828552246094e-01 1.092346310615539551e-01 2.769717574119567871e-01 1.000000000000000000e+00 0.000000000000000000e+00 0.000000000000000000e+00
4.251145124435424805e-01 5.600738525390625000e-01 8.590800166130065918e-01 2.660533785820007324e-01 1.138724684715270996e-01 9.634910821914672852e-01 3.434342145919799805e-02 3.991925716400146484e-01 2.257699370384216309e-01 1.000000000000000000e+00 0.000000000000000000e+00 0.000000000000000000e+00
4.206017851829528809e-01 4.373117685317993164e-01 3.785215020179748535e-01 2.627219557762145996e-01 2.958242893218994141e-01 9.094300866127014160e-01 5.574938058853149414e-01 5.870031714439392090e-01 3.715693950653076172e-03 0.000000000000000000e+00 0.000000000000000000e+00 0.000000000000000000e+00
9.935798645019531250e-01 1.355833411216735840e-01 9.533299207687377930e-01 6.171063184738159180e-01 8.739497661590576172e-01 4.623614549636840820e-01 3.302526473999023438e-02 2.745810747146606445e-01 5.313851833343505859e-01 0.000000000000000000e+00 0.000000000000000000e+00 0.000000000000000000e+00
3.222951889038085938e-01 8.655434250831604004e-01 2.088529467582702637e-01 2.005074620246887207e-01 9.193944931030273438e-02 2.335485219955444336e-01 6.358912587165832520e-01 2.045397758483886719e-01 4.882364273071289062e-01 0.000000000000000000e+00 0.000000000000000000e+00 0.000000000000000000e+00
2.239546626806259155e-01 5.714532732963562012e-01 6.149598360061645508e-01 4.174108505249023438e-01 1.054056882858276367e-01 9.075642228126525879e-01 2.545366883277893066e-01 6.543597579002380371e-01 6.783721446990966797e-01 0.000000000000000000e+00 0.000000000000000000e+00 0.000000000000000000e+00
3.719254732131958008e-01 9.025622010231018066e-01 7.205089926719665527e-01 4.526143074035644531e-01 1.144350767135620117e-01 2.673897147178649902e-01 4.802193045616149902e-01 1.503060460090637207e-01 1.216114759445190430e-01 1.000000000000000000e+00 0.000000000000000000e+00 0.000000000000000000e+00
4.450067281723022461e-01 4.958133101463317871e-01 9.178667664527893066e-01 3.133094310760498047e-01 8.427319526672363281e-01 8.376522064208984375e-01 3.453077077865600586e-01 6.403892636299133301e-01 5.045837163925170898e-02 1.000000000000000000e+00 0.000000000000000000e+00 0.000000000000000000e+00
9.989719390869140625e-01 1.001701951026916504e-01 7.131173610687255859e-01 9.337230324745178223e-01 9.411659836769104004e-01 4.985038042068481445e-01 4.541054368019104004e-01 3.696990609169006348e-01 8.806532621383666992e-01 0.000000000000000000e+00 1.000000000000000000e+00 0.000000000000000000e+00
9.969071745872497559e-01 1.768044233322143555e-01 5.466307401657104492e-01 8.332527279853820801e-01 8.386949896812438965e-01 2.810519337654113770e-01 7.815982699394226074e-01 4.209097623825073242e-01 6.653875708580017090e-01 0.000000000000000000e+00 0.000000000000000000e+00 0.000000000000000000e+00
8.904581069946289062e-01 2.831946015357971191e-01 8.518600463867187500e-02 6.498672962188720703e-01 4.206108450889587402e-01 4.125220179557800293e-01 1.562547683715820312e-02 7.593778371810913086e-01 8.189069628715515137e-01 0.000000000000000000e+00 0.000000000000000000e+00 0.000000000000000000e+00
9.588042497634887695e-01 3.019705414772033691e-01 1.816987991333007812e-02 8.760935068130493164e-01 8.936781287193298340e-01 7.700774073600769043e-01 9.116226434707641602e-02 6.453161835670471191e-01 6.808733940124511719e-01 0.000000000000000000e+00 0.000000000000000000e+00 0.000000000000000000e+00
1.868103146553039551e-01 9.971659183502197266e-01 3.668897747993469238e-01 8.009970188140869141e-03 5.756407976150512695e-02 4.287664294242858887e-01 5.019672513008117676e-01 7.942910194396972656e-01 8.548086881637573242e-01 0.000000000000000000e+00 0.000000000000000000e+00 0.000000000000000000e+00
1.628900021314620972e-01 2.361909747123718262e-01 1.551750302314758301e-01 2.566380500793457031e-01 1.899105906486511230e-01 4.987788796424865723e-01 8.336741328239440918e-01 4.251710176467895508e-01 7.316672801971435547e-01 1.000000000000000000e+00 1.000000000000000000e+00 1.000000000000000000e+00
8.813930153846740723e-01 2.507655024528503418e-01 2.555708885192871094e-01 8.458753824234008789e-01 4.585192203521728516e-01 7.669281959533691406e-01 4.099600315093994141e-01 4.582865834236145020e-01 7.308957576751708984e-01 0.000000000000000000e+00 1.000000000000000000e+00 0.000000000000000000e+00
9.732537269592285156e-01 3.550776839256286621e-01 7.642269730567932129e-01 7.800293564796447754e-01 6.788992881774902344e-01 5.897577404975891113e-01 2.689260840415954590e-01 5.487717986106872559e-01 9.410365819931030273e-01 0.000000000000000000e+00 0.000000000000000000e+00 0.000000000000000000e+00
9.953100085258483887e-01 2.271777391433715820e-02 2.158101201057434082e-01 8.853384256362915039e-01 8.079879879951477051e-01 8.029152750968933105e-01 9.197317361831665039e-01 3.413609266281127930e-01 7.380852103233337402e-01 0.000000000000000000e+00 1.000000000000000000e+00 0.000000000000000000e+00
9.585230946540832520e-01 2.079142332077026367e-01 7.265912890434265137e-01 8.363555073738098145e-01 5.831658840179443359e-03 1.338159441947937012e-01 2.342165708541870117e-01 2.708088755607604980e-01 9.404999017715454102e-01 1.000000000000000000e+00 0.000000000000000000e+00 0.000000000000000000e+00
9.536303281784057617e-01 2.953349947929382324e-01 6.196159124374389648e-01 6.628047823905944824e-01 7.874673008918762207e-01 5.212637782096862793e-01 5.745155811309814453e-01 9.624273180961608887e-01 6.564087867736816406e-01 0.000000000000000000e+00 0.000000000000000000e+00 0.000000000000000000e+00
8.997005224227905273e-01 6.489129662513732910e-01 7.441258430480957031e-01 7.821666598320007324e-01 9.552192091941833496e-01 7.450728416442871094e-01 1.705886721611022949e-01 2.919585704803466797e-01 1.439598202705383301e-01 0.000000000000000000e+00 0.000000000000000000e+00 0.000000000000000000e+00
9.988142251968383789e-01 6.527543067932128906e-03 2.119964361190795898e-01 9.117634892463684082e-01 7.290826439857482910e-01 4.506037235260009766e-01 5.363789200782775879e-01 9.427041411399841309e-01 7.897235751152038574e-01 0.000000000000000000e+00 0.000000000000000000e+00 0.000000000000000000e+00
9.600574970245361328e-01 1.309388279914855957e-01 6.341285109519958496e-01 3.927422165870666504e-01 7.126290798187255859e-01 2.332333326339721680e-01 8.169535398483276367e-01 4.807233810424804688e-02 2.961595058441162109e-01 0.000000000000000000e+00 0.000000000000000000e+00 0.000000000000000000e+00
5.170542001724243164e-01 7.386308312416076660e-01 2.354763150215148926e-01 7.949084639549255371e-01 1.287174224853515625e-02 3.173404932022094727e-02 9.984223246574401855e-01 6.620951890945434570e-01 5.059081315994262695e-02 1.000000000000000000e+00 0.000000000000000000e+00 0.000000000000000000e+00
2.914436161518096924e-01 8.479086756706237793e-01 7.300903797149658203e-01 1.327306032180786133e-01 4.874872565269470215e-01 3.402205109596252441e-01 5.121101737022399902e-01 7.497624158859252930e-01 9.839938879013061523e-01 1.000000000000000000e+00 0.000000000000000000e+00 0.000000000000000000e+00
9.469112157821655273e-01 4.673803448677062988e-01 3.371555209159851074e-01 6.245895624160766602e-01 9.881544113159179688e-01 2.640010118484497070e-01 7.157933712005615234e-02 9.539331197738647461e-01 6.327275633811950684e-01 0.000000000000000000e+00 0.000000000000000000e+00 0.000000000000000000e+00
4.312184453010559082e-01 9.166803956031799316e-01 6.390392780303955078e-03 3.545390963554382324e-01 1.677557229995727539e-01 1.308093667030334473e-01 3.955639004707336426e-01 9.409907460212707520e-01 6.508151292800903320e-01 0.000000000000000000e+00 0.000000000000000000e+00 0.000000000000000000e+00
3.494282662868499756e-01 9.996466040611267090e-01 5.365055203437805176e-01 2.552800774574279785e-01 5.310603976249694824e-01 7.049168348312377930e-01 3.201299905776977539e-01 6.994464397430419922e-01 8.385583162307739258e-01 1.000000000000000000e+00 0.000000000000000000e+00 0.000000000000000000e+00
4.277682006359100342e-01 4.786274433135986328e-01 6.545040011405944824e-01 2.119798660278320312e-01 7.911112308502197266e-01 3.663566112518310547e-01 5.283437371253967285e-01 8.018603324890136719e-01 7.868959307670593262e-01 0.000000000000000000e+00 0.000000000000000000e+00 0.000000000000000000e+00
5.058212280273437500e-01 1.558728814125061035e-01 5.923129320144653320e-01 1.739293336868286133e-02 3.385567665100097656e-01 4.506815671920776367e-01 9.884294271469116211e-01 6.625182032585144043e-01 7.274730205535888672e-01 0.000000000000000000e+00 0.000000000000000000e+00 0.000000000000000000e+00
9.830187559127807617e-01 5.072665810585021973e-01 2.261238694190979004e-01 8.027223944664001465e-01 7.014321684837341309e-01 1.684951782226562500e-02 7.402310967445373535e-01 5.344316959381103516e-01 1.829232573509216309e-01 0.000000000000000000e+00 1.000000000000000000e+00 0.000000000000000000e+00
8.932466506958007812e-01 3.518779277801513672e-01 1.409108638763427734e-01 4.796776175498962402e-01 8.816428184509277344e-01 3.078010082244873047e-01 7.760567665100097656e-01 9.706616997718811035e-01 4.118609428405761719e-01 0.000000000000000000e+00 0.000000000000000000e+00 0.000000000000000000e+00
9.945177435874938965e-01 5.552849173545837402e-01 1.211526393890380859e-01 9.570448398590087891e-01 8.519925475120544434e-01 1.776875853538513184e-01 3.354120254516601562e-01 5.567228198051452637e-01 3.230236768722534180e-01 0.000000000000000000e+00 1.000000000000000000e+00 0.000000000000000000e+00
9.918920993804931641e-01 2.251422405242919922e-02 3.047589659690856934e-01 6.041693091392517090e-01 8.808122277259826660e-01 6.737196445465087891e-02 7.096148133277893066e-01 4.006339311599731445e-01 9.887675046920776367e-01 0.000000000000000000e+00 0.000000000000000000e+00 0.000000000000000000e+00
7.771757245063781738e-01 8.510000109672546387e-01 1.570658683776855469e-01 4.312530159950256348e-01 9.152256846427917480e-01 5.232625007629394531e-01 4.646499752998352051e-01 1.742913722991943359e-01 3.811852931976318359e-01 0.000000000000000000e+00 0.000000000000000000e+00 0.000000000000000000e+00
2.561127841472625732e-01 9.477903842926025391e-01 3.574520349502563477e-01 2.883085012435913086e-01 1.905648708343505859e-01 8.728703260421752930e-01 9.771177172660827637e-01 7.642679810523986816e-01 2.368178963661193848e-01 1.000000000000000000e+00 0.000000000000000000e+00 0.000000000000000000e+00
6.096122860908508301e-01 2.022067308425903320e-01 6.454808115959167480e-01 1.864727735519409180e-01 5.045473575592041016e-03 4.666149616241455078e-03 4.347876906394958496e-01 2.980932593345642090e-01 6.439000368118286133e-02 0.000000000000000000e+00 0.000000000000000000e+00 0.000000000000000000e+00
4.960047006607055664e-01 6.412025094032287598e-01 8.417218923568725586e-02 2.798349857330322266e-01 8.608925938606262207e-01 8.804001212120056152e-01 2.999988198280334473e-01 2.010039687156677246e-01 8.005854487419128418e-01 0.000000000000000000e+00 0.000000000000000000e+00 0.000000000000000000e+00
6.957257986068725586e-01 6.262934207916259766e-01 8.445115685462951660e-01 1.729403138160705566e-01 5.823040008544921875e-01 5.056594014167785645e-01 1.580865383148193359e-01 9.922351837158203125e-01 7.105887532234191895e-01 0.000000000000000000e+00 0.000000000000000000e+00 0.000000000000000000e+00
9.335868954658508301e-01 5.064089894294738770e-01 9.838404059410095215e-01 5.938873887062072754e-01 3.185728192329406738e-01 2.036889791488647461e-01 7.882354855537414551e-01 6.153091788291931152e-01 5.197138786315917969e-01 0.000000000000000000e+00 0.000000000000000000e+00 0.000000000000000000e+00
6.908465623855590820e-01 3.400093913078308105e-01 8.530489802360534668e-01 4.724732637405395508e-01 2.352016568183898926e-01 9.829574227333068848e-01 3.011311888694763184e-01 1.472275257110595703e-01 8.541875481605529785e-01 1.000000000000000000e+00 1.000000000000000000e+00 1.000000000000000000e+00
9.331405758857727051e-01 2.234112620353698730e-01 9.390474557876586914e-01 3.113755583763122559e-01 3.583152294158935547e-01 2.876679301261901855e-01 4.367352724075317383e-01 2.420108914375305176e-01 1.955891251564025879e-01 0.000000000000000000e+00 0.000000000000000000e+00 0.000000000000000000e+00
3.102661073207855225e-01 4.665029644966125488e-01 6.222785711288452148e-01 2.557539343833923340e-01 5.113422870635986328e-03 2.316866517066955566e-01 5.038942694664001465e-01 5.745726823806762695e-01 9.965602159500122070e-01 0.000000000000000000e+00 0.000000000000000000e+00 0.000000000000000000e+00
9.340618848800659180e-01 4.596604108810424805e-01 2.282839417457580566e-01 7.146131396293640137e-01 5.142558217048645020e-01 1.892870068550109863e-01 5.875341296195983887e-01 1.236623525619506836e-02 5.716792941093444824e-01 1.000000000000000000e+00 0.000000000000000000e+00 0.000000000000000000e+00
7.047961354255676270e-01 5.280411839485168457e-01 7.054055929183959961e-01 1.079443097114562988e-01 6.416260600090026855e-01 1.121197342872619629e-01 8.744975328445434570e-01 5.382937788963317871e-01 8.117879629135131836e-01 0.000000000000000000e+00 0.000000000000000000e+00 0.000000000000000000e+00
6.823545098304748535e-01 1.931429505348205566e-01 3.363301157951354980e-01 4.295026063919067383e-01 5.817806124687194824e-01 5.233419537544250488e-01 4.771093726158142090e-01 5.466172099113464355e-01 4.973793029785156250e-02 0.000000000000000000e+00 1.000000000000000000e+00 0.000000000000000000e+00
2.276289910078048706e-01 2.934761047363281250e-01 1.125702261924743652e-01 3.214983344078063965e-01 4.348158240318298340e-01 5.417169928550720215e-01 5.579319000244140625e-01 5.149843096733093262e-01 7.658642530441284180e-01 0.000000000000000000e+00 1.000000000000000000e+00 0.000000000000000000e+00
9.290834665298461914e-01 1.394205093383789062e-01 7.841325998306274414e-01 1.974238157272338867e-01 5.136561393737792969e-01 2.004003524780273438e-02 6.284832954406738281e-02 3.478268980979919434e-01 4.360377788543701172e-02 0.000000000000000000e+00 0.000000000000000000e+00 0.000000000000000000e+00
3.515210747718811035e-01 8.696584105491638184e-01 5.812200903892517090e-01 2.945065498352050781e-03 9.023925662040710449e-01 5.609266757965087891e-01 7.496269941329956055e-01 6.013059616088867188e-01 7.286806106567382812e-01 0.000000000000000000e+00 0.000000000000000000e+00 0.000000000000000000e+00
6.633625626564025879e-01 7.461857795715332031e-01 8.711649775505065918e-01 3.458706140518188477e-01 5.140487551689147949e-01 1.296696066856384277e-01 7.471486926078796387e-01 1.963049173355102539e-01 4.434073567390441895e-01 1.000000000000000000e+00 0.000000000000000000e+00 0.000000000000000000e+00
7.939506769180297852e-01 8.020414113998413086e-01 5.385537147521972656e-01 7.264259457588195801e-01 6.675496697425842285e-01 1.770191788673400879e-01 4.061275124549865723e-01 4.984542131423950195e-01 4.586588144302368164e-01 0.000000000000000000e+00 0.000000000000000000e+00 0.000000000000000000e+00
6.253685355186462402e-01 7.714744806289672852e-01 5.330064296722412109e-01 4.803677797317504883e-01 4.579296112060546875e-01 9.312045574188232422e-02 6.238986849784851074e-01 5.237363576889038086e-01 1.065687537193298340e-01 1.000000000000000000e+00 0.000000000000000000e+00 0.000000000000000000e+00
5.530316829681396484e-01 9.152731895446777344e-01 6.575326323509216309e-01 4.734984040260314941e-01 2.600514292716979980e-01 3.947916626930236816e-01 2.112042903900146484e-01 8.802648782730102539e-01 3.508219122886657715e-01 0.000000000000000000e+00 0.000000000000000000e+00 0.000000000000000000e+00
8.888388872146606445e-01 3.876593708992004395e-01 2.163259983062744141e-01 6.691076159477233887e-01 7.449992895126342773e-01 1.039857864379882812e-01 4.986759424209594727e-01 6.511458158493041992e-01 2.810685038566589355e-01 0.000000000000000000e+00 0.000000000000000000e+00 0.000000000000000000e+00
9.700943827629089355e-01 4.387227296829223633e-01 5.217331647872924805e-02 8.726329207420349121e-01 4.825255870819091797e-01 8.956998586654663086e-02 7.604215145111083984e-01 3.280334472656250000e-01 2.545747160911560059e-01 0.000000000000000000e+00 1.000000000000000000e+00 0.000000000000000000e+00
8.181990385055541992e-01 5.993505716323852539e-01 4.551828503608703613e-01 8.354279994964599609e-01 1.658162474632263184e-01 4.857779741287231445e-01 5.461501479148864746e-01 5.644574165344238281e-01 7.553671002388000488e-01 0.000000000000000000e+00 0.000000000000000000e+00 0.000000000000000000e+00
7.381620407104492188e-01 7.510315775871276855e-01 2.186273336410522461e-01 3.957384824752807617e-01 9.022943973541259766e-01 5.800981521606445312e-01 7.017010450363159180e-01 9.062551856040954590e-01 3.643430471420288086e-01 0.000000000000000000e+00 0.000000000000000000e+00 0.000000000000000000e+00
6.034315824508666992e-01 7.314788103103637695e-01 1.332884430885314941e-01 8.388540744781494141e-01 1.652787327766418457e-01 7.837986946105957031e-01 2.013489007949829102e-01 8.023797273635864258e-01 5.790550112724304199e-01 0.000000000000000000e+00 0.000000000000000000e+00 0.000000000000000000e+00
6.436945796012878418e-01 6.801824569702148438e-01 8.311473131179809570e-01 4.712646603584289551e-01 2.191511392593383789e-01 2.412503957748413086e-01 7.203647494316101074e-01 5.042026638984680176e-01 1.141119599342346191e-01 0.000000000000000000e+00 0.000000000000000000e+00 0.000000000000000000e+00
9.875899553298950195e-01 1.785545349121093750e-01 4.627618789672851562e-01 8.544716238975524902e-01 2.493596076965332031e-01 1.906430125236511230e-01 3.113294839859008789e-01 4.166709184646606445e-01 8.092644810676574707e-01 1.000000000000000000e+00 1.000000000000000000e+00 1.000000000000000000e+00
3.535676002502441406e-01 4.879732131958007812e-01 4.362276792526245117e-01 1.281589269638061523e-02 4.129592180252075195e-01 2.120990753173828125e-01 1.779130697250366211e-01 8.303099870681762695e-01 6.351209878921508789e-01 0.000000000000000000e+00 0.000000000000000000e+00 0.000000000000000000e+00
8.472738862037658691e-01 7.368665933609008789e-01 4.265415072441101074e-01 9.376870989799499512e-01 3.760738372802734375e-01 2.249042987823486328e-01 3.865094780921936035e-01 2.136144638061523438e-01 5.198058485984802246e-01 0.000000000000000000e+00 1.000000000000000000e+00 0.000000000000000000e+00
3.697640001773834229e-01 7.858596444129943848e-01 3.001002073287963867e-01 1.216697692871093750e-01 6.243859529495239258e-01 4.840860366821289062e-01 6.756685972213745117e-01 2.193057537078857422e-01 8.482655882835388184e-01 1.000000000000000000e+00 0.000000000000000000e+00 0.000000000000000000e+00
7.842051982879638672e-01 9.574454426765441895e-01 4.877879619598388672e-01 6.324903964996337891e-01 5.747827887535095215e-01 7.750672101974487305e-02 2.004537582397460938e-01 3.737497329711914062e-01 4.884511828422546387e-01 0.000000000000000000e+00 0.000000000000000000e+00 0.000000000000000000e+00
4.880587756633758545e-01 8.941215276718139648e-02 1.003867983818054199e-01 4.018276929855346680e-01 5.037201046943664551e-01 5.872449874877929688e-01 9.353802204132080078e-01 3.062422275543212891e-01 8.254176378250122070e-01 1.000000000000000000e+00 1.000000000000000000e+00 1.000000000000000000e+00
5.139859914779663086e-01 4.673853516578674316e-01 8.298663496971130371e-01 4.798105359077453613e-01 3.086474537849426270e-01 5.795163512229919434e-01 6.437029838562011719e-01 9.934263825416564941e-01 3.001813292503356934e-01 1.000000000000000000e+00 0.000000000000000000e+00 0.000000000000000000e+00
9.565780758857727051e-01 1.419826745986938477e-01 1.501971483230590820e-02 8.857132196426391602e-01 1.346289515495300293e-01 2.456147670745849609e-01 2.736859917640686035e-01 3.814566135406494141e-01 2.753913402557373047e-03 0.000000000000000000e+00 0.000000000000000000e+00 0.000000000000000000e+00
7.927075624465942383e-01 6.234077811241149902e-01 2.268467545509338379e-01 5.532410144805908203e-01 9.824042916297912598e-01 1.175986528396606445e-01 5.504360795021057129e-01 1.101235747337341309e-01 2.489314079284667969e-01 0.000000000000000000e+00 0.000000000000000000e+00 0.000000000000000000e+00
2.853730022907257080e-01 3.366841077804565430e-01 2.635239362716674805e-01 1.578019857406616211e-01 8.027272820472717285e-01 7.391154766082763672e-02 4.137925505638122559e-01 7.806651592254638672e-01 7.589174509048461914e-01 1.000000000000000000e+00 0.000000000000000000e+00 0.000000000000000000e+00
9.761115312576293945e-01 8.992475271224975586e-02 9.596982002258300781e-01 6.014243960380554199e-01 9.583231210708618164e-01 7.855630517005920410e-01 8.727613091468811035e-01 1.102644205093383789e-01 2.735856175422668457e-01 0.000000000000000000e+00 0.000000000000000000e+00 0.000000000000000000e+00
9.989640712738037109e-01 1.996225714683532715e-01 9.489011168479919434e-01 7.570377588272094727e-01 9.480118155479431152e-01 1.975243687629699707e-01 6.652233004570007324e-01 5.080282092094421387e-01 1.968273520469665527e-01 1.000000000000000000e+00 0.000000000000000000e+00 0.000000000000000000e+00
6.940165907144546509e-02 2.955693006515502930e-02 2.263903617858886719e-03 3.107684850692749023e-02 9.617127180099487305e-01 5.590381622314453125e-01 2.868455052375793457e-01 1.652809381484985352e-01 7.158890366554260254e-01 1.000000000000000000e+00 0.000000000000000000e+00 0.000000000000000000e+00
9.983718991279602051e-01 5.148029327392578125e-02 9.822416901588439941e-01 9.776927828788757324e-01 6.617040038108825684e-01 3.684139847755432129e-01 4.702383875846862793e-01 4.756798148155212402e-01 2.011966705322265625e-01 0.000000000000000000e+00 0.000000000000000000e+00 0.000000000000000000e+00
6.940326094627380371e-01 6.838786005973815918e-01 3.833460807800292969e-01 6.748765707015991211e-02 8.718868494033813477e-01 9.094295501708984375e-01 7.483513951301574707e-01 5.630694031715393066e-01 8.698803186416625977e-02 1.000000000000000000e+00 0.000000000000000000e+00 0.000000000000000000e+00
8.810176849365234375e-01 5.253610014915466309e-01 8.215344548225402832e-01 8.384847640991210938e-01 6.900764107704162598e-01 9.200783967971801758e-01 2.197227478027343750e-01 1.679787039756774902e-01 4.531836509704589844e-01 0.000000000000000000e+00 0.000000000000000000e+00 0.000000000000000000e+00
1.424248814582824707e-01 3.654096126556396484e-01 8.911848068237304688e-02 2.302521467208862305e-02 5.200249552726745605e-01 2.272892594337463379e-01 4.000520706176757812e-01 3.169572353363037109e-01 9.683969020843505859e-01 1.000000000000000000e+00 1.000000000000000000e+00 1.000000000000000000e+00
2.573331892490386963e-01 5.885695219039916992e-01 6.573413014411926270e-01 6.267255544662475586e-02 4.377454519271850586e-01 7.067847251892089844e-01 5.038504600524902344e-01 1.664314270019531250e-01 3.195083737373352051e-01 1.000000000000000000e+00 1.000000000000000000e+00 1.000000000000000000e+00
7.109133005142211914e-01 4.676305651664733887e-01 4.562544822692871094e-01 7.643823623657226562e-01 1.816453933715820312e-01 4.115676283836364746e-01 5.921512246131896973e-01 5.866900682449340820e-01 8.340923786163330078e-01 0.000000000000000000e+00 0.000000000000000000e+00 0.000000000000000000e+00
9.530425667762756348e-01 6.008003950119018555e-01 1.055980920791625977e-01 9.174634814262390137e-01 8.265731930732727051e-01 3.462511301040649414e-01 4.047186970710754395e-01 2.888652086257934570e-01 5.036211609840393066e-01 0.000000000000000000e+00 0.000000000000000000e+00 0.000000000000000000e+00
7.036401629447937012e-01 9.980089664459228516e-01 9.151092171669006348e-01 9.154189825057983398e-01 1.610000133514404297e-01 6.387103796005249023e-01 9.453635215759277344e-01 6.489223241806030273e-01 4.942424893379211426e-01 0.000000000000000000e+00 0.000000000000000000e+00 0.000000000000000000e+00
3.774827420711517334e-01 3.741236925125122070e-01 1.793422102928161621e-01 4.574316740036010742e-01 4.140588641166687012e-01 4.735563397407531738e-01 3.733848929405212402e-01 2.631998658180236816e-01 3.098765611648559570e-01 0.000000000000000000e+00 1.000000000000000000e+00 0.000000000000000000e+00
4.749113023281097412e-01 1.480177640914916992e-01 2.961252927780151367e-01 2.783171534538269043e-01 7.760710120201110840e-01 4.742411971092224121e-01 6.848939061164855957e-01 8.682394027709960938e-02 7.260381579399108887e-01 1.000000000000000000e+00 1.000000000000000000e+00 1.000000000000000000e+00
4.414562284946441650e-01 7.940511107444763184e-01 3.607813119888305664e-01 7.480112910270690918e-01 2.596796751022338867e-01 9.029578566551208496e-01 8.756166100502014160e-01 3.836232423782348633e-01 7.578189969062805176e-01 1.000000000000000000e+00 0.000000000000000000e+00 0.000000000000000000e+00
2.716902196407318115e-01 5.389743447303771973e-01 6.016941666603088379e-01 4.735619425773620605e-01 1.438723206520080566e-01 8.419182300567626953e-01 6.851390004158020020e-01 7.842552661895751953e-02 2.093495130538940430e-01 1.000000000000000000e+00 1.000000000000000000e+00 1.000000000000000000e+00
9.534885287284851074e-01 6.444178819656372070e-01 4.790053367614746094e-01 8.663107156753540039e-01 9.763566255569458008e-01 8.094013333320617676e-01 5.614063143730163574e-01 4.592676758766174316e-01 5.971759557723999023e-02 0.000000000000000000e+00 1.000000000000000000e+00 0.000000000000000000e+00
8.290446400642395020e-01 6.159351468086242676e-01 2.605220079421997070e-01 8.151473999023437500e-01 5.507516264915466309e-01 2.821811437606811523e-01 8.216244578361511230e-01 5.285148620605468750e-01 5.080707669258117676e-01 0.000000000000000000e+00 0.000000000000000000e+00 0.000000000000000000e+00
9.947106838226318359e-01 2.452750205993652344e-01 9.507298469543457031e-01 3.918105363845825195e-01 9.879037737846374512e-01 1.846674084663391113e-01 2.566227316856384277e-01 9.465312957763671875e-01 3.065667748451232910e-01 1.000000000000000000e+00 0.000000000000000000e+00 0.000000000000000000e+00
8.272172212600708008e-01 8.566842079162597656e-01 4.311606287956237793e-01 4.790573716163635254e-01 4.439570903778076172e-01 4.266351461410522461e-02 3.694775104522705078e-01 2.392268180847167969e-01 6.486150026321411133e-01 1.000000000000000000e+00 0.000000000000000000e+00 0.000000000000000000e+00
8.349440097808837891e-01 3.892577886581420898e-01 8.436410427093505859e-01 9.772070050239562988e-01 1.015894412994384766e-01 8.864296674728393555e-01 3.427498936653137207e-01 3.070530295372009277e-01 9.375624656677246094e-01 0.000000000000000000e+00 0.000000000000000000e+00 0.000000000000000000e+00
8.672776818275451660e-01 3.614487051963806152e-01 2.194875478744506836e-01 7.770006060600280762e-01 3.267321586608886719e-01 6.835692524909973145e-01 4.408200383186340332e-01 8.343377709388732910e-01 8.388999700546264648e-01 0.000000000000000000e+00 0.000000000000000000e+00 0.000000000000000000e+00
8.649217486381530762e-01 7.788646817207336426e-01 8.018549084663391113e-01 7.473432421684265137e-01 9.125313758850097656e-01 3.894284963607788086e-01 6.020795702934265137e-01 1.693245768547058105e-01 9.999361038208007812e-01 0.000000000000000000e+00 0.000000000000000000e+00 0.000000000000000000e+00
5.499364137649536133e-01 9.308290481567382812e-02 5.605760812759399414e-01 3.193368315696716309e-01 5.477706789970397949e-01 6.588754653930664062e-01 6.230425834655761719e-01 1.198385953903198242e-01 4.683605432510375977e-01 1.000000000000000000e+00 0.000000000000000000e+00 0.000000000000000000e+00
9.858438968658447266e-01 1.954090595245361328e-02 8.506108522415161133e-01 9.843767285346984863e-01 2.318764328956604004e-01 7.170323729515075684e-01 9.338002204895019531e-01 9.137347936630249023e-01 1.525124907493591309e-01 0.000000000000000000e+00 0.000000000000000000e+00 0.000000000000000000e+00
4.837872684001922607e-01 9.473157525062561035e-01 7.379311919212341309e-01 6.006990671157836914e-01 4.288303256034851074e-01 1.802259683609008789e-02 7.150938510894775391e-01 1.962387561798095703e-01 6.799788475036621094e-01 0.000000000000000000e+00 0.000000000000000000e+00 0.000000000000000000e+00
2.454669177532196045e-01 9.349980354309082031e-01 7.752964496612548828e-01 4.536773562431335449e-01 8.648175001144409180e-02 4.162912368774414062e-01 6.042184829711914062e-01 3.530520200729370117e-02 8.439900279045104980e-01 0.000000000000000000e+00 0.000000000000000000e+00 0.000000000000000000e+00
5.610293745994567871e-01 8.227708935737609863e-01 2.068281769752502441e-01 4.886690974235534668e-01 6.320515871047973633e-01 8.136747479438781738e-01 2.574383616447448730e-01 2.056568861007690430e-01 9.937506914138793945e-01 0.000000000000000000e+00 0.000000000000000000e+00 0.000000000000000000e+00
3.386276066303253174e-01 5.426781177520751953e-01 6.277589797973632812e-01 2.124138474464416504e-01 3.940861225128173828e-01 2.367680668830871582e-01 1.015567779541015625e-02 5.610802769660949707e-01 6.778012514114379883e-01 0.000000000000000000e+00 0.000000000000000000e+00 0.000000000000000000e+00
4.129897803068161011e-02 6.311213970184326172e-02 1.751378774642944336e-01 8.683979511260986328e-02 1.135663986206054688e-01 8.485165834426879883e-01 1.115788221359252930e-01 2.464324235916137695e-02 1.056200265884399414e-01 0.000000000000000000e+00 0.000000000000000000e+00 0.000000000000000000e+00
8.899412751197814941e-01 1.896945834159851074e-01 7.921093106269836426e-01 3.703721165657043457e-01 7.887915372848510742e-01 8.587649464607238770e-01 7.383981347084045410e-01 8.034042716026306152e-01 8.436142802238464355e-01 0.000000000000000000e+00 0.000000000000000000e+00 0.000000000000000000e+00
9.939526915550231934e-01 3.718701004981994629e-01 9.708845615386962891e-02 9.284654855728149414e-01 9.122937321662902832e-01 3.743804693222045898e-01 4.835758805274963379e-01 8.959087729454040527e-01 6.712832450866699219e-01 1.000000000000000000e+00 0.000000000000000000e+00 0.000000000000000000e+00
3.365052044391632080e-01 3.717690110206604004e-01 5.779266357421875000e-03 1.201226711273193359e-01 1.675732135772705078e-01 9.615058898925781250e-01 5.291358232498168945e-01 1.622624993324279785e-01 5.670405030250549316e-01 0.000000000000000000e+00 1.000000000000000000e+00 0.000000000000000000e+00
9.894285798072814941e-01 1.554951071739196777e-01 8.188203573226928711e-01 8.498536348342895508e-01 9.119691848754882812e-01 6.687170863151550293e-01 8.215713500976562500e-02 4.741569757461547852e-01 4.249387383460998535e-01 0.000000000000000000e+00 1.000000000000000000e+00 0.000000000000000000e+00
9.673762321472167969e-01 5.453437566757202148e-02 8.790345191955566406e-01 1.645119786262512207e-01 4.089961051940917969e-01 7.655894756317138672e-02 7.668092250823974609e-01 8.310164213180541992e-01 3.055460453033447266e-01 0.000000000000000000e+00 1.000000000000000000e+00 0.000000000000000000e+00
6.522266864776611328e-01 6.248050332069396973e-01 1.122857332229614258e-01 4.037380814552307129e-01 5.401631593704223633e-01 2.064725160598754883e-01 9.110049605369567871e-01 5.473172068595886230e-01 8.411471247673034668e-01 0.000000000000000000e+00 0.000000000000000000e+00 0.000000000000000000e+00
6.618666052818298340e-01 8.587727546691894531e-01 1.781086921691894531e-01 6.928228139877319336e-01 7.169270515441894531e-01 5.975663661956787109e-02 5.305327177047729492e-01 1.889914274215698242e-02 2.340418696403503418e-01 1.000000000000000000e+00 0.000000000000000000e+00 0.000000000000000000e+00
8.835823535919189453e-01 7.506780624389648438e-01 7.773062586784362793e-01 6.938613057136535645e-01 6.712953448295593262e-01 4.049738645553588867e-01 6.927004456520080566e-01 5.322790145874023438e-02 9.963339567184448242e-01 1.000000000000000000e+00 0.000000000000000000e+00 0.000000000000000000e+00
3.374263942241668701e-01 9.185136556625366211e-01 3.012501001358032227e-01 5.649361014366149902e-01 4.134922623634338379e-01 8.686252832412719727e-01 8.119373321533203125e-01 5.710548162460327148e-01 2.066912055015563965e-01 0.000000000000000000e+00 0.000000000000000000e+00 0.000000000000000000e+00
6.777054667472839355e-01 2.611066699028015137e-01 1.065089702606201172e-01 4.522747397422790527e-01 8.160042762756347656e-01 3.719397783279418945e-01 4.551517963409423828e-02 6.015134453773498535e-01 4.309663176536560059e-01 0.000000000000000000e+00 0.000000000000000000e+00 0.000000000000000000e+00
7.790521383285522461e-01 6.493983268737792969e-01 8.331599235534667969e-01 7.314558029174804688e-01 5.739213228225708008e-01 7.531229853630065918e-01 7.771609425544738770e-01 2.972599267959594727e-01 3.456001281738281250e-01 1.000000000000000000e+00 0.000000000000000000e+00 0.000000000000000000e+00
7.427536845207214355e-01 2.875059843063354492e-01 6.646937131881713867e-01 1.006841659545898438e-02 5.601760149002075195e-01 3.395760059356689453e-02 5.804954767227172852e-01 5.830656886100769043e-01 4.882708787918090820e-01 1.000000000000000000e+00 0.000000000000000000e+00 0.000000000000000000e+00
7.351262569427490234e-01 2.086094617843627930e-01 4.589619040489196777e-01 6.877108216285705566e-01 1.498563289642333984e-01 5.879991054534912109e-01 3.907611370086669922e-01 4.093458652496337891e-01 8.147159814834594727e-01 1.000000000000000000e+00 0.000000000000000000e+00 0.000000000000000000e+00
7.742137908935546875e-01 9.449485540390014648e-01 2.577544450759887695e-01 6.776101589202880859e-01 6.927598118782043457e-01 7.275813817977905273e-02 6.282843351364135742e-01 7.641563415527343750e-01 6.287355422973632812e-01 0.000000000000000000e+00 0.000000000000000000e+00 0.000000000000000000e+00
7.087069153785705566e-01 2.692157030105590820e-01 8.261765241622924805e-01 1.634172797203063965e-01 5.948910713195800781e-01 6.264140605926513672e-01 9.412348270416259766e-03 2.068436145782470703e-01 7.456740140914916992e-01 0.000000000000000000e+00 0.000000000000000000e+00 0.000000000000000000e+00
8.042823672294616699e-01 1.353973150253295898e-01 4.379491806030273438e-01 4.600799679756164551e-01 5.194131135940551758e-01 6.751863956451416016e-01 8.249993920326232910e-01 1.540174484252929688e-01 7.229306697845458984e-01 0.000000000000000000e+00 0.000000000000000000e+00 0.000000000000000000e+00
3.932058811187744141e-01 5.046942830085754395e-01 6.647151708602905273e-02 9.127402305603027344e-02 9.470267295837402344e-01 6.585247516632080078e-01 3.327232599258422852e-01 8.024559020996093750e-01 9.637730121612548828e-01 1.000000000000000000e+00 0.000000000000000000e+00 0.000000000000000000e+00
9.307410717010498047e-01 2.603422403335571289e-01 7.992273569107055664e-01 6.665221452713012695e-01 2.709147334098815918e-01 3.533709645271301270e-01 8.038408160209655762e-01 2.308235168457031250e-01 4.276390671730041504e-01 0.000000000000000000e+00 0.000000000000000000e+00 0.000000000000000000e+00
7.566594481468200684e-01 6.519205570220947266e-01 2.402191162109375000e-01 7.727059125900268555e-01 4.699926376342773438e-01 6.883734464645385742e-01 7.502932548522949219e-01 2.526354193687438965e-01 5.057318210601806641e-01 1.000000000000000000e+00 0.000000000000000000e+00 0.000000000000000000e+00
6.758746504783630371e-01 4.499256610870361328e-02 3.747945427894592285e-01 9.546768665313720703e-02 9.958262443542480469e-01 5.297759175300598145e-01 8.840830922126770020e-01 1.415434479713439941e-01 4.509499073028564453e-01 1.000000000000000000e+00 0.000000000000000000e+00 0.000000000000000000e+00
2.115896791219711304e-01 8.100980520248413086e-01 8.176153302192687988e-01 5.960011482238769531e-02 1.499670743942260742e-01 6.063585877418518066e-01 7.712975144386291504e-01 5.942961573600769043e-01 7.757935523986816406e-01 0.000000000000000000e+00 1.000000000000000000e+00 0.000000000000000000e+00
4.521028697490692139e-01 7.815620303153991699e-01 3.301892280578613281e-01 5.719412565231323242e-01 1.060856580734252930e-01 6.130213737487792969e-01 7.894675135612487793e-01 8.342321515083312988e-01 4.460501670837402344e-01 1.000000000000000000e+00 0.000000000000000000e+00 0.000000000000000000e+00
1.941706240177154541e-01 1.778343915939331055e-01 2.172200083732604980e-01 1.785938143730163574e-01 7.120592594146728516e-01 8.778539299964904785e-01 9.562730789184570312e-02 3.399858474731445312e-01 7.476215362548828125e-01 0.000000000000000000e+00 1.000000000000000000e+00 0.000000000000000000e+00
2.955149114131927490e-01 8.486325144767761230e-01 9.837442040443420410e-01 4.414185285568237305e-01 5.273910760879516602e-01 9.672818779945373535e-01 5.257566571235656738e-01 8.919128179550170898e-01 1.734719276428222656e-01 0.000000000000000000e+00 1.000000000000000000e+00 0.000000000000000000e+00
9.401364326477050781e-01 6.767197847366333008e-01 1.806088089942932129e-01 8.683032393455505371e-01 1.680134534835815430e-01 6.947606801986694336e-02 7.429806590080261230e-01 4.304271340370178223e-01 2.877009510993957520e-01 0.000000000000000000e+00 0.000000000000000000e+00 0.000000000000000000e+00
8.606212735176086426e-01 5.736950635910034180e-01 7.365118861198425293e-01 5.411963462829589844e-01 6.196134090423583984e-01 3.124949932098388672e-01 5.565565824508666992e-01 9.160228967666625977e-01 6.517838239669799805e-01 1.000000000000000000e+00 0.000000000000000000e+00 0.000000000000000000e+00
9.833231568336486816e-01 1.762221455574035645e-01 6.088098883628845215e-01 7.864458560943603516e-01 8.221700787544250488e-01 3.268293142318725586e-01 2.734207510948181152e-01 6.601873040199279785e-01 5.117353200912475586e-01 0.000000000000000000e+00 0.000000000000000000e+00 0.000000000000000000e+00
2.656991183757781982e-01 5.802968144416809082e-01 1.877920627593994141e-01 5.782434344291687012e-01 1.287730932235717773e-01 8.109099864959716797e-01 1.128116250038146973e-01 3.887503743171691895e-01 8.629297614097595215e-01 1.000000000000000000e+00 0.000000000000000000e+00 0.000000000000000000e+00
9.178926348686218262e-01 5.137946605682373047e-01 5.645834207534790039e-01 9.729717373847961426e-01 4.293995499610900879e-01 5.352049469947814941e-01 7.019282579421997070e-01 5.974724888801574707e-01 5.383313298225402832e-01 1.000000000000000000e+00 0.000000000000000000e+00 0.000000000000000000e+00
7.282388210296630859e-01 7.616468071937561035e-01 4.650034904479980469e-01 3.268549442291259766e-01 9.096103906631469727e-01 6.621327400207519531e-01 3.844398856163024902e-01 5.023792386054992676e-01 1.082089543342590332e-01 0.000000000000000000e+00 0.000000000000000000e+00 0.000000000000000000e+00
9.908473491668701172e-01 5.349040031433105469e-02 3.228378891944885254e-01 9.317055344581604004e-01 4.594459533691406250e-01 6.977308392524719238e-01 5.071023106575012207e-01 1.015034317970275879e-01 8.922565579414367676e-01 0.000000000000000000e+00 1.000000000000000000e+00 0.000000000000000000e+00
9.647982120513916016e-01 2.650377750396728516e-01 9.641999006271362305e-01 7.328786849975585938e-01 7.183667421340942383e-01 8.336319327354431152e-01 1.758670806884765625e-01 9.915220737457275391e-02 6.711944937705993652e-01 0.000000000000000000e+00 1.000000000000000000e+00 0.000000000000000000e+00
9.373805522918701172e-01 6.940142512321472168e-01 4.757967591285705566e-01 8.549244999885559082e-01 7.836797237396240234e-01 2.044970393180847168e-01 3.839460015296936035e-01 1.104969382286071777e-01 2.819353342056274414e-02 0.000000000000000000e+00 0.000000000000000000e+00 0.000000000000000000e+00
8.838252425193786621e-01 3.999220132827758789e-01 6.822742223739624023e-01 6.084417104721069336e-01 2.137593030929565430e-01 7.719099521636962891e-01 1.255108714103698730e-01 4.874929189682006836e-01 6.823201775550842285e-01 0.000000000000000000e+00 0.000000000000000000e+00 0.000000000000000000e+00
4.625505805015563965e-01 6.141804456710815430e-01 8.825368285179138184e-01 2.650261521339416504e-01 3.378479480743408203e-01 5.113149881362915039e-01 1.225179433822631836e-01 2.587930560111999512e-01 1.025593876838684082e-01 0.000000000000000000e+00 0.000000000000000000e+00 0.000000000000000000e+00
6.409308314323425293e-01 2.613466978073120117e-01 4.731387495994567871e-01 1.380686759948730469e-01 5.468971133232116699e-01 8.712094426155090332e-01 1.298456788063049316e-01 1.994520425796508789e-02 7.193515300750732422e-01 0.000000000000000000e+00 0.000000000000000000e+00 0.000000000000000000e+00
4.132618904113769531e-01 4.315337538719177246e-01 1.132615804672241211e-01 5.633922815322875977e-01 1.534157991409301758e-02 5.047103166580200195e-01 5.318834185600280762e-01 2.440731525421142578e-01 7.720518112182617188e-01 1.000000000000000000e+00 0.000000000000000000e+00 0.000000000000000000e+00
3.726488351821899414e-01 8.145828247070312500e-01 7.231808304786682129e-01 1.602044701576232910e-01 7.261996269226074219e-01 9.191633462905883789e-01 8.415753841400146484e-01 5.604164004325866699e-01 6.002252101898193359e-01 1.000000000000000000e+00 0.000000000000000000e+00 0.000000000000000000e+00
4.712260663509368896e-01 7.079257965087890625e-01 9.203954339027404785e-01 2.045616507530212402e-01 5.993132591247558594e-01 7.475560903549194336e-01 3.604120016098022461e-02 1.748636364936828613e-01 4.818177223205566406e-02 0.000000000000000000e+00 1.000000000000000000e+00 0.000000000000000000e+00
3.191289305686950684e-01 7.520785927772521973e-01 6.159239411354064941e-01 7.987177371978759766e-02 2.251831293106079102e-01 7.699376344680786133e-02 3.086088299751281738e-01 1.900588870048522949e-01 5.548530220985412598e-01 0.000000000000000000e+00 0.000000000000000000e+00 0.000000000000000000e+00
6.511507034301757812e-01 4.921424984931945801e-01 8.307608962059020996e-01 1.753466725349426270e-01 1.224806308746337891e-01 1.866762638092041016e-01 2.821084260940551758e-01 7.217033505439758301e-01 2.504273056983947754e-01 1.000000000000000000e+00 0.000000000000000000e+00 0.000000000000000000e+00
6.487626433372497559e-01 2.090022563934326172e-01 4.700677990913391113e-01 7.574713230133056641e-02 7.416997551918029785e-01 8.790006637573242188e-01 2.373435497283935547e-01 5.977619290351867676e-01 2.648279666900634766e-01 0.000000000000000000e+00 0.000000000000000000e+00 0.000000000000000000e+00
9.061738103628158569e-02 7.685488462448120117e-01 4.884302020072937012e-01 4.232377409934997559e-01 2.725064754486083984e-01 5.931314229965209961e-01 5.992197394371032715e-01 7.736303806304931641e-01 3.722084164619445801e-01 0.000000000000000000e+00 0.000000000000000000e+00 0.000000000000000000e+00
6.688488125801086426e-01 7.222484946250915527e-01 6.882245540618896484e-01 1.196114420890808105e-01 9.388820528984069824e-01 8.194422721862792969e-02 9.300345182418823242e-01 6.747893691062927246e-01 6.052601933479309082e-01 1.000000000000000000e+00 0.000000000000000000e+00 0.000000000000000000e+00
4.844140708446502686e-01 5.982023477554321289e-01 7.001832127571105957e-01 6.522482037544250488e-01 1.780722737312316895e-01 9.406066536903381348e-01 3.353843092918395996e-01 1.821588277816772461e-01 3.983782529830932617e-01 0.000000000000000000e+00 1.000000000000000000e+00 0.000000000000000000e+00
7.694709897041320801e-01 8.095556497573852539e-02 3.824612498283386230e-01 2.978860735893249512e-01 8.930508494377136230e-01 4.088685512542724609e-01 2.708133459091186523e-01 6.913070678710937500e-01 3.960632681846618652e-01 0.000000000000000000e+00 0.000000000000000000e+00 0.000000000000000000e+00
9.031742811203002930e-01 9.812065362930297852e-01 4.529391527175903320e-01 8.746609091758728027e-01 8.142533302307128906e-01 9.162393808364868164e-01 9.691609740257263184e-01 1.769747734069824219e-01 1.055656671524047852e-01 1.000000000000000000e+00 0.000000000000000000e+00 0.000000000000000000e+00
