4.417653977870941162e-01 2.760506868362426758e-01 4.199241399765014648e-01 3.718366622924804688e-01 7.565283775329589844e-01 5.463740229606628418e-01 8.208127617835998535e-01 7.563430070877075195e-02 5.224575400352478027e-01 0.000000000000000000e+00 0.000000000000000000e+00 0.000000000000000000e+00
9.897447228431701660e-01 5.148100852966308594e-01 7.292575836181640625e-01 9.769639372825622559e-01 8.510200977325439453e-01 3.170495629310607910e-01 7.462952733039855957e-01 4.764366149902343750e-02 8.687603473663330078e-01 0.000000000000000000e+00 1.000000000000000000e+00 0.000000000000000000e+00
9.980504512786865234e-01 1.399057507514953613e-01 2.554155588150024414e-01 8.771702647209167480e-01 7.701126933097839355e-01 1.421874165534973145e-01 9.955423474311828613e-01 6.553858518600463867e-02 9.117475152015686035e-01 0.000000000000000000e+00 0.000000000000000000e+00 0.000000000000000000e+00
9.146320223808288574e-01 6.176347732543945312e-01 4.259098172187805176e-01 8.822519779205322266e-01 8.576150536537170410e-01 7.578297257423400879e-01 6.338733434677124023e-02 4.335268139839172363e-01 8.656773567199707031e-01 1.000000000000000000e+00 0.000000000000000000e+00 0.000000000000000000e+00
3.440307676792144775e-01 6.307669878005981445e-01 3.897585272789001465e-01 5.680580735206604004e-01 2.967560291290283203e-02 7.660608887672424316e-01 4.423076510429382324e-01 7.067905068397521973e-01 3.286421298980712891e-01 1.000000000000000000e+00 0.000000000000000000e+00 0.000000000000000000e+00
8.241167068481445312e-01 1.101720333099365234e-01 5.876665711402893066e-01 1.981878280639648438e-02 9.576201438903808594e-01 4.810068011283874512e-01 3.364771604537963867e-01 7.966524958610534668e-01 9.802619814872741699e-01 0.000000000000000000e+00 0.000000000000000000e+00 0.000000000000000000e+00
9.763712882995605469e-01 2.895045280456542969e-01 3.115533590316772461e-01 8.722131848335266113e-01 2.183238863945007324e-01 2.320664525032043457e-01 6.283593177795410156e-02 4.195197820663452148e-01 4.593930244445800781e-01 0.000000000000000000e+00 0.000000000000000000e+00 0.000000000000000000e+00
5.909541845321655273e-01 3.886415362358093262e-01 1.263170838356018066e-01 4.109172224998474121e-01 9.815347790718078613e-01 4.731743335723876953e-01 3.225943446159362793e-01 1.224127411842346191e-01 1.244521737098693848e-01 1.000000000000000000e+00 0.000000000000000000e+00 0.000000000000000000e+00
9.316376447677612305e-01 5.596101284027099609e-01 5.244338512420654297e-02 9.546362161636352539e-01 4.753881096839904785e-01 6.960794329643249512e-01 5.381137728691101074e-01 2.573240995407104492e-01 2.301693558692932129e-01 0.000000000000000000e+00 0.000000000000000000e+00 0.000000000000000000e+00
8.940191864967346191e-01 6.856353878974914551e-01 1.138532161712646484e-01 8.244466185569763184e-01 3.636548519134521484e-01 1.656085252761840820e-01 7.761797308921813965e-01 5.504196286201477051e-01 8.950333595275878906e-01 1.000000000000000000e+00 0.000000000000000000e+00 0.000000000000000000e+00
1.780463010072708130e-01 8.287619352340698242e-01 9.084451794624328613e-01 8.761131763458251953e-02 2.940140366554260254e-01 3.561657071113586426e-01 6.304390430450439453e-01 7.065197229385375977e-01 1.979982852935791016e-02 0.000000000000000000e+00 1.000000000000000000e+00 0.000000000000000000e+00
3.461829423904418945e-01 2.655182480812072754e-01 6.550627946853637695e-02 1.140321493148803711e-01 6.093556880950927734e-01 9.239739775657653809e-01 1.654537320137023926e-01 4.368975758552551270e-01 6.876614093780517578e-01 0.000000000000000000e+00 1.000000000000000000e+00 0.000000000000000000e+00
9.723384380340576172e-01 6.988847255706787109e-02 3.850239515304565430e-02 7.557313442230224609e-01 2.130523920059204102e-01 2.389311194419860840e-01 3.615521192550659180e-01 5.013559460639953613e-01 2.303630113601684570e-02 1.000000000000000000e+00 0.000000000000000000e+00 0.000000000000000000e+00
4.770368039608001709e-01 9.244971871376037598e-01 6.293901205062866211e-01 4.795194864273071289e-01 5.195580720901489258e-01 3.538784980773925781e-01 8.921519517898559570e-01 2.955706119537353516e-01 4.043379426002502441e-01 1.000000000000000000e+00 0.000000000000000000e+00 0.000000000000000000e+00
7.662762999534606934e-01 7.986913323402404785e-01 7.797685265541076660e-01 6.321561932563781738e-01 7.244224548339843750e-01 6.495266556739807129e-01 8.010256290435791016e-02 2.818463444709777832e-01 6.020139455795288086e-01 0.000000000000000000e+00 0.000000000000000000e+00 0.000000000000000000e+00
9.989067316055297852e-01 7.275819778442382812e-02 1.572429537773132324e-01 9.244182705879211426e-01 7.486608624458312988e-01 1.092538237571716309e-01 3.555816411972045898e-01 3.049032688140869141e-01 3.303923606872558594e-01 0.000000000000000000e+00 1.000000000000000000e+00 0.000000000000000000e+00
5.267953872680664062e-01 9.371883273124694824e-01 3.771312236785888672e-01 7.799643874168395996e-01 2.540488839149475098e-01 3.171010017395019531e-01 8.679130077362060547e-01 9.118519425392150879e-01 8.262875676155090332e-01 1.000000000000000000e+00 0.000000000000000000e+00 0.000000000000000000e+00
8.570987582206726074e-01 5.595073699951171875e-01 8.368811011314392090e-01 5.629146695137023926e-01 8.623133897781372070e-01 7.844368815422058105e-01 9.102475643157958984e-01 3.835101127624511719e-01 3.995114564895629883e-02 0.000000000000000000e+00 0.000000000000000000e+00 0.000000000000000000e+00
3.374543786048889160e-01 6.648406386375427246e-01 7.208943367004394531e-02 6.919506788253784180e-01 2.911952137947082520e-01 8.618476390838623047e-01 1.531344652175903320e-01 9.338267445564270020e-01 1.875053048133850098e-01 0.000000000000000000e+00 0.000000000000000000e+00 0.000000000000000000e+00
9.233912825584411621e-01 9.307953119277954102e-01 4.005126357078552246e-01 8.153257369995117188e-01 9.398499727249145508e-01 8.134314417839050293e-01 2.099773883819580078e-01 9.765270352363586426e-01 4.662697911262512207e-01 0.000000000000000000e+00 0.000000000000000000e+00 0.000000000000000000e+00
7.554583549499511719e-01 9.571857452392578125e-01 4.874060153961181641e-01 6.087105274200439453e-01 8.875307440757751465e-01 5.348595976829528809e-01 1.226931810379028320e-01 6.490559577941894531e-01 8.506151437759399414e-01 1.000000000000000000e+00 0.000000000000000000e+00 0.000000000000000000e+00
3.924847543239593506e-01 4.630443453788757324e-01 5.377299189567565918e-01 3.361876606941223145e-01 2.785452008247375488e-01 4.447261691093444824e-01 8.977423310279846191e-01 3.641999959945678711e-01 2.772808074951171875e-01 1.000000000000000000e+00 0.000000000000000000e+00 0.000000000000000000e+00
3.148465752601623535e-01 1.534225344657897949e-01 4.299136400222778320e-01 3.085049986839294434e-01 3.083084821701049805e-01 2.956062555313110352e-02 8.619791269302368164e-02 5.009021162986755371e-01 7.622905969619750977e-01 1.000000000000000000e+00 0.000000000000000000e+00 0.000000000000000000e+00
7.088566422462463379e-01 6.127982139587402344e-01 1.588211655616760254e-01 7.565137743949890137e-01 5.285394191741943359e-02 1.007905602455139160e-01 4.840863943099975586e-01 5.117697119712829590e-01 1.495629549026489258e-01 1.000000000000000000e+00 1.000000000000000000e+00 1.000000000000000000e+00
5.401112437248229980e-01 2.518972158432006836e-01 8.035319447517395020e-01 4.495424032211303711e-02 3.884345293045043945e-02 7.424045205116271973e-01 1.177917122840881348e-01 2.889193296432495117e-01 1.761745214462280273e-01 0.000000000000000000e+00 0.000000000000000000e+00 0.000000000000000000e+00
7.689584493637084961e-01 5.311205983161926270e-01 5.212354660034179688e-01 3.717493414878845215e-01 9.350264668464660645e-01 8.789227604866027832e-01 1.147305965423583984e-02 3.774399161338806152e-01 9.616271257400512695e-01 0.000000000000000000e+00 0.000000000000000000e+00 0.000000000000000000e+00
7.119186520576477051e-01 8.028395175933837891e-01 7.484096288681030273e-02 7.171775698661804199e-01 4.844675064086914062e-01 3.288595080375671387e-01 7.862284183502197266e-01 2.816080451011657715e-01 3.160588145256042480e-01 0.000000000000000000e+00 0.000000000000000000e+00 0.000000000000000000e+00
9.473651051521301270e-01 3.515068888664245605e-01 9.476416110992431641e-01 5.108512639999389648e-01 7.789372205734252930e-01 7.596330642700195312e-01 2.915465235710144043e-01 5.032766461372375488e-01 8.941002488136291504e-01 0.000000000000000000e+00 0.000000000000000000e+00 0.000000000000000000e+00
6.033574938774108887e-01 9.933536648750305176e-01 6.349346637725830078e-01 2.640001177787780762e-01 9.791495203971862793e-01 1.372990608215332031e-01 2.488702535629272461e-01 4.650807380676269531e-02 4.875249862670898438e-01 1.000000000000000000e+00 0.000000000000000000e+00 0.000000000000000000e+00
9.267426729202270508e-01 6.150479912757873535e-01 8.310675024986267090e-01 5.459513068199157715e-01 9.394398927688598633e-01 2.220180034637451172e-01 1.378726363182067871e-01 8.430547118186950684e-01 3.174445033073425293e-01 0.000000000000000000e+00 0.000000000000000000e+00 0.000000000000000000e+00
3.921386599540710449e-01 6.689906120300292969e-01 6.458472609519958496e-01 2.012778520584106445e-01 4.049930572509765625e-01 4.671667814254760742e-01 2.401927113533020020e-01 9.826447963714599609e-01 8.334563374519348145e-01 0.000000000000000000e+00 0.000000000000000000e+00 0.000000000000000000e+00
2.572106122970581055e-01 4.350399971008300781e-01 3.454084992408752441e-01 7.064360380172729492e-02 5.436959266662597656e-01 6.760855317115783691e-01 1.169478893280029297e-02 8.851456642150878906e-01 2.199474573135375977e-01 1.000000000000000000e+00 0.000000000000000000e+00 0.000000000000000000e+00
4.268773496150970459e-01 8.774181604385375977e-01 8.882915973663330078e-02 4.115418791770935059e-01 6.926582455635070801e-01 7.794879078865051270e-01 6.910505890846252441e-01 8.048930168151855469e-01 8.893710374832153320e-02 1.000000000000000000e+00 0.000000000000000000e+00 0.000000000000000000e+00
9.887448549270629883e-01 1.149941682815551758e-01 8.264741897583007812e-01 5.721027255058288574e-01 7.543910741806030273e-01 1.996413469314575195e-01 6.894485354423522949e-01 9.689501523971557617e-01 1.495171189308166504e-01 0.000000000000000000e+00 0.000000000000000000e+00 0.000000000000000000e+00
6.609388589859008789e-01 3.303375840187072754e-01 4.288995862007141113e-01 5.654003620147705078e-01 4.941410422325134277e-01 3.789257407188415527e-01 7.210282683372497559e-01 9.482210874557495117e-02 6.848348379135131836e-01 0.000000000000000000e+00 1.000000000000000000e+00 0.000000000000000000e+00
7.004411220550537109e-01 9.197181463241577148e-01 6.991148591041564941e-01 8.147447705268859863e-01 5.870066285133361816e-01 3.860510587692260742e-01 7.935286164283752441e-01 3.394528031349182129e-01 9.200294017791748047e-01 1.000000000000000000e+00 0.000000000000000000e+00 0.000000000000000000e+00
8.848136663436889648e-01 1.889258623123168945e-01 7.763987779617309570e-02 7.334860563278198242e-01 6.466374993324279785e-01 6.835773587226867676e-01 6.665722131729125977e-01 2.794510126113891602e-02 4.412823915481567383e-02 0.000000000000000000e+00 0.000000000000000000e+00 0.000000000000000000e+00
5.027907490730285645e-01 8.318671584129333496e-01 4.662346839904785156e-02 9.839608073234558105e-01 1.290993690490722656e-01 3.903608918190002441e-01 4.475300908088684082e-01 4.245048761367797852e-01 9.617046117782592773e-01 1.000000000000000000e+00 0.000000000000000000e+00 0.000000000000000000e+00
3.772837519645690918e-01 9.684495329856872559e-01 9.977346658706665039e-02 1.956801414489746094e-01 7.633954882621765137e-01 7.651025652885437012e-01 4.751527905464172363e-01 5.743284821510314941e-01 5.718800425529479980e-01 1.000000000000000000e+00 0.000000000000000000e+00 0.000000000000000000e+00
9.951322674751281738e-01 8.755773305892944336e-02 9.943991899490356445e-01 2.905390858650207520e-01 8.485377430915832520e-01 5.981332063674926758e-02 2.992585897445678711e-01 5.165122151374816895e-01 8.647378683090209961e-01 1.000000000000000000e+00 0.000000000000000000e+00 0.000000000000000000e+00
3.473166227340698242e-01 7.330038547515869141e-01 4.136056303977966309e-01 2.111309170722961426e-01 2.602968811988830566e-01 1.912474632263183594e-03 4.148804545402526855e-01 6.736359596252441406e-01 3.294706344604492188e-03 1.000000000000000000e+00 0.000000000000000000e+00 0.000000000000000000e+00
2.022022902965545654e-01 4.157361388206481934e-01 1.205628514289855957e-01 1.934727430343627930e-01 2.203249335289001465e-01 7.847944498062133789e-01 2.048113346099853516e-01 4.070335030555725098e-01 5.298898220062255859e-01 0.000000000000000000e+00 1.000000000000000000e+00 0.000000000000000000e+00
6.890295147895812988e-01 9.098308086395263672e-01 2.392461299896240234e-01 7.501835227012634277e-01 5.164221525192260742e-01 6.293947100639343262e-01 3.771930932998657227e-01 1.802825927734375000e-02 6.120928525924682617e-01 0.000000000000000000e+00 0.000000000000000000e+00 0.000000000000000000e+00
7.512661218643188477e-01 3.727879524230957031e-01 7.055940032005310059e-01 5.401939749717712402e-01 1.411676406860351562e-01 1.275637149810791016e-01 3.876749277114868164e-01 7.974302172660827637e-01 7.538425922393798828e-02 0.000000000000000000e+00 0.000000000000000000e+00 0.000000000000000000e+00
9.941869974136352539e-01 1.028817892074584961e-02 5.368482470512390137e-01 7.892081737518310547e-01 9.066599011421203613e-01 4.995408058166503906e-01 3.545824885368347168e-01 6.684258580207824707e-01 9.531841278076171875e-01 0.000000000000000000e+00 0.000000000000000000e+00 0.000000000000000000e+00
5.361962914466857910e-01 4.693345427513122559e-01 8.621959090232849121e-01 8.686339855194091797e-02 4.319761991500854492e-01 7.947514057159423828e-01 1.506886482238769531e-01 7.307990789413452148e-01 7.781197428703308105e-01 0.000000000000000000e+00 1.000000000000000000e+00 0.000000000000000000e+00
1.802831143140792847e-01 4.556677937507629395e-01 3.484702706336975098e-01 3.159118294715881348e-01 2.213401794433593750e-01 1.534972190856933594e-01 3.366190791130065918e-01 5.019508004188537598e-01 4.438201785087585449e-01 0.000000000000000000e+00 1.000000000000000000e+00 0.000000000000000000e+00
7.981811761856079102e-01 5.821290016174316406e-01 5.087189078330993652e-01 7.632026076316833496e-01 6.663671731948852539e-01 5.260482430458068848e-01 3.574359416961669922e-02 1.365637183189392090e-01 3.583149909973144531e-01 1.000000000000000000e+00 0.000000000000000000e+00 0.000000000000000000e+00
8.627045750617980957e-01 7.078450918197631836e-01 7.348345518112182617e-01 7.380204796791076660e-01 8.704794645309448242e-01 5.142516493797302246e-01 8.023302555084228516e-01 8.947677612304687500e-01 9.272938966751098633e-02 1.000000000000000000e+00 0.000000000000000000e+00 0.000000000000000000e+00
9.080113172531127930e-01 3.182253241539001465e-01 3.437291979789733887e-01 4.576002359390258789e-01 9.509863257408142090e-01 6.429261565208435059e-01 7.819760441780090332e-01 6.668084263801574707e-01 6.750620603561401367e-01 0.000000000000000000e+00 0.000000000000000000e+00 0.000000000000000000e+00
9.899709820747375488e-01 2.354606389999389648e-01 4.418242573738098145e-01 9.006128311157226562e-01 7.770249247550964355e-01 6.083484888076782227e-01 4.306601285934448242e-01 6.617014408111572266e-01 6.186360120773315430e-02 0.000000000000000000e+00 0.000000000000000000e+00 0.000000000000000000e+00
2.615376710891723633e-01 2.983946204185485840e-01 3.082929253578186035e-01 1.349200010299682617e-01 8.549025058746337891e-01 4.663220643997192383e-01 1.220491528511047363e-01 8.075791597366333008e-01 6.847067475318908691e-01 1.000000000000000000e+00 1.000000000000000000e+00 1.000000000000000000e+00
7.387711405754089355e-01 4.959644675254821777e-01 3.888729810714721680e-01 5.506683588027954102e-01 8.209351301193237305e-01 5.725310444831848145e-01 1.141726970672607422e-02 2.353349924087524414e-01 7.061738967895507812e-01 1.000000000000000000e+00 0.000000000000000000e+00 0.000000000000000000e+00
1.773600429296493530e-01 4.719067215919494629e-01 1.866820454597473145e-01 8.007651567459106445e-02 5.929964780807495117e-01 7.369918227195739746e-01 1.816729307174682617e-01 7.141558527946472168e-01 5.815463662147521973e-01 1.000000000000000000e+00 1.000000000000000000e+00 1.000000000000000000e+00
9.982213377952575684e-01 3.538833260536193848e-01 9.647260308265686035e-01 7.417229413986206055e-01 9.548689723014831543e-01 1.057245135307312012e-01 7.899624109268188477e-02 9.298768043518066406e-01 4.160253405570983887e-01 0.000000000000000000e+00 0.000000000000000000e+00 0.000000000000000000e+00
4.671153128147125244e-01 9.525727033615112305e-01 8.564842939376831055e-01 3.255254030227661133e-02 9.773958921432495117e-01 7.695134878158569336e-01 2.796690464019775391e-01 4.055614471435546875e-01 5.661525726318359375e-01 0.000000000000000000e+00 1.000000000000000000e+00 0.000000000000000000e+00
5.545648336410522461e-01 8.516243100166320801e-01 2.218093276023864746e-01 7.976281642913818359e-01 6.078960299491882324e-01 4.799190163612365723e-01 1.378327608108520508e-01 3.173835277557373047e-01 5.147827863693237305e-01 1.000000000000000000e+00 0.000000000000000000e+00 0.000000000000000000e+00
9.088967442512512207e-01 8.396410942077636719e-02 3.719658851623535156e-01 6.267333626747131348e-01 6.501099467277526855e-01 4.873397350311279297e-01 7.019246816635131836e-01 4.644012451171875000e-02 4.964943528175354004e-01 0.000000000000000000e+00 0.000000000000000000e+00 0.000000000000000000e+00
5.549094080924987793e-01 6.133294701576232910e-01 7.426353096961975098e-01 6.332556009292602539e-01 6.915938854217529297e-02 2.991090416908264160e-01 1.790100932121276855e-01 2.623729109764099121e-01 2.126008272171020508e-02 0.000000000000000000e+00 0.000000000000000000e+00 0.000000000000000000e+00
6.978995800018310547e-01 2.556240558624267578e-01 5.933790802955627441e-01 3.430941700935363770e-01 3.774613142013549805e-01 3.303159475326538086e-01 1.071390509605407715e-01 1.345100402832031250e-01 6.195168495178222656e-01 1.000000000000000000e+00 1.000000000000000000e+00 1.000000000000000000e+00
9.067224264144897461e-01 2.611904144287109375e-01 8.634601235389709473e-01 8.945331573486328125e-01 1.107384562492370605e-01 8.784194588661193848e-01 6.619017720222473145e-01 2.594956159591674805e-01 5.063585638999938965e-01 0.000000000000000000e+00 1.000000000000000000e+00 0.000000000000000000e+00
2.394116222858428955e-01 7.554203867912292480e-01 2.010976672172546387e-01 1.184816360473632812e-01 1.334331035614013672e-01 7.312105298042297363e-01 9.932917356491088867e-02 9.430807828903198242e-01 9.433315992355346680e-01 0.000000000000000000e+00 0.000000000000000000e+00 0.000000000000000000e+00
9.609524011611938477e-01 4.045939445495605469e-01 7.063865661621093750e-01 8.652265071868896484e-01 4.002518653869628906e-01 2.740258574485778809e-01 5.317046642303466797e-01 6.336039304733276367e-01 4.911506175994873047e-02 0.000000000000000000e+00 1.000000000000000000e+00 0.000000000000000000e+00
9.153923392295837402e-01 8.432614207267761230e-01 9.485641717910766602e-01 9.956649541854858398e-01 4.055417180061340332e-01 1.643640995025634766e-01 7.857303023338317871e-01 6.972467899322509766e-01 6.281220912933349609e-01 0.000000000000000000e+00 0.000000000000000000e+00 0.000000000000000000e+00
6.145333051681518555e-01 9.117727279663085938e-01 4.634886980056762695e-02 5.109578967094421387e-01 5.506498813629150391e-01 8.082910776138305664e-01 5.168986916542053223e-01 2.129897475242614746e-01 9.934608936309814453e-01 1.000000000000000000e+00 0.000000000000000000e+00 0.000000000000000000e+00
7.842487692832946777e-01 5.413614511489868164e-01 5.104056596755981445e-01 4.881944656372070312e-01 9.687848091125488281e-01 8.360561132431030273e-01 8.923782110214233398e-01 2.595558166503906250e-01 4.392700791358947754e-01 0.000000000000000000e+00 0.000000000000000000e+00 0.000000000000000000e+00
2.989876866340637207e-01 8.494942784309387207e-01 7.700347304344177246e-01 2.948480844497680664e-02 6.555373072624206543e-01 7.579797506332397461e-01 4.314866662025451660e-01 3.351931571960449219e-01 3.161572217941284180e-01 1.000000000000000000e+00 1.000000000000000000e+00 1.000000000000000000e+00
9.816513061523437500e-01 4.635119438171386719e-01 5.286271572113037109e-01 8.878831267356872559e-01 8.958061337471008301e-01 6.092786192893981934e-01 2.766139507293701172e-01 1.234798431396484375e-01 5.408032536506652832e-01 0.000000000000000000e+00 0.000000000000000000e+00 0.000000000000000000e+00
5.793451070785522461e-01 6.965017914772033691e-01 4.620733261108398438e-01 2.524477839469909668e-01 8.549050688743591309e-01 2.505630254745483398e-01 7.340648174285888672e-01 5.690261721611022949e-01 6.797572374343872070e-01 0.000000000000000000e+00 0.000000000000000000e+00 0.000000000000000000e+00
8.937160372734069824e-01 4.456166028976440430e-01 3.984990119934082031e-01 7.068836092948913574e-01 4.713066220283508301e-01 1.781507134437561035e-01 1.560280919075012207e-01 1.098465323448181152e-01 1.713903546333312988e-01 0.000000000000000000e+00 1.000000000000000000e+00 0.000000000000000000e+00
3.219116926193237305e-01 7.356356978416442871e-01 4.008424282073974609e-01 1.237440109252929688e-02 1.764207482337951660e-01 1.898247003555297852e-01 4.589918255805969238e-01 6.335444450378417969e-01 8.572818040847778320e-01 0.000000000000000000e+00 0.000000000000000000e+00 0.000000000000000000e+00
9.761229157447814941e-01 4.083317518234252930e-02 9.623617529869079590e-01 1.558289527893066406e-01 6.128513813018798828e-01 6.867019534111022949e-01 2.074285745620727539e-01 1.997825503349304199e-01 9.478036165237426758e-01 0.000000000000000000e+00 1.000000000000000000e+00 0.000000000000000000e+00
6.552482247352600098e-01 1.352090835571289062e-01 4.812264442443847656e-01 2.076570987701416016e-01 4.506670236587524414e-01 1.031064987182617188e-02 2.804499268531799316e-01 9.885084629058837891e-01 7.702311873435974121e-01 1.000000000000000000e+00 0.000000000000000000e+00 0.000000000000000000e+00
5.727157592773437500e-01 7.225434780120849609e-01 2.123003005981445312e-01 6.925897002220153809e-01 5.642905831336975098e-01 7.480847239494323730e-01 9.562405347824096680e-01 1.732612252235412598e-01 4.537275433540344238e-01 0.000000000000000000e+00 0.000000000000000000e+00 0.000000000000000000e+00
8.667600750923156738e-01 6.683585643768310547e-01 8.197016716003417969e-01 7.675923109054565430e-01 7.113952040672302246e-01 4.138389229774475098e-01 8.047810792922973633e-01 4.449275135993957520e-01 5.252170562744140625e-02 1.000000000000000000e+00 0.000000000000000000e+00 0.000000000000000000e+00
2.171801626682281494e-01 3.534764647483825684e-01 2.880890965461730957e-01 1.583315134048461914e-01 5.178097486495971680e-01 6.003306508064270020e-01 3.456902503967285156e-02 2.932713627815246582e-01 7.715213298797607422e-02 0.000000000000000000e+00 1.000000000000000000e+00 0.000000000000000000e+00
1.935751587152481079e-01 2.984662055969238281e-01 1.528620719909667969e-03 1.116442680358886719e-02 6.154568195343017578e-01 4.232696294784545898e-01 9.188546538352966309e-01 1.712436079978942871e-01 1.394460201263427734e-01 0.000000000000000000e+00 0.000000000000000000e+00 0.000000000000000000e+00
4.605732262134552002e-01 2.533089518547058105e-01 8.249434232711791992e-01 2.475099563598632812e-01 2.156751751899719238e-01 8.224622011184692383e-01 4.599900841712951660e-01 1.076359748840332031e-01 2.949194908142089844e-01 0.000000000000000000e+00 0.000000000000000000e+00 0.000000000000000000e+00
5.151381492614746094e-01 7.184624671936035156e-01 8.450348377227783203e-01 9.724338650703430176e-01 1.145232319831848145e-01 8.251605629920959473e-01 8.814759850502014160e-01 4.606715440750122070e-01 4.113265872001647949e-01 0.000000000000000000e+00 0.000000000000000000e+00 0.000000000000000000e+00
9.191905856132507324e-01 2.631702423095703125e-01 8.156160116195678711e-01 6.580316424369812012e-01 1.752498149871826172e-01 2.158831954002380371e-01 2.679771184921264648e-01 8.279305100440979004e-01 1.780165433883666992e-01 0.000000000000000000e+00 0.000000000000000000e+00 0.000000000000000000e+00
9.969766139984130859e-01 1.764082908630371094e-01 3.576904535293579102e-02 9.332985281944274902e-01 5.712715387344360352e-01 1.936295032501220703e-01 8.914446830749511719e-01 9.129124283790588379e-01 7.083846926689147949e-01 0.000000000000000000e+00 0.000000000000000000e+00 0.000000000000000000e+00
7.135428786277770996e-01 4.624651074409484863e-01 5.126340985298156738e-01 5.836260318756103516e-01 3.048756122589111328e-01 4.608508348464965820e-01 6.585169434547424316e-01 8.537348508834838867e-01 8.998572230339050293e-01 0.000000000000000000e+00 0.000000000000000000e+00 0.000000000000000000e+00
9.531195163726806641e-01 4.372453093528747559e-01 5.995592474937438965e-01 9.085927605628967285e-01 6.047157645225524902e-01 6.073750853538513184e-01 6.113791465759277344e-02 2.094597816467285156e-01 3.983921408653259277e-01 0.000000000000000000e+00 1.000000000000000000e+00 0.000000000000000000e+00
8.568385839462280273e-01 9.128941297531127930e-01 1.355978250503540039e-01 7.021799683570861816e-01 6.407941579818725586e-01 7.781320810317993164e-02 4.423339962959289551e-01 5.000860095024108887e-01 9.206363558769226074e-01 0.000000000000000000e+00 0.000000000000000000e+00 0.000000000000000000e+00
9.856063723564147949e-01 5.758773088455200195e-01 6.834125518798828125e-01 9.997723102569580078e-01 6.785749793052673340e-01 1.040033698081970215e-01 3.074023723602294922e-01 9.570257067680358887e-01 6.709932088851928711e-01 0.000000000000000000e+00 0.000000000000000000e+00 0.000000000000000000e+00
8.614769577980041504e-01 7.913157343864440918e-01 2.972859144210815430e-01 7.877556681632995605e-01 5.363397598266601562e-01 3.517080545425415039e-01 6.510375738143920898e-01 1.476818323135375977e-01 7.315971851348876953e-01 0.000000000000000000e+00 0.000000000000000000e+00 0.000000000000000000e+00
8.986392021179199219e-01 4.645456671714782715e-01 2.070975899696350098e-01 6.726261377334594727e-01 7.382006049156188965e-01 8.927202224731445312e-02 5.047169923782348633e-01 6.728501319885253906e-01 8.923783302307128906e-01 1.000000000000000000e+00 0.000000000000000000e+00 0.000000000000000000e+00
7.406529188156127930e-01 6.739194393157958984e-01 5.371522903442382812e-02 7.908880114555358887e-01 4.129580259323120117e-01 2.362955808639526367e-01 2.511288523674011230e-01 6.821089982986450195e-02 1.081585884094238281e-01 0.000000000000000000e+00 1.000000000000000000e+00 0.000000000000000000e+00
3.877190947532653809e-01 9.012208580970764160e-01 2.044371366500854492e-01 2.308143377304077148e-01 5.588068366050720215e-01 1.491162180900573730e-01 1.813028454780578613e-01 8.715927600860595703e-01 2.508057951927185059e-01 0.000000000000000000e+00 0.000000000000000000e+00 0.000000000000000000e+00
9.203089475631713867e-01 4.211098551750183105e-01 8.674251437187194824e-01 7.916380763053894043e-01 2.332769632339477539e-01 4.599487781524658203e-01 5.475633740425109863e-01 1.726458072662353516e-01 5.132294893264770508e-01 0.000000000000000000e+00 0.000000000000000000e+00 0.000000000000000000e+00
9.325337409973144531e-01 2.433741688728332520e-01 1.424700021743774414e-01 9.860032200813293457e-01 6.438040733337402344e-02 9.982931613922119141e-01 8.386753797531127930e-01 1.516652107238769531e-01 6.523502469062805176e-01 0.000000000000000000e+00 0.000000000000000000e+00 0.000000000000000000e+00
4.971674978733062744e-01 7.390517592430114746e-01 2.698027491569519043e-01 3.459514379501342773e-01 5.998827219009399414e-01 3.766252994537353516e-01 6.558870673179626465e-01 2.441319823265075684e-01 7.205522656440734863e-01 0.000000000000000000e+00 0.000000000000000000e+00 0.000000000000000000e+00
7.031163573265075684e-01 8.823869824409484863e-01 1.710188388824462891e-02 6.988215446472167969e-01 4.752749800682067871e-01 5.285298824310302734e-01 6.701373457908630371e-01 4.993721246719360352e-01 2.053322196006774902e-01 0.000000000000000000e+00 0.000000000000000000e+00 0.000000000000000000e+00
6.197223812341690063e-02 3.018965721130371094e-01 5.035161972045898438e-02 2.560627460479736328e-01 1.396167874336242676e-01 1.145067214965820312e-01 9.188264608383178711e-02 2.712147235870361328e-01 9.141821265220642090e-01 0.000000000000000000e+00 1.000000000000000000e+00 0.000000000000000000e+00
8.443008065223693848e-01 2.190407514572143555e-01 8.639748692512512207e-01 2.555704712867736816e-01 5.949622988700866699e-01 2.628101706504821777e-01 1.323515772819519043e-01 8.712446689605712891e-01 7.557133436203002930e-01 0.000000000000000000e+00 0.000000000000000000e+00 0.000000000000000000e+00
4.411253929138183594e-01 2.281039357185363770e-01 5.218080878257751465e-01 4.477069377899169922e-01 6.018787622451782227e-02 9.297155141830444336e-01 4.147922396659851074e-01 3.736354708671569824e-01 5.434313416481018066e-01 1.000000000000000000e+00 0.000000000000000000e+00 0.000000000000000000e+00
2.651587426662445068e-01 4.655426740646362305e-02 3.153514862060546875e-01 2.660222053527832031e-01 4.377928376197814941e-01 1.671150326728820801e-01 9.684303402900695801e-01 7.081259489059448242e-01 2.629081010818481445e-01 0.000000000000000000e+00 0.000000000000000000e+00 0.000000000000000000e+00
5.917868018150329590e-01 8.007037639617919922e-01 6.475558280944824219e-01 3.351358175277709961e-01 2.617881298065185547e-01 2.813584208488464355e-01 2.592687010765075684e-01 9.157236814498901367e-01 3.631638884544372559e-01 1.000000000000000000e+00 0.000000000000000000e+00 0.000000000000000000e+00
7.488045096397399902e-01 1.846458315849304199e-01 8.429304361343383789e-01 2.197667360305786133e-01 7.164835929870605469e-02 2.849127054214477539e-01 2.633055448532104492e-01 5.663154721260070801e-01 2.523986101150512695e-01 0.000000000000000000e+00 1.000000000000000000e+00 0.000000000000000000e+00
7.438381910324096680e-01 1.953745484352111816e-01 5.669037699699401855e-01 1.688668131828308105e-01 6.617872714996337891e-01 5.748699307441711426e-01 7.663231492042541504e-01 5.015603899955749512e-01 8.043405413627624512e-01 0.000000000000000000e+00 0.000000000000000000e+00 0.000000000000000000e+00
4.308988153934478760e-01 5.916810035705566406e-01 3.495591282844543457e-01 3.891396522521972656e-01 2.118784189224243164e-01 9.388604760169982910e-01 2.380707859992980957e-01 1.595509052276611328e-01 7.597777247428894043e-01 0.000000000000000000e+00 0.000000000000000000e+00 0.000000000000000000e+00
9.565395861864089966e-02 3.272308707237243652e-01 4.109869599342346191e-01 1.707654595375061035e-01 1.071200966835021973e-01 9.652248024940490723e-01 1.244907975196838379e-01 9.517014026641845703e-03 4.215832352638244629e-01 0.000000000000000000e+00 1.000000000000000000e+00 0.000000000000000000e+00
8.503949642181396484e-01 7.517461180686950684e-01 6.480431556701660156e-02 1.487326025962829590e-01 9.560284018516540527e-01 9.356313943862915039e-02 5.149886012077331543e-01 8.070644140243530273e-01 2.836102247238159180e-01 0.000000000000000000e+00 0.000000000000000000e+00 0.000000000000000000e+00
7.406260967254638672e-01 9.112378358840942383e-01 2.546483874320983887e-01 9.367092251777648926e-01 1.884678006172180176e-01 4.916443228721618652e-01 7.208281159400939941e-01 3.222163319587707520e-01 7.045247554779052734e-01 0.000000000000000000e+00 0.000000000000000000e+00 0.000000000000000000e+00
4.545871615409851074e-01 8.632639646530151367e-01 6.352069973945617676e-01 7.996116876602172852e-01 2.632677555084228516e-03 3.089560270309448242e-01 3.411747813224792480e-01 8.271716237068176270e-01 1.601414084434509277e-01 1.000000000000000000e+00 0.000000000000000000e+00 0.000000000000000000e+00
8.328552246093750000e-01 4.916587471961975098e-01 7.445060014724731445e-01 7.226862907409667969e-01 4.757611751556396484e-01 8.515417575836181641e-01 4.669513106346130371e-01 8.306837677955627441e-01 9.093956351280212402e-01 0.000000000000000000e+00 0.000000000000000000e+00 0.000000000000000000e+00
6.184971928596496582e-01 8.605246543884277344e-01 7.726420760154724121e-01 7.079746723175048828e-01 2.859921455383300781e-01 3.302211165428161621e-01 6.774684786796569824e-01 2.541889548301696777e-01 6.830901503562927246e-01 0.000000000000000000e+00 0.000000000000000000e+00 0.000000000000000000e+00
6.586580276489257812e-01 8.259270787239074707e-01 4.258502721786499023e-01 3.488683700561523438e-01 4.524253010749816895e-01 4.256228208541870117e-01 9.512832760810852051e-01 7.350596189498901367e-01 5.324152708053588867e-01 1.000000000000000000e+00 0.000000000000000000e+00 0.000000000000000000e+00
2.106785923242568970e-01 7.520681619644165039e-02 3.301183581352233887e-01 1.917664408683776855e-01 2.234218716621398926e-01 4.357044100761413574e-01 8.932622075080871582e-01 5.263791084289550781e-01 7.441379427909851074e-01 0.000000000000000000e+00 1.000000000000000000e+00 0.000000000000000000e+00
8.889604806900024414e-01 9.665138125419616699e-01 7.050136923789978027e-01 9.624208211898803711e-01 9.877504706382751465e-01 6.594535708427429199e-01 6.688043475151062012e-01 5.355911850929260254e-01 3.844898939132690430e-02 0.000000000000000000e+00 0.000000000000000000e+00 0.000000000000000000e+00
2.931962609291076660e-01 8.593382835388183594e-01 6.947920322418212891e-01 4.014992713928222656e-02 5.205233693122863770e-01 1.129919290542602539e-01 5.515356659889221191e-01 1.313052773475646973e-01 5.651335716247558594e-01 1.000000000000000000e+00 0.000000000000000000e+00 0.000000000000000000e+00
9.964661598205566406e-01 2.849066257476806641e-02 7.390968203544616699e-01 8.789719939231872559e-01 6.465538144111633301e-01 5.514364838600158691e-01 8.008256554603576660e-01 5.803718566894531250e-01 4.035557508468627930e-01 0.000000000000000000e+00 1.000000000000000000e+00 0.000000000000000000e+00
1.562501788139343262e-01 8.477909564971923828e-01 5.480373501777648926e-01 1.478765010833740234e-01 1.396615505218505859e-01 7.047280669212341309e-01 4.644076824188232422e-01 5.623204112052917480e-01 2.471436858177185059e-01 0.000000000000000000e+00 0.000000000000000000e+00 0.000000000000000000e+00
8.713226765394210815e-02 2.603541612625122070e-01 1.206008195877075195e-01 1.478487253189086914e-02 3.307513594627380371e-01 4.551382660865783691e-01 4.141683578491210938e-01 6.414339542388916016e-01 3.688868284225463867e-01 1.000000000000000000e+00 0.000000000000000000e+00 0.000000000000000000e+00
3.884341716766357422e-01 5.671187043190002441e-01 5.306661128997802734e-03 3.437304496765136719e-02 6.744854450225830078e-01 2.199022173881530762e-01 3.668503761291503906e-01 4.261696338653564453e-01 2.223275303840637207e-01 1.000000000000000000e+00 1.000000000000000000e+00 1.000000000000000000e+00
7.046335935592651367e-01 2.507027387619018555e-01 2.959495186805725098e-01 4.664713740348815918e-01 4.556579589843750000e-01 6.733471155166625977e-02 8.053117990493774414e-01 1.143175363540649414e-01 8.220685124397277832e-01 0.000000000000000000e+00 0.000000000000000000e+00 0.000000000000000000e+00
7.214273810386657715e-01 5.158496499061584473e-01 2.518181204795837402e-01 6.136624813079833984e-01 6.929765939712524414e-01 5.026412606239318848e-01 1.665183901786804199e-01 3.239788413047790527e-01 2.535811066627502441e-01 1.000000000000000000e+00 0.000000000000000000e+00 0.000000000000000000e+00
9.890443086624145508e-01 1.663495302200317383e-01 9.287226200103759766e-02 9.391942620277404785e-01 6.865288615226745605e-01 9.152106046676635742e-01 9.861848950386047363e-01 1.981685161590576172e-01 8.773867487907409668e-01 0.000000000000000000e+00 1.000000000000000000e+00 0.000000000000000000e+00
3.595317304134368896e-01 5.448240041732788086e-01 1.060247421264648438e-03 1.145343780517578125e-01 6.117475032806396484e-01 7.514519095420837402e-01 7.469878792762756348e-01 7.164818048477172852e-02 4.054248332977294922e-01 0.000000000000000000e+00 0.000000000000000000e+00 0.000000000000000000e+00
9.486235380172729492e-01 4.797977805137634277e-01 9.186723828315734863e-01 7.998863458633422852e-01 8.783575892448425293e-01 8.884479999542236328e-01 8.296259045600891113e-01 7.197917103767395020e-01 8.626341223716735840e-01 0.000000000000000000e+00 0.000000000000000000e+00 0.000000000000000000e+00
4.378069937229156494e-01 5.011112689971923828e-01 7.077616453170776367e-02 7.117575407028198242e-02 8.006350398063659668e-01 5.991240143775939941e-01 2.834737896919250488e-01 4.253998398780822754e-01 5.269797444343566895e-01 1.000000000000000000e+00 0.000000000000000000e+00 0.000000000000000000e+00
9.098213315010070801e-01 3.064846992492675781e-01 6.225445866584777832e-01 9.234952926635742188e-01 5.935492515563964844e-01 9.000584483146667480e-01 8.703165650367736816e-01 5.806295871734619141e-01 8.044284582138061523e-02 1.000000000000000000e+00 0.000000000000000000e+00 0.000000000000000000e+00
2.896883487701416016e-01 3.634274601936340332e-01 4.257354140281677246e-01 7.998168468475341797e-03 5.594057440757751465e-01 5.738385319709777832e-01 6.272616386413574219e-01 4.544515609741210938e-01 5.540195107460021973e-01 1.000000000000000000e+00 0.000000000000000000e+00 0.000000000000000000e+00
8.853295445442199707e-01 2.356106042861938477e-01 3.488618135452270508e-01 8.461213111877441406e-01 1.891546845436096191e-01 8.257614374160766602e-01 2.412366867065429688e-02 9.825386404991149902e-01 8.956382870674133301e-01 1.000000000000000000e+00 0.000000000000000000e+00 0.000000000000000000e+00
8.859199881553649902e-01 6.255962848663330078e-01 2.792522311210632324e-01 7.718409299850463867e-01 5.064451098442077637e-01 4.071669578552246094e-01 8.304349780082702637e-01 8.690510988235473633e-01 5.990773439407348633e-02 1.000000000000000000e+00 0.000000000000000000e+00 0.000000000000000000e+00
3.516858518123626709e-01 4.338006377220153809e-01 4.137940406799316406e-01 3.453626632690429688e-01 2.013674378395080566e-01 1.217586398124694824e-01 3.925990462303161621e-01 6.433490514755249023e-01 6.085318326950073242e-02 1.000000000000000000e+00 1.000000000000000000e+00 1.000000000000000000e+00
2.686080038547515869e-01 7.833354473114013672e-01 8.505468964576721191e-01 8.658663034439086914e-01 6.444036960601806641e-02 5.835378766059875488e-01 9.285256266593933105e-01 1.514391899108886719e-01 9.212061762809753418e-01 1.000000000000000000e+00 0.000000000000000000e+00 0.000000000000000000e+00
5.070601105690002441e-01 9.564426541328430176e-01 8.271243572235107422e-01 2.514029741287231445e-01 6.882088184356689453e-01 3.390752673149108887e-01 3.788312077522277832e-01 7.954230308532714844e-01 4.230565428733825684e-01 1.000000000000000000e+00 0.000000000000000000e+00 0.000000000000000000e+00
6.714444160461425781e-01 6.888129711151123047e-01 9.889454245567321777e-01 2.132281064987182617e-01 8.466860055923461914e-01 5.077511668205261230e-01 7.415536046028137207e-01 2.205250263214111328e-01 6.524795889854431152e-01 1.000000000000000000e+00 0.000000000000000000e+00 0.000000000000000000e+00
3.272939324378967285e-01 6.516194343566894531e-01 3.193663954734802246e-01 2.396743297576904297e-01 6.855574250221252441e-01 1.845119595527648926e-01 2.504243850708007812e-01 9.399028420448303223e-01 8.052916526794433594e-01 1.000000000000000000e+00 0.000000000000000000e+00 0.000000000000000000e+00
9.610846042633056641e-01 6.485521793365478516e-02 6.773763298988342285e-01 7.659600377082824707e-01 7.118504643440246582e-01 9.873634576797485352e-01 8.382091522216796875e-01 4.435759782791137695e-01 3.866655826568603516e-01 1.000000000000000000e+00 0.000000000000000000e+00 0.000000000000000000e+00
6.828411817550659180e-01 5.862193703651428223e-01 8.845089673995971680e-01 1.945637464523315430e-01 3.659200072288513184e-01 3.108769059181213379e-01 8.388108015060424805e-02 4.179211854934692383e-01 4.452943801879882812e-02 1.000000000000000000e+00 0.000000000000000000e+00 0.000000000000000000e+00
5.848637819290161133e-01 6.359930038452148438e-01 1.215440034866333008e-01 5.285264253616333008e-01 7.150478363037109375e-01 5.990775227546691895e-01 2.746419906616210938e-01 4.278982877731323242e-01 1.540467143058776855e-01 1.000000000000000000e+00 0.000000000000000000e+00 0.000000000000000000e+00
1.600778251886367798e-01 2.512169480323791504e-01 2.919358611106872559e-01 7.030057907104492188e-02 1.384912133216857910e-01 7.082902193069458008e-01 7.716296315193176270e-01 5.029008388519287109e-01 5.053475499153137207e-01 1.000000000000000000e+00 1.000000000000000000e+00 1.000000000000000000e+00
6.072338223457336426e-01 6.190539002418518066e-01 7.813046574592590332e-01 1.754169464111328125e-01 5.108634233474731445e-01 4.715543985366821289e-02 9.067362546920776367e-02 5.863434076309204102e-01 6.414886116981506348e-01 0.000000000000000000e+00 0.000000000000000000e+00 0.000000000000000000e+00
2.783075571060180664e-01 4.053186774253845215e-01 2.673753499984741211e-01 1.916289329528808594e-04 9.547979831695556641e-01 4.761770963668823242e-01 6.546462178230285645e-01 2.251267433166503906e-03 4.191082715988159180e-01 0.000000000000000000e+00 1.000000000000000000e+00 0.000000000000000000e+00
6.414726376533508301e-01 9.911667704582214355e-01 1.287572383880615234e-01 7.648787498474121094e-01 3.383551239967346191e-01 4.910097122192382812e-01 4.347181320190429688e-01 5.100548267364501953e-03 9.200220108032226562e-01 1.000000000000000000e+00 0.000000000000000000e+00 0.000000000000000000e+00
3.796516954898834229e-01 5.852432250976562500e-01 5.366158485412597656e-01 1.856119632720947266e-01 6.237419247627258301e-01 3.762437701225280762e-01 7.065636515617370605e-01 6.339237689971923828e-01 8.923373818397521973e-01 1.000000000000000000e+00 0.000000000000000000e+00 0.000000000000000000e+00
2.221455276012420654e-01 9.200684428215026855e-01 1.980341076850891113e-01 3.577858209609985352e-02 3.943895101547241211e-01 7.799516916275024414e-01 9.478278160095214844e-01 1.657282114028930664e-01 7.231798768043518066e-01 0.000000000000000000e+00 0.000000000000000000e+00 0.000000000000000000e+00
9.990288019180297852e-01 1.023957133293151855e-01 9.391481280326843262e-01 7.612164020538330078e-01 9.868190884590148926e-01 3.619846105575561523e-01 8.008402585983276367e-02 4.496223330497741699e-01 7.693289518356323242e-01 0.000000000000000000e+00 0.000000000000000000e+00 0.000000000000000000e+00
8.991083502769470215e-01 1.359652876853942871e-01 7.736257910728454590e-01 4.456165432929992676e-01 5.818575620651245117e-01 8.349115252494812012e-01 2.980800271034240723e-01 7.113998532295227051e-01 3.517506718635559082e-01 0.000000000000000000e+00 0.000000000000000000e+00 0.000000000000000000e+00
5.387243628501892090e-01 7.692984342575073242e-01 7.957896590232849121e-01 1.797767281532287598e-01 8.875203132629394531e-01 2.061982154846191406e-01 5.024033784866333008e-01 5.014051198959350586e-01 2.680280208587646484e-01 0.000000000000000000e+00 0.000000000000000000e+00 0.000000000000000000e+00
8.512886166572570801e-01 7.709646224975585938e-02 6.356739997863769531e-02 3.848834633827209473e-01 9.867690205574035645e-01 6.839482188224792480e-01 4.680191278457641602e-01 9.822204113006591797e-01 5.988951921463012695e-01 1.000000000000000000e+00 0.000000000000000000e+00 0.000000000000000000e+00
2.190399914979934692e-01 9.262517094612121582e-01 2.718898057937622070e-01 1.440343856811523438e-01 3.933531641960144043e-01 5.253501534461975098e-01 9.435930848121643066e-01 8.967459797859191895e-01 7.671762108802795410e-01 0.000000000000000000e+00 1.000000000000000000e+00 0.000000000000000000e+00
6.249013543128967285e-01 9.475107192993164062e-01 6.428259611129760742e-01 9.720423817634582520e-01 2.320584654808044434e-01 9.947748780250549316e-01 5.388615131378173828e-01 1.745123863220214844e-01 3.715412020683288574e-01 0.000000000000000000e+00 0.000000000000000000e+00 0.000000000000000000e+00
8.101761341094970703e-01 8.424338698387145996e-01 1.933402419090270996e-01 2.791292071342468262e-01 9.788425564765930176e-01 1.674443483352661133e-02 3.294318914413452148e-01 3.044769167900085449e-01 9.575077891349792480e-01 0.000000000000000000e+00 0.000000000000000000e+00 0.000000000000000000e+00
8.693006038665771484e-01 1.604772210121154785e-01 7.876746058464050293e-01 9.656262397766113281e-02 1.750069856643676758e-01 2.929007411003112793e-01 2.924349308013916016e-01 9.724629521369934082e-01 5.684818029403686523e-01 1.000000000000000000e+00 0.000000000000000000e+00 0.000000000000000000e+00
3.828652501106262207e-01 9.167330265045166016e-01 2.241365909576416016e-01 3.608198165893554688e-01 3.674446940422058105e-01 5.407967567443847656e-01 9.490869045257568359e-01 5.565475225448608398e-01 1.891534924507141113e-01 1.000000000000000000e+00 0.000000000000000000e+00 0.000000000000000000e+00
9.236553311347961426e-01 3.473609685897827148e-01 6.679005026817321777e-01 9.407482743263244629e-01 3.396356105804443359e-01 7.720714807510375977e-01 7.027150988578796387e-01 7.332286238670349121e-01 8.668584823608398438e-01 1.000000000000000000e+00 0.000000000000000000e+00 0.000000000000000000e+00
9.687434434890747070e-01 2.915116548538208008e-01 6.399815678596496582e-01 9.291864037513732910e-01 2.732273936271667480e-01 5.578460693359375000e-01 9.845498800277709961e-01 1.269525289535522461e-02 5.463914275169372559e-01 1.000000000000000000e+00 1.000000000000000000e+00 1.000000000000000000e+00
9.940726161003112793e-01 3.567844629287719727e-02 7.579696178436279297e-02 8.310536146163940430e-01 7.435650825500488281e-01 2.286305427551269531e-01 5.926610827445983887e-01 3.400036096572875977e-01 5.568796396255493164e-01 0.000000000000000000e+00 1.000000000000000000e+00 0.000000000000000000e+00
9.060869216918945312e-01 5.737260580062866211e-01 5.595665574073791504e-01 7.656072378158569336e-01 7.119834423065185547e-01 4.423402547836303711e-01 4.225628972053527832e-01 1.429975032806396484e-03 1.504571437835693359e-01 0.000000000000000000e+00 1.000000000000000000e+00 0.000000000000000000e+00
4.947325587272644043e-01 8.015525341033935547e-01 4.694536924362182617e-01 6.904011964797973633e-01 3.939122557640075684e-01 4.327896833419799805e-01 7.565665841102600098e-01 4.965781569480895996e-01 8.296917080879211426e-01 1.000000000000000000e+00 0.000000000000000000e+00 0.000000000000000000e+00
7.108448743820190430e-01 4.513312578201293945e-01 8.894497752189636230e-01 4.462878704071044922e-01 2.555639743804931641e-01 4.885914921760559082e-01 6.132529973983764648e-01 3.185870051383972168e-01 7.966250181198120117e-01 0.000000000000000000e+00 0.000000000000000000e+00 0.000000000000000000e+00
9.484759569168090820e-01 3.311655521392822266e-01 1.950443387031555176e-01 8.456466197967529297e-01 5.345048308372497559e-01 7.587941288948059082e-01 5.476999282836914062e-01 7.239163517951965332e-01 6.054714918136596680e-01 0.000000000000000000e+00 1.000000000000000000e+00 0.000000000000000000e+00
9.788336157798767090e-01 6.336551904678344727e-02 7.777741551399230957e-01 9.402951002120971680e-01 5.386769175529479980e-01 9.339784979820251465e-01 1.072866320610046387e-01 1.993033289909362793e-01 3.286256194114685059e-01 0.000000000000000000e+00 0.000000000000000000e+00 0.000000000000000000e+00
9.125124216079711914e-01 1.100205183029174805e-01 9.762143492698669434e-01 1.131095886230468750e-01 2.442340254783630371e-01 4.338287115097045898e-01 3.971529006958007812e-02 1.181753873825073242e-01 6.772034168243408203e-01 1.000000000000000000e+00 0.000000000000000000e+00 0.000000000000000000e+00
5.450852513313293457e-01 7.130763530731201172e-01 8.377078175544738770e-01 5.773444175720214844e-01 1.897910237312316895e-01 4.083540439605712891e-01 8.820270299911499023e-01 3.595455884933471680e-01 9.156854152679443359e-01 0.000000000000000000e+00 0.000000000000000000e+00 0.000000000000000000e+00
9.503363966941833496e-01 6.589978933334350586e-02 7.941795587539672852e-01 2.863848209381103516e-02 5.106945633888244629e-01 6.923693418502807617e-02 6.068933010101318359e-01 8.495113253593444824e-01 5.432010889053344727e-01 0.000000000000000000e+00 0.000000000000000000e+00 0.000000000000000000e+00
9.960753321647644043e-01 1.365540027618408203e-01 7.485658526420593262e-01 8.189965486526489258e-01 6.293722391128540039e-01 4.015636444091796875e-02 2.428843975067138672e-01 9.653109312057495117e-02 3.881778717041015625e-01 0.000000000000000000e+00 0.000000000000000000e+00 0.000000000000000000e+00
7.907799482345581055e-01 8.546508550643920898e-01 1.746143102645874023e-01 6.354406476020812988e-01 5.073369741439819336e-01 3.308701515197753906e-02 3.353903293609619141e-01 7.922638654708862305e-01 7.837614417076110840e-01 0.000000000000000000e+00 0.000000000000000000e+00 0.000000000000000000e+00
3.125559389591217041e-01 8.489370346069335938e-01 2.019529342651367188e-01 6.499845385551452637e-01 1.125688552856445312e-01 4.737295508384704590e-01 9.259333610534667969e-01 9.286020398139953613e-01 1.068656444549560547e-01 1.000000000000000000e+00 1.000000000000000000e+00 1.000000000000000000e+00
7.253380417823791504e-01 8.134230375289916992e-01 2.239114642143249512e-01 6.406340599060058594e-01 7.015945315361022949e-01 8.287800550460815430e-01 5.729067325592041016e-01 6.126530170440673828e-01 4.432443976402282715e-01 0.000000000000000000e+00 0.000000000000000000e+00 0.000000000000000000e+00
3.944139778614044189e-01 4.884753823280334473e-01 7.770279049873352051e-01 3.357577323913574219e-01 6.852328777313232422e-03 3.454755544662475586e-01 4.649530649185180664e-01 5.972655415534973145e-01 6.285566091537475586e-01 0.000000000000000000e+00 1.000000000000000000e+00 0.000000000000000000e+00
2.410859763622283936e-01 5.461781024932861328e-01 3.032308816909790039e-01 2.274569272994995117e-01 2.703601121902465820e-01 4.377573728561401367e-01 4.675739407539367676e-01 3.818117976188659668e-01 8.359646201133728027e-01 0.000000000000000000e+00 0.000000000000000000e+00 0.000000000000000000e+00
7.505813837051391602e-01 5.670374631881713867e-01 8.964591026306152344e-01 6.220625042915344238e-01 4.549375176429748535e-01 2.552593946456909180e-01 4.825405478477478027e-01 2.677506804466247559e-01 1.669083237648010254e-01 0.000000000000000000e+00 0.000000000000000000e+00 0.000000000000000000e+00
2.647728919982910156e-01 7.484466433525085449e-01 1.794472932815551758e-01 2.272397279739379883e-02 2.946655154228210449e-01 1.956418752670288086e-01 7.901099920272827148e-01 1.846827864646911621e-01 6.701415777206420898e-01 0.000000000000000000e+00 1.000000000000000000e+00 0.000000000000000000e+00
1.212938651442527771e-01 1.303637027740478516e-01 1.302046775817871094e-01 7.495951652526855469e-02 7.259497642517089844e-01 6.516095399856567383e-01 8.483892083168029785e-01 9.963995814323425293e-01 6.958604454994201660e-01 0.000000000000000000e+00 1.000000000000000000e+00 0.000000000000000000e+00
2.006120830774307251e-01 5.644505023956298828e-01 8.111919760704040527e-01 2.176681756973266602e-01 1.623861789703369141e-01 8.315870165824890137e-01 7.653099298477172852e-01 7.751641273498535156e-01 8.262567520141601562e-01 0.000000000000000000e+00 0.000000000000000000e+00 0.000000000000000000e+00
5.367001891136169434e-01 7.781200408935546875e-01 3.753765225410461426e-01 4.122665524482727051e-01 5.438737273216247559e-01 7.155511379241943359e-01 9.780040979385375977e-01 4.712139368057250977e-01 9.402791857719421387e-01 1.000000000000000000e+00 0.000000000000000000e+00 0.000000000000000000e+00
9.868167042732238770e-01 1.497703790664672852e-01 8.964343070983886719e-01 2.159100770950317383e-01 8.313574790954589844e-01 2.228639721870422363e-01 4.820796251296997070e-01 4.490399360656738281e-01 8.270547986030578613e-01 0.000000000000000000e+00 0.000000000000000000e+00 0.000000000000000000e+00
4.130842387676239014e-01 4.770638346672058105e-01 2.081759572029113770e-01 3.669132590293884277e-01 6.159468293190002441e-01 6.735271811485290527e-01 7.769994735717773438e-01 1.535447239875793457e-01 1.042329072952270508e-01 0.000000000000000000e+00 0.000000000000000000e+00 0.000000000000000000e+00
9.778006076812744141e-01 2.305287718772888184e-01 5.399159193038940430e-01 7.341004014015197754e-01 4.759276509284973145e-01 2.337419986724853516e-01 1.042008399963378906e-01 4.813988208770751953e-01 2.664399743080139160e-01 1.000000000000000000e+00 0.000000000000000000e+00 0.000000000000000000e+00
9.931961297988891602e-01 2.625441551208496094e-02 7.751894593238830566e-01 8.539139628410339355e-01 5.629767179489135742e-01 7.261216640472412109e-02 9.685543179512023926e-01 5.560323596000671387e-01 5.811540484428405762e-01 0.000000000000000000e+00 1.000000000000000000e+00 0.000000000000000000e+00
8.975599408149719238e-01 2.261534333229064941e-01 4.740537405014038086e-01 7.488480210304260254e-01 5.404682755470275879e-01 8.118878602981567383e-01 7.875156998634338379e-01 2.434158325195312500e-02 1.686932444572448730e-01 0.000000000000000000e+00 0.000000000000000000e+00 0.000000000000000000e+00
7.917629480361938477e-01 9.603816270828247070e-02 9.448379874229431152e-01 3.129780292510986328e-03 4.488211870193481445e-02 5.392170548439025879e-01 7.943580746650695801e-01 1.857224106788635254e-01 7.036100029945373535e-01 1.000000000000000000e+00 0.000000000000000000e+00 0.000000000000000000e+00
9.917290806770324707e-01 6.281113624572753906e-01 5.410879254341125488e-01 9.727176427841186523e-01 8.734709024429321289e-01 3.045290708541870117e-02 9.095716476440429688e-02 4.797995090484619141e-03 3.854958415031433105e-01 0.000000000000000000e+00 0.000000000000000000e+00 0.000000000000000000e+00
6.272422075271606445e-01 4.771770238876342773e-01 3.303719162940979004e-01 2.096610665321350098e-01 9.135430455207824707e-01 8.210839629173278809e-01 9.940949082374572754e-01 8.100219368934631348e-01 2.293929457664489746e-01 1.000000000000000000e+00 0.000000000000000000e+00 0.000000000000000000e+00
4.835828840732574463e-01 5.565958619117736816e-01 9.432724714279174805e-01 2.547017335891723633e-01 1.285321116447448730e-01 2.796270251274108887e-01 2.105396986007690430e-02 4.060641527175903320e-01 2.459825277328491211e-01 0.000000000000000000e+00 0.000000000000000000e+00 0.000000000000000000e+00
4.730003476142883301e-01 2.745329737663269043e-01 3.356196284294128418e-01 2.331859469413757324e-01 6.430271863937377930e-01 4.205070137977600098e-01 9.274220466613769531e-01 1.793105006217956543e-01 6.949683427810668945e-01 1.000000000000000000e+00 1.000000000000000000e+00 1.000000000000000000e+00
6.198104619979858398e-01 7.292397022247314453e-01 6.630809307098388672e-01 9.583610296249389648e-01 1.975027918815612793e-01 7.439492344856262207e-01 7.232309579849243164e-01 9.683490395545959473e-01 7.445178031921386719e-01 1.000000000000000000e+00 0.000000000000000000e+00 0.000000000000000000e+00
6.007266640663146973e-01 7.861952781677246094e-01 6.538082361221313477e-01 1.055247187614440918e-01 9.703062772750854492e-01 7.766334414482116699e-01 4.286251664161682129e-01 9.210655093193054199e-01 2.387779951095581055e-01 0.000000000000000000e+00 0.000000000000000000e+00 0.000000000000000000e+00
7.997797131538391113e-01 2.489843368530273438e-01 3.786367177963256836e-02 7.112715244293212891e-01 5.417154431343078613e-01 9.286957979202270508e-01 1.408304572105407715e-01 9.745678305625915527e-01 2.142685651779174805e-02 1.000000000000000000e+00 0.000000000000000000e+00 0.000000000000000000e+00
9.265968203544616699e-01 3.870420455932617188e-01 2.137917280197143555e-02 8.007983565330505371e-01 1.023375988006591797e-01 2.025452256202697754e-01 1.812015175819396973e-01 9.468764662742614746e-01 9.567178487777709961e-01 0.000000000000000000e+00 0.000000000000000000e+00 0.000000000000000000e+00
8.442550897598266602e-01 3.539189100265502930e-01 6.630605459213256836e-02 7.198925018310546875e-01 5.164615511894226074e-01 9.269999861717224121e-01 8.554965853691101074e-01 7.676869630813598633e-02 7.784912586212158203e-01 1.000000000000000000e+00 1.000000000000000000e+00 1.000000000000000000e+00
7.108798623085021973e-01 9.875159859657287598e-01 6.024767756462097168e-01 3.896157741546630859e-01 6.377049684524536133e-01 7.576875090599060059e-01 4.997290968894958496e-01 3.734501004219055176e-01 7.744532823562622070e-01 1.000000000000000000e+00 0.000000000000000000e+00 0.000000000000000000e+00
2.067212164402008057e-01 1.679674983024597168e-01 2.533969879150390625e-01 7.932829856872558594e-02 4.035205841064453125e-01 9.006226658821105957e-01 5.346044301986694336e-01 2.383999824523925781e-01 3.911769986152648926e-01 0.000000000000000000e+00 1.000000000000000000e+00 0.000000000000000000e+00
8.601548671722412109e-01 4.276818633079528809e-01 7.404059171676635742e-01 2.938884496688842773e-02 7.529636025428771973e-01 5.774164199829101562e-02 6.020794510841369629e-01 3.828409910202026367e-01 4.391252398490905762e-01 0.000000000000000000e+00 1.000000000000000000e+00 0.000000000000000000e+00
3.880788981914520264e-01 3.480879068374633789e-01 3.658187389373779297e-02 4.594890475273132324e-01 5.377289652824401855e-01 8.555225729942321777e-01 6.302310228347778320e-01 9.277502298355102539e-01 9.971404671669006348e-01 0.000000000000000000e+00 0.000000000000000000e+00 0.000000000000000000e+00
7.248203158378601074e-01 4.062228202819824219e-01 9.366959929466247559e-01 7.542381286621093750e-01 1.615902185440063477e-01 8.260239958763122559e-01 1.178231835365295410e-01 6.303440332412719727e-01 8.044670224189758301e-01 0.000000000000000000e+00 0.000000000000000000e+00 0.000000000000000000e+00
6.892725825309753418e-01 1.610704064369201660e-01 7.232174277305603027e-01 2.880461215972900391e-01 3.966892361640930176e-01 4.918209910392761230e-01 1.304695606231689453e-01 9.975853562355041504e-01 3.574865460395812988e-01 0.000000000000000000e+00 0.000000000000000000e+00 0.000000000000000000e+00
6.993083357810974121e-01 7.690194249153137207e-01 4.857300519943237305e-01 6.229978203773498535e-01 4.863331317901611328e-01 6.986798048019409180e-01 7.763263583183288574e-01 2.664440870285034180e-01 5.169622302055358887e-01 1.000000000000000000e+00 0.000000000000000000e+00 0.000000000000000000e+00
6.991062164306640625e-01 1.073418855667114258e-01 6.388404965400695801e-01 2.726805806159973145e-01 4.265468716621398926e-01 9.219143390655517578e-01 9.512366056442260742e-01 5.411598086357116699e-01 4.996168613433837891e-02 1.000000000000000000e+00 1.000000000000000000e+00 1.000000000000000000e+00
6.353468298912048340e-01 7.938889265060424805e-01 5.045290589332580566e-01 5.688308477401733398e-01 1.356211900711059570e-01 4.322254657745361328e-02 5.995970964431762695e-02 6.641976237297058105e-01 6.739204525947570801e-01 1.000000000000000000e+00 0.000000000000000000e+00 0.000000000000000000e+00
9.456789493560791016e-01 1.712769865989685059e-01 9.987288713455200195e-02 8.057124614715576172e-01 3.804348111152648926e-01 8.891618251800537109e-01 5.569934844970703125e-02 1.045314669609069824e-01 8.047428131103515625e-01 0.000000000000000000e+00 0.000000000000000000e+00 0.000000000000000000e+00
9.963735938072204590e-01 1.358411908149719238e-01 7.341985702514648438e-01 8.709818124771118164e-01 3.366312980651855469e-01 4.969972372055053711e-02 1.046574711799621582e-01 4.245380163192749023e-01 8.058033585548400879e-01 0.000000000000000000e+00 0.000000000000000000e+00 0.000000000000000000e+00
7.671130895614624023e-01 6.051023006439208984e-01 2.714975476264953613e-01 8.708931207656860352e-01 2.350886464118957520e-01 9.992886781692504883e-01 1.954458951950073242e-01 8.784449100494384766e-01 6.170317530632019043e-01 0.000000000000000000e+00 0.000000000000000000e+00 0.000000000000000000e+00
3.091112077236175537e-01 2.984462380409240723e-01 2.114176750183105469e-04 1.010921001434326172e-01 8.955968022346496582e-01 3.460458517074584961e-01 8.155481219291687012e-01 4.583296179771423340e-01 9.974737167358398438e-01 1.000000000000000000e+00 1.000000000000000000e+00 1.000000000000000000e+00
6.649699807167053223e-01 6.391010284423828125e-01 6.801295280456542969e-01 4.136047363281250000e-01 7.290114760398864746e-01 3.003520369529724121e-01 8.128973841667175293e-01 9.148092865943908691e-01 2.716577053070068359e-02 0.000000000000000000e+00 0.000000000000000000e+00 0.000000000000000000e+00
9.683887958526611328e-01 2.666942477226257324e-01 9.638803601264953613e-01 6.979946494102478027e-01 2.714686989784240723e-01 4.916224479675292969e-01 8.463762402534484863e-01 8.118425011634826660e-01 8.432588577270507812e-01 0.000000000000000000e+00 0.000000000000000000e+00 0.000000000000000000e+00
9.425815343856811523e-01 2.140914797782897949e-01 7.326509356498718262e-01 6.722066402435302734e-01 7.029039859771728516e-01 4.721198678016662598e-01 9.172052145004272461e-02 3.839760422706604004e-01 9.030427932739257812e-01 1.000000000000000000e+00 1.000000000000000000e+00 1.000000000000000000e+00
6.820275187492370605e-01 3.277623653411865234e-01 8.728603720664978027e-01 4.551576375961303711e-01 4.519403576850891113e-01 8.886226415634155273e-01 7.906038165092468262e-01 8.652651309967041016e-01 9.002250432968139648e-02 0.000000000000000000e+00 0.000000000000000000e+00 0.000000000000000000e+00
9.169868826866149902e-01 9.360587596893310547e-02 4.589018821716308594e-01 5.995149016380310059e-01 5.434520840644836426e-01 2.210602164268493652e-01 3.307250738143920898e-01 8.069598674774169922e-01 7.762072682380676270e-01 0.000000000000000000e+00 0.000000000000000000e+00 0.000000000000000000e+00
8.790644407272338867e-01 1.371401548385620117e-02 4.682661294937133789e-01 1.475003361701965332e-01 9.118207693099975586e-01 1.966923475265502930e-01 5.286788344383239746e-01 1.444407105445861816e-01 6.505356431007385254e-01 0.000000000000000000e+00 1.000000000000000000e+00 0.000000000000000000e+00
9.878885149955749512e-01 1.892958283424377441e-01 8.029948472976684570e-01 8.714256882667541504e-01 4.441882371902465820e-01 4.300639629364013672e-01 8.810824155807495117e-01 6.730622053146362305e-01 4.799984693527221680e-01 1.000000000000000000e+00 0.000000000000000000e+00 0.000000000000000000e+00
8.042540550231933594e-01 3.319767117500305176e-01 2.983940839767456055e-01 5.657369494438171387e-01 2.576247453689575195e-01 1.561443805694580078e-01 8.210617899894714355e-01 6.582698822021484375e-01 9.306560158729553223e-01 0.000000000000000000e+00 0.000000000000000000e+00 0.000000000000000000e+00
9.931942224502563477e-01 3.843575119972229004e-01 9.401910305023193359e-01 8.783206343650817871e-01 9.058273434638977051e-01 4.170404672622680664e-01 6.099119782447814941e-01 4.690620899200439453e-01 7.958212494850158691e-01 0.000000000000000000e+00 1.000000000000000000e+00 0.000000000000000000e+00
1.809404194355010986e-01 3.250417113304138184e-01 3.862100243568420410e-01 3.922218084335327148e-01 1.374244093894958496e-01 9.442467689514160156e-01 3.803667426109313965e-01 7.326204776763916016e-01 4.886238574981689453e-01 0.000000000000000000e+00 0.000000000000000000e+00 0.000000000000000000e+00
9.106363654136657715e-01 6.625951528549194336e-01 6.459408998489379883e-01 7.543490529060363770e-01 7.663415670394897461e-01 9.436073303222656250e-01 3.766250014305114746e-01 6.252708435058593750e-01 2.914774417877197266e-02 1.000000000000000000e+00 1.000000000000000000e+00 1.000000000000000000e+00
6.882220506668090820e-01 7.166237831115722656e-01 1.521850824356079102e-01 6.441769599914550781e-01 6.184142827987670898e-01 3.998287320137023926e-01 7.641636133193969727e-01 4.120278954505920410e-01 8.008189797401428223e-01 0.000000000000000000e+00 0.000000000000000000e+00 0.000000000000000000e+00
8.558037281036376953e-01 3.376026153564453125e-01 5.045800805091857910e-01 6.285772323608398438e-01 8.398184776306152344e-01 4.398061633110046387e-01 4.274737238883972168e-01 7.392864823341369629e-01 7.131026983261108398e-01 0.000000000000000000e+00 0.000000000000000000e+00 0.000000000000000000e+00
9.881553649902343750e-01 1.314358711242675781e-01 9.610061645507812500e-01 9.182267785072326660e-01 9.844740629196166992e-01 9.312063455581665039e-01 6.677252054214477539e-01 5.479596257209777832e-01 8.731085062026977539e-01 0.000000000000000000e+00 1.000000000000000000e+00 0.000000000000000000e+00
2.065455764532089233e-01 1.707003712654113770e-01 1.769941449165344238e-01 2.375891804695129395e-01 3.868656158447265625e-01 1.560086011886596680e-02 9.641195535659790039e-01 9.592876434326171875e-01 2.775155901908874512e-01 0.000000000000000000e+00 0.000000000000000000e+00 0.000000000000000000e+00
8.127743005752563477e-01 4.461325407028198242e-01 8.093411326408386230e-01 8.648290038108825684e-01 3.805315494537353516e-02 4.578002691268920898e-01 1.386827230453491211e-02 7.419061660766601562e-02 1.391966938972473145e-01 0.000000000000000000e+00 0.000000000000000000e+00 0.000000000000000000e+00
5.144289135932922363e-01 8.248422741889953613e-01 2.859739065170288086e-01 5.026545524597167969e-01 7.789444923400878906e-01 7.469683885574340820e-01 5.882091522216796875e-01 3.043763637542724609e-01 2.339888811111450195e-01 1.000000000000000000e+00 0.000000000000000000e+00 0.000000000000000000e+00
5.342336297035217285e-01 3.217964172363281250e-01 3.582203388214111328e-01 4.333324432373046875e-01 2.628577351570129395e-01 8.303305506706237793e-01 8.547636270523071289e-01 5.338069796562194824e-01 5.451012849807739258e-01 1.000000000000000000e+00 0.000000000000000000e+00 0.000000000000000000e+00
8.999825716018676758e-01 3.529823422431945801e-01 8.331999182701110840e-01 8.323596715927124023e-01 4.200220704078674316e-01 9.258674383163452148e-01 7.021176815032958984e-01 3.113382458686828613e-01 2.724950313568115234e-01 0.000000000000000000e+00 1.000000000000000000e+00 0.000000000000000000e+00
9.220969080924987793e-01 4.043074250221252441e-01 3.772687911987304688e-01 8.551412820816040039e-01 5.312594771385192871e-01 6.587367057800292969e-01 6.462140083312988281e-01 2.636832594871520996e-01 8.141875267028808594e-02 0.000000000000000000e+00 0.000000000000000000e+00 0.000000000000000000e+00
6.177973151206970215e-01 9.845250844955444336e-01 4.843217134475708008e-01 4.102159738540649414e-01 4.371564984321594238e-01 5.196306109428405762e-01 3.021925687789916992e-01 2.260118722915649414e-01 6.881178021430969238e-01 0.000000000000000000e+00 0.000000000000000000e+00 0.000000000000000000e+00
7.839983701705932617e-01 5.198479294776916504e-01 8.939182162284851074e-01 5.994557142257690430e-01 3.251347541809082031e-01 4.248054623603820801e-01 8.885710835456848145e-01 9.546041488647460938e-01 8.707212805747985840e-01 0.000000000000000000e+00 0.000000000000000000e+00 0.000000000000000000e+00
4.587755501270294189e-01 8.767305612564086914e-01 6.678829193115234375e-01 2.012532949447631836e-02 8.592084646224975586e-01 8.113049268722534180e-01 1.665800809860229492e-02 8.301633596420288086e-02 1.581323146820068359e-01 1.000000000000000000e+00 0.000000000000000000e+00 0.000000000000000000e+00
3.255183100700378418e-01 6.801108121871948242e-01 9.741685390472412109e-01 9.630501270294189453e-03 8.971470594406127930e-02 5.280417203903198242e-01 3.987818956375122070e-01 4.060115814208984375e-01 9.714077711105346680e-01 0.000000000000000000e+00 0.000000000000000000e+00 0.000000000000000000e+00
4.959456920623779297e-01 8.453249931335449219e-01 3.801696300506591797e-01 6.071404218673706055e-01 4.024932384490966797e-01 9.079070687294006348e-01 2.351860404014587402e-01 2.944193482398986816e-01 9.619250893592834473e-01 1.000000000000000000e+00 0.000000000000000000e+00 0.000000000000000000e+00
7.901210784912109375e-01 9.020992517471313477e-01 8.169976472854614258e-01 3.742324709892272949e-01 8.000646233558654785e-01 1.406869888305664062e-01 2.654561400413513184e-01 5.943645238876342773e-01 9.952273964881896973e-01 0.000000000000000000e+00 0.000000000000000000e+00 0.000000000000000000e+00
9.812272787094116211e-01 9.137558937072753906e-02 8.453498482704162598e-01 8.177405595779418945e-02 9.088316559791564941e-01 6.240836381912231445e-01 3.437861204147338867e-01 4.614475965499877930e-01 4.228478670120239258e-01 0.000000000000000000e+00 0.000000000000000000e+00 0.000000000000000000e+00
2.103994041681289673e-01 6.920681595802307129e-01 6.380867362022399902e-01 5.221454501152038574e-01 3.409910202026367188e-02 1.083662509918212891e-01 1.248838901519775391e-01 1.589199900627136230e-01 1.107085943222045898e-01 0.000000000000000000e+00 1.000000000000000000e+00 0.000000000000000000e+00
7.999061942100524902e-01 8.193193078041076660e-01 7.905802130699157715e-01 4.703239798545837402e-01 6.543806791305541992e-01 2.021590471267700195e-01 3.770511150360107422e-01 8.145887255668640137e-01 1.943383216857910156e-01 0.000000000000000000e+00 0.000000000000000000e+00 0.000000000000000000e+00
6.500681638717651367e-01 9.964063167572021484e-01 2.936959862709045410e-01 1.121398806571960449e-01 6.353573799133300781e-01 1.862191557884216309e-01 8.250967264175415039e-01 2.455995082855224609e-01 2.362939119338989258e-01 0.000000000000000000e+00 0.000000000000000000e+00 0.000000000000000000e+00
9.865688085556030273e-01 2.078989148139953613e-01 9.159437417984008789e-01 8.582450151443481445e-01 7.601543068885803223e-01 7.396674752235412598e-01 2.609536647796630859e-01 5.905002951622009277e-01 6.654445528984069824e-01 0.000000000000000000e+00 0.000000000000000000e+00 0.000000000000000000e+00
4.067473709583282471e-01 3.061197400093078613e-01 7.784159183502197266e-01 3.417574763298034668e-01 1.870871186256408691e-01 6.202098727226257324e-01 7.439315319061279297e-03 9.911302924156188965e-01 7.643768787384033203e-01 0.000000000000000000e+00 0.000000000000000000e+00 0.000000000000000000e+00
5.752860307693481445e-01 3.782044649124145508e-01 9.896510839462280273e-01 5.896091461181640625e-04 5.810059905052185059e-01 6.992207169532775879e-01 5.308354496955871582e-01 6.626313924789428711e-01 5.274673104286193848e-01 1.000000000000000000e+00 0.000000000000000000e+00 0.000000000000000000e+00
9.988861680030822754e-01 6.748259067535400391e-02 6.294029355049133301e-01 8.732892870903015137e-01 6.892805099487304688e-01 3.124670982360839844e-01 2.135401964187622070e-01 3.662127852439880371e-01 9.685722589492797852e-01 1.000000000000000000e+00 0.000000000000000000e+00 0.000000000000000000e+00
5.093889236450195312e-01 2.985808849334716797e-01 3.494005203247070312e-01 2.209422588348388672e-01 8.908717632293701172e-01 9.520329833030700684e-01 6.251330375671386719e-01 7.439852952957153320e-01 7.487472891807556152e-01 1.000000000000000000e+00 0.000000000000000000e+00 0.000000000000000000e+00
5.457198619842529297e-01 7.780652046203613281e-01 2.036713957786560059e-01 3.948968052864074707e-01 2.856553196907043457e-01 9.941706061363220215e-01 6.378519535064697266e-01 5.477641224861145020e-01 1.745725274085998535e-01 1.000000000000000000e+00 0.000000000000000000e+00 0.000000000000000000e+00
1.755320727825164795e-01 6.517048478126525879e-01 1.607567071914672852e-01 3.063072562217712402e-01 8.664524555206298828e-02 6.106346249580383301e-01 1.179869771003723145e-01 1.707860231399536133e-01 3.595620393753051758e-02 1.000000000000000000e+00 0.000000000000000000e+00 0.000000000000000000e+00
9.909693598747253418e-01 2.078940272331237793e-01 1.848760247230529785e-01 7.993720769882202148e-01 7.785106301307678223e-01 1.620897650718688965e-01 8.632454276084899902e-01 2.906249165534973145e-01 7.653561234474182129e-01 0.000000000000000000e+00 0.000000000000000000e+00 0.000000000000000000e+00
8.939195275306701660e-01 1.041677594184875488e-01 9.664494395256042480e-01 3.306314945220947266e-01 5.963211655616760254e-01 8.244010210037231445e-01 6.904370188713073730e-01 9.592932462692260742e-01 7.375048995018005371e-01 0.000000000000000000e+00 0.000000000000000000e+00 0.000000000000000000e+00
6.008695960044860840e-01 7.259129285812377930e-01 8.410036563873291016e-03 3.881793618202209473e-01 5.240684747695922852e-01 6.268062591552734375e-01 8.022965192794799805e-01 9.476165771484375000e-01 5.777276158332824707e-01 0.000000000000000000e+00 0.000000000000000000e+00 0.000000000000000000e+00
8.450520038604736328e-01 1.101650595664978027e-01 6.833161115646362305e-01 3.573856353759765625e-01 2.547396421432495117e-01 5.941028594970703125e-01 5.818742513656616211e-02 3.686666488647460938e-01 9.227680563926696777e-01 0.000000000000000000e+00 0.000000000000000000e+00 0.000000000000000000e+00
4.980454146862030029e-01 5.351721048355102539e-01 7.213588356971740723e-01 4.938951134681701660e-01 2.585439085960388184e-01 6.400711536407470703e-01 7.096675634384155273e-01 1.854735612869262695e-01 5.729820132255554199e-01 0.000000000000000000e+00 0.000000000000000000e+00 0.000000000000000000e+00
2.319470942020416260e-01 7.861273884773254395e-01 8.829156756401062012e-01 2.263917922973632812e-01 4.515305161476135254e-01 5.705294013023376465e-01 8.129745721817016602e-01 7.923113107681274414e-01 2.354488372802734375e-01 0.000000000000000000e+00 0.000000000000000000e+00 0.000000000000000000e+00
1.065159812569618225e-01 8.576261997222900391e-02 1.604056358337402344e-01 2.058542370796203613e-01 4.020161032676696777e-01 1.883372664451599121e-01 2.724843621253967285e-01 4.846619963645935059e-01 7.357766628265380859e-01 0.000000000000000000e+00 1.000000000000000000e+00 0.000000000000000000e+00
9.348014593124389648e-01 2.104709744453430176e-01 6.451960206031799316e-01 9.648008942604064941e-01 3.217278718948364258e-01 9.004909992218017578e-01 1.385101675987243652e-01 6.182144284248352051e-01 2.140633463859558105e-01 0.000000000000000000e+00 0.000000000000000000e+00 0.000000000000000000e+00
9.036785960197448730e-01 2.789685130119323730e-01 7.002857923507690430e-01 6.178690195083618164e-01 3.713687062263488770e-01 3.724460005760192871e-01 8.674497008323669434e-01 8.405798077583312988e-01 1.047510504722595215e-01 0.000000000000000000e+00 0.000000000000000000e+00 0.000000000000000000e+00
8.553029894828796387e-01 6.705241203308105469e-01 1.438120603561401367e-01 8.233661651611328125e-01 5.526685118675231934e-01 5.265571475028991699e-01 9.899804592132568359e-01 3.758269548416137695e-02 9.194759726524353027e-01 0.000000000000000000e+00 0.000000000000000000e+00 0.000000000000000000e+00
8.855173587799072266e-01 8.385459780693054199e-01 2.060582041740417480e-01 5.011854171752929688e-01 9.338052272796630859e-01 8.644456863403320312e-01 8.096138238906860352e-01 1.560322642326354980e-01 9.759833216667175293e-01 0.000000000000000000e+00 0.000000000000000000e+00 0.000000000000000000e+00
5.693448185920715332e-01 8.831365108489990234e-01 7.837175726890563965e-01 3.869752883911132812e-01 8.049748539924621582e-01 8.514842391014099121e-01 5.938454270362854004e-01 8.221074938774108887e-01 8.209347724914550781e-01 1.000000000000000000e+00 0.000000000000000000e+00 0.000000000000000000e+00
5.773080587387084961e-01 2.721766233444213867e-01 4.655898213386535645e-01 3.712294101715087891e-01 7.361299395561218262e-01 3.617695569992065430e-01 9.023747444152832031e-01 6.700376272201538086e-01 3.984818458557128906e-01 1.000000000000000000e+00 0.000000000000000000e+00 0.000000000000000000e+00
8.996313214302062988e-01 2.105287313461303711e-01 8.422017097473144531e-02 6.374125480651855469e-01 5.643404126167297363e-01 7.845965027809143066e-01 7.662631273269653320e-01 9.625301361083984375e-01 9.268661141395568848e-01 0.000000000000000000e+00 0.000000000000000000e+00 0.000000000000000000e+00
9.494372010231018066e-01 2.919915318489074707e-01 9.608710408210754395e-01 4.526190161705017090e-01 8.435875177383422852e-02 2.196643948554992676e-01 1.183831095695495605e-01 2.083503603935241699e-01 2.956882715225219727e-01 0.000000000000000000e+00 0.000000000000000000e+00 0.000000000000000000e+00
2.884059250354766846e-01 4.488898515701293945e-01 3.592694401741027832e-01 4.392214417457580566e-01 4.394768476486206055e-01 6.662406921386718750e-01 3.466391563415527344e-01 9.579486846923828125e-01 8.008454442024230957e-01 0.000000000000000000e+00 0.000000000000000000e+00 0.000000000000000000e+00
3.013746440410614014e-01 5.422066450119018555e-01 2.706125974655151367e-01 5.102050304412841797e-02 4.550110101699829102e-01 1.402505040168762207e-01 1.005078554153442383e-01 1.845645308494567871e-01 8.741934895515441895e-01 0.000000000000000000e+00 1.000000000000000000e+00 0.000000000000000000e+00
2.551184296607971191e-01 4.961917996406555176e-01 3.588245511054992676e-01 4.359615445137023926e-01 2.203636765480041504e-01 6.428481936454772949e-01 4.230741262435913086e-01 4.803012609481811523e-01 4.630522727966308594e-01 0.000000000000000000e+00 0.000000000000000000e+00 0.000000000000000000e+00
7.485382556915283203e-01 4.771962165832519531e-01 2.641586065292358398e-01 6.468493342399597168e-01 1.675655841827392578e-01 4.903736710548400879e-01 1.117954850196838379e-01 1.800972819328308105e-01 9.166655540466308594e-01 1.000000000000000000e+00 0.000000000000000000e+00 0.000000000000000000e+00
8.598702549934387207e-01 9.027516841888427734e-01 8.286026716232299805e-01 5.860562920570373535e-01 7.704578042030334473e-01 9.900420904159545898e-02 2.305562496185302734e-01 5.660294294357299805e-01 7.108179926872253418e-01 1.000000000000000000e+00 0.000000000000000000e+00 0.000000000000000000e+00
3.522084057331085205e-01 9.846317172050476074e-01 7.755046486854553223e-01 4.720777273178100586e-01 2.377660870552062988e-01 7.178532481193542480e-01 5.646794438362121582e-01 6.394448876380920410e-01 4.579871892929077148e-01 1.000000000000000000e+00 0.000000000000000000e+00 0.000000000000000000e+00
4.890920817852020264e-01 5.334139466285705566e-01 5.182964205741882324e-01 4.202854633331298828e-01 1.132118701934814453e-01 1.873323321342468262e-01 8.546240925788879395e-01 9.535059928894042969e-01 7.043912410736083984e-01 0.000000000000000000e+00 0.000000000000000000e+00 0.000000000000000000e+00
9.147074222564697266e-01 4.679367542266845703e-01 1.821293234825134277e-01 9.827228784561157227e-01 2.701597809791564941e-01 7.873315811157226562e-01 3.559067249298095703e-01 7.718939781188964844e-01 6.172885894775390625e-01 0.000000000000000000e+00 1.000000000000000000e+00 0.000000000000000000e+00
8.232810497283935547e-01 7.694934010505676270e-01 6.338397860527038574e-01 8.575984239578247070e-01 3.769645094871520996e-01 4.818102121353149414e-01 9.776991605758666992e-01 7.207572460174560547e-02 7.827059030532836914e-01 0.000000000000000000e+00 0.000000000000000000e+00 0.000000000000000000e+00
3.407729864120483398e-01 4.334524869918823242e-01 9.715439677238464355e-01 8.929729461669921875e-02 1.534268260002136230e-01 9.158369898796081543e-01 4.181122779846191406e-01 7.025427222251892090e-01 9.265907406806945801e-01 1.000000000000000000e+00 0.000000000000000000e+00 0.000000000000000000e+00
4.884884953498840332e-01 7.187419533729553223e-01 4.596386551856994629e-01 6.243294477462768555e-02 8.176914453506469727e-01 5.925278663635253906e-01 9.914370179176330566e-01 2.281481623649597168e-01 5.839333534240722656e-01 1.000000000000000000e+00 1.000000000000000000e+00 1.000000000000000000e+00
7.081228494644165039e-01 1.540063619613647461e-01 6.738809347152709961e-01 3.287349939346313477e-01 5.321761369705200195e-01 6.588411331176757812e-01 4.957981109619140625e-01 3.984001874923706055e-01 9.506136178970336914e-01 1.000000000000000000e+00 1.000000000000000000e+00 1.000000000000000000e+00
5.777317881584167480e-01 9.102267026901245117e-02 2.451114654541015625e-01 3.395657539367675781e-01 8.083271980285644531e-01 9.144340157508850098e-01 3.462749123573303223e-01 8.865401744842529297e-01 7.952824234962463379e-01 1.000000000000000000e+00 0.000000000000000000e+00 0.000000000000000000e+00
8.738275170326232910e-01 3.875967264175415039e-01 5.338296890258789062e-01 5.569425225257873535e-01 7.851436734199523926e-01 2.047519683837890625e-01 1.064518094062805176e-01 6.956349015235900879e-01 7.680022716522216797e-01 0.000000000000000000e+00 0.000000000000000000e+00 0.000000000000000000e+00
1.093454882502555847e-01 3.169903755187988281e-01 1.451122164726257324e-01 1.437250375747680664e-01 2.969989180564880371e-01 4.254692792892456055e-01 6.026095151901245117e-02 2.467941045761108398e-01 7.302769422531127930e-01 1.000000000000000000e+00 0.000000000000000000e+00 0.000000000000000000e+00
2.383100390434265137e-01 6.701321601867675781e-01 1.068479418754577637e-01 1.902679800987243652e-01 7.520526647567749023e-02 6.745963096618652344e-01 4.186820983886718750e-02 8.574562668800354004e-01 2.009924650192260742e-01 0.000000000000000000e+00 0.000000000000000000e+00 0.000000000000000000e+00
8.654278516769409180e-02 8.426628112792968750e-01 5.777611136436462402e-01 1.959013938903808594e-02 3.922688961029052734e-02 3.196060061454772949e-01 5.753246545791625977e-01 3.526773452758789062e-01 7.258841395378112793e-01 1.000000000000000000e+00 1.000000000000000000e+00 1.000000000000000000e+00
9.291116595268249512e-01 3.978500962257385254e-01 5.761848688125610352e-01 8.538312315940856934e-01 2.552367448806762695e-01 5.214708447456359863e-01 1.104557514190673828e-02 9.140492081642150879e-01 2.020329236984252930e-01 0.000000000000000000e+00 0.000000000000000000e+00 0.000000000000000000e+00
3.243828713893890381e-01 8.002292513847351074e-01 3.817757964134216309e-01 8.722126483917236328e-03 7.499105334281921387e-01 9.071100950241088867e-01 8.068041205406188965e-01 1.873818039894104004e-01 1.231420040130615234e-01 1.000000000000000000e+00 0.000000000000000000e+00 0.000000000000000000e+00
9.765024185180664062e-01 3.858393430709838867e-01 3.399701118469238281e-01 6.950242519378662109e-01 7.700312733650207520e-01 8.551520109176635742e-02 5.417396426200866699e-01 1.890752911567687988e-01 3.213388919830322266e-01 0.000000000000000000e+00 0.000000000000000000e+00 0.000000000000000000e+00
6.303403973579406738e-01 9.688960909843444824e-01 6.888003349304199219e-01 6.103965044021606445e-01 6.263864636421203613e-01 2.735028862953186035e-01 7.047234773635864258e-01 9.388080239295959473e-01 7.830213308334350586e-01 0.000000000000000000e+00 0.000000000000000000e+00 0.000000000000000000e+00
9.864403605461120605e-01 9.336984157562255859e-02 9.692077636718750000e-01 8.715074658393859863e-01 7.956689596176147461e-02 1.478945612907409668e-01 8.826996684074401855e-01 6.265837550163269043e-01 9.567539095878601074e-01 1.000000000000000000e+00 0.000000000000000000e+00 0.000000000000000000e+00
7.198353409767150879e-01 7.917494177818298340e-01 6.411629319190979004e-01 7.012006640434265137e-01 4.163817763328552246e-01 2.770284414291381836e-01 6.840658187866210938e-01 4.461359977722167969e-01 8.455387949943542480e-01 0.000000000000000000e+00 0.000000000000000000e+00 0.000000000000000000e+00
2.419644147157669067e-01 9.623611569404602051e-01 1.289622187614440918e-01 7.543986439704895020e-01 1.716731786727905273e-01 4.239783287048339844e-01 8.950232863426208496e-01 8.065443634986877441e-01 5.091882944107055664e-01 1.000000000000000000e+00 1.000000000000000000e+00 1.000000000000000000e+00
6.955739855766296387e-01 5.339922904968261719e-01 5.489456653594970703e-02 3.211587667465209961e-01 8.485740423202514648e-01 2.156678438186645508e-01 3.108432888984680176e-01 3.725631833076477051e-01 4.347209334373474121e-01 1.000000000000000000e+00 0.000000000000000000e+00 0.000000000000000000e+00
8.060553073883056641e-01 1.833559274673461914e-01 5.362353324890136719e-01 3.405429124832153320e-01 8.974357247352600098e-01 4.408828020095825195e-01 1.224996447563171387e-01 4.663472175598144531e-01 3.729156255722045898e-01 1.000000000000000000e+00 0.000000000000000000e+00 0.000000000000000000e+00
8.747424483299255371e-01 4.143318533897399902e-01 8.442806005477905273e-01 2.160900235176086426e-01 7.068601846694946289e-01 2.679517269134521484e-01 2.308309078216552734e-01 4.414149522781372070e-01 6.841037273406982422e-01 0.000000000000000000e+00 0.000000000000000000e+00 0.000000000000000000e+00
8.957732319831848145e-01 9.470613002777099609e-01 4.372762441635131836e-01 5.609487891197204590e-01 8.132423162460327148e-01 8.800506591796875000e-03 9.420432448387145996e-01 5.599496960639953613e-01 7.012923955917358398e-01 0.000000000000000000e+00 0.000000000000000000e+00 0.000000000000000000e+00
9.961780309677124023e-01 1.267820000648498535e-01 8.707760572433471680e-01 8.602347970008850098e-01 2.502571344375610352e-01 1.240524053573608398e-01 8.861204981803894043e-01 3.411691188812255859e-01 7.490899562835693359e-01 0.000000000000000000e+00 0.000000000000000000e+00 0.000000000000000000e+00
1.690855622291564941e-01 5.586963295936584473e-01 1.601574420928955078e-01 1.873964071273803711e-02 1.685469150543212891e-01 5.059672594070434570e-01 4.595598578453063965e-01 6.484047770500183105e-01 9.924145340919494629e-01 1.000000000000000000e+00 1.000000000000000000e+00 1.000000000000000000e+00
8.564104437828063965e-01 8.858436942100524902e-01 8.047718405723571777e-01 3.529819250106811523e-01 7.909383177757263184e-01 1.264151334762573242e-01 5.995090603828430176e-01 6.785206794738769531e-01 4.304737448692321777e-01 0.000000000000000000e+00 0.000000000000000000e+00 0.000000000000000000e+00
5.744616985321044922e-01 1.577689051628112793e-01 1.927486062049865723e-01 6.523219347000122070e-01 5.211663246154785156e-02 5.760184526443481445e-01 8.671845197677612305e-01 3.414204716682434082e-01 2.809329628944396973e-01 0.000000000000000000e+00 1.000000000000000000e+00 0.000000000000000000e+00
5.436329841613769531e-01 6.597018241882324219e-02 4.668419361114501953e-01 6.582087278366088867e-02 3.514415621757507324e-01 5.474075078964233398e-01 4.682806730270385742e-01 7.544544935226440430e-01 5.482406020164489746e-01 0.000000000000000000e+00 0.000000000000000000e+00 0.000000000000000000e+00
5.527217984199523926e-01 7.097789645195007324e-01 5.145829916000366211e-01 4.383708238601684570e-01 8.954370021820068359e-01 4.732356071472167969e-01 9.713931083679199219e-01 9.729013442993164062e-01 1.403178572654724121e-01 0.000000000000000000e+00 0.000000000000000000e+00 0.000000000000000000e+00
6.165798306465148926e-01 3.357438445091247559e-01 4.694349765777587891e-01 3.580942153930664062e-01 5.741853117942810059e-01 4.588502645492553711e-01 9.553766250610351562e-01 3.233391642570495605e-01 8.420874476432800293e-01 1.000000000000000000e+00 0.000000000000000000e+00 0.000000000000000000e+00
4.190588593482971191e-01 9.677591919898986816e-01 8.109652400016784668e-01 4.499335289001464844e-01 2.913683652877807617e-02 3.705547451972961426e-01 1.408703923225402832e-01 5.791564583778381348e-01 6.771686077117919922e-01 1.000000000000000000e+00 0.000000000000000000e+00 0.000000000000000000e+00
3.335198760032653809e-01 6.657934784889221191e-01 4.462713599205017090e-01 3.673889040946960449e-01 2.995757460594177246e-01 1.630105972290039062e-01 6.766515970230102539e-01 9.041564464569091797e-01 8.643621802330017090e-01 0.000000000000000000e+00 0.000000000000000000e+00 0.000000000000000000e+00
7.582418918609619141e-01 8.424101471900939941e-01 1.121425628662109375e-01 5.659340023994445801e-01 5.773273110389709473e-01 3.203858137130737305e-01 3.007264733314514160e-01 3.060306310653686523e-01 7.722638249397277832e-01 0.000000000000000000e+00 0.000000000000000000e+00 0.000000000000000000e+00
9.605665802955627441e-01 4.011026620864868164e-01 8.562555909156799316e-01 8.204399347305297852e-01 5.743269324302673340e-01 2.817180752754211426e-01 6.901427507400512695e-01 8.548430800437927246e-01 6.596394181251525879e-01 0.000000000000000000e+00 0.000000000000000000e+00 0.000000000000000000e+00
9.959520101547241211e-01 8.026582002639770508e-02 9.679253697395324707e-01 6.605353355407714844e-01 6.467342972755432129e-01 1.389762163162231445e-01 4.752368927001953125e-01 8.882224559783935547e-03 4.838295578956604004e-01 0.000000000000000000e+00 0.000000000000000000e+00 0.000000000000000000e+00
6.303896903991699219e-01 7.688014507293701172e-01 7.914249300956726074e-01 1.081752181053161621e-01 9.074680209159851074e-01 7.962328195571899414e-02 3.921318650245666504e-01 5.960633158683776855e-01 5.504025220870971680e-01 1.000000000000000000e+00 0.000000000000000000e+00 0.000000000000000000e+00
9.385098218917846680e-01 3.993223905563354492e-01 1.505292057991027832e-01 9.869204759597778320e-01 6.752777695655822754e-01 8.713020086288452148e-01 4.009097218513488770e-01 6.344813108444213867e-01 8.881621956825256348e-01 0.000000000000000000e+00 1.000000000000000000e+00 0.000000000000000000e+00
6.787189245223999023e-01 3.305858969688415527e-01 6.782257556915283203e-01 6.793407201766967773e-01 3.367066979408264160e-01 7.295849919319152832e-01 5.633603334426879883e-01 1.890657544136047363e-01 6.881399154663085938e-01 0.000000000000000000e+00 1.000000000000000000e+00 0.000000000000000000e+00
5.136749744415283203e-01 6.107591986656188965e-01 6.127172112464904785e-01 6.940706372261047363e-01 1.372525095939636230e-01 2.877365350723266602e-01 7.393847703933715820e-01 4.068222641944885254e-01 5.428796410560607910e-01 0.000000000000000000e+00 0.000000000000000000e+00 0.000000000000000000e+00
1.407441347837448120e-01 5.372042655944824219e-01 4.005984067916870117e-01 3.855667114257812500e-01 3.476619720458984375e-03 5.648952722549438477e-01 9.778373241424560547e-01 4.736586213111877441e-01 4.490774869918823242e-01 1.000000000000000000e+00 1.000000000000000000e+00 1.000000000000000000e+00
5.132483839988708496e-01 1.278404593467712402e-01 1.661568284034729004e-01 2.788717150688171387e-01 9.956658482551574707e-01 7.736145257949829102e-01 1.993300318717956543e-01 6.949074864387512207e-01 4.903593659400939941e-01 0.000000000000000000e+00 0.000000000000000000e+00 0.000000000000000000e+00
6.594150662422180176e-01 9.268237352371215820e-01 5.457535386085510254e-01 6.470057368278503418e-01 7.223598361015319824e-01 9.813873767852783203e-01 2.805339097976684570e-01 1.102268099784851074e-01 1.583731770515441895e-01 0.000000000000000000e+00 0.000000000000000000e+00 0.000000000000000000e+00
5.213252305984497070e-01 6.841217279434204102e-01 9.448845982551574707e-01 2.659998536109924316e-01 3.725130558013916016e-01 8.028486371040344238e-01 4.601374864578247070e-01 9.266316890716552734e-01 4.194038510322570801e-01 1.000000000000000000e+00 0.000000000000000000e+00 0.000000000000000000e+00
6.058465838432312012e-01 4.577716588973999023e-01 1.299266219139099121e-01 2.167205810546875000e-01 8.658573627471923828e-01 1.083098649978637695e-01 3.950226306915283203e-02 5.763235092163085938e-01 1.575835943222045898e-01 0.000000000000000000e+00 0.000000000000000000e+00 0.000000000000000000e+00
9.398888945579528809e-01 9.980925321578979492e-01 9.857040047645568848e-01 9.434056282043457031e-01 6.651093959808349609e-01 7.029709815979003906e-01 1.178987026214599609e-01 6.669652462005615234e-02 4.783564805984497070e-01 0.000000000000000000e+00 0.000000000000000000e+00 0.000000000000000000e+00
1.608201861381530762e-01 6.410738825798034668e-01 4.919828176498413086e-01 2.697253227233886719e-01 5.101776123046875000e-02 5.526307225227355957e-01 4.404991269111633301e-01 4.249187707901000977e-01 8.279655575752258301e-01 0.000000000000000000e+00 0.000000000000000000e+00 0.000000000000000000e+00
8.043844699859619141e-01 1.842004060745239258e-01 7.519088387489318848e-01 2.880305051803588867e-01 5.586783885955810547e-01 5.461021065711975098e-01 2.547498941421508789e-01 4.107539653778076172e-01 3.206139206886291504e-01 1.000000000000000000e+00 1.000000000000000000e+00 1.000000000000000000e+00
5.136958360671997070e-01 6.894956231117248535e-01 1.384750008583068848e-01 3.652596473693847656e-01 8.021168708801269531e-01 7.495386600494384766e-01 5.431138873100280762e-01 9.798175096511840820e-01 1.193048357963562012e-01 0.000000000000000000e+00 0.000000000000000000e+00 0.000000000000000000e+00
2.175631076097488403e-01 8.381586074829101562e-01 4.883009791374206543e-01 1.568935513496398926e-01 3.916859626770019531e-01 8.662654161453247070e-01 4.324944019317626953e-01 7.419276237487792969e-02 2.784248590469360352e-01 0.000000000000000000e+00 0.000000000000000000e+00 0.000000000000000000e+00
8.667110204696655273e-01 6.131697893142700195e-01 7.298746109008789062e-01 9.747081995010375977e-02 9.655277729034423828e-01 1.479513645172119141e-01 4.768963456153869629e-01 6.111941933631896973e-01 6.693594455718994141e-01 1.000000000000000000e+00 0.000000000000000000e+00 0.000000000000000000e+00
9.326192736625671387e-01 5.397637486457824707e-01 5.271312594413757324e-01 9.171884655952453613e-01 1.694894433021545410e-01 1.953257918357849121e-01 4.291951656341552734e-01 9.932780861854553223e-01 2.259828448295593262e-01 0.000000000000000000e+00 1.000000000000000000e+00 0.000000000000000000e+00
6.040688157081604004e-01 7.505966424942016602e-01 5.011193156242370605e-01 3.588960170745849609e-01 7.108424305915832520e-01 7.908757925033569336e-01 3.438258767127990723e-01 3.336627483367919922e-01 3.304731845855712891e-02 0.000000000000000000e+00 0.000000000000000000e+00 0.000000000000000000e+00
9.383192658424377441e-01 9.913044571876525879e-01 3.061699867248535156e-01 8.772849440574645996e-01 8.060656189918518066e-01 3.379558324813842773e-01 9.625169634819030762e-01 6.962081193923950195e-01 2.000461816787719727e-01 0.000000000000000000e+00 0.000000000000000000e+00 0.000000000000000000e+00
2.236284762620925903e-01 8.942998051643371582e-01 8.983153700828552246e-01 1.245969533920288086e-01 1.298918128013610840e-01 6.195911169052124023e-01 2.833791971206665039e-01 2.190046906471252441e-01 8.432266712188720703e-01 0.000000000000000000e+00 0.000000000000000000e+00 0.000000000000000000e+00
3.400692045688629150e-01 7.643865346908569336e-01 4.275496006011962891e-01 8.166802525520324707e-01 4.661792516708374023e-02 8.880236148834228516e-01 3.090500831604003906e-03 6.487944126129150391e-01 7.729720473289489746e-01 0.000000000000000000e+00 1.000000000000000000e+00 0.000000000000000000e+00
8.538690805435180664e-01 8.516645431518554688e-01 2.891904115676879883e-02 8.352104425430297852e-01 8.925331830978393555e-01 4.232974052429199219e-01 5.769458413124084473e-01 2.010472416877746582e-01 5.227045416831970215e-01 1.000000000000000000e+00 0.000000000000000000e+00 0.000000000000000000e+00
3.927028179168701172e-01 1.065316200256347656e-01 1.739221811294555664e-01 3.420931100845336914e-01 7.861534953117370605e-01 7.968325018882751465e-01 6.369509696960449219e-01 9.794011116027832031e-01 3.522254228591918945e-01 0.000000000000000000e+00 0.000000000000000000e+00 0.000000000000000000e+00
9.452205896377563477e-01 2.343327999114990234e-01 5.013917088508605957e-01 6.536102294921875000e-01 9.023002982139587402e-01 5.801315903663635254e-01 7.597638964653015137e-01 3.084149360656738281e-01 2.754258513450622559e-01 1.000000000000000000e+00 0.000000000000000000e+00 0.000000000000000000e+00
4.478683471679687500e-01 8.587970733642578125e-01 4.623106122016906738e-01 6.164124011993408203e-01 2.861557006835937500e-01 5.737586617469787598e-01 6.944624781608581543e-01 9.531052112579345703e-01 8.989996314048767090e-01 0.000000000000000000e+00 0.000000000000000000e+00 0.000000000000000000e+00
9.483588933944702148e-01 9.643197059631347656e-02 6.824289560317993164e-01 5.238817930221557617e-01 8.441346287727355957e-01 5.160477757453918457e-01 5.848234295845031738e-01 2.139317989349365234e-02 4.230671525001525879e-01 0.000000000000000000e+00 0.000000000000000000e+00 0.000000000000000000e+00
8.837835192680358887e-01 7.164363861083984375e-01 8.282305002212524414e-01 8.246107697486877441e-01 7.462356686592102051e-01 3.651226162910461426e-01 8.228779435157775879e-01 8.343609571456909180e-01 1.835644245147705078e-01 0.000000000000000000e+00 0.000000000000000000e+00 0.000000000000000000e+00
9.844266772270202637e-01 1.894958019256591797e-01 9.408677220344543457e-01 9.013513326644897461e-01 2.611152529716491699e-01 4.491357207298278809e-01 4.049879312515258789e-01 5.214485526084899902e-01 5.989999771118164062e-01 0.000000000000000000e+00 1.000000000000000000e+00 0.000000000000000000e+00
5.993633270263671875e-01 8.259471058845520020e-01 4.234916567802429199e-01 4.313785433769226074e-01 6.800259947776794434e-01 4.653835296630859375e-01 2.211848497390747070e-01 2.103193998336791992e-01 4.801535606384277344e-02 0.000000000000000000e+00 1.000000000000000000e+00 0.000000000000000000e+00
9.970425963401794434e-01 2.494649887084960938e-01 8.029931187629699707e-01 9.381308555603027344e-01 5.920168757438659668e-01 1.825857162475585938e-02 3.126484155654907227e-01 8.588275313377380371e-01 6.395559310913085938e-01 0.000000000000000000e+00 0.000000000000000000e+00 0.000000000000000000e+00
9.654878377914428711e-01 1.633695363998413086e-01 9.835918545722961426e-01 5.080070495605468750e-01 5.362356305122375488e-01 5.201053619384765625e-01 7.428075075149536133e-01 3.141365647315979004e-01 2.491712570190429688e-01 0.000000000000000000e+00 0.000000000000000000e+00 0.000000000000000000e+00
3.352598547935485840e-01 5.813648104667663574e-01 1.756327748298645020e-01 5.041850805282592773e-01 1.775354146957397461e-02 8.394442200660705566e-01 3.690648674964904785e-01 2.212510704994201660e-01 7.373264431953430176e-01 1.000000000000000000e+00 1.000000000000000000e+00 1.000000000000000000e+00
4.707099199295043945e-01 4.526944756507873535e-01 4.875815510749816895e-01 4.019910097122192383e-01 5.663992166519165039e-01 7.899050116539001465e-01 1.433243751525878906e-01 3.399522304534912109e-01 8.716450929641723633e-01 0.000000000000000000e+00 1.000000000000000000e+00 0.000000000000000000e+00
3.932991325855255127e-01 4.980361461639404297e-01 4.019188880920410156e-02 9.487771987915039062e-02 6.667027473449707031e-01 2.792086005210876465e-01 5.448977947235107422e-01 7.127891182899475098e-01 1.471753120422363281e-01 1.000000000000000000e+00 0.000000000000000000e+00 0.000000000000000000e+00
6.793619990348815918e-01 4.928899407386779785e-01 8.521962165832519531e-02 2.257140278816223145e-01 7.683657407760620117e-01 2.021209597587585449e-01 1.590867042541503906e-01 3.011960983276367188e-01 6.657522320747375488e-01 0.000000000000000000e+00 0.000000000000000000e+00 0.000000000000000000e+00
2.759694159030914307e-01 9.929678440093994141e-01 7.075855731964111328e-01 5.904185771942138672e-01 1.282241344451904297e-01 6.563818454742431641e-02 5.005913376808166504e-01 2.191603183746337891e-03 4.671815633773803711e-01 0.000000000000000000e+00 0.000000000000000000e+00 0.000000000000000000e+00
6.180715560913085938e-01 9.970706701278686523e-01 1.347064375877380371e-01 8.259212970733642578e-01 6.614505052566528320e-01 5.868629813194274902e-01 8.606680631637573242e-01 5.574269294738769531e-01 1.782242655754089355e-01 0.000000000000000000e+00 0.000000000000000000e+00 0.000000000000000000e+00
5.202670097351074219e-01 5.472728610038757324e-01 6.927343606948852539e-01 8.838212490081787109e-02 5.712168216705322266e-01 2.686476707458496094e-02 1.849377751350402832e-01 3.098357915878295898e-01 3.929300308227539062e-01 0.000000000000000000e+00 1.000000000000000000e+00 0.000000000000000000e+00
8.057379722595214844e-01 6.410247087478637695e-01 2.651402354240417480e-01 7.179687023162841797e-01 4.014487266540527344e-01 9.503716826438903809e-01 1.396945714950561523e-01 6.376993656158447266e-01 2.730548381805419922e-01 0.000000000000000000e+00 0.000000000000000000e+00 0.000000000000000000e+00
5.071801543235778809e-01 8.447343707084655762e-01 2.825300693511962891e-01 3.594719767570495605e-01 9.295256733894348145e-01 8.534437417984008789e-01 5.167299509048461914e-02 1.014770269393920898e-01 2.334809303283691406e-02 1.000000000000000000e+00 0.000000000000000000e+00 0.000000000000000000e+00
5.744698643684387207e-01 8.633221983909606934e-01 7.367357015609741211e-01 7.099643349647521973e-01 2.497748732566833496e-01 6.464689970016479492e-01 1.844119429588317871e-01 4.721197485923767090e-01 4.376971721649169922e-02 0.000000000000000000e+00 0.000000000000000000e+00 0.000000000000000000e+00
2.761156558990478516e-01 4.707077145576477051e-01 2.434896230697631836e-01 2.771428227424621582e-01 4.356516003608703613e-01 9.824852347373962402e-01 3.215935826301574707e-01 7.384118437767028809e-01 7.513124942779541016e-01 1.000000000000000000e+00 0.000000000000000000e+00 0.000000000000000000e+00
7.537215948104858398e-01 9.630763530731201172e-02 4.616355299949645996e-01 1.915817856788635254e-01 7.728000879287719727e-01 1.406708955764770508e-01 7.213793992996215820e-01 8.771265745162963867e-01 3.053318858146667480e-01 1.000000000000000000e+00 0.000000000000000000e+00 0.000000000000000000e+00
6.150547266006469727e-01 8.914778232574462891e-01 4.897751808166503906e-01 1.408371329307556152e-01 8.866910934448242188e-01 8.119032382965087891e-01 2.424661517143249512e-01 1.095394492149353027e-01 2.381060719490051270e-01 1.000000000000000000e+00 0.000000000000000000e+00 0.000000000000000000e+00
2.071450948715209961e-01 3.220503330230712891e-01 1.194328665733337402e-01 3.037605881690979004e-01 9.976637363433837891e-02 1.827247738838195801e-01 1.900851726531982422e-02 3.695930242538452148e-01 5.921428203582763672e-01 0.000000000000000000e+00 0.000000000000000000e+00 0.000000000000000000e+00
8.444623947143554688e-01 4.627673029899597168e-01 2.570804953575134277e-01 8.191247582435607910e-01 5.555803775787353516e-01 9.420436620712280273e-01 8.652216792106628418e-01 3.746944665908813477e-02 9.809018969535827637e-01 0.000000000000000000e+00 0.000000000000000000e+00 0.000000000000000000e+00
8.766686320304870605e-01 3.300455212593078613e-01 1.104007959365844727e-01 5.470944643020629883e-01 9.484944939613342285e-01 2.049117088317871094e-01 1.477301120758056641e-02 7.711643576622009277e-01 6.830273270606994629e-01 1.000000000000000000e+00 0.000000000000000000e+00 0.000000000000000000e+00
6.267030835151672363e-01 7.604666352272033691e-01 6.157258152961730957e-01 3.538857698440551758e-01 6.832326650619506836e-01 4.275003075599670410e-01 6.349312663078308105e-01 7.358386516571044922e-01 7.586092948913574219e-01 0.000000000000000000e+00 0.000000000000000000e+00 0.000000000000000000e+00
3.732577562332153320e-01 9.448904395103454590e-01 7.119916677474975586e-01 1.952173113822937012e-01 5.115616321563720703e-01 7.366786599159240723e-01 5.992685556411743164e-01 2.566968798637390137e-01 2.025812864303588867e-01 0.000000000000000000e+00 0.000000000000000000e+00 0.000000000000000000e+00
9.807283282279968262e-01 1.583238840103149414e-01 5.228757262229919434e-01 8.879425525665283203e-01 8.329229950904846191e-01 8.042600154876708984e-01 4.826872944831848145e-01 4.413834214210510254e-01 1.912655234336853027e-01 0.000000000000000000e+00 1.000000000000000000e+00 0.000000000000000000e+00
9.028793573379516602e-01 7.639825940132141113e-01 1.297636628150939941e-01 7.211493253707885742e-01 7.893305420875549316e-01 9.430185556411743164e-01 5.333155393600463867e-01 1.539232134819030762e-01 6.299286484718322754e-01 0.000000000000000000e+00 0.000000000000000000e+00 0.000000000000000000e+00
8.444952964782714844e-01 5.498526692390441895e-01 2.669979333877563477e-01 8.487904667854309082e-01 5.084007382392883301e-01 6.888182163238525391e-01 2.388256788253784180e-01 1.598957777023315430e-01 2.585505843162536621e-01 0.000000000000000000e+00 0.000000000000000000e+00 0.000000000000000000e+00
9.521155953407287598e-01 4.182298183441162109e-01 8.972858190536499023e-01 8.373063802719116211e-01 8.370125889778137207e-01 7.978447079658508301e-01 8.335236310958862305e-01 9.174580574035644531e-01 3.455485701560974121e-01 1.000000000000000000e+00 0.000000000000000000e+00 0.000000000000000000e+00
2.384652942419052124e-01 6.017742156982421875e-01 8.042340874671936035e-01 3.827608227729797363e-01 3.669512271881103516e-02 8.086372017860412598e-01 9.788359999656677246e-01 7.722848057746887207e-01 1.765238046646118164e-01 0.000000000000000000e+00 0.000000000000000000e+00 0.000000000000000000e+00
9.813259840011596680e-01 1.202839016914367676e-01 9.699468016624450684e-01 6.486719250679016113e-01 9.021525979042053223e-01 8.499233126640319824e-01 3.159962296485900879e-01 9.530359506607055664e-02 3.708539605140686035e-01 0.000000000000000000e+00 1.000000000000000000e+00 0.000000000000000000e+00
9.466733336448669434e-01 6.776326894760131836e-01 1.215057969093322754e-01 6.626535654067993164e-01 9.076599478721618652e-01 7.199472188949584961e-02 2.272055149078369141e-01 3.538542985916137695e-02 1.393699645996093750e-02 0.000000000000000000e+00 1.000000000000000000e+00 0.000000000000000000e+00
9.507274031639099121e-01 6.445368528366088867e-01 9.906074404716491699e-01 9.889975190162658691e-01 7.577267289161682129e-01 2.391772270202636719e-01 7.689628005027770996e-01 7.303738594055175781e-01 2.144607901573181152e-01 0.000000000000000000e+00 0.000000000000000000e+00 0.000000000000000000e+00
2.430994063615798950e-01 4.892971515655517578e-01 5.048536658287048340e-01 4.140884876251220703e-01 1.597998142242431641e-01 3.126567006111145020e-01 6.307166218757629395e-01 8.228213191032409668e-01 7.100113630294799805e-01 1.000000000000000000e+00 0.000000000000000000e+00 0.000000000000000000e+00
2.001259326934814453e-01 1.769462227821350098e-01 3.251731395721435547e-02 1.861279606819152832e-01 1.365030407905578613e-01 8.786596655845642090e-01 8.764767050743103027e-01 5.977445840835571289e-01 4.489797353744506836e-01 0.000000000000000000e+00 0.000000000000000000e+00 0.000000000000000000e+00
9.504296183586120605e-01 1.504811048507690430e-01 8.654736280441284180e-01 8.214050531387329102e-01 6.231040358543395996e-01 9.129964113235473633e-01 1.111541986465454102e-01 3.671262860298156738e-01 6.647299528121948242e-01 1.000000000000000000e+00 1.000000000000000000e+00 1.000000000000000000e+00
3.731078505516052246e-01 7.159375548362731934e-01 4.537361264228820801e-01 5.457311868667602539e-01 1.213689446449279785e-01 5.552096962928771973e-01 5.098030567169189453e-01 6.000689864158630371e-01 3.214070796966552734e-01 0.000000000000000000e+00 0.000000000000000000e+00 0.000000000000000000e+00
6.153333187103271484e-01 4.811945557594299316e-01 2.280797958374023438e-01 2.785670161247253418e-01 7.436266541481018066e-01 4.642752408981323242e-01 4.798220992088317871e-01 6.031153798103332520e-01 6.423616409301757812e-02 0.000000000000000000e+00 0.000000000000000000e+00 0.000000000000000000e+00
7.689944505691528320e-01 4.910185337066650391e-01 5.460399389266967773e-02 6.005759239196777344e-01 7.755176424980163574e-01 9.700593948364257812e-01 1.653068065643310547e-01 7.833395004272460938e-01 4.916303753852844238e-01 0.000000000000000000e+00 0.000000000000000000e+00 0.000000000000000000e+00
9.761032462120056152e-01 1.065056324005126953e-01 8.546935319900512695e-01 8.981295228004455566e-01 4.223977327346801758e-01 6.640724539756774902e-01 1.764614582061767578e-01 8.623273968696594238e-01 5.265970230102539062e-01 0.000000000000000000e+00 0.000000000000000000e+00 0.000000000000000000e+00
8.737131953239440918e-01 4.306492805480957031e-01 7.691600918769836426e-01 8.604729771614074707e-01 2.180755138397216797e-02 5.845387578010559082e-01 4.389107227325439453e-03 3.914366364479064941e-01 4.908651113510131836e-01 1.000000000000000000e+00 1.000000000000000000e+00 1.000000000000000000e+00
4.446252584457397461e-01 8.070189356803894043e-01 1.266359090805053711e-01 5.490095019340515137e-01 1.937594413757324219e-01 1.113963127136230469e-02 9.456729292869567871e-01 2.200326323509216309e-01 1.310924291610717773e-01 1.000000000000000000e+00 0.000000000000000000e+00 0.000000000000000000e+00
8.687042593955993652e-01 6.451376676559448242e-01 7.485966086387634277e-01 6.993559598922729492e-01 3.594178557395935059e-01 1.393717527389526367e-01 2.930334210395812988e-01 9.651191234588623047e-01 9.015640616416931152e-01 0.000000000000000000e+00 0.000000000000000000e+00 0.000000000000000000e+00
9.899825453758239746e-01 3.426069021224975586e-02 7.082595825195312500e-01 8.658080101013183594e-01 1.168894171714782715e-01 3.458440899848937988e-01 6.550283432006835938e-01 1.962383985519409180e-01 6.338383555412292480e-01 1.000000000000000000e+00 0.000000000000000000e+00 0.000000000000000000e+00
2.164383530616760254e-01 3.454024195671081543e-01 2.984584569931030273e-01 1.431864500045776367e-02 6.333230137825012207e-01 8.652085661888122559e-01 9.437503218650817871e-01 2.433717250823974609e-03 4.402195215225219727e-01 0.000000000000000000e+00 1.000000000000000000e+00 0.000000000000000000e+00
9.596556425094604492e-01 3.106161355972290039e-01 1.806012988090515137e-01 9.219626784324645996e-01 4.114275574684143066e-01 7.474285960197448730e-01 8.419513106346130371e-01 1.125716567039489746e-01 5.578571557998657227e-02 1.000000000000000000e+00 1.000000000000000000e+00 1.000000000000000000e+00
8.098796010017395020e-01 9.552271366119384766e-01 1.744657158851623535e-01 6.543016433715820312e-01 7.723653316497802734e-01 2.883536219596862793e-01 5.869476199150085449e-01 9.532803297042846680e-02 1.857817769050598145e-01 0.000000000000000000e+00 0.000000000000000000e+00 0.000000000000000000e+00
1.724622249603271484e-01 2.018836140632629395e-01 7.598913908004760742e-01 1.858702898025512695e-01 6.702178716659545898e-02 8.609959483146667480e-01 5.945599079132080078e-02 7.233026027679443359e-01 4.193043112754821777e-01 0.000000000000000000e+00 1.000000000000000000e+00 0.000000000000000000e+00
5.284422636032104492e-01 8.646026253700256348e-01 5.533853173255920410e-01 4.301762580871582031e-01 5.672053098678588867e-01 2.836017012596130371e-01 2.843797206878662109e-03 1.430268287658691406e-01 6.570158004760742188e-01 1.000000000000000000e+00 0.000000000000000000e+00 0.000000000000000000e+00
7.641978859901428223e-01 7.986258268356323242e-01 1.536762714385986328e-01 8.089061379432678223e-01 4.987289309501647949e-01 5.545256137847900391e-01 4.133449792861938477e-01 9.028324484825134277e-01 1.586632728576660156e-01 0.000000000000000000e+00 0.000000000000000000e+00 0.000000000000000000e+00
7.253407239913940430e-01 8.203058242797851562e-01 8.168464303016662598e-01 9.257319569587707520e-01 3.139700889587402344e-01 9.437063336372375488e-01 7.336363196372985840e-01 3.498790860176086426e-01 3.137256503105163574e-01 0.000000000000000000e+00 0.000000000000000000e+00 0.000000000000000000e+00
8.551449179649353027e-01 4.628294706344604492e-02 8.566148281097412109e-01 3.370131850242614746e-01 1.173855662345886230e-01 9.424026608467102051e-01 4.214521050453186035e-01 6.145142912864685059e-01 5.925387144088745117e-02 1.000000000000000000e+00 0.000000000000000000e+00 0.000000000000000000e+00
4.429603517055511475e-01 5.784884691238403320e-01 2.913099527359008789e-01 3.821485042572021484e-01 1.062172651290893555e-01 2.346152663230895996e-01 8.450227975845336914e-01 2.170665264129638672e-01 5.860924720764160156e-01 1.000000000000000000e+00 0.000000000000000000e+00 0.000000000000000000e+00
6.346123218536376953e-01 3.760663866996765137e-01 2.245618700981140137e-01 5.561455488204956055e-01 3.536797761917114258e-01 7.978159189224243164e-01 1.067014932632446289e-01 6.861019134521484375e-01 1.485044360160827637e-01 1.000000000000000000e+00 0.000000000000000000e+00 0.000000000000000000e+00
8.239756822586059570e-01 1.598375439643859863e-01 4.957866668701171875e-02 6.422755718231201172e-01 6.771543025970458984e-01 8.905705809593200684e-01 7.103978991508483887e-01 2.945250868797302246e-01 7.142645120620727539e-02 0.000000000000000000e+00 0.000000000000000000e+00 0.000000000000000000e+00
2.479871511459350586e-01 3.716077208518981934e-01 2.882218360900878906e-02 2.071349620819091797e-01 4.742635488510131836e-01 3.148967623710632324e-01 5.850102901458740234e-01 5.742937922477722168e-01 9.746620655059814453e-01 0.000000000000000000e+00 0.000000000000000000e+00 0.000000000000000000e+00
8.985307216644287109e-01 6.564655303955078125e-01 3.591185212135314941e-01 6.434084177017211914e-01 6.295125484466552734e-01 1.290556192398071289e-01 4.414136409759521484e-01 4.025152325630187988e-01 9.205436706542968750e-01 0.000000000000000000e+00 0.000000000000000000e+00 0.000000000000000000e+00
6.133335828781127930e-01 7.876161336898803711e-01 5.677092075347900391e-02 6.141397953033447266e-01 5.936788916587829590e-01 6.795748472213745117e-01 1.567969918251037598e-01 8.430575728416442871e-01 8.581693768501281738e-01 0.000000000000000000e+00 0.000000000000000000e+00 0.000000000000000000e+00
2.173690199851989746e-01 3.110219836235046387e-01 2.685626149177551270e-01 2.315325140953063965e-01 5.692409873008728027e-01 4.710260033607482910e-01 2.482105493545532227e-01 9.094581007957458496e-01 9.990444183349609375e-01 0.000000000000000000e+00 0.000000000000000000e+00 0.000000000000000000e+00
1.497446894645690918e-01 6.833493709564208984e-01 7.825142741203308105e-01 6.901210546493530273e-02 2.439422011375427246e-01 3.530845046043395996e-01 4.801977276802062988e-01 6.977978348731994629e-01 9.241702556610107422e-01 0.000000000000000000e+00 1.000000000000000000e+00 0.000000000000000000e+00
9.073018431663513184e-01 9.452889561653137207e-01 8.655246496200561523e-01 9.426465034484863281e-01 7.969198226928710938e-01 7.011977434158325195e-01 8.845002055168151855e-01 7.302824258804321289e-01 9.942740201950073242e-01 0.000000000000000000e+00 0.000000000000000000e+00 0.000000000000000000e+00
8.820043802261352539e-01 3.632441759109497070e-01 9.700716733932495117e-01 6.763512492179870605e-01 3.364027142524719238e-01 3.324224352836608887e-01 3.737389445304870605e-01 9.216664433479309082e-01 2.672106623649597168e-01 0.000000000000000000e+00 0.000000000000000000e+00 0.000000000000000000e+00
7.353137731552124023e-01 6.929590702056884766e-01 6.800892949104309082e-01 6.062622666358947754e-01 8.304181098937988281e-01 4.757111668586730957e-01 2.484894990921020508e-01 4.054549336433410645e-01 5.474716424942016602e-02 1.000000000000000000e+00 1.000000000000000000e+00 1.000000000000000000e+00
2.429401278495788574e-01 5.719102621078491211e-01 5.070529580116271973e-01 3.960102796554565430e-01 4.487519264221191406e-01 4.700099825859069824e-01 9.030924439430236816e-01 1.171736717224121094e-01 9.371566772460937500e-02 1.000000000000000000e+00 0.000000000000000000e+00 0.000000000000000000e+00
8.032380938529968262e-01 1.677057147026062012e-01 9.960572123527526855e-01 1.014894247055053711e-02 1.893651485443115234e-01 9.076902866363525391e-01 3.728814125061035156e-01 4.992086291313171387e-01 3.528385758399963379e-01 0.000000000000000000e+00 0.000000000000000000e+00 0.000000000000000000e+00
3.320691883563995361e-01 8.480306267738342285e-01 1.814461946487426758e-01 3.748095631599426270e-01 2.252956032752990723e-01 1.598187088966369629e-01 4.952195286750793457e-01 5.794290900230407715e-01 9.372989535331726074e-01 1.000000000000000000e+00 0.000000000000000000e+00 0.000000000000000000e+00
6.366980671882629395e-01 3.463430404663085938e-01 5.937266945838928223e-01 5.387445688247680664e-01 7.458288669586181641e-01 6.939347982406616211e-01 3.126433491706848145e-01 4.876677393913269043e-01 3.595164418220520020e-01 0.000000000000000000e+00 0.000000000000000000e+00 0.000000000000000000e+00
4.387394189834594727e-01 6.333830952644348145e-01 8.979697227478027344e-01 4.867970943450927734e-02 5.378593206405639648e-01 8.052917122840881348e-01 4.854985475540161133e-01 1.060606837272644043e-01 8.157426118850708008e-02 1.000000000000000000e+00 1.000000000000000000e+00 1.000000000000000000e+00
9.931957721710205078e-01 2.199787497520446777e-01 4.687286019325256348e-01 8.733390569686889648e-01 7.531874775886535645e-01 2.268146276473999023e-01 5.265486240386962891e-01 8.613265752792358398e-01 8.752212524414062500e-01 0.000000000000000000e+00 0.000000000000000000e+00 0.000000000000000000e+00
5.510280728340148926e-01 7.636853456497192383e-01 8.608164787292480469e-01 5.220116972923278809e-01 4.228359460830688477e-02 4.426536560058593750e-01 2.302564382553100586e-01 3.490369319915771484e-01 1.930094361305236816e-01 0.000000000000000000e+00 0.000000000000000000e+00 0.000000000000000000e+00
9.799717068672180176e-01 2.527306079864501953e-01 8.326975703239440918e-01 8.248788118362426758e-01 2.534554004669189453e-01 2.658147215843200684e-01 6.400723457336425781e-01 5.699500441551208496e-01 8.960685133934020996e-01 1.000000000000000000e+00 0.000000000000000000e+00 0.000000000000000000e+00
9.980695843696594238e-01 1.739861965179443359e-01 8.779955506324768066e-01 6.110812425613403320e-01 9.639832377433776855e-01 9.632307291030883789e-02 3.230774402618408203e-02 6.404738426208496094e-01 1.188431382179260254e-01 0.000000000000000000e+00 0.000000000000000000e+00 0.000000000000000000e+00
2.188646197319030762e-01 9.076017737388610840e-01 7.321390509605407715e-01 4.993301630020141602e-02 2.567152976989746094e-01 3.701254725456237793e-01 4.033176898956298828e-01 9.815917015075683594e-01 8.881454467773437500e-01 1.000000000000000000e+00 0.000000000000000000e+00 0.000000000000000000e+00
1.531218141317367554e-01 4.099912643432617188e-01 3.236830234527587891e-01 5.198156833648681641e-02 5.290822982788085938e-01 7.547607421875000000e-01 5.677565336227416992e-01 9.346386790275573730e-01 5.880643725395202637e-01 1.000000000000000000e+00 0.000000000000000000e+00 0.000000000000000000e+00
4.035430848598480225e-01 2.588580846786499023e-01 5.058121681213378906e-02 4.514445662498474121e-01 5.648267269134521484e-02 1.964847445487976074e-01 7.153644561767578125e-01 8.643385171890258789e-01 2.710835337638854980e-01 1.000000000000000000e+00 0.000000000000000000e+00 0.000000000000000000e+00
7.639793753623962402e-01 6.551405787467956543e-01 9.556806087493896484e-02 6.980878114700317383e-02 8.199467062950134277e-01 2.357732057571411133e-01 1.052100658416748047e-01 2.406407594680786133e-01 2.789220809936523438e-01 0.000000000000000000e+00 1.000000000000000000e+00 0.000000000000000000e+00
9.800136089324951172e-01 4.253274202346801758e-02 8.364738821983337402e-01 7.878876924514770508e-01 4.416058063507080078e-01 5.547474622726440430e-01 6.994933485984802246e-01 9.179896116256713867e-02 4.189477562904357910e-01 0.000000000000000000e+00 0.000000000000000000e+00 0.000000000000000000e+00
5.730599761009216309e-01 3.828420639038085938e-01 6.229677796363830566e-01 2.214594483375549316e-01 7.382364869117736816e-01 8.127790689468383789e-01 4.394042491912841797e-01 3.444470763206481934e-01 2.319110631942749023e-01 0.000000000000000000e+00 0.000000000000000000e+00 0.000000000000000000e+00
5.734362006187438965e-01 7.219487428665161133e-01 5.950760245323181152e-01 2.811738848686218262e-01 6.843975186347961426e-01 7.488521337509155273e-01 2.036733627319335938e-01 9.271382689476013184e-01 5.967140197753906250e-01 1.000000000000000000e+00 0.000000000000000000e+00 0.000000000000000000e+00
7.930219769477844238e-01 9.781761765480041504e-01 4.794606566429138184e-01 7.097078561782836914e-01 6.933248043060302734e-01 9.483212828636169434e-01 1.199309229850769043e-01 5.709762573242187500e-01 5.484783649444580078e-02 0.000000000000000000e+00 0.000000000000000000e+00 0.000000000000000000e+00
8.815897107124328613e-01 3.501797318458557129e-01 8.898833990097045898e-01 6.519282460212707520e-01 8.718022108078002930e-01 8.850688338279724121e-01 6.068217158317565918e-01 3.125009536743164062e-01 1.031085252761840820e-01 0.000000000000000000e+00 0.000000000000000000e+00 0.000000000000000000e+00
7.164823412895202637e-01 6.286158561706542969e-01 7.087773084640502930e-01 5.991991162300109863e-01 6.382247805595397949e-01 6.713346838951110840e-01 6.875765919685363770e-01 8.109194040298461914e-02 3.685314059257507324e-01 1.000000000000000000e+00 0.000000000000000000e+00 0.000000000000000000e+00
3.285837769508361816e-01 6.223479509353637695e-01 7.011939287185668945e-01 2.340192198753356934e-01 2.506349682807922363e-01 2.388911843299865723e-01 3.750893473625183105e-01 9.439713954925537109e-01 5.605190992355346680e-01 1.000000000000000000e+00 0.000000000000000000e+00 0.000000000000000000e+00
2.719945311546325684e-01 9.193173050880432129e-01 7.647657394409179688e-01 6.577726006507873535e-01 3.831111788749694824e-01 2.599065303802490234e-01 5.644159317016601562e-01 3.495454788208007812e-01 1.779698729515075684e-01 0.000000000000000000e+00 0.000000000000000000e+00 0.000000000000000000e+00
1.145106405019760132e-01 9.229665994644165039e-01 5.033095479011535645e-01 1.022458076477050781e-03 3.654631376266479492e-01 4.644595384597778320e-01 3.163157105445861816e-01 4.992800354957580566e-01 7.940938472747802734e-01 0.000000000000000000e+00 1.000000000000000000e+00 0.000000000000000000e+00
8.390527963638305664e-01 5.236119031906127930e-01 5.803272724151611328e-01 8.325514197349548340e-01 7.107812166213989258e-02 2.919744253158569336e-01 1.779745817184448242e-01 3.232700824737548828e-01 9.840402007102966309e-01 0.000000000000000000e+00 0.000000000000000000e+00 0.000000000000000000e+00
9.982054233551025391e-01 4.849135875701904297e-03 2.557969093322753906e-02 8.983768820762634277e-01 6.785483360290527344e-01 5.248126387596130371e-01 2.348446846008300781e-02 1.056788563728332520e-01 9.996994733810424805e-01 0.000000000000000000e+00 0.000000000000000000e+00 0.000000000000000000e+00
3.655111193656921387e-01 4.574427008628845215e-01 5.934420824050903320e-01 1.806280016899108887e-01 5.645151138305664062e-01 4.308896660804748535e-01 9.498982429504394531e-01 4.246571063995361328e-01 3.656345605850219727e-01 0.000000000000000000e+00 0.000000000000000000e+00 0.000000000000000000e+00
4.820100665092468262e-01 7.446229457855224609e-01 3.591936826705932617e-02 3.278313875198364258e-01 3.124616742134094238e-01 8.650817871093750000e-01 3.401914834976196289e-01 2.582079172134399414e-02 2.068974971771240234e-01 0.000000000000000000e+00 0.000000000000000000e+00 0.000000000000000000e+00
8.721940517425537109e-01 6.013921499252319336e-01 6.040338277816772461e-01 7.923065423965454102e-01 6.543087363243103027e-01 7.821578383445739746e-01 3.926677107810974121e-01 5.036948919296264648e-01 4.295857548713684082e-01 0.000000000000000000e+00 0.000000000000000000e+00 0.000000000000000000e+00
5.958648324012756348e-01 2.858289480209350586e-01 6.741176843643188477e-01 3.668612241744995117e-02 5.490477085113525391e-01 9.913112521171569824e-01 7.663258910179138184e-01 2.607601284980773926e-01 9.542579650878906250e-01 1.000000000000000000e+00 0.000000000000000000e+00 0.000000000000000000e+00
8.993949294090270996e-01 9.798469543457031250e-01 1.035689711570739746e-01 6.378229260444641113e-01 9.411096572875976562e-01 2.272496819496154785e-01 8.724712729454040527e-01 5.933013558387756348e-01 8.487921953201293945e-02 0.000000000000000000e+00 0.000000000000000000e+00 0.000000000000000000e+00
8.319988250732421875e-01 3.206469416618347168e-01 9.895313978195190430e-01 8.093122839927673340e-01 3.773653507232666016e-02 5.649276375770568848e-01 7.830210924148559570e-01 3.653975129127502441e-01 1.209410429000854492e-01 0.000000000000000000e+00 0.000000000000000000e+00 0.000000000000000000e+00
8.287326693534851074e-01 4.766218662261962891e-01 5.865318179130554199e-01 2.234184145927429199e-01 8.378005623817443848e-01 1.529863476753234863e-01 4.561161994934082031e-02 9.559721350669860840e-01 1.494873762130737305e-01 1.000000000000000000e+00 1.000000000000000000e+00 1.000000000000000000e+00
9.798370003700256348e-01 3.880763053894042969e-02 7.047386169433593750e-01 6.844332218170166016e-01 7.552789449691772461e-01 6.799461841583251953e-01 2.402641177177429199e-01 9.895982742309570312e-01 6.256043910980224609e-02 1.000000000000000000e+00 1.000000000000000000e+00 1.000000000000000000e+00
3.527182042598724365e-01 8.994746804237365723e-01 1.985033154487609863e-01 4.417418837547302246e-01 1.160050630569458008e-01 1.994877457618713379e-01 9.405732750892639160e-01 6.184023022651672363e-01 3.629872202873229980e-01 0.000000000000000000e+00 0.000000000000000000e+00 0.000000000000000000e+00
8.486228585243225098e-01 1.479223370552062988e-01 7.110354304313659668e-01 1.004095673561096191e-01 2.392026782035827637e-01 7.965022325515747070e-02 4.070135951042175293e-01 8.410434722900390625e-01 8.967427015304565430e-01 0.000000000000000000e+00 0.000000000000000000e+00 0.000000000000000000e+00
9.839822649955749512e-01 2.652697563171386719e-01 8.127338290214538574e-01 8.394861817359924316e-01 5.654671788215637207e-01 2.011636495590209961e-01 9.443438053131103516e-02 4.474042057991027832e-01 8.575114011764526367e-01 0.000000000000000000e+00 0.000000000000000000e+00 0.000000000000000000e+00
9.257992506027221680e-01 7.777175903320312500e-01 6.458724737167358398e-01 9.176746010780334473e-01 6.594544649124145508e-01 7.491385936737060547e-01 7.565079331398010254e-01 7.249367833137512207e-01 8.646163940429687500e-01 0.000000000000000000e+00 0.000000000000000000e+00 0.000000000000000000e+00
3.594840466976165771e-01 4.216278791427612305e-01 4.281077980995178223e-01 1.590034961700439453e-01 4.136781692504882812e-01 8.946176171302795410e-01 7.507275342941284180e-01 2.116150259971618652e-01 8.879527449607849121e-01 1.000000000000000000e+00 0.000000000000000000e+00 0.000000000000000000e+00
1.342706084251403809e-01 5.630618929862976074e-01 2.536413669586181641e-01 1.296513676643371582e-01 3.777980804443359375e-02 5.745648741722106934e-01 8.245909214019775391e-01 3.301163911819458008e-01 8.802676200866699219e-01 1.000000000000000000e+00 1.000000000000000000e+00 1.000000000000000000e+00
1.327844113111495972e-01 6.057664752006530762e-01 1.852771043777465820e-01 1.984012722969055176e-01 4.611068964004516602e-02 3.071392774581909180e-01 3.818577527999877930e-02 7.629096508026123047e-03 4.533474445343017578e-01 0.000000000000000000e+00 1.000000000000000000e+00 0.000000000000000000e+00
9.122421145439147949e-01 2.360779643058776855e-01 7.956772446632385254e-01 2.442104816436767578e-01 6.004600524902343750e-01 4.231950640678405762e-01 9.289608597755432129e-01 8.292000889778137207e-01 9.121710658073425293e-01 0.000000000000000000e+00 0.000000000000000000e+00 0.000000000000000000e+00
4.326909482479095459e-01 9.284023642539978027e-01 6.138803362846374512e-01 1.910166144371032715e-01 3.082833886146545410e-01 5.485021471977233887e-01 3.001898527145385742e-02 2.606198787689208984e-01 7.765261530876159668e-01 0.000000000000000000e+00 0.000000000000000000e+00 0.000000000000000000e+00
9.082983136177062988e-01 6.384037137031555176e-01 8.616414070129394531e-01 2.098000645637512207e-01 7.526974678039550781e-01 2.902925014495849609e-03 9.533131122589111328e-01 5.156499147415161133e-01 6.965052485466003418e-01 0.000000000000000000e+00 0.000000000000000000e+00 0.000000000000000000e+00
6.172297000885009766e-01 8.878060579299926758e-01 4.169129133224487305e-01 7.444629669189453125e-01 2.198327183723449707e-01 6.744760870933532715e-01 1.708307862281799316e-01 3.636717200279235840e-01 3.981891274452209473e-01 0.000000000000000000e+00 0.000000000000000000e+00 0.000000000000000000e+00
2.089333683252334595e-01 3.548371195793151855e-01 2.136713266372680664e-02 2.709698081016540527e-01 4.376158714294433594e-01 8.194059729576110840e-01 1.530650854110717773e-01 9.572879672050476074e-01 8.946550488471984863e-01 0.000000000000000000e+00 0.000000000000000000e+00 0.000000000000000000e+00
9.895308017730712891e-01 5.678164958953857422e-02 2.426488399505615234e-01 7.280122041702270508e-01 7.225777506828308105e-01 1.684403419494628906e-01 4.591186642646789551e-01 4.314732551574707031e-01 1.695437431335449219e-01 0.000000000000000000e+00 0.000000000000000000e+00 0.000000000000000000e+00
5.176569819450378418e-01 7.988705039024353027e-01 3.116449117660522461e-01 1.208325624465942383e-01 4.680358767509460449e-01 2.919314503669738770e-01 8.991189599037170410e-01 1.024558544158935547e-01 8.821373581886291504e-01 0.000000000000000000e+00 0.000000000000000000e+00 0.000000000000000000e+00
8.547230958938598633e-01 4.926906824111938477e-01 9.050090312957763672e-01 1.056698560714721680e-01 9.276490807533264160e-01 3.798674941062927246e-01 4.751671552658081055e-01 4.937637448310852051e-01 9.291816949844360352e-01 0.000000000000000000e+00 0.000000000000000000e+00 0.000000000000000000e+00
9.582059383392333984e-01 2.908514142036437988e-01 2.360628247261047363e-01 8.982806205749511719e-01 3.942354917526245117e-01 5.601707100868225098e-01 5.589824914932250977e-02 4.847252368927001953e-01 9.399011731147766113e-01 1.000000000000000000e+00 0.000000000000000000e+00 0.000000000000000000e+00
7.021608948707580566e-01 1.885943412780761719e-01 6.039938926696777344e-01 3.190777301788330078e-01 4.674036502838134766e-01 4.317656755447387695e-01 7.835050225257873535e-01 4.732888340950012207e-01 2.259941101074218750e-01 0.000000000000000000e+00 0.000000000000000000e+00 0.000000000000000000e+00
8.450228571891784668e-01 7.445885539054870605e-01 4.340074062347412109e-01 7.104774713516235352e-01 7.829164862632751465e-01 7.214975953102111816e-01 2.051503062248229980e-01 7.831216454505920410e-01 8.071384429931640625e-01 1.000000000000000000e+00 0.000000000000000000e+00 0.000000000000000000e+00
6.987835168838500977e-01 9.367036819458007812e-01 3.558521270751953125e-01 5.022230148315429688e-01 7.602655887603759766e-01 8.044616580009460449e-01 7.286819219589233398e-01 4.314376711845397949e-01 4.918968081474304199e-01 1.000000000000000000e+00 0.000000000000000000e+00 0.000000000000000000e+00
9.099678993225097656e-01 3.090828657150268555e-02 6.478514075279235840e-01 6.170089244842529297e-01 2.912920117378234863e-01 7.894034385681152344e-01 2.848424911499023438e-01 8.192880749702453613e-01 8.650926351547241211e-01 0.000000000000000000e+00 0.000000000000000000e+00 0.000000000000000000e+00
4.096604883670806885e-01 4.666194915771484375e-01 8.220497965812683105e-01 8.155584335327148438e-03 1.430621147155761719e-01 2.994467616081237793e-01 2.807644605636596680e-01 4.354992508888244629e-01 4.329246878623962402e-01 1.000000000000000000e+00 0.000000000000000000e+00 0.000000000000000000e+00
4.434415102005004883e-01 8.630154132843017578e-01 3.858702182769775391e-01 7.139980792999267578e-03 8.512372970581054688e-01 6.754162907600402832e-01 6.906861066818237305e-02 2.877464294433593750e-01 6.785219311714172363e-01 1.000000000000000000e+00 0.000000000000000000e+00 0.000000000000000000e+00
8.783584833145141602e-01 4.816880226135253906e-01 7.235583662986755371e-01 8.260293602943420410e-01 5.044898390769958496e-01 4.287284612655639648e-01 7.357985973358154297e-01 1.711181402206420898e-01 1.432233452796936035e-01 0.000000000000000000e+00 0.000000000000000000e+00 0.000000000000000000e+00
1.984697878360748291e-01 6.212198138236999512e-01 5.694036483764648438e-01 3.238700628280639648e-01 1.906229853630065918e-01 8.714013099670410156e-01 7.247880101203918457e-01 5.062994956970214844e-01 5.490605235099792480e-01 1.000000000000000000e+00 1.000000000000000000e+00 1.000000000000000000e+00
5.063064098358154297e-01 3.508645892143249512e-01 6.536328792572021484e-01 4.105931520462036133e-02 1.014141440391540527e-01 2.285367250442504883e-01 5.541485548019409180e-01 7.767341136932373047e-01 4.381193518638610840e-01 1.000000000000000000e+00 0.000000000000000000e+00 0.000000000000000000e+00
4.532169103622436523e-01 4.435795545578002930e-02 1.981115341186523438e-01 2.992124557495117188e-01 5.357048511505126953e-01 6.810493469238281250e-01 7.468622326850891113e-01 6.081356406211853027e-01 5.510892271995544434e-01 1.000000000000000000e+00 0.000000000000000000e+00 0.000000000000000000e+00
8.306705355644226074e-01 2.860267758369445801e-01 6.875175237655639648e-01 6.595680713653564453e-01 4.984849691390991211e-02 6.448370218276977539e-01 5.739923119544982910e-01 8.357281684875488281e-01 5.202782154083251953e-01 1.000000000000000000e+00 0.000000000000000000e+00 0.000000000000000000e+00
8.326267600059509277e-01 3.164196610450744629e-01 5.201503634452819824e-01 6.823031306266784668e-01 9.304285049438476562e-04 8.222097158432006836e-02 2.652049660682678223e-01 6.406664848327636719e-01 2.972933053970336914e-01 1.000000000000000000e+00 0.000000000000000000e+00 0.000000000000000000e+00
7.571332454681396484e-01 6.659206748008728027e-01 9.678179621696472168e-01 4.495101571083068848e-01 9.726555943489074707e-01 9.964298009872436523e-01 7.600706815719604492e-01 2.181137800216674805e-01 4.507644772529602051e-01 0.000000000000000000e+00 0.000000000000000000e+00 0.000000000000000000e+00
3.336550891399383545e-01 3.500805497169494629e-01 3.774195313453674316e-01 2.369418740272521973e-01 7.700919508934020996e-01 8.779806494712829590e-01 9.374682903289794922e-01 2.529472112655639648e-01 6.669855117797851562e-02 0.000000000000000000e+00 1.000000000000000000e+00 0.000000000000000000e+00
1.895853281021118164e-01 3.430561423301696777e-01 2.952862977981567383e-01 4.340387582778930664e-01 9.995698928833007812e-02 3.927145004272460938e-01 7.794082164764404297e-02 5.103391408920288086e-02 5.666854977607727051e-01 1.000000000000000000e+00 1.000000000000000000e+00 1.000000000000000000e+00
9.618502855300903320e-01 3.342048525810241699e-01 9.654592871665954590e-01 3.915911912918090820e-01 6.892099380493164062e-01 4.614048004150390625e-01 8.456997871398925781e-01 6.312494874000549316e-01 3.670328855514526367e-02 0.000000000000000000e+00 0.000000000000000000e+00 0.000000000000000000e+00
9.676190614700317383e-01 2.599533200263977051e-01 4.150000810623168945e-01 8.380813598632812500e-01 8.763307332992553711e-02 1.222060322761535645e-01 3.339397907257080078e-01 4.159366488456726074e-01 6.442666053771972656e-01 0.000000000000000000e+00 0.000000000000000000e+00 0.000000000000000000e+00
2.828477621078491211e-01 4.060007929801940918e-01 5.476506352424621582e-01 2.946246862411499023e-01 9.461700916290283203e-02 2.725820541381835938e-01 1.846377253532409668e-01 3.061334490776062012e-01 5.877931714057922363e-01 0.000000000000000000e+00 0.000000000000000000e+00 0.000000000000000000e+00
9.237236380577087402e-01 1.235289573669433594e-01 5.760176181793212891e-01 5.910801887512207031e-01 8.413716554641723633e-01 8.717890381813049316e-01 7.150885462760925293e-01 5.138624906539916992e-01 6.796652078628540039e-01 0.000000000000000000e+00 0.000000000000000000e+00 0.000000000000000000e+00
4.975093007087707520e-01 5.152354836463928223e-01 1.833592653274536133e-01 2.966348528861999512e-01 6.124529838562011719e-01 2.555757761001586914e-02 1.869997978210449219e-01 8.587384819984436035e-01 6.679051518440246582e-01 0.000000000000000000e+00 0.000000000000000000e+00 0.000000000000000000e+00
3.684466779232025146e-01 7.778277993202209473e-01 7.213029861450195312e-01 5.476401448249816895e-01 7.340204715728759766e-02 3.601257801055908203e-01 2.608221173286437988e-01 2.031279802322387695e-01 1.825899481773376465e-01 0.000000000000000000e+00 0.000000000000000000e+00 0.000000000000000000e+00
2.969163656234741211e-01 4.217324256896972656e-01 3.138905763626098633e-02 4.814754724502563477e-01 2.574654817581176758e-01 7.005351781845092773e-01 3.983287811279296875e-01 2.605785131454467773e-01 3.489266037940979004e-01 0.000000000000000000e+00 1.000000000000000000e+00 0.000000000000000000e+00
4.894571304321289062e-01 7.056514024734497070e-01 2.124440670013427734e-02 1.171625256538391113e-01 2.525489330291748047e-01 1.150429844856262207e-01 3.239105343818664551e-01 9.103538393974304199e-01 2.571725845336914062e-01 0.000000000000000000e+00 0.000000000000000000e+00 0.000000000000000000e+00
7.920283079147338867e-01 5.949015617370605469e-01 7.858310937881469727e-01 3.478931188583374023e-01 7.380646467208862305e-01 7.372790575027465820e-01 4.265984892845153809e-01 6.697835326194763184e-01 6.120911240577697754e-01 0.000000000000000000e+00 0.000000000000000000e+00 0.000000000000000000e+00
7.097037434577941895e-01 1.550292968750000000e-01 4.403790235519409180e-01 2.252401709556579590e-01 2.256558537483215332e-01 4.943078756332397461e-02 7.755892872810363770e-01 5.785870552062988281e-01 1.627749800682067871e-01 1.000000000000000000e+00 1.000000000000000000e+00 1.000000000000000000e+00
7.299076914787292480e-01 8.842433094978332520e-01 2.970868349075317383e-02 2.156955599784851074e-01 8.369459509849548340e-01 5.092989802360534668e-01 1.419284939765930176e-01 2.782953977584838867e-01 1.863247156143188477e-02 0.000000000000000000e+00 1.000000000000000000e+00 0.000000000000000000e+00
6.400581449270248413e-02 2.350894808769226074e-01 2.184653282165527344e-01 1.223858594894409180e-01 4.011903405189514160e-01 2.460076212882995605e-01 9.205520153045654297e-01 3.214048743247985840e-01 6.713558435440063477e-01 0.000000000000000000e+00 1.000000000000000000e+00 0.000000000000000000e+00
2.660225331783294678e-01 2.032656073570251465e-01 1.365138292312622070e-01 1.045590639114379883e-02 3.852916955947875977e-01 9.756749868392944336e-01 2.493327856063842773e-02 2.237757444381713867e-01 5.884671807289123535e-01 0.000000000000000000e+00 1.000000000000000000e+00 0.000000000000000000e+00
9.758887290954589844e-01 8.435547351837158203e-02 5.793147087097167969e-01 8.970679640769958496e-01 5.096132159233093262e-01 8.454772830009460449e-01 3.797180652618408203e-01 5.952346324920654297e-02 1.253951191902160645e-01 1.000000000000000000e+00 1.000000000000000000e+00 1.000000000000000000e+00
7.194250226020812988e-01 6.570676565170288086e-01 9.518673419952392578e-01 2.753741145133972168e-01 4.611412882804870605e-01 2.560831308364868164e-01 1.264240145683288574e-01 1.707757711410522461e-01 1.233346462249755859e-01 0.000000000000000000e+00 0.000000000000000000e+00 0.000000000000000000e+00
9.331852793693542480e-01 8.539976477622985840e-01 6.084393262863159180e-01 7.484403848648071289e-01 7.736967802047729492e-01 4.185220599174499512e-01 1.184948682785034180e-01 6.622989773750305176e-01 1.623250842094421387e-01 1.000000000000000000e+00 0.000000000000000000e+00 0.000000000000000000e+00
9.569985270500183105e-01 6.609767675399780273e-02 8.680080771446228027e-01 3.441306352615356445e-01 9.783827662467956543e-01 9.750829339027404785e-01 3.423549532890319824e-01 7.485755681991577148e-01 9.920163154602050781e-01 0.000000000000000000e+00 0.000000000000000000e+00 0.000000000000000000e+00
8.806282281875610352e-01 8.950970768928527832e-01 2.086811065673828125e-01 5.167192816734313965e-01 8.335099816322326660e-01 5.715876817703247070e-02 5.457855463027954102e-01 3.469443321228027344e-01 2.611445188522338867e-01 0.000000000000000000e+00 0.000000000000000000e+00 0.000000000000000000e+00
7.025602459907531738e-01 2.691630125045776367e-01 5.018822550773620605e-01 6.121716499328613281e-01 2.513276338577270508e-01 3.326385021209716797e-01 8.329275846481323242e-01 1.926944255828857422e-01 3.446751832962036133e-02 0.000000000000000000e+00 1.000000000000000000e+00 0.000000000000000000e+00
3.624624013900756836e-01 3.423624038696289062e-01 2.646694779396057129e-01 1.583690047264099121e-01 9.039240479469299316e-01 3.145934939384460449e-01 9.313384890556335449e-01 6.859015822410583496e-01 7.414184212684631348e-01 0.000000000000000000e+00 0.000000000000000000e+00 0.000000000000000000e+00
9.775281548500061035e-01 8.093184828758239746e-01 5.552367568016052246e-01 9.317813515663146973e-01 9.669829607009887695e-01 1.777050495147705078e-01 6.218892335891723633e-02 4.035602211952209473e-01 9.026708006858825684e-01 0.000000000000000000e+00 0.000000000000000000e+00 0.000000000000000000e+00
4.242765605449676514e-01 8.971657156944274902e-01 7.084778547286987305e-01 6.172977685928344727e-01 2.561904191970825195e-01 3.468399643898010254e-01 4.732577204704284668e-01 6.865513324737548828e-01 3.748767971992492676e-01 0.000000000000000000e+00 0.000000000000000000e+00 0.000000000000000000e+00
7.039246559143066406e-01 3.853991627693176270e-01 6.927809715270996094e-01 2.893590927124023438e-02 6.869209408760070801e-01 6.294083595275878906e-02 4.477031826972961426e-01 6.150717735290527344e-01 3.080653548240661621e-01 1.000000000000000000e+00 0.000000000000000000e+00 0.000000000000000000e+00
2.982368171215057373e-01 5.351197719573974609e-02 3.268298506736755371e-01 4.476221203804016113e-01 2.439194917678833008e-02 5.000567436218261719e-01 1.255677342414855957e-01 4.905138611793518066e-01 1.403607130050659180e-01 0.000000000000000000e+00 0.000000000000000000e+00 0.000000000000000000e+00
1.240390017628669739e-01 5.439087748527526855e-01 3.626439571380615234e-01 8.200430870056152344e-02 1.492069959640502930e-01 7.502052783966064453e-01 4.158741831779479980e-01 5.165287852287292480e-01 5.498734116554260254e-01 1.000000000000000000e+00 0.000000000000000000e+00 0.000000000000000000e+00
9.926573634147644043e-01 9.441882371902465820e-02 6.037642359733581543e-01 8.795019984245300293e-01 6.028215289115905762e-01 4.317325353622436523e-01 8.753017783164978027e-01 9.348021149635314941e-01 7.002137899398803711e-01 0.000000000000000000e+00 0.000000000000000000e+00 0.000000000000000000e+00
6.597024202346801758e-01 7.893713116645812988e-01 5.944001674652099609e-02 8.591914176940917969e-02 3.646498918533325195e-01 1.799508929252624512e-01 6.297358870506286621e-01 7.710188627243041992e-01 6.470734477043151855e-01 1.000000000000000000e+00 1.000000000000000000e+00 1.000000000000000000e+00
6.432457566261291504e-01 8.083667755126953125e-01 5.664774179458618164e-01 2.001433372497558594e-01 8.394480943679809570e-01 3.012734651565551758e-02 8.757510185241699219e-01 9.885453581809997559e-01 8.103104829788208008e-01 0.000000000000000000e+00 0.000000000000000000e+00 0.000000000000000000e+00
9.665994048118591309e-01 5.304456949234008789e-01 9.279104471206665039e-01 9.187772870063781738e-01 1.086224317550659180e-01 1.603690385818481445e-01 2.531107664108276367e-01 6.209391951560974121e-01 4.375148415565490723e-01 1.000000000000000000e+00 0.000000000000000000e+00 0.000000000000000000e+00
9.889284372329711914e-01 4.016350507736206055e-01 5.059667229652404785e-01 8.930449485778808594e-01 7.772239446640014648e-01 5.452352166175842285e-01 2.276908755302429199e-01 1.429372429847717285e-01 9.401586055755615234e-01 1.000000000000000000e+00 1.000000000000000000e+00 1.000000000000000000e+00
3.534389734268188477e-01 8.115346431732177734e-01 1.168025732040405273e-01 2.192390561103820801e-01 7.218701243400573730e-01 7.886747121810913086e-01 8.289770483970642090e-01 7.137661576271057129e-01 7.367444038391113281e-01 0.000000000000000000e+00 0.000000000000000000e+00 0.000000000000000000e+00
5.701524019241333008e-01 4.705456495285034180e-01 6.334965825080871582e-01 3.716865181922912598e-01 3.920843005180358887e-01 5.814802050590515137e-01 4.349719882011413574e-01 5.758410692214965820e-02 7.672066092491149902e-01 0.000000000000000000e+00 0.000000000000000000e+00 0.000000000000000000e+00
6.082733273506164551e-01 7.006233930587768555e-01 6.475910544395446777e-01 8.523287773132324219e-01 2.094069123268127441e-01 4.581202268600463867e-01 6.070970296859741211e-01 7.510024905204772949e-01 6.578921675682067871e-01 0.000000000000000000e+00 0.000000000000000000e+00 0.000000000000000000e+00
2.329086959362030029e-01 8.329392671585083008e-01 3.377951979637145996e-01 3.399562835693359375e-02 7.622045278549194336e-02 9.662338495254516602e-01 6.152036786079406738e-01 3.062071800231933594e-01 9.978560209274291992e-01 0.000000000000000000e+00 0.000000000000000000e+00 0.000000000000000000e+00
9.971382617950439453e-01 2.850446105003356934e-01 3.776890039443969727e-01 8.939594626426696777e-01 8.377141952514648438e-01 2.542796134948730469e-01 2.780257463455200195e-01 7.236762642860412598e-01 1.088348031044006348e-01 0.000000000000000000e+00 1.000000000000000000e+00 0.000000000000000000e+00
4.504929780960083008e-01 2.102094292640686035e-01 3.364729881286621094e-02 2.679772377014160156e-01 5.152296423912048340e-01 9.099087119102478027e-01 2.471842765808105469e-01 2.320208549499511719e-01 5.217917561531066895e-01 1.000000000000000000e+00 0.000000000000000000e+00 0.000000000000000000e+00
3.842889368534088135e-01 7.210704088211059570e-01 4.316318631172180176e-01 3.022137284278869629e-01 2.630807757377624512e-01 1.704564690589904785e-01 3.142203688621520996e-01 1.146451830863952637e-01 6.085202693939208984e-01 1.000000000000000000e+00 0.000000000000000000e+00 0.000000000000000000e+00
9.801706075668334961e-01 2.307776808738708496e-01 4.545108079910278320e-01 7.411513328552246094e-01 7.031535506248474121e-01 2.722982764244079590e-01 6.725815534591674805e-01 6.759060621261596680e-01 6.011656522750854492e-01 0.000000000000000000e+00 0.000000000000000000e+00 0.000000000000000000e+00
3.089707493782043457e-01 1.804547905921936035e-01 4.272999167442321777e-01 2.245657444000244141e-01 6.731832027435302734e-02 8.948896527290344238e-01 9.693006277084350586e-01 9.949555993080139160e-01 2.823513746261596680e-02 1.000000000000000000e+00 0.000000000000000000e+00 0.000000000000000000e+00
5.892261862754821777e-01 4.297558665275573730e-01 1.375834941864013672e-01 4.469715356826782227e-01 5.004407167434692383e-01 9.806334972381591797e-03 5.019480586051940918e-01 6.465268135070800781e-01 7.191020846366882324e-01 0.000000000000000000e+00 0.000000000000000000e+00 0.000000000000000000e+00
7.757916450500488281e-01 9.834409952163696289e-01 8.061590790748596191e-01 7.220986485481262207e-01 5.026594400405883789e-01 7.022518515586853027e-01 1.126580238342285156e-01 7.482397556304931641e-02 7.027095556259155273e-01 0.000000000000000000e+00 0.000000000000000000e+00 0.000000000000000000e+00
9.932603240013122559e-01 1.358838081359863281e-01 9.325766563415527344e-01 5.034735798835754395e-01 7.384124994277954102e-01 2.753983139991760254e-01 7.959470152854919434e-01 3.339263796806335449e-01 1.984339356422424316e-01 0.000000000000000000e+00 1.000000000000000000e+00 0.000000000000000000e+00
2.067241966724395752e-01 7.282998561859130859e-01 6.709825992584228516e-01 2.282708883285522461e-02 4.742606878280639648e-01 9.827069044113159180e-01 9.922071099281311035e-01 2.314144372940063477e-02 7.666885852813720703e-02 0.000000000000000000e+00 1.000000000000000000e+00 0.000000000000000000e+00
9.965202808380126953e-01 1.287114620208740234e-02 3.356343507766723633e-01 8.703895807266235352e-01 2.078577280044555664e-01 1.447081565856933594e-03 4.240289330482482910e-01 9.152695536613464355e-01 3.389822244644165039e-01 1.000000000000000000e+00 1.000000000000000000e+00 1.000000000000000000e+00
2.401020824909210205e-01 9.784255027770996094e-01 2.252184152603149414e-01 1.305963993072509766e-01 3.353166580200195312e-01 6.718290448188781738e-01 6.368964910507202148e-01 1.750312447547912598e-01 7.875061631202697754e-01 0.000000000000000000e+00 0.000000000000000000e+00 0.000000000000000000e+00
3.671356439590454102e-01 4.765489101409912109e-01 9.362483024597167969e-02 5.253790020942687988e-01 2.527564764022827148e-02 6.757927536964416504e-01 2.799881696701049805e-01 3.616359233856201172e-01 3.279793858528137207e-01 0.000000000000000000e+00 1.000000000000000000e+00 0.000000000000000000e+00
9.293524026870727539e-01 9.167749285697937012e-01 8.190675377845764160e-01 7.750808596611022949e-01 7.812307476997375488e-01 7.867271304130554199e-01 8.758111596107482910e-01 2.039301395416259766e-01 6.948613524436950684e-01 0.000000000000000000e+00 0.000000000000000000e+00 0.000000000000000000e+00
8.881211280822753906e-01 7.465620040893554688e-01 7.011566758155822754e-01 8.394838571548461914e-01 4.628754854202270508e-01 4.237592220306396484e-01 2.544783949851989746e-01 2.294084429740905762e-01 7.311369180679321289e-01 0.000000000000000000e+00 0.000000000000000000e+00 0.000000000000000000e+00
4.537456035614013672e-01 7.504080533981323242e-01 9.118876457214355469e-01 2.670679688453674316e-01 4.517898559570312500e-01 2.623426914215087891e-01 4.383597373962402344e-01 9.939598441123962402e-01 6.322966217994689941e-01 0.000000000000000000e+00 0.000000000000000000e+00 0.000000000000000000e+00
4.176882207393646240e-01 4.808233976364135742e-01 4.475779533386230469e-01 1.489222049713134766e-01 4.129202961921691895e-01 6.975439786911010742e-01 9.276062250137329102e-02 8.276270627975463867e-01 6.303000450134277344e-01 0.000000000000000000e+00 0.000000000000000000e+00 0.000000000000000000e+00
5.867463350296020508e-01 8.909744620323181152e-01 9.059164524078369141e-01 3.243399858474731445e-01 7.188800573348999023e-01 4.239982366561889648e-01 2.658795118331909180e-01 4.668011069297790527e-01 8.577691912651062012e-01 0.000000000000000000e+00 0.000000000000000000e+00 0.000000000000000000e+00
6.487678885459899902e-01 9.990986585617065430e-01 6.672277450561523438e-01 4.453805088996887207e-01 8.839837312698364258e-01 8.186733722686767578e-01 4.341997504234313965e-01 3.596721887588500977e-01 7.625131011009216309e-01 1.000000000000000000e+00 0.000000000000000000e+00 0.000000000000000000e+00
9.326643347740173340e-01 9.482908248901367188e-02 2.292254567146301270e-01 8.136854171752929688e-01 3.114594817161560059e-01 7.657784819602966309e-01 2.581400871276855469e-01 1.200540661811828613e-01 7.368429899215698242e-01 0.000000000000000000e+00 0.000000000000000000e+00 0.000000000000000000e+00
8.824242949485778809e-01 4.307761788368225098e-01 5.134037733078002930e-01 6.648662090301513672e-01 6.518964171409606934e-01 8.067430257797241211e-01 9.844772219657897949e-01 1.676940917968750000e-01 3.638823032379150391e-01 0.000000000000000000e+00 1.000000000000000000e+00 0.000000000000000000e+00
9.871940016746520996e-01 1.974620819091796875e-01 4.067943692207336426e-01 7.441264390945434570e-01 5.461962223052978516e-01 1.888079643249511719e-01 8.619561195373535156e-01 9.666526317596435547e-02 9.814768433570861816e-01 0.000000000000000000e+00 0.000000000000000000e+00 0.000000000000000000e+00
4.850065410137176514e-01 6.411266922950744629e-01 3.731892108917236328e-01 4.788667559623718262e-01 4.130722880363464355e-01 3.903651237487792969e-01 5.981916189193725586e-02 1.738767623901367188e-01 7.756316661834716797e-01 0.000000000000000000e+00 0.000000000000000000e+00 0.000000000000000000e+00
9.799705743789672852e-01 1.833841800689697266e-01 9.621478915214538574e-01 5.195395350456237793e-01 7.197944521903991699e-01 3.124462962150573730e-01 6.407109498977661133e-01 3.441396951675415039e-01 4.599525332450866699e-01 0.000000000000000000e+00 1.000000000000000000e+00 0.000000000000000000e+00
2.779729664325714111e-01 3.501151800155639648e-01 2.057440876960754395e-01 1.888149976730346680e-02 4.894773960113525391e-01 1.684225797653198242e-01 1.566534638404846191e-01 2.895376682281494141e-01 1.213749647140502930e-01 1.000000000000000000e+00 1.000000000000000000e+00 1.000000000000000000e+00
5.767412781715393066e-01 8.556630015373229980e-01 6.173781156539916992e-01 4.431719183921813965e-01 5.859804749488830566e-01 5.051693916320800781e-01 6.525875329971313477e-01 2.836774587631225586e-01 8.891825079917907715e-01 0.000000000000000000e+00 0.000000000000000000e+00 0.000000000000000000e+00
6.327472925186157227e-01 5.298363566398620605e-01 1.131567358970642090e-01 2.863081693649291992e-01 4.983093738555908203e-01 1.330704092979431152e-01 8.954156637191772461e-01 7.041493654251098633e-01 7.803242802619934082e-01 1.000000000000000000e+00 0.000000000000000000e+00 0.000000000000000000e+00
7.876820117235183716e-02 8.053309321403503418e-01 7.949659228324890137e-01 1.331355571746826172e-01 1.086725592613220215e-01 6.434511542320251465e-01 4.201149940490722656e-01 3.000850677490234375e-01 6.911629438400268555e-01 0.000000000000000000e+00 1.000000000000000000e+00 0.000000000000000000e+00
