7.218824028968811035e-01 6.926506757736206055e-01 8.587287068367004395e-01 3.368625044822692871e-01 6.113057136535644531e-01 3.500453829765319824e-01 9.344803094863891602e-01 6.035787463188171387e-01 9.410029649734497070e-02 0.000000000000000000e+00 0.000000000000000000e+00 0.000000000000000000e+00
9.639968276023864746e-01 4.857175946235656738e-01 5.522337555885314941e-01 7.504027485847473145e-01 6.513127684593200684e-01 5.240792632102966309e-01 1.445864439010620117e-01 7.385206818580627441e-01 3.452813029289245605e-01 1.000000000000000000e+00 0.000000000000000000e+00 0.000000000000000000e+00
9.573167562484741211e-01 4.047061204910278320e-01 7.862471938133239746e-01 6.745914220809936523e-01 6.522165536880493164e-01 2.861943840980529785e-01 4.579563736915588379e-01 2.911424636840820312e-02 4.139888882637023926e-01 0.000000000000000000e+00 0.000000000000000000e+00 0.000000000000000000e+00
9.960728883743286133e-01 1.209810972213745117e-01 7.533746957778930664e-01 7.405260205268859863e-01 9.545436501502990723e-01 3.782702088356018066e-01 9.281657338142395020e-01 9.831362962722778320e-02 6.898885369300842285e-01 1.000000000000000000e+00 0.000000000000000000e+00 0.000000000000000000e+00
4.411558210849761963e-01 8.052664399147033691e-01 2.980573177337646484e-01 4.633164405822753906e-02 3.019766807556152344e-01 2.806889414787292480e-01 6.708554625511169434e-01 9.517073035240173340e-01 7.713466882705688477e-01 1.000000000000000000e+00 0.000000000000000000e+00 0.000000000000000000e+00
4.897567331790924072e-01 9.900742173194885254e-01 5.111640691757202148e-01 4.452149868011474609e-01 3.061492443084716797e-01 2.296174764633178711e-01 4.052177667617797852e-01 6.946814060211181641e-01 3.724966645240783691e-01 0.000000000000000000e+00 0.000000000000000000e+00 0.000000000000000000e+00
1.893541365861892700e-01 4.165462851524353027e-01 2.049434185028076172e-01 3.031854033470153809e-01 2.211624383926391602e-02 8.204580545425415039e-01 7.708032727241516113e-01 8.115916848182678223e-01 4.522667527198791504e-01 0.000000000000000000e+00 0.000000000000000000e+00 0.000000000000000000e+00
9.919551014900207520e-01 1.370391845703125000e-01 6.425098776817321777e-01 9.060404896736145020e-01 6.124641299247741699e-01 1.720770597457885742e-01 5.073984861373901367e-01 6.629123687744140625e-01 6.895915865898132324e-01 0.000000000000000000e+00 0.000000000000000000e+00 0.000000000000000000e+00
4.266094565391540527e-01 7.534323334693908691e-01 2.962166070938110352e-01 1.427662372589111328e-01 3.925843834877014160e-01 6.937677264213562012e-01 7.038763761520385742e-01 2.653391957283020020e-01 3.642415404319763184e-01 1.000000000000000000e+00 0.000000000000000000e+00 0.000000000000000000e+00
2.860858142375946045e-01 7.069057226181030273e-01 6.375492215156555176e-01 8.315591216087341309e-01 1.397004127502441406e-01 6.651196479797363281e-01 1.935334801673889160e-01 8.370724916458129883e-01 9.670314192771911621e-01 0.000000000000000000e+00 0.000000000000000000e+00 0.000000000000000000e+00
5.181216001510620117e-01 6.137011051177978516e-01 4.961565732955932617e-01 3.121671080589294434e-01 2.812680006027221680e-01 7.377527952194213867e-01 3.412460684776306152e-01 2.720373868942260742e-02 3.844390511512756348e-01 0.000000000000000000e+00 0.000000000000000000e+00 0.000000000000000000e+00
8.171703815460205078e-01 8.419771790504455566e-01 7.699576020240783691e-01 8.672304153442382812e-01 5.501989126205444336e-01 4.388273954391479492e-01 3.391448855400085449e-01 6.991063952445983887e-01 8.186228871345520020e-01 0.000000000000000000e+00 0.000000000000000000e+00 0.000000000000000000e+00
1.666581928730010986e-01 4.893257021903991699e-01 6.906509995460510254e-01 8.945375680923461914e-02 4.966235160827636719e-02 9.467266798019409180e-01 5.347718000411987305e-01 1.082903742790222168e-01 9.103443622589111328e-01 1.000000000000000000e+00 0.000000000000000000e+00 0.000000000000000000e+00
7.367480993270874023e-01 9.581630825996398926e-01 7.324974536895751953e-01 8.121954798698425293e-01 8.772114515304565430e-01 4.170547723770141602e-01 4.643501043319702148e-01 9.280440211296081543e-01 5.171753168106079102e-01 0.000000000000000000e+00 0.000000000000000000e+00 0.000000000000000000e+00
9.766065478324890137e-01 5.720745921134948730e-01 2.931733727455139160e-01 9.074548482894897461e-01 7.610798478126525879e-01 4.629939794540405273e-02 8.201030492782592773e-01 1.186626553535461426e-01 6.886892318725585938e-01 0.000000000000000000e+00 1.000000000000000000e+00 0.000000000000000000e+00
5.611911416053771973e-01 2.691274285316467285e-01 5.611279010772705078e-01 5.257737636566162109e-02 5.838103890419006348e-01 8.195212483406066895e-01 8.177062273025512695e-01 9.370307922363281250e-01 5.698967576026916504e-01 1.000000000000000000e+00 0.000000000000000000e+00 0.000000000000000000e+00
9.379872679710388184e-01 3.601133227348327637e-01 6.444721221923828125e-01 7.023452520370483398e-01 9.896672368049621582e-01 8.298407196998596191e-01 5.399811267852783203e-02 4.774566888809204102e-01 5.928973555564880371e-01 1.000000000000000000e+00 0.000000000000000000e+00 0.000000000000000000e+00
9.845699667930603027e-01 1.771913170814514160e-01 9.069198369979858398e-01 6.925832033157348633e-01 1.261020302772521973e-01 4.568535089492797852e-02 7.590215802192687988e-01 1.314318180084228516e-02 9.286069869995117188e-02 0.000000000000000000e+00 0.000000000000000000e+00 0.000000000000000000e+00
9.767767786979675293e-01 8.816713094711303711e-02 4.938626885414123535e-01 6.199424862861633301e-01 8.826916217803955078e-01 5.973350405693054199e-01 2.160040736198425293e-01 6.292486190795898438e-02 8.328178524971008301e-01 0.000000000000000000e+00 1.000000000000000000e+00 0.000000000000000000e+00
1.985786706209182739e-01 9.598696827888488770e-01 1.374336481094360352e-01 7.194389700889587402e-01 1.737362146377563477e-02 6.091415882110595703e-01 2.237284183502197266e-01 9.038139581680297852e-01 9.718170166015625000e-01 0.000000000000000000e+00 1.000000000000000000e+00 0.000000000000000000e+00
9.944721460342407227e-01 5.427524447441101074e-01 7.195794582366943359e-01 9.806804060935974121e-01 7.350105643272399902e-01 1.005542278289794922e-02 5.443787574768066406e-02 5.826338529586791992e-01 7.043629884719848633e-02 0.000000000000000000e+00 0.000000000000000000e+00 0.000000000000000000e+00
7.580806612968444824e-01 9.547187685966491699e-01 5.392192006111145020e-01 7.143130898475646973e-01 6.559442877769470215e-01 2.034363150596618652e-01 6.569384932518005371e-01 5.205031633377075195e-01 5.553191900253295898e-02 0.000000000000000000e+00 1.000000000000000000e+00 0.000000000000000000e+00
5.191554427146911621e-01 3.411269187927246094e-01 3.665736317634582520e-01 5.681043863296508789e-02 6.708428263664245605e-01 9.172658920288085938e-01 2.584323287010192871e-01 7.337464094161987305e-01 3.640348911285400391e-01 0.000000000000000000e+00 0.000000000000000000e+00 0.000000000000000000e+00
6.757081151008605957e-01 5.064463615417480469e-01 6.652064919471740723e-01 7.725417017936706543e-01 3.944407701492309570e-01 4.391773343086242676e-01 7.974892854690551758e-01 4.797361493110656738e-01 2.354608178138732910e-01 0.000000000000000000e+00 1.000000000000000000e+00 0.000000000000000000e+00
9.244303107261657715e-01 1.662400960922241211e-01 5.747618675231933594e-01 6.748883724212646484e-01 5.024894475936889648e-01 9.362962245941162109e-01 7.246824502944946289e-01 6.470258235931396484e-01 3.376744985580444336e-01 0.000000000000000000e+00 0.000000000000000000e+00 0.000000000000000000e+00
8.179419636726379395e-01 9.841021299362182617e-01 3.593162298202514648e-01 9.669170379638671875e-01 1.555879116058349609e-01 3.666110038757324219e-01 2.949629426002502441e-01 9.995579719543457031e-03 4.818331599235534668e-01 0.000000000000000000e+00 0.000000000000000000e+00 0.000000000000000000e+00
4.129289090633392334e-01 9.546274542808532715e-01 6.278333663940429688e-01 1.225538253784179688e-01 2.700985074043273926e-01 1.783471703529357910e-01 8.723939657211303711e-01 2.526005506515502930e-01 6.059508323669433594e-01 1.000000000000000000e+00 0.000000000000000000e+00 0.000000000000000000e+00
1.063809543848037720e-01 2.223246097564697266e-01 3.203598856925964355e-01 3.649532794952392578e-02 4.490639567375183105e-01 2.884489297866821289e-02 7.069811820983886719e-01 2.298910617828369141e-01 5.212858915328979492e-01 0.000000000000000000e+00 1.000000000000000000e+00 0.000000000000000000e+00
4.581281244754791260e-01 9.991878867149353027e-01 3.721099495887756348e-01 4.447687864303588867e-01 7.898431420326232910e-01 3.679587841033935547e-01 8.415812253952026367e-02 5.661339163780212402e-01 6.991011500358581543e-01 0.000000000000000000e+00 0.000000000000000000e+00 0.000000000000000000e+00
9.560754895210266113e-01 9.208847880363464355e-01 1.742717623710632324e-01 7.696523666381835938e-01 8.708388209342956543e-01 1.141614913940429688e-01 2.171711325645446777e-01 7.416089773178100586e-01 5.222188234329223633e-01 0.000000000000000000e+00 0.000000000000000000e+00 0.000000000000000000e+00
9.799333810806274414e-01 5.643274784088134766e-01 4.418506622314453125e-01 9.293826818466186523e-01 5.848309397697448730e-01 4.247557520866394043e-01 6.076847314834594727e-01 4.958502054214477539e-01 9.990995526313781738e-01 1.000000000000000000e+00 0.000000000000000000e+00 0.000000000000000000e+00
9.443995356559753418e-02 5.519455075263977051e-01 3.961861729621887207e-01 2.173660397529602051e-01 5.915600061416625977e-02 6.738299727439880371e-01 6.085737943649291992e-01 8.304465413093566895e-01 9.858902692794799805e-01 0.000000000000000000e+00 1.000000000000000000e+00 0.000000000000000000e+00
8.780300617218017578e-02 4.771125316619873047e-02 3.872461915016174316e-01 2.160817384719848633e-02 1.612240076065063477e-02 5.339946746826171875e-01 5.742093920707702637e-01 4.861018061637878418e-01 4.958335161209106445e-01 0.000000000000000000e+00 0.000000000000000000e+00 0.000000000000000000e+00
4.848485887050628662e-01 3.651854991912841797e-01 4.612145423889160156e-01 1.029032468795776367e-02 8.562169671058654785e-01 4.604753255844116211e-01 5.159602165222167969e-01 1.633523702621459961e-01 2.614629864692687988e-01 1.000000000000000000e+00 0.000000000000000000e+00 0.000000000000000000e+00
2.554682493209838867e-01 9.319778084754943848e-01 5.706155300140380859e-01 2.538036108016967773e-01 7.379657030105590820e-01 2.881809473037719727e-01 6.727483868598937988e-01 6.039946675300598145e-01 1.997990608215332031e-01 0.000000000000000000e+00 0.000000000000000000e+00 0.000000000000000000e+00
3.308698832988739014e-01 3.894119858741760254e-01 6.742209196090698242e-02 4.674667119979858398e-02 3.503330349922180176e-01 5.998622775077819824e-01 8.246573805809020996e-01 6.865645647048950195e-01 5.178692340850830078e-01 0.000000000000000000e+00 1.000000000000000000e+00 0.000000000000000000e+00
5.541126132011413574e-01 8.272988200187683105e-01 5.277897715568542480e-01 4.089877009391784668e-01 4.931008219718933105e-01 1.163402795791625977e-01 7.688461542129516602e-01 4.375048279762268066e-01 2.181536555290222168e-01 0.000000000000000000e+00 0.000000000000000000e+00 0.000000000000000000e+00
8.996173739433288574e-01 3.185288310050964355e-01 8.907213211059570312e-01 3.570326566696166992e-01 5.856931209564208984e-01 2.829162478446960449e-01 2.125804424285888672e-01 8.847872614860534668e-01 4.505362510681152344e-01 0.000000000000000000e+00 0.000000000000000000e+00 0.000000000000000000e+00
9.830529689788818359e-01 9.526193141937255859e-03 9.424600601196289062e-01 1.526430845260620117e-01 4.470587372779846191e-01 1.290802955627441406e-01 3.633505105972290039e-02 7.493000626564025879e-01 2.133005857467651367e-02 0.000000000000000000e+00 1.000000000000000000e+00 0.000000000000000000e+00
7.852126955986022949e-01 7.182673811912536621e-01 8.740808367729187012e-01 4.358422756195068359e-01 7.251899242401123047e-01 3.977441191673278809e-01 3.592087626457214355e-01 6.355171799659729004e-01 1.848037838935852051e-01 1.000000000000000000e+00 0.000000000000000000e+00 0.000000000000000000e+00
9.513445496559143066e-01 4.415824413299560547e-01 7.331115007400512695e-02 7.475436329841613770e-01 9.461224675178527832e-01 4.531316757202148438e-01 5.126616954803466797e-01 6.048064231872558594e-01 4.081544280052185059e-01 0.000000000000000000e+00 1.000000000000000000e+00 0.000000000000000000e+00
3.550604283809661865e-01 7.283812761306762695e-01 9.934563636779785156e-01 3.452555537223815918e-01 3.667928576469421387e-01 8.241205215454101562e-01 3.774383068084716797e-01 3.649881482124328613e-01 6.058474779129028320e-01 0.000000000000000000e+00 0.000000000000000000e+00 0.000000000000000000e+00
7.098974585533142090e-01 3.232880234718322754e-01 1.116721630096435547e-01 7.316211462020874023e-01 3.202021121978759766e-01 8.302617669105529785e-01 3.993685245513916016e-01 5.670046210289001465e-01 8.485780358314514160e-01 0.000000000000000000e+00 0.000000000000000000e+00 0.000000000000000000e+00
1.071175634860992432e-01 3.637685179710388184e-01 2.932005524635314941e-01 3.508493304252624512e-01 1.871380805969238281e-01 7.911771535873413086e-02 7.772529721260070801e-01 2.245087623596191406e-01 2.173193097114562988e-01 1.000000000000000000e+00 1.000000000000000000e+00 1.000000000000000000e+00
9.977567791938781738e-01 3.018932342529296875e-01 6.907252669334411621e-01 9.942184686660766602e-01 2.826059460639953613e-01 1.073780059814453125e-01 9.994183182716369629e-01 3.166886568069458008e-01 7.412422299385070801e-01 0.000000000000000000e+00 0.000000000000000000e+00 0.000000000000000000e+00
4.785741865634918213e-01 3.051822781562805176e-01 7.808405160903930664e-02 8.226871490478515625e-01 1.861049532890319824e-01 8.221685290336608887e-01 5.754545927047729492e-01 8.156121969223022461e-01 8.554734587669372559e-01 0.000000000000000000e+00 0.000000000000000000e+00 0.000000000000000000e+00
9.317227005958557129e-01 1.069925427436828613e-01 4.358882904052734375e-01 8.690393567085266113e-01 1.152808070182800293e-01 5.875190496444702148e-01 8.288703560829162598e-01 7.926980853080749512e-01 3.820809125900268555e-01 0.000000000000000000e+00 0.000000000000000000e+00 0.000000000000000000e+00
7.488512992858886719e-01 4.963743090629577637e-01 7.832674980163574219e-01 2.561416029930114746e-01 5.739285945892333984e-01 7.524268627166748047e-01 9.538263678550720215e-01 2.708597183227539062e-01 9.557626247406005859e-01 1.000000000000000000e+00 0.000000000000000000e+00 0.000000000000000000e+00
2.778665721416473389e-01 2.183706760406494141e-01 2.900146842002868652e-01 1.584533452987670898e-01 3.692030906677246094e-01 1.169309616088867188e-01 1.202458143234252930e-01 9.078488945960998535e-01 7.511818408966064453e-01 0.000000000000000000e+00 0.000000000000000000e+00 0.000000000000000000e+00
3.495248556137084961e-01 9.553334116935729980e-01 4.266775250434875488e-01 6.603759527206420898e-02 7.282066345214843750e-01 2.335410118103027344e-01 5.407203435897827148e-01 5.230981707572937012e-01 3.527962565422058105e-01 1.000000000000000000e+00 0.000000000000000000e+00 0.000000000000000000e+00
7.805930376052856445e-01 4.770981669425964355e-01 6.288207769393920898e-01 6.826245188713073730e-01 6.080353260040283203e-02 3.537113070487976074e-01 4.813033938407897949e-01 6.970683932304382324e-01 9.695634245872497559e-01 1.000000000000000000e+00 0.000000000000000000e+00 0.000000000000000000e+00
4.637578725814819336e-01 9.349167943000793457e-01 7.411245107650756836e-01 2.548999190330505371e-01 8.001981973648071289e-01 8.368081450462341309e-01 4.562296271324157715e-01 8.922410607337951660e-01 7.638397812843322754e-01 1.000000000000000000e+00 0.000000000000000000e+00 0.000000000000000000e+00
8.562220931053161621e-01 9.574579596519470215e-01 5.559652447700500488e-01 7.550917863845825195e-01 6.769510507583618164e-01 1.289604902267456055e-01 1.738268733024597168e-01 9.224602580070495605e-01 1.073302030563354492e-01 0.000000000000000000e+00 0.000000000000000000e+00 0.000000000000000000e+00
4.300606250762939453e-01 3.837579488754272461e-02 5.580673813819885254e-01 1.946191787719726562e-01 2.152051925659179688e-01 8.885611295700073242e-01 3.465602397918701172e-01 5.296832919120788574e-01 9.803826212882995605e-01 0.000000000000000000e+00 1.000000000000000000e+00 0.000000000000000000e+00
4.120624661445617676e-01 2.439139485359191895e-01 5.262993574142456055e-01 7.154762744903564453e-02 3.868484497070312500e-01 7.956331968307495117e-01 6.647335886955261230e-01 1.036739349365234375e-02 5.800396203994750977e-02 0.000000000000000000e+00 0.000000000000000000e+00 0.000000000000000000e+00
8.571619987487792969e-01 7.805967926979064941e-01 6.849240660667419434e-01 6.233166456222534180e-01 9.062721133232116699e-01 1.801539659500122070e-01 5.466996431350708008e-01 4.758275151252746582e-01 7.912077307701110840e-01 0.000000000000000000e+00 0.000000000000000000e+00 0.000000000000000000e+00
1.574781835079193115e-01 5.658414363861083984e-01 2.214390635490417480e-01 2.224026918411254883e-01 2.226535677909851074e-01 9.823496937751770020e-01 2.887347936630249023e-01 1.130906939506530762e-01 7.928976416587829590e-01 1.000000000000000000e+00 1.000000000000000000e+00 1.000000000000000000e+00
6.012647151947021484e-01 8.971937894821166992e-01 6.002372503280639648e-01 7.992357015609741211e-01 4.367023706436157227e-02 4.878118038177490234e-01 2.955392599105834961e-01 1.745080947875976562e-02 1.983707547187805176e-01 0.000000000000000000e+00 0.000000000000000000e+00 0.000000000000000000e+00
7.956900000572204590e-01 6.514359712600708008e-01 5.481356978416442871e-01 8.549899458885192871e-01 2.563118934631347656e-01 4.358447790145874023e-01 9.391297698020935059e-01 7.784625291824340820e-01 4.651661515235900879e-01 1.000000000000000000e+00 0.000000000000000000e+00 0.000000000000000000e+00
6.280544400215148926e-01 9.740867614746093750e-01 9.086412191390991211e-02 8.423744440078735352e-01 7.761001586914062500e-02 2.832003235816955566e-01 2.184824943542480469e-01 6.913392543792724609e-01 7.830962538719177246e-01 0.000000000000000000e+00 0.000000000000000000e+00 0.000000000000000000e+00
9.561140537261962891e-01 1.776683330535888672e-02 6.211865544319152832e-01 8.135659098625183105e-01 4.523633718490600586e-01 7.667353749275207520e-01 2.645868659019470215e-01 4.778474569320678711e-01 4.200223088264465332e-01 1.000000000000000000e+00 1.000000000000000000e+00 1.000000000000000000e+00
7.042512297630310059e-01 5.752004384994506836e-01 4.041472077369689941e-01 9.596605300903320312e-01 1.801286339759826660e-01 7.842807173728942871e-01 8.249695897102355957e-01 7.503303289413452148e-01 5.554946660995483398e-01 1.000000000000000000e+00 0.000000000000000000e+00 0.000000000000000000e+00
3.975851535797119141e-01 8.274723887443542480e-01 9.989219307899475098e-01 4.606633782386779785e-01 2.368575334548950195e-02 4.065742492675781250e-01 2.686535716056823730e-01 3.132897019386291504e-01 2.072147130966186523e-01 1.000000000000000000e+00 0.000000000000000000e+00 0.000000000000000000e+00
7.200787663459777832e-01 1.278404593467712402e-01 5.104768276214599609e-01 5.883598923683166504e-01 5.117833614349365234e-03 4.701083898544311523e-01 9.594833850860595703e-01 2.148433923721313477e-01 8.135690689086914062e-01 1.000000000000000000e+00 0.000000000000000000e+00 0.000000000000000000e+00
2.934384047985076904e-01 9.147737622261047363e-01 2.909997701644897461e-01 3.313421607017517090e-01 3.532315492630004883e-01 4.589821100234985352e-01 4.245029687881469727e-01 6.199728250503540039e-01 1.818877458572387695e-01 0.000000000000000000e+00 0.000000000000000000e+00 0.000000000000000000e+00
6.831790804862976074e-01 6.723257303237915039e-01 4.063975811004638672e-01 2.630991339683532715e-01 3.132102489471435547e-01 1.875936985015869141e-02 5.070772171020507812e-01 5.217983126640319824e-01 9.565202593803405762e-01 1.000000000000000000e+00 0.000000000000000000e+00 0.000000000000000000e+00
9.716097116470336914e-01 2.095280289649963379e-01 5.229216814041137695e-01 6.644077897071838379e-01 9.489111900329589844e-01 5.168457031250000000e-01 5.407067537307739258e-01 6.200586557388305664e-01 9.008447527885437012e-01 0.000000000000000000e+00 0.000000000000000000e+00 0.000000000000000000e+00
2.589546144008636475e-01 9.842645525932312012e-01 6.500456333160400391e-01 3.629232048988342285e-01 5.124198198318481445e-01 8.986677527427673340e-01 4.355809092521667480e-01 6.190922856330871582e-01 7.908412814140319824e-01 1.000000000000000000e+00 0.000000000000000000e+00 0.000000000000000000e+00
9.634757041931152344e-01 9.692056179046630859e-01 8.634445667266845703e-01 9.832809567451477051e-01 8.814607262611389160e-01 1.587932109832763672e-01 7.487751841545104980e-01 5.301413536071777344e-01 4.327737092971801758e-01 1.000000000000000000e+00 0.000000000000000000e+00 0.000000000000000000e+00
3.784819245338439941e-01 8.085238933563232422e-01 2.763096094131469727e-01 3.409252166748046875e-01 3.129085898399353027e-01 5.534952282905578613e-01 8.559924364089965820e-02 5.794715881347656250e-02 1.090167164802551270e-01 0.000000000000000000e+00 0.000000000000000000e+00 0.000000000000000000e+00
8.910807371139526367e-01 5.166666507720947266e-01 7.818189263343811035e-01 3.890074491500854492e-01 6.652440428733825684e-01 5.543094873428344727e-02 3.071526288986206055e-01 5.639029741287231445e-01 1.829599142074584961e-01 0.000000000000000000e+00 1.000000000000000000e+00 0.000000000000000000e+00
6.890978217124938965e-01 9.413750171661376953e-01 4.339271187782287598e-01 7.267934083938598633e-01 3.664053678512573242e-01 8.437047004699707031e-01 4.458871483802795410e-01 1.927000880241394043e-01 2.625024318695068359e-01 1.000000000000000000e+00 0.000000000000000000e+00 0.000000000000000000e+00
8.760116696357727051e-01 7.474440336227416992e-02 8.672672510147094727e-01 4.966688156127929688e-01 2.501178979873657227e-01 7.776654958724975586e-01 2.728630304336547852e-01 4.913182854652404785e-01 4.012560844421386719e-02 0.000000000000000000e+00 0.000000000000000000e+00 0.000000000000000000e+00
6.239774227142333984e-01 3.223031759262084961e-01 6.475209593772888184e-01 2.452841401100158691e-01 8.022002577781677246e-01 8.135374188423156738e-01 3.921284675598144531e-01 4.791623353958129883e-02 3.460562825202941895e-01 1.000000000000000000e+00 0.000000000000000000e+00 0.000000000000000000e+00
9.945929646492004395e-01 1.835417747497558594e-02 1.050886511802673340e-01 9.960309863090515137e-01 5.649552345275878906e-01 7.492432594299316406e-01 3.677210211753845215e-01 7.634873986244201660e-01 3.135014772415161133e-01 0.000000000000000000e+00 0.000000000000000000e+00 0.000000000000000000e+00
9.455434679985046387e-01 1.001940965652465820e-01 9.372289776802062988e-01 5.563809275627136230e-01 1.598466634750366211e-01 6.458490490913391113e-01 1.929597854614257812e-01 5.719768404960632324e-01 2.829457521438598633e-01 0.000000000000000000e+00 1.000000000000000000e+00 0.000000000000000000e+00
5.887486338615417480e-01 8.972057104110717773e-01 4.807278513908386230e-01 2.212474942207336426e-01 9.293730258941650391e-01 7.690482139587402344e-01 7.147243618965148926e-01 6.593045592308044434e-01 6.813737750053405762e-01 0.000000000000000000e+00 0.000000000000000000e+00 0.000000000000000000e+00
9.600920081138610840e-01 3.206608295440673828e-01 2.645081281661987305e-02 9.942191839218139648e-01 3.777742385864257812e-03 5.658918023109436035e-01 3.396551609039306641e-01 7.342771291732788086e-01 9.754657149314880371e-01 0.000000000000000000e+00 0.000000000000000000e+00 0.000000000000000000e+00
3.913170993328094482e-01 4.891674518585205078e-01 2.248675227165222168e-01 6.149355173110961914e-01 7.431566715240478516e-02 3.824437260627746582e-01 5.291898846626281738e-01 5.078178644180297852e-02 2.519631981849670410e-01 1.000000000000000000e+00 0.000000000000000000e+00 0.000000000000000000e+00
3.806002736091613770e-01 6.177141070365905762e-01 8.023079633712768555e-01 1.625469923019409180e-01 2.735366821289062500e-01 2.232648134231567383e-01 8.013768196105957031e-01 6.447501778602600098e-01 4.649086594581604004e-01 1.000000000000000000e+00 0.000000000000000000e+00 0.000000000000000000e+00
9.771280288696289062e-01 2.718893885612487793e-01 8.899218440055847168e-01 2.955282926559448242e-01 6.071748137474060059e-01 2.719039916992187500e-01 7.702858448028564453e-01 4.867403507232666016e-01 7.743712663650512695e-01 0.000000000000000000e+00 0.000000000000000000e+00 0.000000000000000000e+00
9.712797403335571289e-01 2.033961415290832520e-01 7.089747190475463867e-01 6.996203064918518066e-01 7.343292236328125000e-01 3.572130799293518066e-01 1.057327389717102051e-01 4.706944227218627930e-01 7.931828498840332031e-03 0.000000000000000000e+00 1.000000000000000000e+00 0.000000000000000000e+00
9.596745371818542480e-01 5.384871363639831543e-01 2.862340807914733887e-01 6.906827688217163086e-01 7.055492997169494629e-01 9.862403273582458496e-01 3.828912973403930664e-01 8.741239309310913086e-01 9.990588426589965820e-01 0.000000000000000000e+00 0.000000000000000000e+00 0.000000000000000000e+00
4.384682178497314453e-01 8.994399309158325195e-01 4.554497003555297852e-01 6.987729668617248535e-01 3.745040893554687500e-01 2.604568004608154297e-01 4.518922567367553711e-01 4.104548692703247070e-01 9.561576843261718750e-01 0.000000000000000000e+00 0.000000000000000000e+00 0.000000000000000000e+00
9.706698060035705566e-01 1.604526042938232422e-01 6.406468749046325684e-01 2.872620224952697754e-01 9.788008332252502441e-01 4.471210837364196777e-01 5.092406272888183594e-01 5.936624407768249512e-01 9.994965195655822754e-01 0.000000000000000000e+00 0.000000000000000000e+00 0.000000000000000000e+00
2.981414496898651123e-01 4.017967581748962402e-01 3.862476944923400879e-01 8.287924528121948242e-02 8.199008107185363770e-01 3.353047370910644531e-02 5.131060481071472168e-01 2.865582704544067383e-02 3.787130713462829590e-01 0.000000000000000000e+00 1.000000000000000000e+00 0.000000000000000000e+00
8.864244818687438965e-01 9.752637147903442383e-01 5.890724062919616699e-01 9.397529363632202148e-01 8.733017444610595703e-01 7.175348401069641113e-01 3.173081278800964355e-01 8.471372723579406738e-01 1.223503947257995605e-01 0.000000000000000000e+00 0.000000000000000000e+00 0.000000000000000000e+00
3.710712194442749023e-01 6.487762331962585449e-01 5.086486339569091797e-01 4.786947965621948242e-01 3.820830583572387695e-01 3.714625239372253418e-01 7.045503854751586914e-01 9.178518652915954590e-01 6.152221560478210449e-01 0.000000000000000000e+00 0.000000000000000000e+00 0.000000000000000000e+00
9.506874084472656250e-01 3.655468821525573730e-01 4.560142755508422852e-01 9.487221837043762207e-01 4.951298236846923828e-01 7.804526090621948242e-01 4.300802946090698242e-02 7.713404893875122070e-01 1.256228685379028320e-01 0.000000000000000000e+00 0.000000000000000000e+00 0.000000000000000000e+00
7.853984236717224121e-01 9.359952807426452637e-01 6.942616701126098633e-01 5.229888558387756348e-01 5.559294819831848145e-01 7.168922424316406250e-01 8.713937997817993164e-01 6.898470520973205566e-01 2.050168514251708984e-01 1.000000000000000000e+00 0.000000000000000000e+00 0.000000000000000000e+00
6.720662713050842285e-01 4.625466465950012207e-01 5.557479858398437500e-01 8.729898333549499512e-01 6.502294540405273438e-02 5.272922515869140625e-01 8.384746313095092773e-01 5.285327434539794922e-01 4.333096146583557129e-01 1.000000000000000000e+00 0.000000000000000000e+00 0.000000000000000000e+00
1.682916581630706787e-01 7.156689167022705078e-01 6.802428960800170898e-01 2.946171760559082031e-01 1.892519593238830566e-01 5.266881585121154785e-01 4.553106427192687988e-01 8.141785264015197754e-01 3.661367297172546387e-01 1.000000000000000000e+00 1.000000000000000000e+00 1.000000000000000000e+00
5.787355899810791016e-01 7.486051917076110840e-01 9.024437665939331055e-01 8.882314562797546387e-01 1.159295439720153809e-01 2.173799872398376465e-01 7.809780836105346680e-01 9.024411439895629883e-01 5.749505758285522461e-01 0.000000000000000000e+00 0.000000000000000000e+00 0.000000000000000000e+00
8.869062066078186035e-01 2.476788163185119629e-01 7.231043577194213867e-01 7.804629206657409668e-01 1.679688096046447754e-01 9.889108538627624512e-01 9.592046141624450684e-01 2.738282680511474609e-01 4.292882680892944336e-01 0.000000000000000000e+00 1.000000000000000000e+00 0.000000000000000000e+00
9.483357071876525879e-01 1.579636931419372559e-01 9.513180851936340332e-01 2.620066404342651367e-01 7.929871082305908203e-01 7.057208418846130371e-01 7.020388245582580566e-01 2.242267131805419922e-03 1.979197263717651367e-01 0.000000000000000000e+00 0.000000000000000000e+00 0.000000000000000000e+00
4.349884986877441406e-01 6.332591772079467773e-01 4.660795927047729492e-01 3.704203963279724121e-01 4.341899156570434570e-01 8.664708137512207031e-01 8.038089275360107422e-01 9.259895682334899902e-01 7.092950344085693359e-01 1.000000000000000000e+00 0.000000000000000000e+00 0.000000000000000000e+00
9.908758401870727539e-01 1.833581924438476562e-02 5.389915108680725098e-01 8.497130274772644043e-01 5.541286468505859375e-01 1.558148264884948730e-01 9.167168736457824707e-01 2.908278703689575195e-01 9.285342693328857422e-02 0.000000000000000000e+00 1.000000000000000000e+00 0.000000000000000000e+00
6.810168027877807617e-01 2.413689494132995605e-01 6.165637969970703125e-01 2.554041147232055664e-02 5.264630913734436035e-01 2.528236508369445801e-01 7.789069414138793945e-01 9.101208448410034180e-01 4.628721475601196289e-01 0.000000000000000000e+00 0.000000000000000000e+00 0.000000000000000000e+00
9.731726646423339844e-01 3.837856054306030273e-01 7.145913243293762207e-01 9.649533629417419434e-01 6.594628691673278809e-01 6.537426710128784180e-01 4.690881967544555664e-01 6.908662319183349609e-01 9.097088575363159180e-01 0.000000000000000000e+00 0.000000000000000000e+00 0.000000000000000000e+00
8.654996752738952637e-01 3.358310461044311523e-02 5.066689848899841309e-01 6.469388604164123535e-01 3.765529394149780273e-02 2.673544287681579590e-01 4.894287586212158203e-01 5.116543173789978027e-01 2.092498540878295898e-01 0.000000000000000000e+00 0.000000000000000000e+00 0.000000000000000000e+00
9.012346863746643066e-01 6.156396865844726562e-01 4.886507987976074219e-03 8.868892192840576172e-01 7.783850431442260742e-01 6.208208203315734863e-01 9.631544351577758789e-01 9.601915478706359863e-01 7.517015933990478516e-02 0.000000000000000000e+00 1.000000000000000000e+00 0.000000000000000000e+00
9.708817005157470703e-01 2.552213072776794434e-01 7.103145718574523926e-01 8.600150346755981445e-01 5.516019463539123535e-01 5.470698475837707520e-01 6.499531865119934082e-01 6.005468964576721191e-01 9.235588908195495605e-01 0.000000000000000000e+00 0.000000000000000000e+00 0.000000000000000000e+00
4.670015573501586914e-01 8.440668582916259766e-01 5.647248029708862305e-01 4.657450914382934570e-01 2.315807342529296875e-01 7.868224978446960449e-01 9.819386005401611328e-01 5.565180778503417969e-01 8.405064344406127930e-01 1.000000000000000000e+00 0.000000000000000000e+00 0.000000000000000000e+00
9.989480376243591309e-01 2.994126081466674805e-02 2.415776252746582031e-02 9.771877527236938477e-01 1.847625374794006348e-01 2.171005010604858398e-01 4.380536079406738281e-01 2.658988237380981445e-01 6.621336340904235840e-01 0.000000000000000000e+00 1.000000000000000000e+00 0.000000000000000000e+00
6.354427337646484375e-01 4.097930788993835449e-01 3.996413946151733398e-01 6.396880149841308594e-01 3.178238868713378906e-01 7.588667869567871094e-01 4.103158116340637207e-01 7.088863253593444824e-01 2.201797962188720703e-01 0.000000000000000000e+00 0.000000000000000000e+00 0.000000000000000000e+00
9.270617365837097168e-01 3.779684305191040039e-01 1.568233966827392578e-01 7.817350625991821289e-01 9.780553579330444336e-01 4.792894124984741211e-01 1.423272490501403809e-01 5.191296339035034180e-01 1.617922782897949219e-01 0.000000000000000000e+00 0.000000000000000000e+00 0.000000000000000000e+00
1.394491195678710938e-01 8.809085488319396973e-01 4.367572665214538574e-01 1.564943194389343262e-01 2.440017461776733398e-02 7.475779056549072266e-01 9.053661823272705078e-01 3.225607275962829590e-01 9.895510077476501465e-01 1.000000000000000000e+00 1.000000000000000000e+00 1.000000000000000000e+00
7.149283885955810547e-01 6.479344964027404785e-01 5.326924920082092285e-01 9.029033184051513672e-01 3.504076004028320312e-01 9.363241791725158691e-01 1.628108620643615723e-01 5.140740871429443359e-01 5.022155046463012695e-01 0.000000000000000000e+00 1.000000000000000000e+00 0.000000000000000000e+00
9.742735028266906738e-01 2.449892163276672363e-01 8.955687284469604492e-01 6.223858594894409180e-01 7.037358283996582031e-01 1.872047781944274902e-01 6.847866177558898926e-01 2.670711278915405273e-02 4.614316225051879883e-01 0.000000000000000000e+00 1.000000000000000000e+00 0.000000000000000000e+00
8.858498930931091309e-01 9.845086932182312012e-01 4.940732121467590332e-01 5.655271410942077637e-01 9.640278816223144531e-01 3.110553026199340820e-01 1.835445761680603027e-01 9.216346740722656250e-01 5.538187623023986816e-01 0.000000000000000000e+00 0.000000000000000000e+00 0.000000000000000000e+00
9.883897304534912109e-01 1.721693277359008789e-01 2.500417828559875488e-01 7.393125891685485840e-01 7.561819553375244141e-01 6.864601373672485352e-02 5.106115341186523438e-01 3.341885805130004883e-01 3.458300828933715820e-01 1.000000000000000000e+00 0.000000000000000000e+00 0.000000000000000000e+00
4.537803828716278076e-01 9.379058480262756348e-01 9.868860244750976562e-03 8.160820007324218750e-01 5.132347345352172852e-01 6.864568591117858887e-01 9.794823527336120605e-01 3.494741320610046387e-01 3.084776401519775391e-01 1.000000000000000000e+00 0.000000000000000000e+00 0.000000000000000000e+00
1.714397966861724854e-01 6.270338296890258789e-01 6.723681688308715820e-01 2.533972859382629395e-01 1.530170440673828125e-01 9.314066171646118164e-01 8.533018827438354492e-01 1.754564642906188965e-01 7.728833556175231934e-01 0.000000000000000000e+00 0.000000000000000000e+00 0.000000000000000000e+00
9.858437776565551758e-01 4.168057441711425781e-01 9.969708323478698730e-01 3.695084452629089355e-01 8.045915365219116211e-01 3.393181562423706055e-01 1.479203701019287109e-01 5.332291126251220703e-02 9.286875128746032715e-01 0.000000000000000000e+00 1.000000000000000000e+00 0.000000000000000000e+00
2.838626801967620850e-01 2.135353684425354004e-01 3.262609243392944336e-02 3.780908584594726562e-01 1.749867200851440430e-01 5.523948073387145996e-01 8.543302416801452637e-01 2.463334202766418457e-01 1.510566473007202148e-02 0.000000000000000000e+00 0.000000000000000000e+00 0.000000000000000000e+00
8.778594136238098145e-01 9.121288657188415527e-01 9.152004122734069824e-01 7.369304895401000977e-01 8.761322498321533203e-01 3.640389442443847656e-01 2.041974663734436035e-01 3.085575699806213379e-01 8.714889287948608398e-01 0.000000000000000000e+00 0.000000000000000000e+00 0.000000000000000000e+00
3.272079825401306152e-01 2.938414812088012695e-01 4.382629394531250000e-01 2.271476984024047852e-01 4.098815917968750000e-01 1.532549858093261719e-01 7.376921176910400391e-01 3.594670295715332031e-01 2.277215719223022461e-01 0.000000000000000000e+00 1.000000000000000000e+00 0.000000000000000000e+00
8.786730170249938965e-01 9.128763675689697266e-01 3.765872120857238770e-01 4.439323544502258301e-01 9.963504672050476074e-01 1.798099875450134277e-01 5.878311395645141602e-01 6.021476387977600098e-01 8.711964488029479980e-01 0.000000000000000000e+00 0.000000000000000000e+00 0.000000000000000000e+00
8.199702501296997070e-01 8.429058790206909180e-01 3.113180398941040039e-02 4.749338030815124512e-01 9.691337943077087402e-01 8.617097139358520508e-01 1.475639343261718750e-01 3.122603893280029297e-01 6.009954214096069336e-01 0.000000000000000000e+00 0.000000000000000000e+00 0.000000000000000000e+00
9.787792563438415527e-01 1.226452589035034180e-01 4.914594888687133789e-01 7.547577619552612305e-01 8.834384679794311523e-01 5.568149685859680176e-01 1.964377164840698242e-01 3.146965503692626953e-01 7.805814146995544434e-01 1.000000000000000000e+00 1.000000000000000000e+00 1.000000000000000000e+00
4.337361454963684082e-01 5.909288525581359863e-01 9.352734088897705078e-01 4.745839834213256836e-01 7.516396045684814453e-02 3.835344910621643066e-01 4.762461185455322266e-01 5.731046795845031738e-01 3.858603239059448242e-01 0.000000000000000000e+00 0.000000000000000000e+00 0.000000000000000000e+00
4.456940889358520508e-01 9.909008145332336426e-01 9.367809295654296875e-01 7.077740430831909180e-01 4.022878408432006836e-02 2.739436030387878418e-01 7.394487857818603516e-01 8.237885832786560059e-01 7.863873243331909180e-01 0.000000000000000000e+00 0.000000000000000000e+00 0.000000000000000000e+00
8.112243413925170898e-01 9.789656400680541992e-01 7.538614273071289062e-01 9.990807175636291504e-01 1.192926764488220215e-01 7.375818490982055664e-02 6.349797248840332031e-01 4.060627222061157227e-01 6.594728827476501465e-01 1.000000000000000000e+00 0.000000000000000000e+00 0.000000000000000000e+00
9.825718402862548828e-01 1.755937337875366211e-01 1.424126029014587402e-01 7.825088500976562500e-01 4.303561449050903320e-01 3.808087110519409180e-02 1.384110450744628906e-01 7.129661440849304199e-01 5.343457460403442383e-01 0.000000000000000000e+00 0.000000000000000000e+00 0.000000000000000000e+00
8.461160063743591309e-01 1.151341199874877930e-02 7.806444168090820312e-02 4.697888493537902832e-01 7.833972573280334473e-01 5.112445950508117676e-01 1.823349595069885254e-01 2.593441605567932129e-01 7.491504549980163574e-01 0.000000000000000000e+00 0.000000000000000000e+00 0.000000000000000000e+00
4.326104819774627686e-01 5.391520261764526367e-01 4.345750212669372559e-01 6.269056200981140137e-01 8.396595716476440430e-02 9.420659542083740234e-01 8.451027274131774902e-01 1.062011718750000000e-01 1.521373391151428223e-01 0.000000000000000000e+00 1.000000000000000000e+00 0.000000000000000000e+00
6.705916523933410645e-01 6.161698698997497559e-01 3.436333537101745605e-01 8.564602732658386230e-01 4.122798442840576172e-01 8.799003958702087402e-01 1.239857673645019531e-01 2.934696078300476074e-01 1.779131889343261719e-01 0.000000000000000000e+00 1.000000000000000000e+00 0.000000000000000000e+00
6.399773359298706055e-01 1.902872323989868164e-01 9.562299847602844238e-01 1.314216256141662598e-01 4.325302839279174805e-01 8.984814286231994629e-01 5.668978691101074219e-01 7.126954793930053711e-01 2.386577129364013672e-01 1.000000000000000000e+00 1.000000000000000000e+00 1.000000000000000000e+00
2.307084947824478149e-01 3.745743632316589355e-01 1.030356287956237793e-01 3.748427629470825195e-01 3.224949240684509277e-01 1.869696378707885742e-01 5.903272032737731934e-01 4.544303417205810547e-01 2.762346267700195312e-01 1.000000000000000000e+00 1.000000000000000000e+00 1.000000000000000000e+00
6.511531472206115723e-01 5.664408206939697266e-01 2.791076302528381348e-01 5.233609080314636230e-01 5.183143615722656250e-01 8.967879414558410645e-01 9.208210706710815430e-01 4.516329169273376465e-01 4.383593797683715820e-01 0.000000000000000000e+00 0.000000000000000000e+00 0.000000000000000000e+00
9.009819626808166504e-01 4.352138638496398926e-01 7.406032085418701172e-01 4.550451040267944336e-01 7.545415163040161133e-01 3.658067584037780762e-01 9.552322030067443848e-01 9.014282226562500000e-01 7.774448394775390625e-02 0.000000000000000000e+00 0.000000000000000000e+00 0.000000000000000000e+00
3.626613616943359375e-01 9.180605411529541016e-01 3.063483834266662598e-01 4.708666205406188965e-01 1.443353891372680664e-01 2.705718278884887695e-01 4.012428522109985352e-01 8.409208655357360840e-01 8.448355197906494141e-01 0.000000000000000000e+00 0.000000000000000000e+00 0.000000000000000000e+00
9.190076589584350586e-01 7.931716442108154297e-01 2.956828474998474121e-01 6.227740049362182617e-01 9.774719476699829102e-01 6.402534246444702148e-01 1.504687666893005371e-01 1.435926556587219238e-01 9.636104702949523926e-01 0.000000000000000000e+00 0.000000000000000000e+00 0.000000000000000000e+00
5.467209815979003906e-01 7.195521593093872070e-01 3.364619016647338867e-01 3.187331557273864746e-01 9.544914364814758301e-01 4.303269982337951660e-01 4.495835900306701660e-01 8.174422383308410645e-01 2.801184654235839844e-01 0.000000000000000000e+00 0.000000000000000000e+00 0.000000000000000000e+00
9.509077072143554688e-01 6.034939289093017578e-01 8.037540316581726074e-01 5.667406916618347168e-01 8.017701506614685059e-01 1.223651170730590820e-01 6.019431352615356445e-02 4.653114080429077148e-01 1.704500913619995117e-01 0.000000000000000000e+00 0.000000000000000000e+00 0.000000000000000000e+00
8.225793838500976562e-01 7.126329541206359863e-01 8.324807882308959961e-01 3.894606232643127441e-01 8.760648369789123535e-01 4.542384743690490723e-01 1.552597880363464355e-01 8.122478127479553223e-01 6.572324037551879883e-01 0.000000000000000000e+00 0.000000000000000000e+00 0.000000000000000000e+00
1.578414887189865112e-01 1.268735527992248535e-01 1.428179144859313965e-01 3.688076138496398926e-01 6.679254770278930664e-02 1.649090051651000977e-01 3.565144538879394531e-02 5.445372462272644043e-01 5.280569195747375488e-01 1.000000000000000000e+00 1.000000000000000000e+00 1.000000000000000000e+00
9.791510105133056641e-01 2.607877254486083984e-01 6.292089223861694336e-01 9.554618000984191895e-01 5.041969418525695801e-01 5.614547133445739746e-01 7.489138841629028320e-01 9.633630514144897461e-01 1.411530375480651855e-01 0.000000000000000000e+00 0.000000000000000000e+00 0.000000000000000000e+00
9.524701237678527832e-01 5.455219745635986328e-02 2.314707040786743164e-01 8.838984966278076172e-01 5.185055136680603027e-01 7.360457777976989746e-01 6.220267415046691895e-01 5.275547504425048828e-01 6.383957266807556152e-01 0.000000000000000000e+00 0.000000000000000000e+00 0.000000000000000000e+00
5.082266330718994141e-01 3.559488058090209961e-01 3.090006113052368164e-01 5.046014189720153809e-01 6.153550744056701660e-01 7.561352849006652832e-01 7.524707913398742676e-01 7.525938749313354492e-01 5.099945664405822754e-01 0.000000000000000000e+00 0.000000000000000000e+00 0.000000000000000000e+00
6.067048907279968262e-01 1.396981477737426758e-01 8.853834867477416992e-02 6.216745376586914062e-01 9.464901685714721680e-02 5.998842120170593262e-01 3.379553556442260742e-01 3.571157455444335938e-01 4.922389388084411621e-01 0.000000000000000000e+00 1.000000000000000000e+00 0.000000000000000000e+00
5.676176548004150391e-01 3.705859184265136719e-03 4.754675626754760742e-01 1.615505218505859375e-01 6.050125360488891602e-01 3.105722069740295410e-01 5.586258769035339355e-01 8.268109560012817383e-01 4.880048036575317383e-01 0.000000000000000000e+00 0.000000000000000000e+00 0.000000000000000000e+00
2.575868666172027588e-01 8.697367906570434570e-01 9.304044246673583984e-01 6.822224855422973633e-01 1.063911914825439453e-01 9.423186779022216797e-01 4.501144289970397949e-01 8.839820027351379395e-01 9.557477235794067383e-01 0.000000000000000000e+00 0.000000000000000000e+00 0.000000000000000000e+00
8.370460867881774902e-01 5.503643751144409180e-01 8.709295988082885742e-01 1.936745643615722656e-01 6.921430230140686035e-01 6.171728968620300293e-01 3.662705421447753906e-03 1.744412183761596680e-01 3.063112497329711914e-01 1.000000000000000000e+00 0.000000000000000000e+00 0.000000000000000000e+00
9.719850420951843262e-01 4.671858549118041992e-01 6.651812791824340820e-01 8.599423170089721680e-01 3.423349261283874512e-01 2.412468194961547852e-02 8.697887659072875977e-01 2.518654465675354004e-01 3.189718723297119141e-02 0.000000000000000000e+00 1.000000000000000000e+00 0.000000000000000000e+00
8.793774247169494629e-01 5.439040660858154297e-01 9.551381468772888184e-01 3.448483943939208984e-01 6.982375979423522949e-01 8.949983119964599609e-02 4.093897938728332520e-01 3.192682266235351562e-01 3.914917111396789551e-01 0.000000000000000000e+00 0.000000000000000000e+00 0.000000000000000000e+00
7.339363098144531250e-01 3.468861579895019531e-01 8.517145514488220215e-01 3.124499917030334473e-01 5.095081925392150879e-01 6.972584128379821777e-01 5.224557518959045410e-01 7.652060985565185547e-01 3.942906856536865234e-02 1.000000000000000000e+00 0.000000000000000000e+00 0.000000000000000000e+00
6.533831357955932617e-01 5.260339975357055664e-01 2.286109328269958496e-01 6.900902986526489258e-01 4.686328768730163574e-01 8.467264771461486816e-01 4.217290878295898438e-02 8.969348669052124023e-02 6.865435838699340820e-02 0.000000000000000000e+00 0.000000000000000000e+00 0.000000000000000000e+00
9.555456042289733887e-01 6.063848733901977539e-01 9.790782928466796875e-01 2.663050293922424316e-01 4.670957922935485840e-01 3.472161293029785156e-02 4.888569116592407227e-01 5.559278726577758789e-01 3.003154993057250977e-01 0.000000000000000000e+00 0.000000000000000000e+00 0.000000000000000000e+00
8.837766051292419434e-01 2.618412971496582031e-01 4.794617891311645508e-01 7.403926253318786621e-01 4.521948695182800293e-01 5.095570683479309082e-01 9.835251569747924805e-01 8.863320946693420410e-01 5.760176181793212891e-01 0.000000000000000000e+00 0.000000000000000000e+00 0.000000000000000000e+00
9.694469571113586426e-01 3.265056014060974121e-01 8.703174591064453125e-01 6.929028034210205078e-01 8.117437362670898438e-01 6.788130998611450195e-01 1.615133881568908691e-01 6.471366882324218750e-01 6.715108156204223633e-01 0.000000000000000000e+00 0.000000000000000000e+00 0.000000000000000000e+00
6.080195307731628418e-01 8.289174437522888184e-01 8.175207376480102539e-01 5.493143796920776367e-01 4.774036407470703125e-01 1.863560080528259277e-01 3.703595995903015137e-01 2.430759668350219727e-01 8.336002826690673828e-01 1.000000000000000000e+00 0.000000000000000000e+00 0.000000000000000000e+00
3.052630126476287842e-01 6.528888940811157227e-01 4.118579030036926270e-01 4.112872481346130371e-01 4.664136171340942383e-01 9.470304846763610840e-01 6.114981770515441895e-01 2.487595677375793457e-01 8.870081901550292969e-01 0.000000000000000000e+00 0.000000000000000000e+00 0.000000000000000000e+00
4.696453511714935303e-01 3.163093328475952148e-02 3.218900561332702637e-01 2.028331160545349121e-01 4.388744831085205078e-01 4.378852248191833496e-01 9.748501777648925781e-01 9.985780119895935059e-01 5.413810014724731445e-01 1.000000000000000000e+00 0.000000000000000000e+00 0.000000000000000000e+00
5.916668176651000977e-01 6.072312593460083008e-01 9.005230665206909180e-01 5.164697170257568359e-01 1.035808324813842773e-01 3.217692971229553223e-01 4.891694784164428711e-01 5.227426886558532715e-01 2.678267359733581543e-01 0.000000000000000000e+00 1.000000000000000000e+00 0.000000000000000000e+00
9.122740626335144043e-01 1.663405895233154297e-01 3.284592032432556152e-01 7.929504513740539551e-01 2.697813510894775391e-01 5.082105398178100586e-01 4.391310811042785645e-01 9.537243247032165527e-01 4.361817240715026855e-01 0.000000000000000000e+00 0.000000000000000000e+00 0.000000000000000000e+00
3.393035829067230225e-01 8.924835324287414551e-01 6.979017853736877441e-01 4.433506727218627930e-02 7.095375657081604004e-01 4.240055680274963379e-01 6.558191180229187012e-01 7.725153565406799316e-01 4.486984014511108398e-01 1.000000000000000000e+00 1.000000000000000000e+00 1.000000000000000000e+00
7.683501243591308594e-01 7.821265459060668945e-01 2.960314154624938965e-01 7.890875339508056641e-01 7.179988026618957520e-01 9.079278707504272461e-01 7.319478988647460938e-01 1.636936664581298828e-01 8.032283186912536621e-01 1.000000000000000000e+00 0.000000000000000000e+00 0.000000000000000000e+00
5.713721513748168945e-01 7.658820748329162598e-01 4.486513733863830566e-01 5.369997024536132812e-01 5.041915774345397949e-01 8.105017542839050293e-01 1.673744916915893555e-01 5.467044115066528320e-01 7.384859919548034668e-01 1.000000000000000000e+00 0.000000000000000000e+00 0.000000000000000000e+00
3.754437267780303955e-01 4.582709074020385742e-02 3.858774900436401367e-01 2.455700635910034180e-01 3.261164426803588867e-01 1.126974821090698242e-01 6.726635694503784180e-01 7.827679514884948730e-01 2.469285130500793457e-01 0.000000000000000000e+00 0.000000000000000000e+00 0.000000000000000000e+00
9.504296183586120605e-01 1.552767753601074219e-01 3.011117577552795410e-01 6.459780931472778320e-01 6.251218914985656738e-01 1.502336263656616211e-01 5.306963920593261719e-01 7.771872878074645996e-01 4.222658872604370117e-01 1.000000000000000000e+00 0.000000000000000000e+00 0.000000000000000000e+00
2.350484877824783325e-01 2.969744205474853516e-01 4.595264792442321777e-01 1.770304441452026367e-01 3.123692274093627930e-01 9.097501635551452637e-01 6.872812509536743164e-01 3.127164840698242188e-01 2.926598191261291504e-01 1.000000000000000000e+00 0.000000000000000000e+00 0.000000000000000000e+00
1.854249686002731323e-01 7.142436504364013672e-01 4.859646558761596680e-01 1.371256709098815918e-01 1.882370710372924805e-01 4.315274953842163086e-01 3.737874627113342285e-01 6.020855307579040527e-01 2.087519764900207520e-01 0.000000000000000000e+00 1.000000000000000000e+00 0.000000000000000000e+00
9.848264455795288086e-01 3.134370446205139160e-01 8.489935398101806641e-01 8.702553510665893555e-01 5.636115074157714844e-01 2.667567133903503418e-01 7.160817980766296387e-01 5.678483843803405762e-01 2.835730314254760742e-01 1.000000000000000000e+00 1.000000000000000000e+00 1.000000000000000000e+00
9.823373556137084961e-01 3.352214694023132324e-01 5.778804421424865723e-01 9.572426676750183105e-01 7.140067815780639648e-01 4.148182868957519531e-01 3.040194511413574219e-02 9.571350216865539551e-01 8.551577925682067871e-01 0.000000000000000000e+00 0.000000000000000000e+00 0.000000000000000000e+00
7.013059258460998535e-01 8.493859767913818359e-01 2.121486663818359375e-01 8.419393301010131836e-01 1.384325027465820312e-01 5.398637056350708008e-02 5.994980335235595703e-01 3.373758196830749512e-01 3.901146054267883301e-01 0.000000000000000000e+00 0.000000000000000000e+00 0.000000000000000000e+00
1.069535166025161743e-01 4.482340812683105469e-01 5.077242851257324219e-02 1.562938690185546875e-01 2.677302360534667969e-01 5.005558133125305176e-01 1.194431781768798828e-01 3.908553123474121094e-01 7.786993980407714844e-01 0.000000000000000000e+00 1.000000000000000000e+00 0.000000000000000000e+00
9.887735247611999512e-01 9.114563465118408203e-02 9.849830865859985352e-01 1.941570043563842773e-01 9.607130885124206543e-01 4.903614521026611328e-01 6.026253700256347656e-01 9.224313497543334961e-02 6.849632263183593750e-01 0.000000000000000000e+00 0.000000000000000000e+00 0.000000000000000000e+00
1.806237399578094482e-01 9.896789193153381348e-01 9.108166694641113281e-01 4.129523038864135742e-02 1.481976509094238281e-01 8.114033341407775879e-01 2.947735786437988281e-01 2.529695034027099609e-01 2.957007884979248047e-01 0.000000000000000000e+00 0.000000000000000000e+00 0.000000000000000000e+00
8.906385302543640137e-01 3.640529513359069824e-01 7.364210486412048340e-01 8.669430017471313477e-01 2.328701615333557129e-01 6.544054746627807617e-01 6.538179516792297363e-01 7.478173375129699707e-01 6.643958687782287598e-01 0.000000000000000000e+00 0.000000000000000000e+00 0.000000000000000000e+00
7.255492210388183594e-01 5.779218077659606934e-01 4.054878354072570801e-01 5.896605253219604492e-01 7.898404598236083984e-01 9.410022497177124023e-01 3.950554132461547852e-01 6.803287863731384277e-01 9.136608839035034180e-01 0.000000000000000000e+00 0.000000000000000000e+00 0.000000000000000000e+00
9.706748723983764648e-01 3.934829235076904297e-01 9.058635830879211426e-01 6.348355412483215332e-01 1.394723057746887207e-01 6.873130798339843750e-03 5.552787184715270996e-01 1.559442281723022461e-01 6.712083816528320312e-01 0.000000000000000000e+00 1.000000000000000000e+00 0.000000000000000000e+00
4.981389343738555908e-01 3.977274298667907715e-01 7.312844991683959961e-01 1.432021260261535645e-01 7.070571780204772949e-01 7.302271723747253418e-01 6.284455060958862305e-01 2.013841271400451660e-01 4.588814377784729004e-01 0.000000000000000000e+00 1.000000000000000000e+00 0.000000000000000000e+00
9.498930573463439941e-01 6.116163134574890137e-01 3.238291740417480469e-01 8.319780230522155762e-01 9.896734356880187988e-01 7.718614935874938965e-01 4.031233787536621094e-01 1.598912477493286133e-01 5.623728036880493164e-02 0.000000000000000000e+00 0.000000000000000000e+00 0.000000000000000000e+00
9.936519861221313477e-01 4.204071164131164551e-01 2.343279123306274414e-02 8.867089152336120605e-01 9.427356719970703125e-01 1.312239170074462891e-01 3.514547944068908691e-01 1.749928593635559082e-01 3.752702474594116211e-02 0.000000000000000000e+00 1.000000000000000000e+00 0.000000000000000000e+00
7.789263725280761719e-01 3.491003513336181641e-01 4.415563344955444336e-01 5.824338197708129883e-01 7.852138280868530273e-01 9.019409418106079102e-01 4.390726089477539062e-01 1.340559124946594238e-01 8.276932835578918457e-01 0.000000000000000000e+00 0.000000000000000000e+00 0.000000000000000000e+00
7.898365855216979980e-01 1.129510402679443359e-01 7.345415353775024414e-01 4.702925086021423340e-01 6.203234195709228516e-02 7.838248610496520996e-01 9.167065024375915527e-01 2.666983604431152344e-01 4.433017969131469727e-01 0.000000000000000000e+00 0.000000000000000000e+00 0.000000000000000000e+00
8.273032903671264648e-01 6.320219635963439941e-01 7.842715978622436523e-01 3.385943770408630371e-01 8.936481475830078125e-01 3.326411843299865723e-01 4.349641203880310059e-01 2.654786705970764160e-01 5.243154764175415039e-01 0.000000000000000000e+00 0.000000000000000000e+00 0.000000000000000000e+00
6.470744013786315918e-01 5.115647912025451660e-01 7.834079265594482422e-01 1.431615948677062988e-01 6.917630434036254883e-01 5.014307498931884766e-01 7.054231762886047363e-01 7.691982388496398926e-01 2.381132841110229492e-01 0.000000000000000000e+00 0.000000000000000000e+00 0.000000000000000000e+00
1.275298595428466797e-01 3.110150694847106934e-01 8.254975080490112305e-02 2.494504451751708984e-01 1.801605224609375000e-01 1.623268723487854004e-01 4.295564889907836914e-01 3.523131608963012695e-01 1.731820106506347656e-01 0.000000000000000000e+00 1.000000000000000000e+00 0.000000000000000000e+00
7.393258810043334961e-01 3.901887536048889160e-01 8.949444890022277832e-01 5.737642645835876465e-01 2.279324531555175781e-01 4.204851984977722168e-01 7.624516487121582031e-01 2.370098829269409180e-01 9.299981594085693359e-01 0.000000000000000000e+00 0.000000000000000000e+00 0.000000000000000000e+00
4.162324070930480957e-01 5.793653726577758789e-01 4.977277517318725586e-01 5.325625538825988770e-01 3.764513731002807617e-01 4.053398966789245605e-01 7.804742455482482910e-01 8.929175138473510742e-01 1.827363371849060059e-01 1.000000000000000000e+00 0.000000000000000000e+00 0.000000000000000000e+00
9.628797173500061035e-01 5.174752473831176758e-01 2.318096160888671875e-02 9.150395393371582031e-01 9.720327854156494141e-01 9.511576890945434570e-01 5.262135267257690430e-01 1.190744638442993164e-01 5.969605445861816406e-01 1.000000000000000000e+00 0.000000000000000000e+00 0.000000000000000000e+00
9.544776082038879395e-01 7.950093746185302734e-01 3.608255982398986816e-01 9.678745865821838379e-01 6.878912448883056641e-01 2.429608106613159180e-01 7.254307270050048828e-01 1.492065191268920898e-01 6.752880811691284180e-01 1.000000000000000000e+00 0.000000000000000000e+00 0.000000000000000000e+00
9.972373247146606445e-01 3.314059972763061523e-02 1.667821407318115234e-01 9.765930771827697754e-01 7.695572972297668457e-01 7.538534402847290039e-01 6.670454740524291992e-01 8.888155817985534668e-01 2.073548436164855957e-01 1.000000000000000000e+00 0.000000000000000000e+00 0.000000000000000000e+00
3.882506489753723145e-01 5.335897207260131836e-02 3.153808116912841797e-01 2.531487345695495605e-01 5.020132660865783691e-01 9.215589165687561035e-01 8.508316278457641602e-01 9.427723288536071777e-01 3.147850036621093750e-01 0.000000000000000000e+00 0.000000000000000000e+00 0.000000000000000000e+00
1.153105348348617554e-01 9.958605766296386719e-01 5.489265322685241699e-01 2.275049686431884766e-02 1.745091676712036133e-01 4.916661977767944336e-02 1.017751693725585938e-01 7.167034149169921875e-01 1.110464334487915039e-01 1.000000000000000000e+00 0.000000000000000000e+00 0.000000000000000000e+00
4.378144145011901855e-01 6.769663691520690918e-01 8.269726634025573730e-01 9.687119722366333008e-02 4.534498453140258789e-01 2.045284509658813477e-01 8.074247837066650391e-02 4.947457909584045410e-01 6.818884611129760742e-01 1.000000000000000000e+00 0.000000000000000000e+00 0.000000000000000000e+00
6.719968318939208984e-01 9.453971982002258301e-01 6.189688444137573242e-01 6.369434595108032227e-01 2.680952548980712891e-01 8.347878456115722656e-01 3.107677102088928223e-01 4.135875701904296875e-01 2.466364502906799316e-01 0.000000000000000000e+00 0.000000000000000000e+00 0.000000000000000000e+00
6.303545236587524414e-01 3.983311653137207031e-01 2.228384613990783691e-01 2.136778831481933594e-01 9.638652205467224121e-01 8.039510250091552734e-02 9.166014790534973145e-01 3.365223407745361328e-01 9.606764912605285645e-01 1.000000000000000000e+00 0.000000000000000000e+00 0.000000000000000000e+00
9.200975894927978516e-01 9.069839119911193848e-01 9.032553434371948242e-02 8.477129936218261719e-01 8.104867339134216309e-01 1.948581337928771973e-01 4.804247021675109863e-01 6.816778182983398438e-01 6.458494067192077637e-01 0.000000000000000000e+00 0.000000000000000000e+00 0.000000000000000000e+00
6.298623085021972656e-01 1.058300137519836426e-01 5.571570396423339844e-01 2.919960021972656250e-02 4.143398404121398926e-01 1.267429590225219727e-01 8.547739386558532715e-01 4.673367738723754883e-02 5.881026387214660645e-01 1.000000000000000000e+00 1.000000000000000000e+00 1.000000000000000000e+00
4.239590764045715332e-01 7.526263594627380371e-01 5.163058042526245117e-01 4.993594288825988770e-01 1.380317211151123047e-01 7.971298694610595703e-02 3.541511297225952148e-02 2.811923623085021973e-01 2.979785203933715820e-01 0.000000000000000000e+00 0.000000000000000000e+00 0.000000000000000000e+00
8.216608166694641113e-01 2.518704533576965332e-01 3.718308210372924805e-01 6.308832764625549316e-01 3.724930286407470703e-01 8.970118165016174316e-01 9.107274413108825684e-01 1.447403430938720703e-01 9.505047798156738281e-01 0.000000000000000000e+00 0.000000000000000000e+00 0.000000000000000000e+00
5.433486700057983398e-01 6.812190413475036621e-01 7.035614848136901855e-01 9.081643819808959961e-02 3.895916342735290527e-01 7.652133703231811523e-02 5.599178671836853027e-01 4.968526363372802734e-01 9.652191996574401855e-01 1.000000000000000000e+00 0.000000000000000000e+00 0.000000000000000000e+00
1.198494508862495422e-01 4.351701140403747559e-01 3.933610320091247559e-01 5.677062273025512695e-02 7.928007841110229492e-02 2.316539883613586426e-01 6.648896932601928711e-01 9.449101090431213379e-01 6.767635941505432129e-01 1.000000000000000000e+00 1.000000000000000000e+00 1.000000000000000000e+00
7.619380950927734375e-01 7.282694578170776367e-01 9.848787188529968262e-01 1.706922054290771484e-01 4.772391915321350098e-01 1.140146851539611816e-01 4.247621297836303711e-01 8.884997367858886719e-01 9.053272604942321777e-01 0.000000000000000000e+00 0.000000000000000000e+00 0.000000000000000000e+00
9.132885932922363281e-01 2.224903106689453125e-01 8.497513532638549805e-01 5.279402136802673340e-01 6.327732205390930176e-01 8.979267477989196777e-01 5.606636404991149902e-01 2.324393987655639648e-01 3.527253866195678711e-02 0.000000000000000000e+00 1.000000000000000000e+00 0.000000000000000000e+00
9.012697935104370117e-01 6.055954694747924805e-01 6.250725388526916504e-01 7.652954459190368652e-01 5.134076476097106934e-01 4.646922349929809570e-01 4.172748327255249023e-01 4.851134419441223145e-01 5.873398780822753906e-01 1.000000000000000000e+00 1.000000000000000000e+00 1.000000000000000000e+00
8.730657696723937988e-01 2.134186029434204102e-01 9.575911760330200195e-01 1.183615326881408691e-01 7.255704402923583984e-01 6.901730895042419434e-01 3.183788061141967773e-01 8.680223226547241211e-01 1.788215637207031250e-01 0.000000000000000000e+00 1.000000000000000000e+00 0.000000000000000000e+00
2.533901333808898926e-01 3.676472902297973633e-01 1.323574781417846680e-01 1.129519343376159668e-01 4.087061285972595215e-01 8.112148642539978027e-01 5.097556114196777344e-02 2.578103542327880859e-01 5.776184797286987305e-02 0.000000000000000000e+00 0.000000000000000000e+00 0.000000000000000000e+00
5.903351306915283203e-01 4.663257598876953125e-01 5.070718526840209961e-01 3.768289089202880859e-01 8.847417235374450684e-01 3.558368682861328125e-01 9.984496831893920898e-01 9.680007100105285645e-01 8.945137858390808105e-01 1.000000000000000000e+00 0.000000000000000000e+00 0.000000000000000000e+00
2.782815992832183838e-01 8.031883835792541504e-01 2.389181256294250488e-01 2.749213576316833496e-01 7.392674684524536133e-02 4.965535998344421387e-01 2.618167400360107422e-01 7.563251852989196777e-01 9.979321956634521484e-01 0.000000000000000000e+00 0.000000000000000000e+00 0.000000000000000000e+00
9.569058418273925781e-01 4.485191702842712402e-01 6.935715675354003906e-01 9.664039015769958496e-01 9.340599775314331055e-01 5.423589348793029785e-01 6.919979453086853027e-01 9.742954969406127930e-01 7.237139940261840820e-01 0.000000000000000000e+00 0.000000000000000000e+00 0.000000000000000000e+00
4.687794148921966553e-01 5.832380652427673340e-01 6.779563426971435547e-01 2.331600189208984375e-01 2.965457439422607422e-01 5.363976359367370605e-01 7.171522378921508789e-01 6.333620548248291016e-01 6.717976331710815430e-01 0.000000000000000000e+00 0.000000000000000000e+00 0.000000000000000000e+00
8.562378883361816406e-01 7.850399017333984375e-01 9.501033425331115723e-01 7.201459407806396484e-01 3.948882222175598145e-01 1.034179329872131348e-01 3.346520662307739258e-01 5.629567503929138184e-01 1.449223756790161133e-01 0.000000000000000000e+00 0.000000000000000000e+00 0.000000000000000000e+00
6.706059575080871582e-01 8.683316707611083984e-01 7.891280651092529297e-01 7.688025236129760742e-01 1.227790713310241699e-01 3.089175820350646973e-01 6.730574369430541992e-01 8.161691427230834961e-01 3.739024400711059570e-01 0.000000000000000000e+00 0.000000000000000000e+00 0.000000000000000000e+00
4.034792780876159668e-01 7.390390634536743164e-01 9.470228552818298340e-01 2.907716035842895508e-01 3.979849815368652344e-01 7.231090068817138672e-01 2.671580910682678223e-01 4.548441767692565918e-01 3.958446979522705078e-01 1.000000000000000000e+00 0.000000000000000000e+00 0.000000000000000000e+00
9.709299802780151367e-01 2.712017893791198730e-01 7.725418210029602051e-01 8.723291754722595215e-01 8.616313338279724121e-01 8.330537080764770508e-01 3.501918315887451172e-01 9.278720617294311523e-02 9.438498616218566895e-01 0.000000000000000000e+00 0.000000000000000000e+00 0.000000000000000000e+00
8.237448930740356445e-01 3.674402236938476562e-01 5.249131917953491211e-01 4.965192079544067383e-02 8.597356677055358887e-01 9.331464767456054688e-03 7.067359685897827148e-01 4.871684312820434570e-02 1.705361008644104004e-01 1.000000000000000000e+00 1.000000000000000000e+00 1.000000000000000000e+00
7.007077932357788086e-01 6.070172786712646484e-01 4.681110382080078125e-02 7.176889181137084961e-01 4.645271301269531250e-01 3.828032016754150391e-01 2.968797683715820312e-01 1.360074281692504883e-01 9.510996937751770020e-01 1.000000000000000000e+00 0.000000000000000000e+00 0.000000000000000000e+00
9.877563714981079102e-01 4.566757082939147949e-01 2.636426687240600586e-02 9.028205871582031250e-01 7.515571713447570801e-01 3.614431619644165039e-02 2.605971693992614746e-01 1.175004243850708008e-01 4.658257365226745605e-01 0.000000000000000000e+00 1.000000000000000000e+00 0.000000000000000000e+00
6.287610530853271484e-01 3.162848949432373047e-01 4.805154204368591309e-01 5.229431986808776855e-01 3.523955941200256348e-01 7.293511033058166504e-01 8.768786191940307617e-01 4.856171607971191406e-01 2.411168813705444336e-02 1.000000000000000000e+00 0.000000000000000000e+00 0.000000000000000000e+00
3.005401492118835449e-01 6.628793478012084961e-02 2.202228903770446777e-01 1.347348093986511230e-01 6.854097843170166016e-01 2.224488258361816406e-01 6.842290163040161133e-01 2.962458133697509766e-02 5.251574516296386719e-02 1.000000000000000000e+00 0.000000000000000000e+00 0.000000000000000000e+00
1.718790978193283081e-01 2.295370101928710938e-01 5.434464216232299805e-01 1.064238548278808594e-01 1.213501691818237305e-01 9.495761394500732422e-01 9.228234291076660156e-01 7.380843162536621094e-02 8.111538887023925781e-01 0.000000000000000000e+00 1.000000000000000000e+00 0.000000000000000000e+00
2.029417753219604492e-01 4.804468154907226562e-01 3.370513319969177246e-01 1.422225832939147949e-01 5.411123037338256836e-01 2.605552673339843750e-01 1.834118366241455078e-01 6.513902544975280762e-01 5.212265253067016602e-02 0.000000000000000000e+00 0.000000000000000000e+00 0.000000000000000000e+00
8.029284477233886719e-01 8.799073696136474609e-01 8.040529489517211914e-02 4.089493155479431152e-01 8.584098815917968750e-01 6.522533297538757324e-01 7.450180053710937500e-01 4.263631105422973633e-01 7.575235366821289062e-01 0.000000000000000000e+00 0.000000000000000000e+00 0.000000000000000000e+00
9.635626673698425293e-01 7.528287172317504883e-02 3.719602227210998535e-01 8.339617848396301270e-01 4.662317037582397461e-02 2.375704646110534668e-01 4.969422221183776855e-01 7.221701741218566895e-01 9.117974042892456055e-01 0.000000000000000000e+00 0.000000000000000000e+00 0.000000000000000000e+00
7.576175332069396973e-01 7.761182785034179688e-01 3.148874044418334961e-01 9.027024507522583008e-01 4.966248869895935059e-01 9.795859456062316895e-01 5.732368826866149902e-01 3.201317787170410156e-02 7.849522233009338379e-01 1.000000000000000000e+00 0.000000000000000000e+00 0.000000000000000000e+00
8.254495263099670410e-01 7.411088943481445312e-01 6.466460227966308594e-02 5.337222814559936523e-01 6.588255167007446289e-01 2.814429998397827148e-02 3.926792144775390625e-01 1.167868971824645996e-01 7.386409044265747070e-01 1.000000000000000000e+00 0.000000000000000000e+00 0.000000000000000000e+00
9.630193114280700684e-01 4.979453086853027344e-01 2.658102512359619141e-01 7.242445945739746094e-01 9.535041451454162598e-01 1.011044979095458984e-01 2.518520355224609375e-01 6.040316820144653320e-02 1.812678575515747070e-02 0.000000000000000000e+00 0.000000000000000000e+00 0.000000000000000000e+00
9.265188574790954590e-01 7.787740826606750488e-01 6.456791162490844727e-01 6.878746747970581055e-01 9.264368414878845215e-01 1.942570805549621582e-01 4.819219112396240234e-01 8.415762782096862793e-01 9.787441492080688477e-01 0.000000000000000000e+00 0.000000000000000000e+00 0.000000000000000000e+00
5.189074277877807617e-01 8.236320018768310547e-01 4.288280606269836426e-01 1.233160495758056641e-01 7.936733365058898926e-01 6.337864995002746582e-01 9.507031440734863281e-01 8.648108839988708496e-01 7.981628775596618652e-01 1.000000000000000000e+00 0.000000000000000000e+00 0.000000000000000000e+00
6.970750093460083008e-01 7.359653711318969727e-02 4.795656204223632812e-01 1.690265536308288574e-01 6.927919983863830566e-01 3.058004379272460938e-01 5.132032632827758789e-01 7.272682189941406250e-01 8.593412637710571289e-01 1.000000000000000000e+00 0.000000000000000000e+00 0.000000000000000000e+00
5.690337419509887695e-01 9.093588590621948242e-01 4.530959129333496094e-01 4.415988326072692871e-01 8.052789568901062012e-01 7.656725645065307617e-01 6.769933104515075684e-01 4.692863821983337402e-01 4.969579577445983887e-01 1.000000000000000000e+00 0.000000000000000000e+00 0.000000000000000000e+00
9.877238273620605469e-01 5.163389444351196289e-02 7.795224785804748535e-01 7.289844751358032227e-01 8.165696263313293457e-01 8.822643756866455078e-01 2.800222635269165039e-01 2.715382575988769531e-01 9.997608065605163574e-01 0.000000000000000000e+00 1.000000000000000000e+00 0.000000000000000000e+00
6.404450535774230957e-01 9.128753542900085449e-01 6.178008913993835449e-01 1.863297224044799805e-01 7.872231006622314453e-01 6.023285388946533203e-01 4.601970314979553223e-01 8.443980813026428223e-01 3.194551467895507812e-01 1.000000000000000000e+00 0.000000000000000000e+00 0.000000000000000000e+00
4.717920422554016113e-01 6.097398996353149414e-01 8.183484673500061035e-01 6.857320070266723633e-01 6.704318523406982422e-02 7.776417136192321777e-01 8.527165651321411133e-02 7.528655529022216797e-01 6.442900896072387695e-01 0.000000000000000000e+00 0.000000000000000000e+00 0.000000000000000000e+00
5.754660964012145996e-01 2.818640470504760742e-01 3.452046513557434082e-01 6.153180599212646484e-01 4.939469099044799805e-01 5.371475815773010254e-01 5.302124023437500000e-01 9.721307158470153809e-01 5.519813299179077148e-01 0.000000000000000000e+00 0.000000000000000000e+00 0.000000000000000000e+00
3.291006088256835938e-01 6.788947582244873047e-01 2.085683941841125488e-01 7.104632258415222168e-01 1.439473628997802734e-01 9.138837456703186035e-01 1.946518421173095703e-01 5.681008696556091309e-01 1.372501850128173828e-01 1.000000000000000000e+00 0.000000000000000000e+00 0.000000000000000000e+00
8.729180693626403809e-01 8.788878917694091797e-01 2.639906406402587891e-01 6.452770233154296875e-01 5.472626686096191406e-01 5.483287572860717773e-01 9.305089712142944336e-01 2.525944113731384277e-01 7.779728174209594727e-01 0.000000000000000000e+00 0.000000000000000000e+00 0.000000000000000000e+00
8.606003522872924805e-01 5.008750557899475098e-01 4.253790378570556641e-01 6.762566566467285156e-01 7.075265645980834961e-01 1.822183728218078613e-01 5.084502696990966797e-01 2.505407333374023438e-01 3.752562403678894043e-01 0.000000000000000000e+00 0.000000000000000000e+00 0.000000000000000000e+00
9.966542720794677734e-01 7.179975509643554688e-04 2.484682202339172363e-01 8.586075901985168457e-01 1.406080126762390137e-01 2.841587662696838379e-01 2.321863770484924316e-01 1.131298542022705078e-01 3.736131787300109863e-01 0.000000000000000000e+00 1.000000000000000000e+00 0.000000000000000000e+00
6.153973340988159180e-01 6.286337971687316895e-01 9.862363338470458984e-01 2.399558424949645996e-01 8.067495226860046387e-01 7.415056824684143066e-01 4.661434292793273926e-01 9.862097501754760742e-01 4.382912516593933105e-01 1.000000000000000000e+00 0.000000000000000000e+00 0.000000000000000000e+00
2.950904965400695801e-01 6.160429716110229492e-01 9.622499346733093262e-01 2.577952146530151367e-01 2.365990877151489258e-01 6.151502728462219238e-01 9.875178933143615723e-01 1.639357805252075195e-01 8.449276089668273926e-01 1.000000000000000000e+00 0.000000000000000000e+00 0.000000000000000000e+00
5.993151664733886719e-01 3.517520427703857422e-02 3.452664613723754883e-01 3.301371335983276367e-01 3.105766177177429199e-01 2.634952664375305176e-01 8.818583488464355469e-01 3.094983100891113281e-02 9.268793463706970215e-01 0.000000000000000000e+00 1.000000000000000000e+00 0.000000000000000000e+00
4.858607947826385498e-01 7.163116931915283203e-01 5.362665653228759766e-01 5.489634871482849121e-01 3.383322358131408691e-01 3.502750992774963379e-01 1.750268340110778809e-01 7.737789154052734375e-01 3.924984335899353027e-01 1.000000000000000000e+00 0.000000000000000000e+00 0.000000000000000000e+00
2.619847655296325684e-01 7.945774793624877930e-01 1.523550748825073242e-01 4.744946956634521484e-01 2.128865122795104980e-01 6.215916872024536133e-01 7.239891290664672852e-01 4.591135978698730469e-01 2.187038064002990723e-01 0.000000000000000000e+00 0.000000000000000000e+00 0.000000000000000000e+00
4.038874506950378418e-01 6.874454617500305176e-01 3.481705188751220703e-01 7.375718951225280762e-01 7.016062736511230469e-04 4.572858214378356934e-01 2.588506340980529785e-01 3.266627192497253418e-01 2.363932132720947266e-02 1.000000000000000000e+00 0.000000000000000000e+00 0.000000000000000000e+00
9.138193726539611816e-01 4.248862266540527344e-01 8.144074678421020508e-01 7.291562557220458984e-01 3.117689490318298340e-01 3.757020235061645508e-01 9.787129163742065430e-01 5.354304909706115723e-01 4.728288054466247559e-01 0.000000000000000000e+00 0.000000000000000000e+00 0.000000000000000000e+00
5.513600111007690430e-01 7.155706882476806641e-01 8.783510327339172363e-01 8.515387773513793945e-02 4.456897377967834473e-01 5.928534269332885742e-02 9.494128227233886719e-01 2.352362871170043945e-02 6.016196608543395996e-01 1.000000000000000000e+00 0.000000000000000000e+00 0.000000000000000000e+00
8.825421333312988281e-01 5.344086885452270508e-01 7.049061059951782227e-01 9.994460940361022949e-01 2.208966016769409180e-01 4.932959079742431641e-01 3.223164677619934082e-01 5.816798210144042969e-01 9.442722797393798828e-01 1.000000000000000000e+00 0.000000000000000000e+00 0.000000000000000000e+00
1.001619026064872742e-01 3.346187472343444824e-01 1.276070475578308105e-01 4.040062427520751953e-02 5.369400978088378906e-01 4.760214686393737793e-01 9.353707432746887207e-01 7.011815905570983887e-01 3.736273646354675293e-01 0.000000000000000000e+00 0.000000000000000000e+00 0.000000000000000000e+00
9.945025444030761719e-01 3.148107528686523438e-01 3.046138286590576172e-01 9.965934753417968750e-01 2.427488565444946289e-02 7.054805755615234375e-04 8.581746220588684082e-01 8.465102910995483398e-01 4.702326655387878418e-01 0.000000000000000000e+00 0.000000000000000000e+00 0.000000000000000000e+00
4.698555767536163330e-01 6.782144308090209961e-02 3.483991622924804688e-01 4.087682366371154785e-01 3.442230224609375000e-01 9.396213889122009277e-01 8.966336250305175781e-01 2.736398577690124512e-01 9.816440343856811523e-01 1.000000000000000000e+00 0.000000000000000000e+00 0.000000000000000000e+00
3.169634640216827393e-01 9.373488426208496094e-01 3.261081576347351074e-01 6.563166975975036621e-01 2.898871898651123047e-03 1.784141063690185547e-01 2.516044378280639648e-01 2.856305837631225586e-01 7.614864706993103027e-01 1.000000000000000000e+00 0.000000000000000000e+00 0.000000000000000000e+00
9.687597751617431641e-01 2.293918132781982422e-01 4.854797124862670898e-01 5.853857398033142090e-01 9.516761898994445801e-01 4.906610846519470215e-01 5.289620757102966309e-01 5.414390563964843750e-01 6.500397324562072754e-01 0.000000000000000000e+00 0.000000000000000000e+00 0.000000000000000000e+00
8.881871700286865234e-01 5.980870723724365234e-01 3.669504523277282715e-01 9.980075359344482422e-01 5.333639979362487793e-01 7.529441118240356445e-01 6.273055672645568848e-01 5.919761657714843750e-01 2.981968522071838379e-01 0.000000000000000000e+00 0.000000000000000000e+00 0.000000000000000000e+00
9.988002777099609375e-01 2.189697623252868652e-01 7.849296927452087402e-01 9.953845143318176270e-01 4.628629684448242188e-01 1.703324913978576660e-01 6.793680787086486816e-01 5.965828895568847656e-02 5.937999486923217773e-02 0.000000000000000000e+00 1.000000000000000000e+00 0.000000000000000000e+00
9.070379734039306641e-01 3.567872047424316406e-01 1.101291179656982422e-02 6.955953836441040039e-01 4.964041113853454590e-01 1.621477007865905762e-01 1.373395323753356934e-01 9.470188021659851074e-01 4.427639842033386230e-01 0.000000000000000000e+00 0.000000000000000000e+00 0.000000000000000000e+00
2.940837740898132324e-01 3.090898394584655762e-01 5.067545175552368164e-02 3.608826994895935059e-01 4.971901774406433105e-01 6.677201986312866211e-01 4.729516506195068359e-01 8.981930017471313477e-01 7.122591733932495117e-01 0.000000000000000000e+00 0.000000000000000000e+00 0.000000000000000000e+00
4.152934253215789795e-01 1.967716217041015625e-01 6.053494215011596680e-01 1.416791677474975586e-01 4.893976449966430664e-02 5.992339253425598145e-01 8.074958324432373047e-01 2.621181011199951172e-01 7.574231028556823730e-01 0.000000000000000000e+00 0.000000000000000000e+00 0.000000000000000000e+00
7.675079107284545898e-01 8.283046483993530273e-01 6.238648891448974609e-01 9.417272210121154785e-01 4.915917515754699707e-01 5.099605321884155273e-01 2.013643383979797363e-01 3.896387219429016113e-01 4.135261178016662598e-01 0.000000000000000000e+00 0.000000000000000000e+00 0.000000000000000000e+00
7.269524931907653809e-01 4.835486412048339844e-03 1.395488381385803223e-01 4.024789929389953613e-01 8.930084109306335449e-01 6.622121930122375488e-01 2.865235805511474609e-01 3.143094778060913086e-01 1.482129693031311035e-01 0.000000000000000000e+00 0.000000000000000000e+00 0.000000000000000000e+00
9.505976438522338867e-01 2.056359052658081055e-01 4.244990944862365723e-01 8.147051930427551270e-01 3.674679994583129883e-01 8.076021671295166016e-01 8.944968581199645996e-01 4.750989675521850586e-01 4.574140310287475586e-01 0.000000000000000000e+00 0.000000000000000000e+00 0.000000000000000000e+00
8.248719573020935059e-01 6.988851428031921387e-01 7.593959569931030273e-01 4.138038754463195801e-01 9.870024919509887695e-01 3.622777462005615234e-01 4.489207863807678223e-01 5.585913062095642090e-01 6.094592809677124023e-02 0.000000000000000000e+00 0.000000000000000000e+00 0.000000000000000000e+00
8.904337286949157715e-01 3.729501366615295410e-01 9.397530555725097656e-02 8.124615550041198730e-01 2.030421495437622070e-01 6.750668287277221680e-01 4.887244701385498047e-01 4.775829911231994629e-01 1.945042014122009277e-01 0.000000000000000000e+00 1.000000000000000000e+00 0.000000000000000000e+00
1.992884427309036255e-01 8.227565884590148926e-01 3.226608037948608398e-01 4.989695549011230469e-01 1.005719900131225586e-01 9.938606023788452148e-01 8.353005051612854004e-01 1.259201169013977051e-01 4.075402021408081055e-01 0.000000000000000000e+00 0.000000000000000000e+00 0.000000000000000000e+00
6.432694196701049805e-01 4.460370540618896484e-01 9.463606476783752441e-01 2.927836179733276367e-01 4.404898881912231445e-01 6.440758109092712402e-01 8.669818043708801270e-01 2.963891625404357910e-01 5.603653788566589355e-01 0.000000000000000000e+00 0.000000000000000000e+00 0.000000000000000000e+00
8.633567094802856445e-01 2.946778535842895508e-01 1.319823861122131348e-01 7.752835750579833984e-01 1.285045742988586426e-01 6.653255820274353027e-01 4.162353873252868652e-01 2.811298370361328125e-01 5.428027510643005371e-01 0.000000000000000000e+00 0.000000000000000000e+00 0.000000000000000000e+00
2.586419582366943359e-01 9.812108278274536133e-01 8.100749850273132324e-01 2.583972811698913574e-01 4.155643582344055176e-01 4.775335192680358887e-01 5.949404835700988770e-01 5.872082710266113281e-01 4.743062257766723633e-01 1.000000000000000000e+00 0.000000000000000000e+00 0.000000000000000000e+00
6.849390864372253418e-01 6.579470634460449219e-02 6.280003786087036133e-01 1.634792685508728027e-01 1.722532510757446289e-02 2.816487550735473633e-01 3.644197583198547363e-01 6.108692884445190430e-01 1.888541579246520996e-01 1.000000000000000000e+00 0.000000000000000000e+00 0.000000000000000000e+00
7.590404748916625977e-01 8.407274484634399414e-01 3.540281057357788086e-01 8.055998682975769043e-01 3.962755799293518066e-01 4.378030896186828613e-01 4.109336733818054199e-01 5.059617757797241211e-01 7.648459672927856445e-01 0.000000000000000000e+00 0.000000000000000000e+00 0.000000000000000000e+00
8.648077845573425293e-01 1.856986880302429199e-01 6.770102977752685547e-01 3.403931856155395508e-02 6.539050936698913574e-01 2.141444087028503418e-01 1.081628799438476562e-01 1.843208074569702148e-01 1.707594990730285645e-01 0.000000000000000000e+00 1.000000000000000000e+00 0.000000000000000000e+00
8.499723076820373535e-01 5.349237918853759766e-01 7.988798618316650391e-01 1.150421500205993652e-01 6.629810929298400879e-01 1.716710329055786133e-01 8.933013081550598145e-01 4.014605283737182617e-02 7.720040082931518555e-01 0.000000000000000000e+00 0.000000000000000000e+00 0.000000000000000000e+00
5.321707725524902344e-01 9.695607423782348633e-01 2.078777551651000977e-02 6.326971650123596191e-01 2.820287942886352539e-01 8.199954032897949219e-01 2.927798032760620117e-02 9.446617960929870605e-01 4.758046269416809082e-01 1.000000000000000000e+00 0.000000000000000000e+00 0.000000000000000000e+00
9.719589948654174805e-01 2.965462803840637207e-01 4.199723601341247559e-01 7.817872762680053711e-01 6.845756173133850098e-01 7.151587009429931641e-01 7.807444930076599121e-01 1.993255615234375000e-01 9.855791330337524414e-01 0.000000000000000000e+00 1.000000000000000000e+00 0.000000000000000000e+00
8.538271188735961914e-01 5.737393498420715332e-01 4.389197230339050293e-01 8.128240704536437988e-01 5.017823576927185059e-01 8.016352653503417969e-01 5.766431689262390137e-01 2.055387496948242188e-01 8.977078199386596680e-01 0.000000000000000000e+00 0.000000000000000000e+00 0.000000000000000000e+00
1.684629321098327637e-01 8.638851046562194824e-01 3.117634057998657227e-01 1.334827542304992676e-01 1.976679563522338867e-01 8.807358145713806152e-01 5.442175269126892090e-01 4.220851063728332520e-01 6.060966253280639648e-01 0.000000000000000000e+00 1.000000000000000000e+00 0.000000000000000000e+00
6.403688788414001465e-01 7.204310894012451172e-01 3.683921694755554199e-01 3.575369119644165039e-01 8.402584195137023926e-01 6.903036236763000488e-01 8.089584112167358398e-02 7.803227305412292480e-01 8.088740110397338867e-01 1.000000000000000000e+00 0.000000000000000000e+00 0.000000000000000000e+00
6.749769300222396851e-02 3.124872446060180664e-01 8.593106269836425781e-02 9.932935237884521484e-02 1.593104004859924316e-01 2.342140674591064453e-02 2.882973551750183105e-01 3.565087914466857910e-01 2.816697955131530762e-01 0.000000000000000000e+00 0.000000000000000000e+00 0.000000000000000000e+00
1.860332936048507690e-01 8.888796567916870117e-01 4.364823698997497559e-01 3.220727443695068359e-01 1.766446232795715332e-01 4.467226266860961914e-01 6.835130453109741211e-01 4.908449053764343262e-01 6.104053854942321777e-01 0.000000000000000000e+00 1.000000000000000000e+00 0.000000000000000000e+00
6.936301589012145996e-01 2.831606864929199219e-01 6.535509228706359863e-01 3.096271157264709473e-01 5.935666561126708984e-01 4.891378879547119141e-01 9.811784029006958008e-01 3.610059618949890137e-01 1.871722340583801270e-01 1.000000000000000000e+00 1.000000000000000000e+00 1.000000000000000000e+00
3.455119431018829346e-01 7.924374341964721680e-01 8.709002137184143066e-01 1.378598213195800781e-01 2.912921309471130371e-01 6.037061214447021484e-01 7.741600275039672852e-02 3.833681344985961914e-02 8.566105365753173828e-02 0.000000000000000000e+00 0.000000000000000000e+00 0.000000000000000000e+00
6.684232950210571289e-01 5.538797378540039062e-01 3.774175047874450684e-01 4.036069512367248535e-01 5.851333141326904297e-01 6.251181960105895996e-01 6.257080435752868652e-01 6.734340786933898926e-01 6.349434852600097656e-01 0.000000000000000000e+00 0.000000000000000000e+00 0.000000000000000000e+00
7.160409092903137207e-01 4.072633981704711914e-01 5.659945011138916016e-01 2.464606165885925293e-01 5.020145773887634277e-01 3.078782558441162109e-02 9.464505910873413086e-01 1.094354987144470215e-01 9.395061135292053223e-01 1.000000000000000000e+00 1.000000000000000000e+00 1.000000000000000000e+00
8.420055508613586426e-01 1.430404186248779297e-02 5.315853357315063477e-01 5.066972970962524414e-01 3.487939238548278809e-01 3.678649067878723145e-01 3.923413753509521484e-01 4.719598889350891113e-01 8.414587378501892090e-01 0.000000000000000000e+00 0.000000000000000000e+00 0.000000000000000000e+00
9.113914370536804199e-01 2.390058636665344238e-01 4.813949465751647949e-01 6.912111639976501465e-01 6.966915726661682129e-01 4.179219603538513184e-01 8.811798095703125000e-01 1.280303001403808594e-01 4.246890544891357422e-01 1.000000000000000000e+00 0.000000000000000000e+00 0.000000000000000000e+00
1.233932375907897949e-01 5.707900524139404297e-01 3.662036061286926270e-01 1.488873362541198730e-01 2.788823246955871582e-01 6.070147156715393066e-01 1.447545886039733887e-01 7.628259062767028809e-01 1.572245955467224121e-01 0.000000000000000000e+00 0.000000000000000000e+00 0.000000000000000000e+00
9.408329725265502930e-01 2.409366369247436523e-01 6.880567073822021484e-01 8.622823357582092285e-01 5.824638605117797852e-01 9.601257443428039551e-01 4.378200173377990723e-01 2.789246439933776855e-01 9.748659729957580566e-01 1.000000000000000000e+00 1.000000000000000000e+00 1.000000000000000000e+00
8.945178985595703125e-01 1.343303918838500977e-01 7.405073046684265137e-01 1.085226535797119141e-01 7.207791209220886230e-01 8.115426898002624512e-01 6.654950380325317383e-01 5.237782001495361328e-02 3.112280368804931641e-02 0.000000000000000000e+00 1.000000000000000000e+00 0.000000000000000000e+00
8.681787848472595215e-01 3.504260778427124023e-01 8.826252222061157227e-01 9.834444522857666016e-01 1.684496998786926270e-01 9.794889092445373535e-01 8.715331554412841797e-01 3.830766081809997559e-01 4.427526593208312988e-01 0.000000000000000000e+00 1.000000000000000000e+00 0.000000000000000000e+00
4.635240435600280762e-01 7.291293740272521973e-01 2.531340718269348145e-01 5.128690004348754883e-01 4.156998395919799805e-01 4.014546871185302734e-01 3.191257119178771973e-01 1.567683815956115723e-01 5.253861546516418457e-01 0.000000000000000000e+00 0.000000000000000000e+00 0.000000000000000000e+00
8.118788003921508789e-01 3.650175333023071289e-01 1.986815929412841797e-01 8.218920826911926270e-01 3.423684835433959961e-01 5.950874090194702148e-01 7.097703218460083008e-01 7.030156254768371582e-01 7.636023163795471191e-01 0.000000000000000000e+00 0.000000000000000000e+00 0.000000000000000000e+00
9.784067273139953613e-01 1.861917972564697266e-01 9.914628267288208008e-01 4.955035448074340820e-01 4.443280696868896484e-01 2.079593539237976074e-01 6.413920521736145020e-01 9.403988718986511230e-01 2.884205579757690430e-01 0.000000000000000000e+00 0.000000000000000000e+00 0.000000000000000000e+00
7.087006568908691406e-01 7.443974614143371582e-01 7.100026607513427734e-01 6.616595387458801270e-01 7.467396855354309082e-01 7.656319737434387207e-01 1.885432600975036621e-01 7.120618224143981934e-01 1.699576377868652344e-01 0.000000000000000000e+00 0.000000000000000000e+00 0.000000000000000000e+00
9.911371469497680664e-01 4.816710948944091797e-03 4.021228551864624023e-01 8.647369146347045898e-01 2.924817800521850586e-01 1.348617672920227051e-01 3.734226226806640625e-01 6.037354469299316406e-03 2.844643592834472656e-02 0.000000000000000000e+00 0.000000000000000000e+00 0.000000000000000000e+00
1.746167689561843872e-01 5.072960853576660156e-01 5.058227777481079102e-01 1.292860507965087891e-01 2.537050247192382812e-01 8.496221303939819336e-01 1.826709508895874023e-02 9.053034186363220215e-01 4.447315931320190430e-01 0.000000000000000000e+00 0.000000000000000000e+00 0.000000000000000000e+00
4.910451173782348633e-01 9.139158725738525391e-01 4.871011972427368164e-01 7.958458065986633301e-01 1.243920922279357910e-01 3.738749027252197266e-01 2.799935340881347656e-01 8.376808762550354004e-01 8.023809194564819336e-01 1.000000000000000000e+00 0.000000000000000000e+00 0.000000000000000000e+00
8.762846589088439941e-01 4.451764225959777832e-01 9.636491537094116211e-01 6.018121838569641113e-01 7.104015350341796875e-02 1.103594899177551270e-01 8.963903784751892090e-01 9.379878044128417969e-01 2.531042695045471191e-01 0.000000000000000000e+00 0.000000000000000000e+00 0.000000000000000000e+00
5.772914886474609375e-01 1.386734247207641602e-01 6.381254792213439941e-01 1.936934590339660645e-01 2.322190999984741211e-01 5.009642839431762695e-01 1.505088806152343750e-01 4.526917934417724609e-01 2.194389700889587402e-01 1.000000000000000000e+00 0.000000000000000000e+00 0.000000000000000000e+00
9.893899559974670410e-01 7.359158992767333984e-02 7.663862109184265137e-01 9.364798665046691895e-01 6.347265839576721191e-01 7.755483984947204590e-01 9.197499155998229980e-01 2.687740325927734375e-02 3.762984275817871094e-01 1.000000000000000000e+00 0.000000000000000000e+00 0.000000000000000000e+00
3.237357139587402344e-01 7.941660284996032715e-01 4.283007383346557617e-01 4.646058678627014160e-01 1.595689058303833008e-01 7.192936539649963379e-01 1.667863130569458008e-01 2.845260500907897949e-01 8.142597675323486328e-01 0.000000000000000000e+00 0.000000000000000000e+00 0.000000000000000000e+00
7.614344358444213867e-01 1.974953413009643555e-01 4.427664279937744141e-01 7.912027835845947266e-02 8.947945833206176758e-01 2.336338758468627930e-01 7.298889756202697754e-01 3.130835294723510742e-01 4.834354519844055176e-01 1.000000000000000000e+00 1.000000000000000000e+00 1.000000000000000000e+00
7.202524542808532715e-01 2.092543840408325195e-01 4.743970632553100586e-01 1.394770145416259766e-01 5.353911519050598145e-01 1.721159815788269043e-01 6.214498877525329590e-01 9.350866079330444336e-01 3.021981120109558105e-01 0.000000000000000000e+00 0.000000000000000000e+00 0.000000000000000000e+00
4.058614671230316162e-01 7.086049318313598633e-01 9.569997787475585938e-01 4.027316570281982422e-01 3.222560882568359375e-01 8.405408263206481934e-01 8.117431998252868652e-01 4.125643372535705566e-01 9.568321704864501953e-01 0.000000000000000000e+00 0.000000000000000000e+00 0.000000000000000000e+00
1.790961176156997681e-01 3.506045341491699219e-01 2.774034738540649414e-01 1.659648418426513672e-01 2.063624262809753418e-01 4.875265359878540039e-01 7.219415903091430664e-02 9.333086013793945312e-02 3.542140126228332520e-01 0.000000000000000000e+00 1.000000000000000000e+00 0.000000000000000000e+00
9.652787446975708008e-01 1.673579216003417969e-03 9.999558329582214355e-01 2.757520079612731934e-01 5.818000435829162598e-01 8.412949442863464355e-01 1.406574249267578125e-01 4.452296495437622070e-01 8.123612403869628906e-02 1.000000000000000000e+00 0.000000000000000000e+00 0.000000000000000000e+00
9.443505406379699707e-01 5.415221452713012695e-01 1.752749681472778320e-01 9.068486094474792480e-01 7.505604028701782227e-01 5.606524348258972168e-01 8.461317420005798340e-01 6.829826235771179199e-01 9.330116510391235352e-01 0.000000000000000000e+00 0.000000000000000000e+00 0.000000000000000000e+00
9.805906414985656738e-01 2.250500917434692383e-01 9.542276859283447266e-01 8.609835505485534668e-01 2.225174307823181152e-01 4.128900170326232910e-01 6.961296200752258301e-01 8.732305169105529785e-01 7.732450962066650391e-03 0.000000000000000000e+00 0.000000000000000000e+00 0.000000000000000000e+00
9.918543100357055664e-01 3.421801328659057617e-02 3.863289952278137207e-01 8.065022230148315430e-01 7.012127637863159180e-01 3.857517242431640625e-02 1.388466954231262207e-01 7.988092303276062012e-01 6.489626169204711914e-01 1.000000000000000000e+00 0.000000000000000000e+00 0.000000000000000000e+00
8.508014678955078125e-01 1.428616046905517578e-02 8.477883934974670410e-01 2.651529312133789062e-01 1.606380939483642578e-01 7.693227529525756836e-01 9.873617887496948242e-01 1.872479915618896484e-02 3.006764054298400879e-01 0.000000000000000000e+00 1.000000000000000000e+00 0.000000000000000000e+00
9.091569185256958008e-01 1.296359300613403320e-02 9.268556833267211914e-01 1.422621607780456543e-01 2.268095612525939941e-01 5.579743385314941406e-01 6.216115355491638184e-01 1.047124862670898438e-01 4.285919666290283203e-01 1.000000000000000000e+00 1.000000000000000000e+00 1.000000000000000000e+00
9.843094348907470703e-01 1.862365007400512695e-02 9.599440693855285645e-01 3.826038837432861328e-01 4.622094035148620605e-01 7.750279307365417480e-01 5.287992954254150391e-02 1.453218460083007812e-01 8.862835168838500977e-02 0.000000000000000000e+00 0.000000000000000000e+00 0.000000000000000000e+00
9.975396394729614258e-01 1.167482137680053711e-02 9.570076465606689453e-01 8.386378288269042969e-01 1.513707637786865234e-01 9.647679328918457031e-02 3.875631690025329590e-01 7.619406580924987793e-01 4.703159928321838379e-01 0.000000000000000000e+00 1.000000000000000000e+00 0.000000000000000000e+00
3.718903958797454834e-01 4.714762568473815918e-01 5.312299132347106934e-01 3.209733366966247559e-01 5.643866658210754395e-01 9.720246791839599609e-01 2.324457764625549316e-01 4.244853258132934570e-01 9.500080347061157227e-01 0.000000000000000000e+00 0.000000000000000000e+00 0.000000000000000000e+00
3.525948524475097656e-01 9.157405495643615723e-01 9.766964316368103027e-01 8.118319511413574219e-02 7.323966622352600098e-01 2.574016451835632324e-01 9.584975838661193848e-01 8.612625598907470703e-01 6.102626919746398926e-01 0.000000000000000000e+00 0.000000000000000000e+00 0.000000000000000000e+00
3.097366988658905029e-01 7.353298068046569824e-01 5.564972758293151855e-01 7.296629548072814941e-01 1.953781247138977051e-01 4.354674816131591797e-01 5.667590498924255371e-01 6.381583809852600098e-01 3.599689006805419922e-01 0.000000000000000000e+00 1.000000000000000000e+00 0.000000000000000000e+00
7.319705486297607422e-01 1.969362497329711914e-01 5.870289802551269531e-01 7.200622558593750000e-02 9.489696025848388672e-01 3.956764340400695801e-01 3.923075199127197266e-01 9.306418895721435547e-02 9.336135387420654297e-01 0.000000000000000000e+00 0.000000000000000000e+00 0.000000000000000000e+00
3.886737823486328125e-01 9.860266447067260742e-01 4.115573167800903320e-01 6.320056915283203125e-01 3.381621837615966797e-02 2.597566843032836914e-01 4.330754280090332031e-01 6.155682802200317383e-01 5.578792691230773926e-01 0.000000000000000000e+00 0.000000000000000000e+00 0.000000000000000000e+00
7.710561752319335938e-01 3.571659922599792480e-01 1.696819663047790527e-01 7.394834756851196289e-01 3.006693124771118164e-01 6.848450899124145508e-01 5.727132558822631836e-01 6.759833693504333496e-01 6.063213348388671875e-01 1.000000000000000000e+00 0.000000000000000000e+00 0.000000000000000000e+00
9.859657287597656250e-01 1.440292596817016602e-02 9.906443953514099121e-01 6.712884902954101562e-01 1.924639940261840820e-01 3.832172155380249023e-01 8.102945685386657715e-01 8.423767685890197754e-01 3.415133953094482422e-01 0.000000000000000000e+00 0.000000000000000000e+00 0.000000000000000000e+00
5.138019323348999023e-01 4.011750817298889160e-01 4.444445967674255371e-01 1.505205035209655762e-01 6.323986053466796875e-01 4.943082332611083984e-01 4.530397653579711914e-01 5.503117442131042480e-01 2.840083241462707520e-01 1.000000000000000000e+00 1.000000000000000000e+00 1.000000000000000000e+00
6.946551203727722168e-01 5.267950296401977539e-01 1.321057081222534180e-01 6.666719317436218262e-01 4.654889106750488281e-01 1.413791775703430176e-01 6.174781918525695801e-01 7.971520423889160156e-01 2.986865043640136719e-01 0.000000000000000000e+00 0.000000000000000000e+00 0.000000000000000000e+00
8.315263390541076660e-01 6.651741862297058105e-01 2.872776985168457031e-01 4.309283494949340820e-01 9.082130193710327148e-01 2.679110169410705566e-01 7.832891345024108887e-01 3.289928436279296875e-01 4.804395437240600586e-01 0.000000000000000000e+00 0.000000000000000000e+00 0.000000000000000000e+00
6.287889480590820312e-01 2.716618776321411133e-02 1.513206958770751953e-02 1.871263384819030762e-01 8.521271347999572754e-01 5.325771570205688477e-01 1.530062556266784668e-01 8.658457994461059570e-01 5.348315834999084473e-01 0.000000000000000000e+00 0.000000000000000000e+00 0.000000000000000000e+00
9.777400493621826172e-01 6.673489809036254883e-01 5.443413853645324707e-01 7.686915993690490723e-01 8.875819444656372070e-01 2.883167266845703125e-01 9.143822193145751953e-01 8.001863956451416016e-02 9.602475166320800781e-01 0.000000000000000000e+00 0.000000000000000000e+00 0.000000000000000000e+00
7.256668210029602051e-01 9.732962250709533691e-01 3.382029533386230469e-01 7.837275862693786621e-01 4.578000903129577637e-01 1.282177567481994629e-01 3.208597302436828613e-01 6.955236792564392090e-01 6.610794663429260254e-01 0.000000000000000000e+00 0.000000000000000000e+00 0.000000000000000000e+00
8.726863861083984375e-01 6.317051053047180176e-01 9.744468331336975098e-01 7.727938294410705566e-01 1.153811812400817871e-01 6.263879537582397461e-01 8.937056660652160645e-01 9.494661688804626465e-01 5.679554343223571777e-01 0.000000000000000000e+00 0.000000000000000000e+00 0.000000000000000000e+00
8.075228333473205566e-01 3.560918569564819336e-01 7.642177343368530273e-01 5.739983320236206055e-01 4.479280114173889160e-01 6.819369196891784668e-01 6.248087882995605469e-01 3.557432293891906738e-01 2.953451871871948242e-02 0.000000000000000000e+00 1.000000000000000000e+00 0.000000000000000000e+00
7.058683037757873535e-01 9.207073450088500977e-01 7.017114162445068359e-01 1.725195050239562988e-01 8.898905515670776367e-01 3.897531032562255859e-01 2.100432515144348145e-01 5.888889431953430176e-01 3.733546137809753418e-01 0.000000000000000000e+00 0.000000000000000000e+00 0.000000000000000000e+00
3.767108917236328125e-01 5.538833141326904297e-02 1.754784584045410156e-02 3.332667350769042969e-01 3.800210356712341309e-01 1.720087528228759766e-01 6.397058963775634766e-01 8.710026741027832031e-03 2.729641795158386230e-01 1.000000000000000000e+00 1.000000000000000000e+00 1.000000000000000000e+00
1.297281384468078613e-01 9.595188498497009277e-01 5.533293485641479492e-01 1.576856374740600586e-01 5.158936977386474609e-02 9.029093980789184570e-01 1.997022628784179688e-01 5.619240999221801758e-01 7.421093583106994629e-01 0.000000000000000000e+00 1.000000000000000000e+00 0.000000000000000000e+00
5.937604308128356934e-01 6.712510585784912109e-01 5.694419145584106445e-01 6.770955324172973633e-01 5.425288081169128418e-01 6.871139407157897949e-01 7.262502908706665039e-01 3.746680021286010742e-01 5.677782297134399414e-01 0.000000000000000000e+00 1.000000000000000000e+00 0.000000000000000000e+00
7.875811457633972168e-01 9.077473878860473633e-01 9.721654653549194336e-02 8.453857898712158203e-01 5.416376590728759766e-01 9.175608754158020020e-01 9.002995491027832031e-01 4.032765030860900879e-01 4.437374472618103027e-01 0.000000000000000000e+00 0.000000000000000000e+00 0.000000000000000000e+00
9.430572986602783203e-01 6.849107146263122559e-01 7.819262146949768066e-01 7.755409479141235352e-01 4.574043154716491699e-01 2.147064805030822754e-01 3.198675513267517090e-01 9.490020275115966797e-01 9.549978971481323242e-01 0.000000000000000000e+00 0.000000000000000000e+00 0.000000000000000000e+00
8.104574084281921387e-01 6.611652374267578125e-01 1.563239097595214844e-02 4.815537333488464355e-01 5.624117255210876465e-01 1.228177547454833984e-02 9.074257612228393555e-01 3.216351866722106934e-01 9.243894815444946289e-01 0.000000000000000000e+00 0.000000000000000000e+00 0.000000000000000000e+00
4.617817997932434082e-01 1.763726472854614258e-01 2.576087713241577148e-01 3.953108191490173340e-01 4.810818433761596680e-01 2.658340334892272949e-01 1.197190880775451660e-01 4.260513186454772949e-01 2.065659761428833008e-01 0.000000000000000000e+00 0.000000000000000000e+00 0.000000000000000000e+00
8.579819798469543457e-01 5.122756958007812500e-01 7.852591872215270996e-01 2.569820880889892578e-01 9.485309720039367676e-01 2.325677871704101562e-01 8.603847026824951172e-02 2.604290843009948730e-01 8.623908162117004395e-01 0.000000000000000000e+00 0.000000000000000000e+00 0.000000000000000000e+00
7.213096618652343750e-01 7.807344794273376465e-01 1.690071821212768555e-01 9.030821323394775391e-01 1.593788266181945801e-01 8.140606284141540527e-01 2.728670835494995117e-02 3.399835824966430664e-01 4.570973515510559082e-01 1.000000000000000000e+00 0.000000000000000000e+00 0.000000000000000000e+00
5.127599835395812988e-01 9.560358524322509766e-02 4.811138510704040527e-01 3.020487427711486816e-01 2.054770588874816895e-01 8.508203625679016113e-01 9.570043087005615234e-01 9.928484559059143066e-01 3.097687959671020508e-01 1.000000000000000000e+00 0.000000000000000000e+00 0.000000000000000000e+00
4.445005953311920166e-01 4.911097884178161621e-01 9.146394133567810059e-01 2.871962785720825195e-01 4.462449550628662109e-01 8.270063996315002441e-01 1.893270611763000488e-01 4.283195137977600098e-01 1.647049188613891602e-02 1.000000000000000000e+00 1.000000000000000000e+00 1.000000000000000000e+00
8.014841675758361816e-01 9.756341576576232910e-01 8.621103763580322266e-01 4.257849454879760742e-01 9.501426815986633301e-01 8.483487367630004883e-02 6.053344011306762695e-01 8.832825422286987305e-01 8.738670945167541504e-01 1.000000000000000000e+00 0.000000000000000000e+00 0.000000000000000000e+00
3.005687296390533447e-01 9.154228568077087402e-01 8.099812269210815430e-01 2.038399577140808105e-01 3.998140692710876465e-01 2.552645802497863770e-01 2.159838080406188965e-01 9.792807102203369141e-01 8.846741914749145508e-02 0.000000000000000000e+00 0.000000000000000000e+00 0.000000000000000000e+00
1.440454572439193726e-01 1.114048361778259277e-01 4.120576381683349609e-02 1.632987260818481445e-01 6.252343058586120605e-01 2.964412569999694824e-01 7.904292941093444824e-01 3.940348625183105469e-01 7.428603172302246094e-01 0.000000000000000000e+00 1.000000000000000000e+00 0.000000000000000000e+00
2.262678891420364380e-01 7.584816217422485352e-01 6.432039141654968262e-01 4.682523012161254883e-02 4.774780869483947754e-01 9.298072457313537598e-01 2.009325027465820312e-01 3.272863626480102539e-01 3.263747096061706543e-01 0.000000000000000000e+00 0.000000000000000000e+00 0.000000000000000000e+00
5.570808053016662598e-01 4.797200560569763184e-01 3.634184598922729492e-01 3.502827882766723633e-01 6.461092829704284668e-01 7.014301419258117676e-01 5.247212648391723633e-01 8.609014153480529785e-01 6.246446967124938965e-01 1.000000000000000000e+00 0.000000000000000000e+00 0.000000000000000000e+00
9.623090624809265137e-01 3.566554784774780273e-01 2.482894659042358398e-01 8.459109067916870117e-01 7.094791531562805176e-01 4.097266793251037598e-01 8.426120281219482422e-01 9.825732111930847168e-01 1.530113220214843750e-01 0.000000000000000000e+00 1.000000000000000000e+00 0.000000000000000000e+00
7.770901918411254883e-01 8.012691140174865723e-01 1.534509658813476562e-02 9.368504881858825684e-01 1.211684942245483398e-01 1.023297309875488281e-01 7.737867832183837891e-01 5.422681570053100586e-01 6.948979496955871582e-01 0.000000000000000000e+00 0.000000000000000000e+00 0.000000000000000000e+00
4.419247210025787354e-01 8.858705759048461914e-01 3.654563426971435547e-01 1.165017485618591309e-01 7.724132537841796875e-01 5.257138013839721680e-01 6.660157442092895508e-01 3.624062538146972656e-01 1.510603427886962891e-01 1.000000000000000000e+00 0.000000000000000000e+00 0.000000000000000000e+00
8.013451695442199707e-01 5.180121064186096191e-01 6.914972662925720215e-01 4.036408662796020508e-01 7.367731928825378418e-01 3.879333734512329102e-01 2.728031277656555176e-01 3.202516436576843262e-01 5.753575563430786133e-01 0.000000000000000000e+00 1.000000000000000000e+00 0.000000000000000000e+00
9.534326195716857910e-01 1.327925324440002441e-01 7.753605246543884277e-01 2.475247979164123535e-01 9.217544794082641602e-01 5.077733993530273438e-01 2.339907884597778320e-01 8.318722248077392578e-03 4.271703958511352539e-02 0.000000000000000000e+00 0.000000000000000000e+00 0.000000000000000000e+00
9.768021702766418457e-01 2.046254873275756836e-01 7.323596477508544922e-01 7.176846265792846680e-01 7.364200353622436523e-01 2.125745415687561035e-01 7.265586256980895996e-01 5.634115338325500488e-01 4.798816442489624023e-01 1.000000000000000000e+00 0.000000000000000000e+00 0.000000000000000000e+00
4.112516641616821289e-01 6.116776466369628906e-01 3.350722789764404297e-01 1.438825726509094238e-01 3.328932523727416992e-01 9.962964057922363281e-02 2.731794714927673340e-01 2.713183760643005371e-01 2.103556990623474121e-01 1.000000000000000000e+00 1.000000000000000000e+00 1.000000000000000000e+00
7.788081765174865723e-01 9.016678929328918457e-01 1.695988178253173828e-01 9.438315629959106445e-01 4.298819303512573242e-01 7.829718589782714844e-01 7.301799058914184570e-01 5.998147130012512207e-01 7.324541211128234863e-01 0.000000000000000000e+00 0.000000000000000000e+00 0.000000000000000000e+00
7.198967337608337402e-01 7.064673900604248047e-01 3.820958137512207031e-01 3.250401020050048828e-01 7.724682092666625977e-01 4.582720994949340820e-01 2.749433517456054688e-01 1.213822364807128906e-01 9.557242393493652344e-01 0.000000000000000000e+00 0.000000000000000000e+00 0.000000000000000000e+00
9.819809794425964355e-01 1.224237680435180664e-02 8.588850498199462891e-02 8.918502330780029297e-01 4.004915952682495117e-01 5.422617197036743164e-01 7.286182641983032227e-01 7.169407606124877930e-01 6.662388443946838379e-01 1.000000000000000000e+00 0.000000000000000000e+00 0.000000000000000000e+00
9.714066386222839355e-01 2.429574728012084961e-02 2.297727465629577637e-01 5.703433156013488770e-01 9.482337832450866699e-01 5.689404606819152832e-01 6.526169180870056152e-01 1.289265751838684082e-01 4.787307977676391602e-01 1.000000000000000000e+00 0.000000000000000000e+00 0.000000000000000000e+00
8.642242550849914551e-01 5.541846156120300293e-01 6.729845404624938965e-01 4.461218714714050293e-01 9.856209754943847656e-01 2.321878671646118164e-01 4.712092280387878418e-01 8.433054685592651367e-01 8.633673191070556641e-03 0.000000000000000000e+00 1.000000000000000000e+00 0.000000000000000000e+00
6.988552212715148926e-01 8.744413852691650391e-01 6.157066226005554199e-01 1.937801241874694824e-01 9.869445562362670898e-01 4.587531089782714844e-01 6.956370472908020020e-01 7.347992658615112305e-01 7.417523264884948730e-01 1.000000000000000000e+00 0.000000000000000000e+00 0.000000000000000000e+00
9.988216757774353027e-01 1.550866365432739258e-01 5.166802406311035156e-01 9.773606061935424805e-01 7.018700242042541504e-01 1.800362467765808105e-01 1.050049066543579102e-02 2.522902488708496094e-01 1.255537271499633789e-01 0.000000000000000000e+00 1.000000000000000000e+00 0.000000000000000000e+00
4.427643120288848877e-01 7.474461793899536133e-01 4.430829882621765137e-01 1.925223469734191895e-01 7.466531395912170410e-01 6.819294095039367676e-01 8.150899410247802734e-02 6.694050431251525879e-01 6.102751493453979492e-01 1.000000000000000000e+00 0.000000000000000000e+00 0.000000000000000000e+00
6.006778478622436523e-01 3.561577796936035156e-01 1.555301547050476074e-01 3.884304165840148926e-01 8.493480682373046875e-01 4.489619731903076172e-01 1.914272904396057129e-01 1.715369224548339844e-01 9.409376978874206543e-01 1.000000000000000000e+00 0.000000000000000000e+00 0.000000000000000000e+00
7.718163728713989258e-01 1.717046499252319336e-01 8.027474284172058105e-01 5.616974830627441406e-02 3.352589011192321777e-01 4.598295092582702637e-01 5.869947671890258789e-01 3.520723581314086914e-01 1.584417223930358887e-01 0.000000000000000000e+00 0.000000000000000000e+00 0.000000000000000000e+00
9.969115853309631348e-01 1.743733882904052734e-03 1.154025197029113770e-01 9.501533508300781250e-01 6.511718630790710449e-01 5.715593099594116211e-01 6.412286758422851562e-01 9.108996391296386719e-01 5.954983830451965332e-01 1.000000000000000000e+00 0.000000000000000000e+00 0.000000000000000000e+00
9.202142953872680664e-01 3.366271257400512695e-01 1.777556538581848145e-01 8.596262335777282715e-01 2.604676485061645508e-01 5.993682146072387695e-01 9.937960505485534668e-01 1.808300614356994629e-01 8.595320582389831543e-01 0.000000000000000000e+00 1.000000000000000000e+00 0.000000000000000000e+00
5.221486687660217285e-01 6.739035844802856445e-01 2.310423851013183594e-01 2.260950207710266113e-01 6.910837292671203613e-01 4.348561763763427734e-01 9.024032950401306152e-01 7.002412676811218262e-01 8.963859677314758301e-01 0.000000000000000000e+00 0.000000000000000000e+00 0.000000000000000000e+00
3.321711719036102295e-01 9.292238950729370117e-02 4.026619195938110352e-01 1.711629629135131836e-01 2.460447549819946289e-01 3.071486949920654297e-01 3.424030542373657227e-01 1.131901741027832031e-01 2.174859642982482910e-01 0.000000000000000000e+00 0.000000000000000000e+00 0.000000000000000000e+00
9.629476666450500488e-01 5.610874295234680176e-01 9.261353015899658203e-01 8.098537325859069824e-01 9.352427721023559570e-01 7.262690067291259766e-01 5.286411046981811523e-01 1.444017887115478516e-01 7.777842283248901367e-01 0.000000000000000000e+00 1.000000000000000000e+00 0.000000000000000000e+00
9.947819113731384277e-01 4.053688645362854004e-01 8.485180735588073730e-01 9.878103137016296387e-01 5.985656976699829102e-01 2.156031131744384766e-02 1.799708008766174316e-01 8.317370414733886719e-01 1.572897434234619141e-01 0.000000000000000000e+00 1.000000000000000000e+00 0.000000000000000000e+00
7.524971365928649902e-01 8.409358263015747070e-01 1.406971812248229980e-01 6.115121841430664062e-01 6.280901432037353516e-01 2.870152592658996582e-01 8.755386471748352051e-01 2.441731095314025879e-01 2.101126909255981445e-01 0.000000000000000000e+00 0.000000000000000000e+00 0.000000000000000000e+00
9.399548172950744629e-01 7.070785760879516602e-02 3.938804268836975098e-01 7.307739257812500000e-01 4.337424635887145996e-01 2.348646521568298340e-01 7.478559613227844238e-01 1.951868534088134766e-01 3.482949733734130859e-02 0.000000000000000000e+00 1.000000000000000000e+00 0.000000000000000000e+00
7.384077906608581543e-01 1.344387531280517578e-01 8.631345629692077637e-01 2.590024471282958984e-01 2.628030776977539062e-01 4.692981243133544922e-01 3.730643987655639648e-01 7.543538212776184082e-01 2.077010869979858398e-01 0.000000000000000000e+00 0.000000000000000000e+00 0.000000000000000000e+00
4.838722646236419678e-01 6.841654181480407715e-01 9.543115496635437012e-01 3.008289337158203125e-01 7.503340840339660645e-01 8.241908550262451172e-01 7.934530973434448242e-01 9.981904625892639160e-01 4.213932752609252930e-01 0.000000000000000000e+00 0.000000000000000000e+00 0.000000000000000000e+00
1.527749896049499512e-01 2.779596447944641113e-01 4.596057534217834473e-01 5.351305007934570312e-03 7.518291473388671875e-03 7.230070829391479492e-01 2.896511554718017578e-02 9.897410869598388672e-03 9.761556386947631836e-01 1.000000000000000000e+00 0.000000000000000000e+00 0.000000000000000000e+00
8.836372494697570801e-01 5.729289650917053223e-01 4.700533747673034668e-01 6.815865635871887207e-01 5.447765588760375977e-01 9.267967939376831055e-02 2.012206315994262695e-01 7.379468679428100586e-01 5.012686252593994141e-01 0.000000000000000000e+00 0.000000000000000000e+00 0.000000000000000000e+00
2.404256612062454224e-01 5.731436014175415039e-01 1.203501224517822266e-02 3.824726939201354980e-01 2.961403131484985352e-02 6.350926756858825684e-01 3.682708740234375000e-02 6.105232238769531250e-02 5.768163204193115234e-01 1.000000000000000000e+00 0.000000000000000000e+00 0.000000000000000000e+00
7.444892525672912598e-01 5.379302501678466797e-01 6.515203118324279785e-01 7.836129665374755859e-01 2.414040565490722656e-01 4.201561212539672852e-01 3.753293752670288086e-01 5.990474820137023926e-01 6.623983383178710938e-02 1.000000000000000000e+00 0.000000000000000000e+00 0.000000000000000000e+00
9.678899049758911133e-01 2.233157753944396973e-01 7.054102420806884766e-02 6.111263036727905273e-01 9.942998886108398438e-01 2.926890850067138672e-01 1.238348484039306641e-01 2.580229043960571289e-01 2.623539566993713379e-01 0.000000000000000000e+00 1.000000000000000000e+00 0.000000000000000000e+00
9.988549947738647461e-01 1.637354493141174316e-01 9.316456317901611328e-01 8.152491450309753418e-01 7.528903484344482422e-01 5.067706108093261719e-02 5.028675794601440430e-01 9.301006793975830078e-02 4.209212660789489746e-01 1.000000000000000000e+00 0.000000000000000000e+00 0.000000000000000000e+00
9.295455217361450195e-01 4.267498850822448730e-01 4.049341678619384766e-01 9.130998253822326660e-01 6.632025837898254395e-01 9.368320703506469727e-01 7.384269237518310547e-01 6.178525090217590332e-01 6.233570575714111328e-01 0.000000000000000000e+00 0.000000000000000000e+00 0.000000000000000000e+00
8.455453515052795410e-01 4.701248407363891602e-01 3.924401402473449707e-01 6.272596120834350586e-01 2.544352412223815918e-01 3.830261230468750000e-01 2.068045139312744141e-01 5.462273359298706055e-01 9.518909454345703125e-01 0.000000000000000000e+00 0.000000000000000000e+00 0.000000000000000000e+00
5.385815501213073730e-01 6.265830993652343750e-01 3.713679909706115723e-01 2.790418863296508789e-01 7.147889137268066406e-01 9.167416691780090332e-01 2.367661595344543457e-01 8.871769905090332031e-02 7.499158978462219238e-01 0.000000000000000000e+00 0.000000000000000000e+00 0.000000000000000000e+00
2.786483168601989746e-01 1.161765456199645996e-01 4.561269283294677734e-02 4.929449558258056641e-01 1.176987886428833008e-01 3.723446726799011230e-01 8.135263919830322266e-01 8.732320070266723633e-01 3.191381096839904785e-01 0.000000000000000000e+00 1.000000000000000000e+00 0.000000000000000000e+00
9.780403375625610352e-01 1.072443723678588867e-01 9.411408901214599609e-01 1.092717051506042480e-01 8.838522434234619141e-01 3.361468911170959473e-01 3.807957768440246582e-01 8.512347340583801270e-01 3.100472688674926758e-02 0.000000000000000000e+00 1.000000000000000000e+00 0.000000000000000000e+00
4.134004116058349609e-01 7.161402106285095215e-01 2.332561612129211426e-01 3.144216537475585938e-02 3.158563971519470215e-01 1.144165992736816406e-01 7.907506823539733887e-01 4.071884751319885254e-01 6.029052138328552246e-01 1.000000000000000000e+00 1.000000000000000000e+00 1.000000000000000000e+00
8.159029483795166016e-01 9.344449043273925781e-01 2.039510607719421387e-01 8.944911956787109375e-01 6.111095547676086426e-01 2.874440550804138184e-01 9.493369460105895996e-01 5.582871437072753906e-01 3.034294843673706055e-01 0.000000000000000000e+00 1.000000000000000000e+00 0.000000000000000000e+00
4.211971163749694824e-01 2.767066955566406250e-01 5.657975077629089355e-01 4.197656512260437012e-01 1.072237491607666016e-01 7.421208024024963379e-01 9.892019033432006836e-01 9.136579632759094238e-01 3.249959945678710938e-01 0.000000000000000000e+00 0.000000000000000000e+00 0.000000000000000000e+00
4.283651411533355713e-01 5.585566163063049316e-01 2.772065401077270508e-01 5.162495970726013184e-01 2.360057830810546875e-01 9.374153614044189453e-01 4.901227951049804688e-01 8.677628636360168457e-01 8.940327167510986328e-02 0.000000000000000000e+00 1.000000000000000000e+00 0.000000000000000000e+00
3.689916431903839111e-01 8.009226322174072266e-01 5.411492586135864258e-01 3.815224766731262207e-01 2.618983983993530273e-01 8.820791244506835938e-01 5.659095048904418945e-01 9.445574879646301270e-01 9.660026431083679199e-01 1.000000000000000000e+00 0.000000000000000000e+00 0.000000000000000000e+00
5.237369537353515625e-01 6.326258182525634766e-01 5.070409178733825684e-01 1.410126686096191406e-01 4.446180462837219238e-01 5.313803553581237793e-01 2.913812398910522461e-01 6.138303279876708984e-01 8.665913343429565430e-01 1.000000000000000000e+00 0.000000000000000000e+00 0.000000000000000000e+00
7.403314113616943359e-01 4.599227309226989746e-01 6.754145026206970215e-01 6.037514209747314453e-01 7.606089711189270020e-01 4.544367194175720215e-01 1.222346425056457520e-01 4.526365995407104492e-01 4.172212481498718262e-01 0.000000000000000000e+00 0.000000000000000000e+00 0.000000000000000000e+00
7.889560461044311523e-01 9.206302165985107422e-01 9.537740349769592285e-01 9.859326481819152832e-01 2.874386310577392578e-01 2.410289645195007324e-01 7.542966604232788086e-01 3.541537523269653320e-01 1.260905861854553223e-01 1.000000000000000000e+00 1.000000000000000000e+00 1.000000000000000000e+00
5.728000998497009277e-01 3.268274068832397461e-01 6.641046404838562012e-01 2.039822340011596680e-01 3.115116953849792480e-01 3.664593100547790527e-01 5.713581442832946777e-01 6.659400463104248047e-02 4.773353934288024902e-01 1.000000000000000000e+00 1.000000000000000000e+00 1.000000000000000000e+00
3.470641970634460449e-01 8.726090192794799805e-01 2.896392345428466797e-02 6.968636512756347656e-01 8.306205272674560547e-02 9.326839447021484375e-01 1.627930998802185059e-01 6.521418690681457520e-01 4.389705061912536621e-01 0.000000000000000000e+00 0.000000000000000000e+00 0.000000000000000000e+00
1.025310307741165161e-01 2.920263409614562988e-01 3.124331831932067871e-01 4.112843871116638184e-01 1.334515213966369629e-01 4.308031797409057617e-01 7.246962785720825195e-01 1.247687339782714844e-01 2.842649817466735840e-01 0.000000000000000000e+00 0.000000000000000000e+00 0.000000000000000000e+00
6.193062067031860352e-01 8.373006582260131836e-01 2.366001605987548828e-01 7.080476880073547363e-01 3.149692416191101074e-01 8.008144497871398926e-01 8.359992504119873047e-01 3.109368681907653809e-01 7.501841187477111816e-01 0.000000000000000000e+00 0.000000000000000000e+00 0.000000000000000000e+00
3.631820380687713623e-01 8.871237635612487793e-01 5.615145564079284668e-01 3.830373883247375488e-01 4.171481132507324219e-01 8.222008943557739258e-01 9.215616583824157715e-01 8.439009785652160645e-01 9.169009923934936523e-01 0.000000000000000000e+00 0.000000000000000000e+00 0.000000000000000000e+00
9.939034581184387207e-01 3.078837990760803223e-01 7.497085928916931152e-01 9.765182137489318848e-01 7.305441498756408691e-01 3.283787369728088379e-01 6.141966581344604492e-02 3.303409814834594727e-01 8.088109493255615234e-01 0.000000000000000000e+00 1.000000000000000000e+00 0.000000000000000000e+00
8.205227851867675781e-01 5.479044914245605469e-01 5.774489045143127441e-01 7.806464433670043945e-01 2.586004137992858887e-01 3.653202652931213379e-01 1.019238829612731934e-01 6.185113191604614258e-01 6.875364780426025391e-01 0.000000000000000000e+00 0.000000000000000000e+00 0.000000000000000000e+00
9.798398613929748535e-01 3.544768095016479492e-01 1.229686737060546875e-01 9.746838808059692383e-01 9.251595735549926758e-01 7.467192411422729492e-01 5.307470560073852539e-01 2.897190451622009277e-01 5.888255238533020020e-01 0.000000000000000000e+00 0.000000000000000000e+00 0.000000000000000000e+00
4.294788241386413574e-01 3.682669997215270996e-01 9.306154251098632812e-01 3.840681314468383789e-01 1.828172802925109863e-01 9.413582086563110352e-01 7.761293053627014160e-01 1.261881589889526367e-01 6.769198775291442871e-01 1.000000000000000000e+00 1.000000000000000000e+00 1.000000000000000000e+00
9.571614861488342285e-01 3.047083020210266113e-01 4.983198046684265137e-01 9.105408787727355957e-01 6.561405062675476074e-01 6.414887309074401855e-01 5.274667143821716309e-01 2.836247086524963379e-01 5.106029510498046875e-01 0.000000000000000000e+00 0.000000000000000000e+00 0.000000000000000000e+00
3.818380534648895264e-01 7.649801969528198242e-01 2.148558497428894043e-01 1.114727258682250977e-01 1.457320451736450195e-01 3.334861993789672852e-02 7.972216010093688965e-01 9.283638000488281250e-01 9.361072778701782227e-01 0.000000000000000000e+00 0.000000000000000000e+00 0.000000000000000000e+00
8.471646904945373535e-01 2.002761363983154297e-01 2.233731746673583984e-01 4.391366243362426758e-01 5.920174121856689453e-01 2.171182036399841309e-01 3.380717635154724121e-01 7.547577023506164551e-01 3.004899621009826660e-01 1.000000000000000000e+00 0.000000000000000000e+00 0.000000000000000000e+00
5.867940783500671387e-01 5.292958021163940430e-01 3.623399734497070312e-01 5.066961050033569336e-01 2.886081337928771973e-01 5.885541439056396484e-03 7.745504975318908691e-01 5.432570576667785645e-01 1.734352111816406250e-01 1.000000000000000000e+00 1.000000000000000000e+00 1.000000000000000000e+00
9.081332087516784668e-01 4.005993008613586426e-01 8.338338732719421387e-01 5.498837232589721680e-01 7.528927922248840332e-01 8.307037353515625000e-01 2.834355831146240234e-02 2.634397149085998535e-01 6.283176541328430176e-01 0.000000000000000000e+00 0.000000000000000000e+00 0.000000000000000000e+00
9.061033725738525391e-01 5.827910304069519043e-01 9.200608730316162109e-01 8.134416937828063965e-01 5.924224853515625000e-01 1.570351123809814453e-01 2.721747159957885742e-01 4.811018109321594238e-01 1.060199737548828125e-01 0.000000000000000000e+00 1.000000000000000000e+00 0.000000000000000000e+00
2.164451330900192261e-01 9.750524759292602539e-01 1.966457962989807129e-01 2.533676028251647949e-01 1.129044294357299805e-01 7.000684738159179688e-01 3.348477482795715332e-01 6.652898788452148438e-01 7.470561265945434570e-01 1.000000000000000000e+00 1.000000000000000000e+00 1.000000000000000000e+00
9.822575449943542480e-01 4.062540531158447266e-01 4.567764401435852051e-01 9.260416626930236816e-01 9.617590308189392090e-01 8.771485686302185059e-01 1.119633316993713379e-01 9.243603348731994629e-01 6.706710457801818848e-01 0.000000000000000000e+00 0.000000000000000000e+00 0.000000000000000000e+00
6.706109642982482910e-01 4.830425977706909180e-02 5.702598690986633301e-01 1.876116991043090820e-01 6.189503073692321777e-01 9.237211346626281738e-01 3.142625093460083008e-01 1.547075510025024414e-01 6.934969425201416016e-01 0.000000000000000000e+00 0.000000000000000000e+00 0.000000000000000000e+00
6.884037852287292480e-01 5.233194828033447266e-01 8.752867579460144043e-01 5.890697240829467773e-01 2.768381834030151367e-01 4.644556641578674316e-01 3.119546175003051758e-01 5.678830146789550781e-01 3.340788483619689941e-01 1.000000000000000000e+00 0.000000000000000000e+00 0.000000000000000000e+00
4.990346133708953857e-01 2.830988764762878418e-01 6.585798263549804688e-01 3.638439774513244629e-01 1.146686077117919922e-01 8.565847277641296387e-01 7.580478787422180176e-01 3.419970273971557617e-01 7.655717730522155762e-01 0.000000000000000000e+00 0.000000000000000000e+00 0.000000000000000000e+00
1.959806978702545166e-01 9.896432161331176758e-01 9.858274459838867188e-01 6.507939100265502930e-02 1.966708898544311523e-02 9.436631202697753906e-02 3.621849417686462402e-01 3.527655601501464844e-01 2.068884968757629395e-01 0.000000000000000000e+00 1.000000000000000000e+00 0.000000000000000000e+00
8.495054244995117188e-01 8.193243145942687988e-01 3.904783725738525391e-01 8.593649864196777344e-01 7.874444723129272461e-01 6.088691353797912598e-01 2.414705157279968262e-01 7.245082855224609375e-01 3.708581328392028809e-01 0.000000000000000000e+00 0.000000000000000000e+00 0.000000000000000000e+00
2.417849302291870117e-01 2.327129840850830078e-01 3.535932302474975586e-02 1.897752285003662109e-01 6.568551659584045410e-01 3.351236581802368164e-01 5.501774549484252930e-01 6.601222753524780273e-01 7.616370916366577148e-02 0.000000000000000000e+00 0.000000000000000000e+00 0.000000000000000000e+00
6.845951676368713379e-01 7.981786131858825684e-01 1.872829198837280273e-01 6.457732319831848145e-01 4.172362685203552246e-01 1.823189854621887207e-01 9.251372814178466797e-01 3.276042938232421875e-01 9.283385872840881348e-01 0.000000000000000000e+00 0.000000000000000000e+00 0.000000000000000000e+00
2.643109261989593506e-01 3.170006871223449707e-01 1.469147205352783203e-01 3.641266226768493652e-01 9.587919712066650391e-02 1.851300001144409180e-01 6.472555994987487793e-01 3.804179430007934570e-01 5.551778078079223633e-01 0.000000000000000000e+00 1.000000000000000000e+00 0.000000000000000000e+00
1.246526390314102173e-01 6.213339567184448242e-01 4.631928801536560059e-01 4.295552968978881836e-01 1.431074142456054688e-01 9.193200469017028809e-01 3.787641525268554688e-01 9.983737468719482422e-01 2.310407161712646484e-02 0.000000000000000000e+00 1.000000000000000000e+00 0.000000000000000000e+00
2.195287942886352539e-01 6.286159157752990723e-01 8.706450462341308594e-03 1.485467553138732910e-01 5.302333831787109375e-02 3.510937690734863281e-01 7.492409944534301758e-01 8.449841737747192383e-01 9.457093477249145508e-01 0.000000000000000000e+00 0.000000000000000000e+00 0.000000000000000000e+00
6.236464977264404297e-01 2.503459453582763672e-01 5.695817470550537109e-01 1.702874302864074707e-01 3.246208429336547852e-01 3.852927684783935547e-02 4.523370265960693359e-01 9.857320785522460938e-01 9.642482995986938477e-01 0.000000000000000000e+00 0.000000000000000000e+00 0.000000000000000000e+00
5.314766168594360352e-01 2.799570560455322266e-01 7.605460286140441895e-01 3.248470425605773926e-01 2.033120989799499512e-01 8.893635869026184082e-01 7.202847003936767578e-01 2.368181943893432617e-02 5.343903303146362305e-01 1.000000000000000000e+00 0.000000000000000000e+00 0.000000000000000000e+00
9.443819522857666016e-01 4.017643928527832031e-01 8.337636590003967285e-01 9.447653889656066895e-01 9.257266521453857422e-01 9.046660065650939941e-01 9.951421618461608887e-01 1.188843846321105957e-01 8.806146383285522461e-01 0.000000000000000000e+00 0.000000000000000000e+00 0.000000000000000000e+00
6.316414475440979004e-01 6.468901634216308594e-01 6.695085763931274414e-02 7.733879089355468750e-01 3.258631825447082520e-01 8.781777620315551758e-01 9.106531143188476562e-01 2.315495610237121582e-01 9.956439733505249023e-01 1.000000000000000000e+00 0.000000000000000000e+00 0.000000000000000000e+00
7.739360928535461426e-01 1.146560907363891602e-01 7.079269886016845703e-01 3.643712997436523438e-01 3.988780379295349121e-01 8.212208151817321777e-01 8.983300328254699707e-01 5.575956106185913086e-01 3.968992233276367188e-01 0.000000000000000000e+00 0.000000000000000000e+00 0.000000000000000000e+00
5.958515405654907227e-01 7.895851731300354004e-01 6.105391383171081543e-01 4.050768017768859863e-01 5.790090560913085938e-01 8.274115324020385742e-01 5.656740069389343262e-01 7.194978594779968262e-01 6.390439867973327637e-01 0.000000000000000000e+00 0.000000000000000000e+00 0.000000000000000000e+00
9.176796674728393555e-01 7.584088444709777832e-01 5.022747516632080078e-01 9.409322142601013184e-01 6.151259541511535645e-01 7.957991957664489746e-01 8.256699442863464355e-01 6.748347878456115723e-01 7.486488819122314453e-01 0.000000000000000000e+00 0.000000000000000000e+00 0.000000000000000000e+00
1.112051680684089661e-01 1.466556787490844727e-01 8.882707357406616211e-02 4.714673757553100586e-02 4.954668283462524414e-01 3.365916013717651367e-01 2.267814874649047852e-01 5.689690709114074707e-01 2.546003460884094238e-01 1.000000000000000000e+00 1.000000000000000000e+00 1.000000000000000000e+00
9.065241217613220215e-01 7.278864383697509766e-01 7.218742966651916504e-01 9.712125658988952637e-01 2.784590721130371094e-01 2.475078701972961426e-01 2.299843430519104004e-01 8.384965658187866211e-01 7.519797682762145996e-01 0.000000000000000000e+00 1.000000000000000000e+00 0.000000000000000000e+00
2.738740742206573486e-01 2.788944840431213379e-01 3.884282708168029785e-01 9.252548217773437500e-02 6.472627520561218262e-01 7.609538435935974121e-01 5.014721751213073730e-01 9.179894328117370605e-01 7.250050902366638184e-01 0.000000000000000000e+00 1.000000000000000000e+00 0.000000000000000000e+00
9.768999814987182617e-01 5.797491073608398438e-01 9.304584860801696777e-01 9.311684966087341309e-01 8.165054917335510254e-01 2.307043075561523438e-01 6.921797990798950195e-02 4.046989083290100098e-01 7.712960243225097656e-01 0.000000000000000000e+00 1.000000000000000000e+00 0.000000000000000000e+00
8.400365114212036133e-01 7.067084312438964844e-01 9.124723076820373535e-01 2.465379238128662109e-01 6.976251602172851562e-01 4.648437500000000000e-01 4.393548369407653809e-01 1.872984170913696289e-01 8.290092349052429199e-01 0.000000000000000000e+00 0.000000000000000000e+00 0.000000000000000000e+00
7.198346853256225586e-01 3.759129047393798828e-01 7.592933773994445801e-01 2.643160820007324219e-01 3.090169429779052734e-01 2.014271616935729980e-01 2.567213773727416992e-02 2.613992691040039062e-01 3.592348098754882812e-01 1.000000000000000000e+00 0.000000000000000000e+00 0.000000000000000000e+00
7.778292298316955566e-01 8.788801431655883789e-01 5.810130238533020020e-01 7.867929339408874512e-01 6.324712634086608887e-01 9.810368418693542480e-01 8.109862208366394043e-01 8.841748833656311035e-01 9.763524532318115234e-01 0.000000000000000000e+00 0.000000000000000000e+00 0.000000000000000000e+00
7.296251654624938965e-01 7.938668131828308105e-01 3.286553621292114258e-01 3.387672305107116699e-01 7.366852760314941406e-01 3.218752145767211914e-01 4.572288393974304199e-01 1.537502408027648926e-01 1.581664085388183594e-01 1.000000000000000000e+00 0.000000000000000000e+00 0.000000000000000000e+00
8.723393678665161133e-01 8.819440603256225586e-01 8.135756254196166992e-01 8.407140374183654785e-01 8.327974677085876465e-01 7.046908140182495117e-01 1.511706709861755371e-01 2.437245249748229980e-01 4.075418114662170410e-01 0.000000000000000000e+00 0.000000000000000000e+00 0.000000000000000000e+00
8.522182703018188477e-01 8.298735618591308594e-01 3.985928893089294434e-01 3.924161791801452637e-01 9.898658394813537598e-01 1.303693056106567383e-01 6.859773993492126465e-01 5.912294983863830566e-01 8.116430044174194336e-02 0.000000000000000000e+00 0.000000000000000000e+00 0.000000000000000000e+00
4.646252393722534180e-01 9.728864431381225586e-01 5.179357528686523438e-01 6.274500489234924316e-01 1.966443061828613281e-01 9.414249658584594727e-01 1.280919909477233887e-01 1.561218500137329102e-02 3.250795602798461914e-02 1.000000000000000000e+00 0.000000000000000000e+00 0.000000000000000000e+00
8.179649710655212402e-01 3.829679489135742188e-01 3.175334930419921875e-01 6.802306175231933594e-01 2.250856161117553711e-02 1.420876383781433105e-01 4.104027748107910156e-01 2.252256870269775391e-01 1.475495100021362305e-01 0.000000000000000000e+00 0.000000000000000000e+00 0.000000000000000000e+00
7.883902788162231445e-01 9.135152101516723633e-01 9.360003471374511719e-02 5.799429416656494141e-01 9.140235185623168945e-01 7.497170567512512207e-01 6.405861973762512207e-01 3.446632027626037598e-01 8.381779789924621582e-01 0.000000000000000000e+00 0.000000000000000000e+00 0.000000000000000000e+00
9.063753485679626465e-01 5.168172121047973633e-01 8.494346737861633301e-01 6.232188344001770020e-01 8.034427762031555176e-01 3.917031884193420410e-01 7.768667340278625488e-01 8.036090731620788574e-01 3.266674280166625977e-01 0.000000000000000000e+00 0.000000000000000000e+00 0.000000000000000000e+00
9.392175078392028809e-01 7.839268445968627930e-02 7.889159321784973145e-01 5.542848706245422363e-01 9.006127715110778809e-01 7.574841976165771484e-01 9.994636178016662598e-01 2.921755909919738770e-01 3.787695765495300293e-01 0.000000000000000000e+00 1.000000000000000000e+00 0.000000000000000000e+00
2.199658751487731934e-01 7.565650343894958496e-01 2.189677953720092773e-01 7.874161005020141602e-02 7.703024148941040039e-02 4.038635492324829102e-01 9.390513300895690918e-01 1.598060131072998047e-02 3.715026378631591797e-01 1.000000000000000000e+00 0.000000000000000000e+00 0.000000000000000000e+00
8.779095411300659180e-01 2.463745474815368652e-01 4.019876718521118164e-01 6.946369409561157227e-01 3.630518317222595215e-01 5.317293405532836914e-01 1.949215531349182129e-01 1.096376776695251465e-01 9.330779314041137695e-01 1.000000000000000000e+00 1.000000000000000000e+00 1.000000000000000000e+00
7.642384171485900879e-01 6.683112978935241699e-01 9.521591067314147949e-01 9.539601206779479980e-01 2.879057526588439941e-01 5.221733450889587402e-01 8.668784499168395996e-01 5.265463590621948242e-01 1.224929690361022949e-01 0.000000000000000000e+00 1.000000000000000000e+00 0.000000000000000000e+00
4.212119579315185547e-01 7.805374860763549805e-01 6.416146755218505859e-01 3.709704875946044922e-01 7.716697454452514648e-02 7.057041525840759277e-01 5.469609498977661133e-01 3.979399800300598145e-01 3.850696682929992676e-01 0.000000000000000000e+00 0.000000000000000000e+00 0.000000000000000000e+00
8.492404818534851074e-01 7.979970574378967285e-01 8.421785831451416016e-01 9.234278202056884766e-01 6.228793859481811523e-01 3.477097153663635254e-01 6.629065275192260742e-01 2.585318684577941895e-01 5.006030797958374023e-01 0.000000000000000000e+00 0.000000000000000000e+00 0.000000000000000000e+00
3.329637944698333740e-01 3.061154484748840332e-01 1.603009104728698730e-01 1.526039838790893555e-02 7.785640358924865723e-01 1.212888956069946289e-02 8.876472115516662598e-01 2.776922583580017090e-01 7.296353578567504883e-01 0.000000000000000000e+00 1.000000000000000000e+00 0.000000000000000000e+00
7.740421891212463379e-01 3.751710057258605957e-01 6.808363199234008789e-01 6.964834928512573242e-01 4.787117242813110352e-02 8.239804506301879883e-01 7.580786347389221191e-01 9.282622933387756348e-01 7.946106195449829102e-01 0.000000000000000000e+00 0.000000000000000000e+00 0.000000000000000000e+00
6.248486638069152832e-01 6.690779924392700195e-01 5.270597934722900391e-01 3.927446007728576660e-01 8.505066037178039551e-01 6.715386509895324707e-01 2.259929776191711426e-01 9.228913187980651855e-01 4.863041043281555176e-01 0.000000000000000000e+00 0.000000000000000000e+00 0.000000000000000000e+00
9.615858793258666992e-01 7.505139708518981934e-01 7.376194000244140625e-01 9.180034399032592773e-01 7.104976773262023926e-01 9.948551654815673828e-02 1.943044066429138184e-01 7.758849263191223145e-01 3.058746457099914551e-01 1.000000000000000000e+00 0.000000000000000000e+00 0.000000000000000000e+00
6.693670749664306641e-01 2.449303865432739258e-02 4.067158699035644531e-02 4.530081152915954590e-01 1.739230751991271973e-01 3.481338620185852051e-01 4.104399681091308594e-02 1.007819175720214844e-02 6.313624978065490723e-01 1.000000000000000000e+00 0.000000000000000000e+00 0.000000000000000000e+00
6.745666861534118652e-01 1.781042218208312988e-01 5.134344100952148438e-03 4.882642626762390137e-01 5.345742106437683105e-01 1.162290573120117188e-01 3.694220185279846191e-01 4.308146238327026367e-02 3.860173225402832031e-01 0.000000000000000000e+00 0.000000000000000000e+00 0.000000000000000000e+00
7.403563857078552246e-01 7.047361135482788086e-01 6.582500934600830078e-01 6.906719207763671875e-01 5.870257616043090820e-01 9.271968007087707520e-01 7.622456550598144531e-01 2.890153527259826660e-01 1.910947561264038086e-01 1.000000000000000000e+00 0.000000000000000000e+00 0.000000000000000000e+00
9.522032737731933594e-01 4.139739274978637695e-02 4.926961660385131836e-01 4.148485660552978516e-01 9.822747111320495605e-01 4.697781801223754883e-01 8.365229964256286621e-01 9.063132405281066895e-01 6.724475026130676270e-01 0.000000000000000000e+00 0.000000000000000000e+00 0.000000000000000000e+00
1.818742752075195312e-01 2.275220155715942383e-01 5.356585979461669922e-02 2.854720950126647949e-01 3.076578974723815918e-01 7.957569360733032227e-01 3.619772791862487793e-01 4.615781307220458984e-01 3.412918448448181152e-01 0.000000000000000000e+00 1.000000000000000000e+00 0.000000000000000000e+00
9.837189316749572754e-01 1.979516148567199707e-01 5.863972902297973633e-01 9.739937186241149902e-01 3.797016143798828125e-01 4.509256482124328613e-01 5.194602608680725098e-01 4.723210334777832031e-01 5.638986825942993164e-01 0.000000000000000000e+00 1.000000000000000000e+00 0.000000000000000000e+00
7.077584266662597656e-01 3.953369259834289551e-01 7.333740592002868652e-01 3.966212272644042969e-02 9.535510540008544922e-01 8.310633897781372070e-01 3.147536516189575195e-02 6.094992756843566895e-01 1.969558000564575195e-02 1.000000000000000000e+00 0.000000000000000000e+00 0.000000000000000000e+00
9.876992702484130859e-01 9.814417362213134766e-02 5.492513775825500488e-01 8.555376529693603516e-01 3.394092917442321777e-01 2.707880735397338867e-02 6.564786434173583984e-01 3.462720513343811035e-01 4.297496080398559570e-01 0.000000000000000000e+00 1.000000000000000000e+00 0.000000000000000000e+00
9.784768223762512207e-01 3.077043890953063965e-01 9.840511083602905273e-01 5.173434615135192871e-01 5.353634357452392578e-01 1.867195963859558105e-01 7.616591453552246094e-02 2.824097871780395508e-02 8.792995810508728027e-01 0.000000000000000000e+00 0.000000000000000000e+00 0.000000000000000000e+00
2.346919178962707520e-01 4.984685182571411133e-01 4.524370431900024414e-01 3.426288366317749023e-01 4.645960330963134766e-01 2.571057677268981934e-01 4.025850892066955566e-01 6.351066231727600098e-01 7.820485234260559082e-01 0.000000000000000000e+00 0.000000000000000000e+00 0.000000000000000000e+00
5.819065570831298828e-01 6.243959665298461914e-01 2.747486829757690430e-01 2.852888107299804688e-01 6.126762628555297852e-01 1.232246160507202148e-01 9.139329195022583008e-01 2.581275701522827148e-01 9.046102166175842285e-01 1.000000000000000000e+00 0.000000000000000000e+00 0.000000000000000000e+00
6.602804064750671387e-01 4.349189400672912598e-01 4.988890290260314941e-01 5.150415301322937012e-01 2.305175065994262695e-01 2.121552824974060059e-01 8.582257628440856934e-01 2.866770625114440918e-01 9.887989163398742676e-01 0.000000000000000000e+00 0.000000000000000000e+00 0.000000000000000000e+00
7.449030280113220215e-01 9.394101500511169434e-01 2.231340408325195312e-01 9.347784519195556641e-02 7.068836688995361328e-01 1.129567027091979980e-01 3.562836647033691406e-01 6.245347857475280762e-01 8.506866097450256348e-01 1.000000000000000000e+00 0.000000000000000000e+00 0.000000000000000000e+00
9.984354376792907715e-01 8.941286802291870117e-02 2.030258774757385254e-01 9.900144338607788086e-01 5.685040950775146484e-01 4.056265354156494141e-01 7.835400104522705078e-01 7.026646137237548828e-01 7.963148951530456543e-01 0.000000000000000000e+00 0.000000000000000000e+00 0.000000000000000000e+00
9.945511221885681152e-01 2.415904998779296875e-01 6.332983970642089844e-01 8.832263350486755371e-01 1.309569478034973145e-01 3.186202049255371094e-02 2.829595208168029785e-01 5.953567624092102051e-01 8.457437157630920410e-01 0.000000000000000000e+00 0.000000000000000000e+00 0.000000000000000000e+00
9.718476533889770508e-01 8.938312530517578125e-04 3.474125266075134277e-01 9.327054023742675781e-01 1.617363691329956055e-01 8.102657794952392578e-01 6.602233052253723145e-01 9.775611758232116699e-01 2.399019598960876465e-01 0.000000000000000000e+00 0.000000000000000000e+00 0.000000000000000000e+00
1.678517758846282959e-01 1.090036630630493164e-01 4.507872462272644043e-01 3.514575362205505371e-01 6.283336877822875977e-02 2.019049525260925293e-01 4.602276682853698730e-01 2.985295653343200684e-01 1.811264753341674805e-01 0.000000000000000000e+00 0.000000000000000000e+00 0.000000000000000000e+00
4.350928664207458496e-01 7.697254419326782227e-01 9.896187782287597656e-01 6.288718581199645996e-01 8.941519260406494141e-02 9.714583158493041992e-01 7.080674171447753906e-01 7.221501469612121582e-01 8.203577399253845215e-01 0.000000000000000000e+00 0.000000000000000000e+00 0.000000000000000000e+00
3.192707300186157227e-01 5.230878591537475586e-01 6.175566911697387695e-01 1.830853223800659180e-01 3.767412900924682617e-01 4.560061693191528320e-01 1.698986291885375977e-01 9.369933605194091797e-01 4.644461274147033691e-01 1.000000000000000000e+00 0.000000000000000000e+00 0.000000000000000000e+00
3.772706389427185059e-01 1.432726979255676270e-01 5.158673524856567383e-01 1.802616715431213379e-01 1.442652344703674316e-01 6.999475359916687012e-01 8.096604347229003906e-01 9.642444252967834473e-01 8.580572605133056641e-01 0.000000000000000000e+00 0.000000000000000000e+00 0.000000000000000000e+00
7.659314274787902832e-01 3.491371273994445801e-01 6.289924383163452148e-01 5.067704916000366211e-01 4.663730859756469727e-01 5.463894009590148926e-01 2.198391556739807129e-01 6.720347404479980469e-01 9.190678596496582031e-03 0.000000000000000000e+00 0.000000000000000000e+00 0.000000000000000000e+00
9.733865261077880859e-01 5.101646780967712402e-01 9.426489472389221191e-01 2.894369959831237793e-01 7.461379170417785645e-01 1.895427703857421875e-05 8.122903704643249512e-01 8.007336258888244629e-01 3.612522482872009277e-01 0.000000000000000000e+00 0.000000000000000000e+00 0.000000000000000000e+00
3.704428970813751221e-01 5.026057958602905273e-01 8.046771883964538574e-01 1.679390668869018555e-01 1.598531603813171387e-01 6.734557151794433594e-01 9.937898516654968262e-01 9.142029881477355957e-01 2.033512592315673828e-01 0.000000000000000000e+00 1.000000000000000000e+00 0.000000000000000000e+00
4.231328070163726807e-01 6.742992997169494629e-01 3.617281317710876465e-01 2.242460846900939941e-01 6.662606596946716309e-01 5.259413123130798340e-01 1.675736308097839355e-01 3.154300451278686523e-01 5.834178924560546875e-01 0.000000000000000000e+00 0.000000000000000000e+00 0.000000000000000000e+00
9.129260182380676270e-01 4.186068177223205566e-01 7.420457601547241211e-01 5.272860527038574219e-01 4.956848621368408203e-01 1.508704423904418945e-01 7.260735630989074707e-01 9.163112044334411621e-01 7.338001132011413574e-01 0.000000000000000000e+00 0.000000000000000000e+00 0.000000000000000000e+00
9.488578140735626221e-02 8.142058849334716797e-01 1.900660395622253418e-01 4.764473438262939453e-01 6.588137149810791016e-02 5.614407062530517578e-01 1.439774036407470703e-01 7.214410901069641113e-01 8.641278147697448730e-01 0.000000000000000000e+00 1.000000000000000000e+00 0.000000000000000000e+00
7.451531887054443359e-01 1.109701395034790039e-01 7.252182364463806152e-01 2.787330746650695801e-01 4.432853460311889648e-01 9.968150258064270020e-01 6.856464147567749023e-01 5.449485182762145996e-01 7.183765769004821777e-01 1.000000000000000000e+00 0.000000000000000000e+00 0.000000000000000000e+00
9.971006512641906738e-01 4.417526125907897949e-01 4.101156592369079590e-01 8.402812480926513672e-01 9.970616102218627930e-01 2.438789606094360352e-02 5.404627323150634766e-02 3.453582525253295898e-02 3.267328143119812012e-01 1.000000000000000000e+00 0.000000000000000000e+00 0.000000000000000000e+00
4.155000150203704834e-01 6.389558315277099609e-01 9.882587194442749023e-01 3.223561644554138184e-01 3.900687694549560547e-01 8.443123698234558105e-01 7.817638516426086426e-01 3.497642278671264648e-01 7.845369577407836914e-01 1.000000000000000000e+00 0.000000000000000000e+00 0.000000000000000000e+00
6.182359457015991211e-01 9.153622388839721680e-01 9.416383504867553711e-01 2.596417665481567383e-01 7.055109739303588867e-01 4.970500469207763672e-01 6.374989151954650879e-01 9.709816575050354004e-01 6.970245838165283203e-01 0.000000000000000000e+00 0.000000000000000000e+00 0.000000000000000000e+00
9.109266400337219238e-01 6.304047703742980957e-01 7.060325741767883301e-01 7.760441303253173828e-01 8.311587572097778320e-01 3.630047440528869629e-01 8.893290758132934570e-01 2.122999429702758789e-01 5.085553526878356934e-01 0.000000000000000000e+00 0.000000000000000000e+00 0.000000000000000000e+00
8.949062824249267578e-01 9.700601696968078613e-01 1.656457781791687012e-01 7.679188847541809082e-01 8.779450058937072754e-01 7.040665149688720703e-01 5.241769552230834961e-02 7.403944134712219238e-01 3.882308602333068848e-01 0.000000000000000000e+00 0.000000000000000000e+00 0.000000000000000000e+00
2.839197814464569092e-01 7.137244343757629395e-01 1.104747653007507324e-01 7.492572069168090820e-02 1.853788495063781738e-01 5.942038893699645996e-01 9.539645314216613770e-01 7.150649428367614746e-01 5.579447150230407715e-01 1.000000000000000000e+00 0.000000000000000000e+00 0.000000000000000000e+00
3.447090089321136475e-01 8.300611376762390137e-01 4.855489730834960938e-02 4.013937711715698242e-01 1.369951367378234863e-01 9.555574059486389160e-01 6.055598258972167969e-01 5.433685183525085449e-01 8.183293938636779785e-01 1.000000000000000000e+00 0.000000000000000000e+00 0.000000000000000000e+00
1.893930733203887939e-01 9.257587194442749023e-01 1.553491353988647461e-01 1.081302165985107422e-01 1.931368112564086914e-01 3.075327277183532715e-01 7.607454061508178711e-01 9.225867390632629395e-01 4.027059078216552734e-01 0.000000000000000000e+00 0.000000000000000000e+00 0.000000000000000000e+00
6.762235164642333984e-01 5.754066109657287598e-01 7.753528952598571777e-01 7.643669247627258301e-01 1.169939637184143066e-01 4.130620956420898438e-01 6.741308569908142090e-01 6.217074394226074219e-02 5.291686654090881348e-01 1.000000000000000000e+00 1.000000000000000000e+00 1.000000000000000000e+00
9.111006855964660645e-01 1.243799924850463867e-02 7.011792063713073730e-01 1.559017300605773926e-01 6.740384697914123535e-01 6.420288681983947754e-01 8.735042810440063477e-02 7.893386483192443848e-01 7.669168114662170410e-01 0.000000000000000000e+00 0.000000000000000000e+00 0.000000000000000000e+00
8.135753870010375977e-01 6.554163694381713867e-01 4.537180662155151367e-01 7.011991739273071289e-01 4.304968714714050293e-01 7.402300834655761719e-02 7.492820620536804199e-01 4.958202242851257324e-01 2.736054658889770508e-01 1.000000000000000000e+00 0.000000000000000000e+00 0.000000000000000000e+00
9.533645510673522949e-01 8.158323764801025391e-01 4.038778543472290039e-01 8.548778295516967773e-01 8.019783496856689453e-01 2.366346120834350586e-02 7.947362065315246582e-01 3.479917049407958984e-01 1.321943402290344238e-01 0.000000000000000000e+00 0.000000000000000000e+00 0.000000000000000000e+00
9.283508658409118652e-01 1.595848202705383301e-01 8.841701745986938477e-01 4.242244958877563477e-01 4.606286287307739258e-01 6.647050976753234863e-01 8.465979695320129395e-01 9.523553848266601562e-01 9.601891636848449707e-01 0.000000000000000000e+00 0.000000000000000000e+00 0.000000000000000000e+00
4.110115170478820801e-01 5.888420939445495605e-01 4.372718334197998047e-01 5.057289600372314453e-01 2.839128971099853516e-01 7.461848258972167969e-01 4.296696782112121582e-01 3.546835780143737793e-01 1.614713072776794434e-01 0.000000000000000000e+00 0.000000000000000000e+00 0.000000000000000000e+00
5.139596462249755859e-01 9.312602281570434570e-01 1.843202114105224609e-01 3.195811510086059570e-01 6.061164736747741699e-01 8.952063918113708496e-01 9.890835881233215332e-01 1.609902381896972656e-01 1.056821942329406738e-01 1.000000000000000000e+00 0.000000000000000000e+00 0.000000000000000000e+00
8.576304912567138672e-01 6.687757968902587891e-01 6.283783912658691406e-01 5.994647145271301270e-01 6.197067499160766602e-01 1.397017240524291992e-01 6.217149496078491211e-01 5.608304142951965332e-01 7.637132406234741211e-01 0.000000000000000000e+00 0.000000000000000000e+00 0.000000000000000000e+00
3.177988827228546143e-01 6.498664021492004395e-01 3.753569722175598145e-01 2.387230396270751953e-01 4.584544301033020020e-01 9.225894212722778320e-01 9.684715867042541504e-01 3.974002599716186523e-01 7.242006063461303711e-02 1.000000000000000000e+00 1.000000000000000000e+00 1.000000000000000000e+00
7.641216516494750977e-01 4.905276298522949219e-01 6.655782461166381836e-01 2.219278216361999512e-01 9.116976261138916016e-01 8.317613005638122559e-01 8.116633892059326172e-01 2.661396265029907227e-01 2.142472863197326660e-01 1.000000000000000000e+00 1.000000000000000000e+00 1.000000000000000000e+00
5.652152895927429199e-01 3.638278245925903320e-01 7.213960289955139160e-01 2.613487839698791504e-01 4.429842233657836914e-01 6.787827610969543457e-01 9.558754563331604004e-01 2.398867607116699219e-01 1.132010221481323242e-01 0.000000000000000000e+00 1.000000000000000000e+00 0.000000000000000000e+00
9.950851798057556152e-01 1.333810687065124512e-01 3.160614967346191406e-01 9.989999532699584961e-01 1.842175722122192383e-01 2.097564935684204102e-01 8.681849837303161621e-01 8.929399251937866211e-01 7.425416707992553711e-01 0.000000000000000000e+00 0.000000000000000000e+00 0.000000000000000000e+00
7.473746538162231445e-01 4.244599938392639160e-01 2.166032195091247559e-01 7.240280508995056152e-01 9.903275966644287109e-02 1.573688983917236328e-01 8.685131072998046875e-01 4.005906581878662109e-01 7.791751623153686523e-01 1.000000000000000000e+00 1.000000000000000000e+00 1.000000000000000000e+00
5.732793807983398438e-01 5.471520423889160156e-01 5.959906578063964844e-01 4.577994942665100098e-01 7.991021275520324707e-01 9.538018703460693359e-01 5.106997489929199219e-01 5.616165995597839355e-01 5.599408149719238281e-01 0.000000000000000000e+00 0.000000000000000000e+00 0.000000000000000000e+00
9.944504499435424805e-01 3.477056622505187988e-01 8.743387460708618164e-02 7.713602185249328613e-01 8.459410667419433594e-01 2.198734283447265625e-01 4.367421269416809082e-01 6.815751194953918457e-01 4.469622373580932617e-01 0.000000000000000000e+00 0.000000000000000000e+00 0.000000000000000000e+00
9.072614908218383789e-01 1.542393565177917480e-01 5.295282006263732910e-01 6.867910623550415039e-01 2.081861495971679688e-01 1.872422099113464355e-01 7.044792175292968750e-02 8.543441295623779297e-01 4.636572003364562988e-01 0.000000000000000000e+00 0.000000000000000000e+00 0.000000000000000000e+00
3.714176714420318604e-01 6.045700907707214355e-01 8.188406825065612793e-01 3.178964257240295410e-01 2.063893079757690430e-01 7.728360891342163086e-01 4.528163671493530273e-01 6.892740726470947266e-02 3.244223594665527344e-01 1.000000000000000000e+00 0.000000000000000000e+00 0.000000000000000000e+00
9.413892030715942383e-01 4.326817989349365234e-01 1.104879379272460938e-02 9.104040265083312988e-01 4.514923095703125000e-01 5.128070116043090820e-01 6.338727474212646484e-01 8.854148387908935547e-01 3.143103718757629395e-01 0.000000000000000000e+00 0.000000000000000000e+00 0.000000000000000000e+00
7.763892412185668945e-01 2.776339650154113770e-01 8.427118062973022461e-01 2.717334032058715820e-01 3.662690520286560059e-01 3.783762454986572266e-01 9.634933471679687500e-01 8.455572724342346191e-01 6.749664545059204102e-01 0.000000000000000000e+00 0.000000000000000000e+00 0.000000000000000000e+00
1.051311269402503967e-01 2.228649854660034180e-01 3.865003585815429688e-03 2.071935534477233887e-01 2.012322545051574707e-01 9.576082229614257812e-01 4.879259467124938965e-01 3.467407226562500000e-01 3.339272737503051758e-01 0.000000000000000000e+00 0.000000000000000000e+00 0.000000000000000000e+00
7.333626747131347656e-01 5.170271992683410645e-01 8.691588640213012695e-01 4.883724451065063477e-01 5.666307806968688965e-01 7.180076837539672852e-01 5.658594369888305664e-01 7.007297873497009277e-01 4.238209128379821777e-01 0.000000000000000000e+00 0.000000000000000000e+00 0.000000000000000000e+00
3.199648857116699219e-01 9.384667277336120605e-01 5.785215497016906738e-01 5.159914493560791016e-03 1.439633369445800781e-01 9.589118957519531250e-01 7.037751674652099609e-01 5.061915516853332520e-01 3.148278594017028809e-01 0.000000000000000000e+00 1.000000000000000000e+00 0.000000000000000000e+00
8.760467171669006348e-01 9.788591265678405762e-01 7.094130516052246094e-01 9.931026101112365723e-01 4.187971353530883789e-01 5.045945048332214355e-01 9.174188375473022461e-01 3.755888938903808594e-01 5.483809709548950195e-01 0.000000000000000000e+00 0.000000000000000000e+00 0.000000000000000000e+00
8.856914043426513672e-01 6.086260080337524414e-02 3.993039727210998535e-01 5.664247274398803711e-01 3.722019791603088379e-01 5.137449502944946289e-02 7.285515069961547852e-01 9.469094276428222656e-01 5.317541956901550293e-01 0.000000000000000000e+00 0.000000000000000000e+00 0.000000000000000000e+00
