2.975968420505523682e-01 6.290397644042968750e-01 3.943958282470703125e-01 5.950093269348144531e-01 1.134942173957824707e-01 7.927317619323730469e-01 6.177976727485656738e-01 6.747613549232482910e-01 9.383126497268676758e-01 0.000000000000000000e+00 1.000000000000000000e+00 0.000000000000000000e+00
9.115284085273742676e-01 5.423753261566162109e-01 1.408815383911132812e-01 7.944225072860717773e-01 7.163083553314208984e-01 5.830659866333007812e-01 8.810097575187683105e-01 9.982919096946716309e-01 8.323385715484619141e-01 0.000000000000000000e+00 0.000000000000000000e+00 0.000000000000000000e+00
9.989172220230102539e-01 1.532838940620422363e-01 7.866319417953491211e-01 9.673357009887695312e-01 5.622448921203613281e-01 4.151284694671630859e-02 1.406958699226379395e-01 9.628455638885498047e-01 2.655895948410034180e-01 0.000000000000000000e+00 0.000000000000000000e+00 0.000000000000000000e+00
3.950304090976715088e-01 2.124483585357666016e-01 4.738810658454895020e-01 2.806252241134643555e-01 5.746629834175109863e-01 4.609723687171936035e-01 3.780723810195922852e-01 2.012352347373962402e-01 5.562638640403747559e-01 0.000000000000000000e+00 0.000000000000000000e+00 0.000000000000000000e+00
6.432559490203857422e-01 4.044141769409179688e-01 2.629439830780029297e-01 1.390836834907531738e-01 9.489710330963134766e-01 2.194023132324218750e-02 4.278950095176696777e-01 1.204293966293334961e-01 1.620035171508789062e-01 0.000000000000000000e+00 0.000000000000000000e+00 0.000000000000000000e+00
4.819942116737365723e-01 5.489186644554138184e-01 2.601054310798645020e-01 7.026435732841491699e-01 2.402947545051574707e-01 9.824621081352233887e-01 4.715395569801330566e-01 5.494129657745361328e-01 1.949648857116699219e-01 1.000000000000000000e+00 1.000000000000000000e+00 1.000000000000000000e+00
7.815806269645690918e-01 9.499597549438476562e-02 5.509368777275085449e-01 4.817615747451782227e-01 2.866430878639221191e-01 6.678684949874877930e-01 9.617519378662109375e-02 4.048711061477661133e-02 2.124810814857482910e-01 0.000000000000000000e+00 1.000000000000000000e+00 0.000000000000000000e+00
7.397261857986450195e-01 6.380760669708251953e-02 2.232412695884704590e-01 6.688107252120971680e-01 1.612788438796997070e-02 7.789439558982849121e-01 6.053295135498046875e-01 3.392326831817626953e-01 7.058950662612915039e-01 1.000000000000000000e+00 0.000000000000000000e+00 0.000000000000000000e+00
4.703840017318725586e-01 1.976497173309326172e-01 6.170179843902587891e-01 6.219315528869628906e-02 2.189229726791381836e-01 8.442060351371765137e-01 2.140593528747558594e-02 3.004518747329711914e-01 8.006653189659118652e-01 0.000000000000000000e+00 1.000000000000000000e+00 0.000000000000000000e+00
8.844288587570190430e-01 3.267944455146789551e-01 6.769811511039733887e-01 2.835398912429809570e-01 9.039633274078369141e-01 3.887729048728942871e-01 4.407619237899780273e-01 8.304744958877563477e-01 8.456570506095886230e-01 0.000000000000000000e+00 0.000000000000000000e+00 0.000000000000000000e+00
4.841249883174896240e-01 6.882292032241821289e-01 5.792468786239624023e-01 4.864108562469482422e-01 7.717514038085937500e-02 7.087351679801940918e-01 5.879125595092773438e-01 3.932962417602539062e-01 4.680323600769042969e-01 0.000000000000000000e+00 0.000000000000000000e+00 0.000000000000000000e+00
4.432075023651123047e-01 3.971807956695556641e-01 2.319632172584533691e-01 4.599907994270324707e-01 8.460282087326049805e-01 5.136576294898986816e-01 5.392032265663146973e-01 3.614908456802368164e-01 6.531265974044799805e-01 1.000000000000000000e+00 0.000000000000000000e+00 0.000000000000000000e+00
8.618285059928894043e-01 3.076186776161193848e-01 3.958664536476135254e-01 6.421353816986083984e-01 7.131639719009399414e-01 3.324493765830993652e-01 1.587516665458679199e-01 1.083457469940185547e-01 4.407867193222045898e-01 0.000000000000000000e+00 0.000000000000000000e+00 0.000000000000000000e+00
8.876526951789855957e-01 1.161086559295654297e-01 9.373388886451721191e-01 3.790382146835327148e-01 4.460356831550598145e-01 6.780411601066589355e-01 4.171548485755920410e-01 6.703518629074096680e-01 6.339309811592102051e-01 0.000000000000000000e+00 0.000000000000000000e+00 0.000000000000000000e+00
8.775868415832519531e-01 2.982937097549438477e-01 8.511617779731750488e-01 5.053754448890686035e-01 7.385889291763305664e-01 5.916851758956909180e-01 5.835506916046142578e-01 5.820298790931701660e-01 5.357868671417236328e-01 1.000000000000000000e+00 1.000000000000000000e+00 1.000000000000000000e+00
2.081315666437149048e-01 5.786595344543457031e-01 1.469221711158752441e-01 3.973004817962646484e-01 2.683938145637512207e-01 5.202049612998962402e-01 5.421955585479736328e-01 6.503568887710571289e-01 2.960631847381591797e-01 0.000000000000000000e+00 0.000000000000000000e+00 0.000000000000000000e+00
6.166788935661315918e-01 3.095241189002990723e-01 4.991058707237243652e-01 9.944689273834228516e-02 7.591289877891540527e-01 8.789583444595336914e-01 6.944482922554016113e-01 8.742991685867309570e-01 5.862241387367248535e-01 0.000000000000000000e+00 0.000000000000000000e+00 0.000000000000000000e+00
8.855054378509521484e-01 6.704273819923400879e-01 6.529294252395629883e-01 5.333200097084045410e-01 9.614280462265014648e-01 2.682371735572814941e-01 1.239646077156066895e-01 5.778539776802062988e-01 6.521322131156921387e-01 0.000000000000000000e+00 0.000000000000000000e+00 0.000000000000000000e+00
8.952971100807189941e-01 8.315315246582031250e-01 6.026854515075683594e-01 6.916604638099670410e-01 9.195229411125183105e-01 9.112350344657897949e-01 9.948203563690185547e-01 8.499699831008911133e-01 3.574967384338378906e-01 0.000000000000000000e+00 0.000000000000000000e+00 0.000000000000000000e+00
7.121543288230895996e-01 3.832006454467773438e-02 1.059079170227050781e-02 3.234790563583374023e-01 7.450315356254577637e-01 8.992845416069030762e-01 6.961514949798583984e-01 6.245790719985961914e-01 7.169862389564514160e-01 1.000000000000000000e+00 0.000000000000000000e+00 0.000000000000000000e+00
9.950808286666870117e-01 3.174338936805725098e-01 6.678032279014587402e-01 8.175559639930725098e-01 9.033302068710327148e-01 2.837485671043395996e-01 2.506926655769348145e-01 5.735642910003662109e-01 7.016437053680419922e-01 0.000000000000000000e+00 0.000000000000000000e+00 0.000000000000000000e+00
9.933776259422302246e-01 3.314678668975830078e-01 9.333928823471069336e-01 7.532999515533447266e-01 7.978766560554504395e-01 2.385698556900024414e-01 9.495931267738342285e-01 7.004559040069580078e-03 5.102481245994567871e-01 0.000000000000000000e+00 1.000000000000000000e+00 0.000000000000000000e+00
3.229396641254425049e-01 6.141355037689208984e-01 1.125971674919128418e-01 2.104882597923278809e-01 4.492411613464355469e-01 4.333131909370422363e-01 7.055067420005798340e-01 2.252064347267150879e-01 7.500297427177429199e-01 0.000000000000000000e+00 0.000000000000000000e+00 0.000000000000000000e+00
9.491179585456848145e-01 1.793349385261535645e-01 4.325272440910339355e-01 7.294599413871765137e-01 9.747685194015502930e-01 7.892879843711853027e-01 9.878790974617004395e-01 7.672315239906311035e-01 4.760503768920898438e-01 0.000000000000000000e+00 0.000000000000000000e+00 0.000000000000000000e+00
9.178040623664855957e-01 9.620936512947082520e-01 6.724368333816528320e-01 9.540878534317016602e-01 3.733431696891784668e-01 3.674306869506835938e-01 7.503446340560913086e-01 6.994010806083679199e-01 1.405795812606811523e-01 0.000000000000000000e+00 0.000000000000000000e+00 0.000000000000000000e+00
2.699249982833862305e-01 4.548965096473693848e-01 1.625635623931884766e-01 2.730323076248168945e-01 6.189653277397155762e-01 5.805565118789672852e-01 5.260056853294372559e-01 4.445441961288452148e-01 5.499375462532043457e-01 1.000000000000000000e+00 0.000000000000000000e+00 0.000000000000000000e+00
7.319543361663818359e-01 6.592501997947692871e-01 3.000411987304687500e-01 4.729598760604858398e-01 8.965103030204772949e-01 5.877953767776489258e-01 5.729070305824279785e-01 6.197726726531982422e-02 3.710585832595825195e-01 1.000000000000000000e+00 0.000000000000000000e+00 0.000000000000000000e+00
8.699687123298645020e-01 9.909281134605407715e-01 7.216116189956665039e-01 8.231977224349975586e-01 6.008037328720092773e-01 1.370101571083068848e-01 1.289102435111999512e-01 2.376406788825988770e-01 7.532691955566406250e-02 1.000000000000000000e+00 0.000000000000000000e+00 0.000000000000000000e+00
4.491663277149200439e-01 4.674685001373291016e-01 4.381048083305358887e-01 5.412403345108032227e-01 5.015040636062622070e-01 8.490845561027526855e-01 1.956307291984558105e-01 7.189589142799377441e-01 1.044995188713073730e-01 1.000000000000000000e+00 0.000000000000000000e+00 0.000000000000000000e+00
3.371569514274597168e-01 7.272664308547973633e-01 1.712008118629455566e-01 7.101982831954956055e-02 9.651333689689636230e-01 5.558088421821594238e-01 5.703433752059936523e-01 5.243061184883117676e-01 2.726631760597229004e-01 1.000000000000000000e+00 1.000000000000000000e+00 1.000000000000000000e+00
7.847483158111572266e-01 6.085813641548156738e-01 6.372596025466918945e-01 7.267725467681884766e-01 4.378893971443176270e-01 6.481109857559204102e-01 7.908093929290771484e-02 8.922262787818908691e-01 5.277224183082580566e-01 0.000000000000000000e+00 0.000000000000000000e+00 0.000000000000000000e+00
8.657354116439819336e-01 1.705068349838256836e-02 8.632622361183166504e-01 5.801683664321899414e-02 3.715115785598754883e-02 3.042982816696166992e-01 5.427349209785461426e-01 6.307229995727539062e-01 7.395061254501342773e-01 0.000000000000000000e+00 1.000000000000000000e+00 0.000000000000000000e+00
2.870786488056182861e-01 4.391396641731262207e-01 1.808915138244628906e-01 5.362190008163452148e-01 1.918538212776184082e-01 6.641477942466735840e-01 3.451498150825500488e-01 7.263119220733642578e-01 2.207075953483581543e-01 1.000000000000000000e+00 0.000000000000000000e+00 0.000000000000000000e+00
9.673732519149780273e-01 3.425934910774230957e-01 1.359320282936096191e-01 7.736582756042480469e-01 5.942261219024658203e-02 4.224294424057006836e-02 4.061639308929443359e-03 7.857849001884460449e-01 8.513674736022949219e-01 0.000000000000000000e+00 0.000000000000000000e+00 0.000000000000000000e+00
3.750559687614440918e-01 8.418588638305664062e-01 6.229611635208129883e-01 7.143252491950988770e-01 1.348758935928344727e-01 2.842611670494079590e-01 8.566008210182189941e-01 2.688027620315551758e-01 1.401483416557312012e-01 1.000000000000000000e+00 0.000000000000000000e+00 0.000000000000000000e+00
2.601629793643951416e-01 3.386804461479187012e-01 4.243473410606384277e-01 3.448874354362487793e-01 1.875955462455749512e-01 7.192879915237426758e-02 4.149976968765258789e-01 8.447414040565490723e-01 9.748345613479614258e-01 0.000000000000000000e+00 0.000000000000000000e+00 0.000000000000000000e+00
9.455275535583496094e-01 8.967242836952209473e-01 5.297893285751342773e-01 9.052696824073791504e-01 8.311966061592102051e-01 5.420432090759277344e-01 9.880085587501525879e-01 5.818351507186889648e-01 6.630476117134094238e-01 0.000000000000000000e+00 0.000000000000000000e+00 0.000000000000000000e+00
7.217738628387451172e-01 3.553194403648376465e-01 7.084454894065856934e-01 1.512915492057800293e-01 8.422476649284362793e-01 6.556295752525329590e-01 1.800394654273986816e-01 1.351130008697509766e-01 3.301715850830078125e-01 1.000000000000000000e+00 0.000000000000000000e+00 0.000000000000000000e+00
4.121180176734924316e-01 9.080275297164916992e-01 5.541622638702392578e-02 3.653786778450012207e-01 2.380439639091491699e-01 7.811813950538635254e-01 9.956098794937133789e-01 7.333856225013732910e-01 7.671666145324707031e-02 1.000000000000000000e+00 0.000000000000000000e+00 0.000000000000000000e+00
7.665198445320129395e-01 7.488815784454345703e-01 8.559548854827880859e-01 5.497714877128601074e-01 5.592434406280517578e-01 1.697595119476318359e-01 5.258368849754333496e-01 6.103451251983642578e-01 3.652951717376708984e-01 0.000000000000000000e+00 0.000000000000000000e+00 0.000000000000000000e+00
3.336812853813171387e-01 6.085617542266845703e-01 2.943276762962341309e-01 1.410315632820129395e-01 1.818068623542785645e-01 4.053759574890136719e-01 5.772893428802490234e-01 5.943624973297119141e-01 9.318039417266845703e-01 1.000000000000000000e+00 0.000000000000000000e+00 0.000000000000000000e+00
6.150072813034057617e-01 6.012641191482543945e-01 9.623377323150634766e-01 1.556439399719238281e-01 6.795298457145690918e-01 6.362811326980590820e-01 5.068270564079284668e-01 3.857215046882629395e-01 5.972025394439697266e-01 0.000000000000000000e+00 0.000000000000000000e+00 0.000000000000000000e+00
9.798808693885803223e-01 4.368096590042114258e-02 7.654896974563598633e-01 8.833170533180236816e-01 2.040643095970153809e-01 7.241281270980834961e-01 5.907181501388549805e-01 9.052031636238098145e-01 8.903115391731262207e-01 0.000000000000000000e+00 0.000000000000000000e+00 0.000000000000000000e+00
8.049890398979187012e-02 5.282796621322631836e-01 1.177337169647216797e-01 3.520268201828002930e-02 6.851601600646972656e-02 5.449115037918090820e-01 2.275542616844177246e-01 9.590862989425659180e-01 5.712152123451232910e-01 0.000000000000000000e+00 0.000000000000000000e+00 0.000000000000000000e+00
2.934018671512603760e-01 8.793198466300964355e-01 8.700926899909973145e-01 1.251026391983032227e-01 4.062191843986511230e-01 1.358301639556884766e-01 8.247898221015930176e-01 1.646507978439331055e-01 3.022298812866210938e-01 0.000000000000000000e+00 0.000000000000000000e+00 0.000000000000000000e+00
9.240664839744567871e-01 6.418810486793518066e-01 2.435408830642700195e-01 6.370217204093933105e-01 9.892266988754272461e-01 2.747905254364013672e-02 6.597400307655334473e-01 4.940664172172546387e-01 6.941521763801574707e-01 1.000000000000000000e+00 0.000000000000000000e+00 0.000000000000000000e+00
8.789933323860168457e-01 3.617486357688903809e-01 7.052986621856689453e-01 5.261970162391662598e-01 7.296829223632812500e-01 7.386898398399353027e-01 1.902638673782348633e-01 1.834304332733154297e-01 1.873992681503295898e-01 1.000000000000000000e+00 0.000000000000000000e+00 0.000000000000000000e+00
7.406055927276611328e-01 5.923782587051391602e-01 3.638311028480529785e-01 2.360153198242187500e-02 8.364115953445434570e-01 8.628637790679931641e-01 8.560042381286621094e-01 5.619138479232788086e-02 4.713028669357299805e-02 0.000000000000000000e+00 1.000000000000000000e+00 0.000000000000000000e+00
3.666944503784179688e-01 7.929235100746154785e-01 8.098841309547424316e-01 3.695076107978820801e-01 6.195568442344665527e-01 5.877295136451721191e-01 6.335549950599670410e-01 7.590559720993041992e-01 2.796703577041625977e-01 0.000000000000000000e+00 0.000000000000000000e+00 0.000000000000000000e+00
3.515119552612304688e-01 7.323325872421264648e-01 5.708414316177368164e-01 4.165266156196594238e-01 1.682081222534179688e-01 5.939865112304687500e-01 1.781489849090576172e-01 4.736483097076416016e-02 3.681231737136840820e-01 0.000000000000000000e+00 0.000000000000000000e+00 0.000000000000000000e+00
7.806766629219055176e-01 7.499275803565979004e-01 4.157130718231201172e-01 8.694486618041992188e-01 4.050363898277282715e-01 6.952778100967407227e-01 9.959810972213745117e-02 2.353331446647644043e-01 2.218043208122253418e-01 1.000000000000000000e+00 1.000000000000000000e+00 1.000000000000000000e+00
5.820698738098144531e-01 7.301845550537109375e-01 7.060858011245727539e-01 5.780088901519775391e-02 9.746865630149841309e-01 2.241396903991699219e-01 8.490981459617614746e-01 8.596241474151611328e-02 2.555964589118957520e-01 0.000000000000000000e+00 0.000000000000000000e+00 0.000000000000000000e+00
9.884585738182067871e-01 5.711914896965026855e-01 3.715978264808654785e-01 9.600670337677001953e-01 7.686588764190673828e-01 2.425510287284851074e-01 5.570134520530700684e-01 4.758185148239135742e-02 5.986636877059936523e-02 0.000000000000000000e+00 0.000000000000000000e+00 0.000000000000000000e+00
5.897168517112731934e-01 1.833623051643371582e-01 6.165075898170471191e-01 5.570704936981201172e-01 8.059340715408325195e-02 7.458627223968505859e-01 8.471381664276123047e-01 5.819396376609802246e-01 4.136207103729248047e-01 1.000000000000000000e+00 0.000000000000000000e+00 0.000000000000000000e+00
9.759507179260253906e-01 5.707744359970092773e-01 5.059381127357482910e-01 9.330746531486511230e-01 4.691987633705139160e-01 1.843935251235961914e-02 4.718078374862670898e-01 2.366504669189453125e-01 4.775017499923706055e-01 0.000000000000000000e+00 0.000000000000000000e+00 0.000000000000000000e+00
6.374261975288391113e-01 5.455340147018432617e-01 7.658255100250244141e-01 1.372877359390258789e-01 6.592275500297546387e-01 7.971942424774169922e-01 1.994060873985290527e-01 5.645213127136230469e-01 8.331638574600219727e-01 0.000000000000000000e+00 1.000000000000000000e+00 0.000000000000000000e+00
7.495892047882080078e-01 8.954220414161682129e-01 9.847090244293212891e-01 9.057053327560424805e-01 1.406475901603698730e-01 7.752838730812072754e-01 6.294311881065368652e-01 4.007920026779174805e-01 1.934306621551513672e-01 0.000000000000000000e+00 0.000000000000000000e+00 0.000000000000000000e+00
9.962539672851562500e-01 1.042242050170898438e-01 9.732933640480041504e-01 5.694125294685363770e-01 9.824194312095642090e-01 4.731464385986328125e-01 5.152562856674194336e-01 7.795298099517822266e-01 8.087439537048339844e-01 0.000000000000000000e+00 0.000000000000000000e+00 0.000000000000000000e+00
3.493170142173767090e-01 9.909374713897705078e-01 9.957212209701538086e-02 6.438958644866943359e-02 2.788645029067993164e-01 7.885298132896423340e-01 4.876965880393981934e-01 5.979444384574890137e-01 7.026123404502868652e-01 0.000000000000000000e+00 0.000000000000000000e+00 0.000000000000000000e+00
1.638033539056777954e-01 8.765834569931030273e-02 3.593832254409790039e-02 4.984557628631591797e-03 5.730352997779846191e-01 8.539730310440063477e-01 3.357964754104614258e-01 1.493384242057800293e-01 2.770525217056274414e-02 0.000000000000000000e+00 1.000000000000000000e+00 0.000000000000000000e+00
9.010967612266540527e-01 9.978321790695190430e-01 4.899439811706542969e-01 8.984553813934326172e-01 7.626773118972778320e-01 1.265987157821655273e-01 7.076722383499145508e-01 8.853850960731506348e-01 6.527066230773925781e-02 0.000000000000000000e+00 0.000000000000000000e+00 0.000000000000000000e+00
9.905588626861572266e-01 4.338295459747314453e-01 1.670777201652526855e-01 9.548426270484924316e-01 6.524633169174194336e-01 1.878531575202941895e-01 8.215856552124023438e-02 4.911307692527770996e-01 6.986209154129028320e-01 1.000000000000000000e+00 0.000000000000000000e+00 0.000000000000000000e+00
8.919251561164855957e-01 2.700285315513610840e-01 9.175356030464172363e-01 5.045223236083984375e-01 5.100637674331665039e-01 7.585594058036804199e-01 7.321830987930297852e-01 2.387927174568176270e-01 8.974964022636413574e-01 0.000000000000000000e+00 1.000000000000000000e+00 0.000000000000000000e+00
8.500962853431701660e-01 1.279275417327880859e-01 6.396842002868652344e-02 5.983392596244812012e-01 2.896465659141540527e-01 2.653459906578063965e-01 6.627592444419860840e-01 4.056697487831115723e-01 1.497350931167602539e-01 0.000000000000000000e+00 1.000000000000000000e+00 0.000000000000000000e+00
3.298176825046539307e-01 8.050598502159118652e-01 4.424275159835815430e-01 1.190753579139709473e-01 9.065108895301818848e-01 7.599246501922607422e-01 3.466823101043701172e-01 7.539820075035095215e-01 9.228414893150329590e-01 0.000000000000000000e+00 0.000000000000000000e+00 0.000000000000000000e+00
6.207333803176879883e-01 7.160075902938842773e-01 4.723401665687561035e-01 5.329909920692443848e-01 4.531236886978149414e-01 3.479639887809753418e-01 5.285351872444152832e-01 6.339761018753051758e-01 9.026353359222412109e-01 1.000000000000000000e+00 0.000000000000000000e+00 0.000000000000000000e+00
7.753852605819702148e-01 5.575586557388305664e-01 9.794404506683349609e-01 5.517572164535522461e-01 1.253398060798645020e-01 2.075802683830261230e-01 7.275000810623168945e-01 9.091634154319763184e-01 8.255380988121032715e-01 0.000000000000000000e+00 0.000000000000000000e+00 0.000000000000000000e+00
5.455844998359680176e-01 6.030174493789672852e-01 1.166115403175354004e-01 5.668310523033142090e-01 8.299189209938049316e-01 8.039876818656921387e-01 1.125426292419433594e-01 4.566935896873474121e-01 1.636258363723754883e-01 1.000000000000000000e+00 0.000000000000000000e+00 0.000000000000000000e+00
6.414591073989868164e-01 8.755878806114196777e-01 5.974884033203125000e-01 2.427746057510375977e-01 9.843745827674865723e-01 8.670514225959777832e-01 8.928287625312805176e-01 4.459421634674072266e-01 6.342693567276000977e-01 0.000000000000000000e+00 0.000000000000000000e+00 0.000000000000000000e+00
7.889978885650634766e-01 8.300436735153198242e-01 7.403638362884521484e-01 7.441124320030212402e-01 5.246747136116027832e-01 3.715707659721374512e-01 5.569775104522705078e-01 3.337686657905578613e-01 7.064817547798156738e-01 0.000000000000000000e+00 0.000000000000000000e+00 0.000000000000000000e+00
9.981346130371093750e-01 3.001397848129272461e-02 2.947386503219604492e-01 8.627267479896545410e-01 7.817553877830505371e-01 3.325970172882080078e-01 3.639718294143676758e-01 5.778685808181762695e-01 1.734025478363037109e-01 1.000000000000000000e+00 1.000000000000000000e+00 1.000000000000000000e+00
8.297231197357177734e-01 4.895225167274475098e-01 2.763984799385070801e-01 7.615314722061157227e-01 5.447339415550231934e-01 3.117383718490600586e-01 7.931616306304931641e-01 1.045495271682739258e-02 5.471289157867431641e-03 0.000000000000000000e+00 0.000000000000000000e+00 0.000000000000000000e+00
2.028836011886596680e-01 4.396827816963195801e-01 4.890474677085876465e-01 6.787282228469848633e-02 7.046983838081359863e-01 6.631650924682617188e-01 4.222162365913391113e-01 5.756624937057495117e-01 2.633267045021057129e-01 1.000000000000000000e+00 0.000000000000000000e+00 0.000000000000000000e+00
9.397535920143127441e-01 2.012522220611572266e-01 8.275622129440307617e-01 4.315376877784729004e-01 1.752356886863708496e-01 4.470068216323852539e-02 3.823976516723632812e-01 6.214423179626464844e-01 4.908919334411621094e-02 0.000000000000000000e+00 1.000000000000000000e+00 0.000000000000000000e+00
8.504334092140197754e-01 9.842560291290283203e-01 8.557249903678894043e-01 7.994034290313720703e-01 7.836433649063110352e-01 7.234851717948913574e-01 1.001118421554565430e-01 6.428152322769165039e-01 5.416295528411865234e-01 0.000000000000000000e+00 0.000000000000000000e+00 0.000000000000000000e+00
3.428888320922851562e-01 4.467105865478515625e-02 2.410306930541992188e-01 3.988909125328063965e-01 8.822298049926757812e-02 6.187173724174499512e-01 3.682702183723449707e-01 9.912229776382446289e-01 1.412656307220458984e-01 0.000000000000000000e+00 0.000000000000000000e+00 0.000000000000000000e+00
5.987643003463745117e-01 2.838464975357055664e-01 2.258974909782409668e-01 4.444978833198547363e-01 4.469894766807556152e-01 3.139008283615112305e-01 3.451966047286987305e-01 7.989622950553894043e-01 9.435653686523437500e-02 0.000000000000000000e+00 1.000000000000000000e+00 0.000000000000000000e+00
8.840897679328918457e-01 1.840704679489135742e-01 6.914286613464355469e-01 5.513062477111816406e-01 8.663362264633178711e-02 4.799401760101318359e-02 2.137601375579833984e-03 9.580441117286682129e-01 4.635870456695556641e-03 0.000000000000000000e+00 1.000000000000000000e+00 0.000000000000000000e+00
6.665654182434082031e-01 6.816651821136474609e-01 1.753266453742980957e-01 5.172032117843627930e-01 6.117566823959350586e-01 8.777481913566589355e-01 3.671786785125732422e-01 8.592635989189147949e-01 3.423198461532592773e-01 0.000000000000000000e+00 0.000000000000000000e+00 0.000000000000000000e+00
7.193067073822021484e-01 5.482913851737976074e-01 1.384310126304626465e-01 7.880046963691711426e-01 3.726881742477416992e-01 8.527356982231140137e-01 6.154726743698120117e-01 1.759526133537292480e-01 2.459456324577331543e-01 1.000000000000000000e+00 0.000000000000000000e+00 0.000000000000000000e+00
8.237513303756713867e-01 7.385404109954833984e-01 7.036446332931518555e-01 6.375566124916076660e-01 7.439305782318115234e-01 9.560871124267578125e-01 7.006326913833618164e-01 6.661701202392578125e-01 9.505084156990051270e-01 0.000000000000000000e+00 0.000000000000000000e+00 0.000000000000000000e+00
7.255207896232604980e-01 9.731917977333068848e-01 6.112315058708190918e-01 5.873524546623229980e-01 5.839118957519531250e-01 4.745147228240966797e-01 1.760962009429931641e-01 4.970858693122863770e-01 9.792761802673339844e-01 0.000000000000000000e+00 0.000000000000000000e+00 0.000000000000000000e+00
1.609818637371063232e-01 1.961277127265930176e-01 2.413834333419799805e-01 2.034602761268615723e-01 5.927367806434631348e-01 7.403050661087036133e-01 1.392142176628112793e-01 3.294115066528320312e-01 6.614692807197570801e-01 0.000000000000000000e+00 0.000000000000000000e+00 0.000000000000000000e+00
1.219502985477447510e-01 8.938565254211425781e-01 5.148203969001770020e-01 4.971021413803100586e-02 3.074570894241333008e-01 9.392885565757751465e-01 9.250782132148742676e-01 6.985712647438049316e-01 4.632660150527954102e-01 1.000000000000000000e+00 1.000000000000000000e+00 1.000000000000000000e+00
9.965305924415588379e-01 1.842407584190368652e-01 8.026954531669616699e-01 9.615806341171264648e-01 2.894167304039001465e-01 9.318006038665771484e-02 4.452321529388427734e-01 5.614221096038818359e-01 8.340385556221008301e-01 0.000000000000000000e+00 0.000000000000000000e+00 0.000000000000000000e+00
7.710331678390502930e-01 5.100665092468261719e-01 8.262032866477966309e-01 1.715582609176635742e-01 3.253344297409057617e-01 1.148697137832641602e-01 5.355431437492370605e-01 3.303980827331542969e-02 3.787837028503417969e-01 0.000000000000000000e+00 0.000000000000000000e+00 0.000000000000000000e+00
8.696631193161010742e-01 7.623728513717651367e-01 4.744409322738647461e-01 8.772949576377868652e-01 6.098664999008178711e-01 3.962911963462829590e-01 1.459652185440063477e-02 9.481763243675231934e-01 9.010132551193237305e-01 0.000000000000000000e+00 0.000000000000000000e+00 0.000000000000000000e+00
5.276028513908386230e-01 9.169799685478210449e-01 4.110869765281677246e-01 1.869063377380371094e-01 3.928525447845458984e-01 4.898166656494140625e-02 5.420252084732055664e-01 1.680572628974914551e-01 9.420862197875976562e-01 1.000000000000000000e+00 0.000000000000000000e+00 0.000000000000000000e+00
9.788387417793273926e-01 3.600568175315856934e-01 6.106353402137756348e-01 8.823713660240173340e-01 6.038566827774047852e-01 2.078260183334350586e-01 4.654698371887207031e-01 1.006060838699340820e-02 6.311309337615966797e-02 0.000000000000000000e+00 0.000000000000000000e+00 0.000000000000000000e+00
9.372217655181884766e-01 3.952252864837646484e-01 5.064092278480529785e-01 9.211149215698242188e-01 6.600118875503540039e-01 8.158916831016540527e-01 8.391637206077575684e-01 6.618783473968505859e-01 8.241402506828308105e-01 0.000000000000000000e+00 0.000000000000000000e+00 0.000000000000000000e+00
9.356647729873657227e-01 1.330916881561279297e-01 6.736043095588684082e-01 9.293475747108459473e-01 2.226288914680480957e-01 9.189899563789367676e-01 8.571538925170898438e-01 9.502179026603698730e-01 3.064718842506408691e-01 0.000000000000000000e+00 0.000000000000000000e+00 0.000000000000000000e+00
9.118001461029052734e-01 5.626577138900756836e-02 9.449671506881713867e-01 8.256988525390625000e-01 3.268435597419738770e-01 9.273722767829895020e-01 8.704942464828491211e-01 6.223661303520202637e-01 9.655845761299133301e-01 0.000000000000000000e+00 0.000000000000000000e+00 0.000000000000000000e+00
5.484504103660583496e-01 8.192207217216491699e-01 6.283200979232788086e-01 1.881022453308105469e-01 4.078689217567443848e-01 2.679653167724609375e-01 5.729855895042419434e-01 8.342396020889282227e-01 8.003505468368530273e-01 0.000000000000000000e+00 0.000000000000000000e+00 0.000000000000000000e+00
9.888889789581298828e-01 1.649927496910095215e-01 6.136123538017272949e-01 8.464369177818298340e-01 7.325830459594726562e-01 6.236756443977355957e-01 6.885600090026855469e-02 8.077638149261474609e-01 4.817562103271484375e-01 1.000000000000000000e+00 0.000000000000000000e+00 0.000000000000000000e+00
9.842111468315124512e-01 1.783372163772583008e-01 9.990472793579101562e-01 4.364112019538879395e-01 5.809406638145446777e-01 2.811199426651000977e-02 9.273142814636230469e-01 1.615833640098571777e-01 2.499088644981384277e-01 0.000000000000000000e+00 0.000000000000000000e+00 0.000000000000000000e+00
4.250425696372985840e-01 6.531404852867126465e-01 4.882774949073791504e-01 2.613244056701660156e-01 5.029206871986389160e-01 1.327693462371826172e-02 3.370570540428161621e-01 4.772170782089233398e-01 5.143693685531616211e-01 0.000000000000000000e+00 0.000000000000000000e+00 0.000000000000000000e+00
4.615600407123565674e-01 5.394303202629089355e-01 4.510641098022460938e-01 4.271025061607360840e-01 2.211881875991821289e-01 7.975070476531982422e-01 5.529878735542297363e-01 4.303281903266906738e-01 7.251125574111938477e-01 0.000000000000000000e+00 0.000000000000000000e+00 0.000000000000000000e+00
9.137989878654479980e-01 1.795089244842529297e-02 3.638389706611633301e-01 6.825712323188781738e-01 2.390845417976379395e-01 4.294815659523010254e-01 4.966523051261901855e-01 1.260650157928466797e-01 2.515042424201965332e-01 0.000000000000000000e+00 0.000000000000000000e+00 0.000000000000000000e+00
5.134120583534240723e-01 9.734808206558227539e-01 9.191907644271850586e-01 2.392467856407165527e-01 6.451417207717895508e-01 2.029053568840026855e-01 7.327128052711486816e-01 5.259231925010681152e-01 8.382627367973327637e-01 1.000000000000000000e+00 0.000000000000000000e+00 0.000000000000000000e+00
7.091463208198547363e-01 9.379430413246154785e-01 9.694372415542602539e-01 5.819736123085021973e-01 7.082027792930603027e-01 8.652835488319396973e-01 7.504851818084716797e-01 6.927885413169860840e-01 8.329018950462341309e-01 1.000000000000000000e+00 0.000000000000000000e+00 0.000000000000000000e+00
9.836376905441284180e-01 3.552723526954650879e-01 4.043817520141601562e-02 9.006011486053466797e-01 2.825683355331420898e-01 4.220961332321166992e-01 8.932593464851379395e-01 3.485339283943176270e-01 5.838881134986877441e-01 0.000000000000000000e+00 0.000000000000000000e+00 0.000000000000000000e+00
8.326867818832397461e-01 7.194116115570068359e-01 8.909043073654174805e-01 4.467869997024536133e-01 8.006846904754638672e-01 3.881705403327941895e-01 7.159780263900756836e-01 5.282229781150817871e-01 6.320852041244506836e-02 0.000000000000000000e+00 0.000000000000000000e+00 0.000000000000000000e+00
6.195266842842102051e-01 5.822634100914001465e-01 8.639075756072998047e-01 3.797804117202758789e-01 2.664083242416381836e-02 3.615196347236633301e-01 4.341365098953247070e-01 7.749459743499755859e-01 8.388803005218505859e-01 0.000000000000000000e+00 0.000000000000000000e+00 0.000000000000000000e+00
5.257086753845214844e-01 9.324152469635009766e-01 6.150727868080139160e-01 4.464304447174072266e-02 4.124330878257751465e-01 4.314410686492919922e-02 2.485866546630859375e-01 6.545054912567138672e-02 3.469645977020263672e-03 0.000000000000000000e+00 1.000000000000000000e+00 0.000000000000000000e+00
3.565748035907745361e-01 9.753816723823547363e-01 8.439108133316040039e-01 5.217379331588745117e-02 5.868467092514038086e-01 5.280960202217102051e-01 1.758764982223510742e-01 1.237571239471435547e-01 8.575561642646789551e-01 1.000000000000000000e+00 0.000000000000000000e+00 0.000000000000000000e+00
8.676313757896423340e-01 5.981326103210449219e-04 4.630373120307922363e-01 6.629592776298522949e-01 4.232840538024902344e-01 7.759949564933776855e-01 7.211881875991821289e-02 7.581124305725097656e-01 6.495322585105895996e-01 0.000000000000000000e+00 0.000000000000000000e+00 0.000000000000000000e+00
3.345643877983093262e-01 6.145679950714111328e-01 6.954848766326904297e-01 5.015047788619995117e-01 1.799016594886779785e-01 3.315360546112060547e-01 4.134920835494995117e-01 6.177281141281127930e-01 5.239027738571166992e-02 1.000000000000000000e+00 1.000000000000000000e+00 1.000000000000000000e+00
8.075762391090393066e-01 2.592572569847106934e-01 3.942491412162780762e-01 5.809019207954406738e-01 6.412941217422485352e-01 7.738928198814392090e-01 2.956917285919189453e-01 8.558536767959594727e-01 9.316543936729431152e-01 0.000000000000000000e+00 0.000000000000000000e+00 0.000000000000000000e+00
7.542427778244018555e-01 4.519576430320739746e-01 3.297196626663208008e-01 2.894331812858581543e-01 6.921457648277282715e-01 6.743830442428588867e-02 1.207713484764099121e-01 2.565433382987976074e-01 3.184352517127990723e-01 0.000000000000000000e+00 1.000000000000000000e+00 0.000000000000000000e+00
8.302292227745056152e-01 5.031478404998779297e-02 5.799223780632019043e-01 1.127846837043762207e-01 6.537947654724121094e-01 8.642849326133728027e-01 6.608515977859497070e-01 5.992743968963623047e-01 4.907420873641967773e-01 1.000000000000000000e+00 0.000000000000000000e+00 0.000000000000000000e+00
9.729846715927124023e-01 5.471755862236022949e-01 9.604178071022033691e-01 6.174159049987792969e-01 6.921941637992858887e-01 3.061363101005554199e-01 8.356952667236328125e-02 3.729965090751647949e-01 3.210682868957519531e-01 0.000000000000000000e+00 0.000000000000000000e+00 0.000000000000000000e+00
8.954786658287048340e-01 1.886576414108276367e-02 7.360102534294128418e-01 3.396675586700439453e-01 2.050636410713195801e-01 7.244024276733398438e-01 7.594264745712280273e-01 9.707918763160705566e-01 1.098390817642211914e-01 0.000000000000000000e+00 0.000000000000000000e+00 0.000000000000000000e+00
9.634774327278137207e-01 2.609776258468627930e-01 9.618383646011352539e-01 2.453256845474243164e-01 6.395100355148315430e-01 1.546197533607482910e-01 8.387998938560485840e-01 2.095382809638977051e-01 4.525234699249267578e-01 0.000000000000000000e+00 0.000000000000000000e+00 0.000000000000000000e+00
3.153152465820312500e-01 6.153209805488586426e-01 9.530407786369323730e-01 3.055232763290405273e-01 6.669789552688598633e-02 5.226563215255737305e-01 7.080659270286560059e-01 6.190782189369201660e-01 3.277865648269653320e-01 1.000000000000000000e+00 0.000000000000000000e+00 0.000000000000000000e+00
4.754530191421508789e-01 8.944297432899475098e-01 9.360430836677551270e-01 2.510882616043090820e-01 2.885271906852722168e-01 9.368134140968322754e-01 9.470394849777221680e-01 2.930071353912353516e-01 8.587040305137634277e-01 0.000000000000000000e+00 0.000000000000000000e+00 0.000000000000000000e+00
7.646684646606445312e-01 6.207484602928161621e-01 5.246146321296691895e-01 5.617460608482360840e-01 7.311469316482543945e-01 3.527219295501708984e-01 4.714308977127075195e-01 7.152388095855712891e-01 6.472823619842529297e-01 0.000000000000000000e+00 0.000000000000000000e+00 0.000000000000000000e+00
8.693194985389709473e-01 6.932725310325622559e-01 7.635369896888732910e-01 7.620636820793151855e-01 9.899185895919799805e-01 4.030941724777221680e-01 2.880250215530395508e-01 6.886252164840698242e-01 5.840272903442382812e-01 0.000000000000000000e+00 1.000000000000000000e+00 0.000000000000000000e+00
9.160467386245727539e-01 8.267229199409484863e-01 1.423631906509399414e-01 9.094576239585876465e-01 5.527226328849792480e-01 2.284127473831176758e-01 8.730419874191284180e-01 6.428487300872802734e-01 3.882807493209838867e-02 0.000000000000000000e+00 1.000000000000000000e+00 0.000000000000000000e+00
8.343927264213562012e-01 6.530389189720153809e-01 2.357955574989318848e-01 4.808337688446044922e-01 9.744392037391662598e-01 2.606809735298156738e-01 7.318174242973327637e-01 3.275189995765686035e-01 8.488571643829345703e-02 1.000000000000000000e+00 0.000000000000000000e+00 0.000000000000000000e+00
5.051066875457763672e-01 5.542576313018798828e-01 4.474945068359375000e-01 1.865790486335754395e-01 5.790972113609313965e-01 2.744241952896118164e-01 6.831518411636352539e-01 9.607258439064025879e-01 6.717247366905212402e-01 0.000000000000000000e+00 0.000000000000000000e+00 0.000000000000000000e+00
5.771270990371704102e-01 8.171805143356323242e-01 1.880877017974853516e-01 8.403573036193847656e-01 4.015001058578491211e-01 7.110052704811096191e-01 2.889486551284790039e-01 3.249454498291015625e-02 7.482722997665405273e-01 0.000000000000000000e+00 0.000000000000000000e+00 0.000000000000000000e+00
1.546027809381484985e-01 7.342853546142578125e-01 7.047172784805297852e-01 1.928099989891052246e-01 3.613519668579101562e-01 7.546812891960144043e-01 7.372094988822937012e-01 2.969715595245361328e-01 3.187034726142883301e-01 0.000000000000000000e+00 0.000000000000000000e+00 0.000000000000000000e+00
2.215399891138076782e-01 9.251814484596252441e-01 7.722931504249572754e-01 3.768596649169921875e-01 1.730057001113891602e-01 8.210765719413757324e-01 9.402036666870117188e-02 9.323996901512145996e-01 3.191528320312500000e-01 1.000000000000000000e+00 0.000000000000000000e+00 0.000000000000000000e+00
3.648792803287506104e-01 6.478517651557922363e-01 7.020080089569091797e-01 2.660738825798034668e-01 2.145889401435852051e-01 2.629795074462890625e-01 7.246541976928710938e-02 9.279942512512207031e-01 5.203845500946044922e-01 1.000000000000000000e+00 0.000000000000000000e+00 0.000000000000000000e+00
3.133985400199890137e-01 5.175345540046691895e-01 7.614624500274658203e-02 6.899998188018798828e-01 2.308918237686157227e-01 5.681669712066650391e-01 2.770242094993591309e-01 7.179746627807617188e-01 3.802049160003662109e-01 0.000000000000000000e+00 0.000000000000000000e+00 0.000000000000000000e+00
9.980133771896362305e-01 7.152330875396728516e-02 7.122379541397094727e-02 8.721675872802734375e-01 9.939345121383666992e-01 5.301831364631652832e-01 4.523112177848815918e-01 2.501150965690612793e-01 7.861052751541137695e-01 0.000000000000000000e+00 0.000000000000000000e+00 0.000000000000000000e+00
2.279449105262756348e-01 9.443389773368835449e-01 4.490743279457092285e-01 5.093407630920410156e-02 3.401424288749694824e-01 5.037063956260681152e-01 9.513531923294067383e-01 8.888178467750549316e-01 3.999830484390258789e-01 0.000000000000000000e+00 1.000000000000000000e+00 0.000000000000000000e+00
4.998042881488800049e-01 2.702386379241943359e-01 3.556865453720092773e-01 1.827481389045715332e-01 7.193521261215209961e-01 5.896220803260803223e-01 7.163386940956115723e-01 9.293855428695678711e-01 1.472601294517517090e-01 0.000000000000000000e+00 0.000000000000000000e+00 0.000000000000000000e+00
9.981449842453002930e-01 1.560999751091003418e-01 1.108080148696899414e-01 9.864066243171691895e-01 9.664027094841003418e-01 5.342687368392944336e-01 7.294012904167175293e-01 3.360699415206909180e-01 1.342517733573913574e-01 0.000000000000000000e+00 1.000000000000000000e+00 0.000000000000000000e+00
8.473783135414123535e-01 9.255312681198120117e-01 3.237276673316955566e-01 9.604995250701904297e-01 2.968133091926574707e-01 1.762025356292724609e-01 3.536051511764526367e-02 4.691398143768310547e-01 2.392789125442504883e-01 0.000000000000000000e+00 0.000000000000000000e+00 0.000000000000000000e+00
9.963885545730590820e-01 3.226327896118164062e-02 1.334860324859619141e-01 8.508722186088562012e-01 3.705009818077087402e-01 4.644603729248046875e-01 8.757007718086242676e-01 2.276263236999511719e-01 4.646600484848022461e-01 0.000000000000000000e+00 0.000000000000000000e+00 0.000000000000000000e+00
3.055108487606048584e-01 8.091093301773071289e-01 6.015243530273437500e-01 2.630847692489624023e-01 2.829504609107971191e-01 1.433823108673095703e-01 6.076531410217285156e-01 4.580229520797729492e-01 1.630465388298034668e-01 0.000000000000000000e+00 0.000000000000000000e+00 0.000000000000000000e+00
9.417073726654052734e-01 7.010262012481689453e-01 8.374785780906677246e-01 8.464026451110839844e-01 5.500670075416564941e-01 1.717100143432617188e-01 1.221811771392822266e-01 2.839305400848388672e-01 1.952378153800964355e-01 1.000000000000000000e+00 0.000000000000000000e+00 0.000000000000000000e+00
2.712190449237823486e-01 6.440957784652709961e-01 2.951835989952087402e-01 1.109036207199096680e-01 1.320833563804626465e-01 1.412099599838256836e-02 5.314209461212158203e-01 7.283516526222229004e-01 6.700624227523803711e-01 0.000000000000000000e+00 0.000000000000000000e+00 0.000000000000000000e+00
3.188569247722625732e-01 9.420120120048522949e-01 6.170392036437988281e-03 3.787423372268676758e-01 3.450014591217041016e-01 4.961230158805847168e-01 7.947784662246704102e-01 2.836802005767822266e-01 1.528064012527465820e-01 0.000000000000000000e+00 0.000000000000000000e+00 0.000000000000000000e+00
9.954960346221923828e-01 1.880820989608764648e-01 2.818567156791687012e-01 9.584968090057373047e-01 5.325272679328918457e-01 3.596621751785278320e-02 6.539005041122436523e-01 6.886857748031616211e-01 7.501753568649291992e-01 0.000000000000000000e+00 0.000000000000000000e+00 0.000000000000000000e+00
9.476152062416076660e-01 8.830359578132629395e-01 9.558482766151428223e-01 6.649224162101745605e-01 6.828383207321166992e-01 1.032719016075134277e-01 5.411425232887268066e-01 5.558862090110778809e-01 3.739140629768371582e-01 0.000000000000000000e+00 0.000000000000000000e+00 0.000000000000000000e+00
1.721063405275344849e-01 4.731109738349914551e-01 4.142730832099914551e-01 2.851310968399047852e-01 4.904959797859191895e-01 8.101191520690917969e-01 9.567940235137939453e-01 8.486693501472473145e-01 4.739493727684020996e-01 0.000000000000000000e+00 1.000000000000000000e+00 0.000000000000000000e+00
4.381645619869232178e-01 7.180802226066589355e-01 2.578258514404296875e-03 9.637558460235595703e-02 4.534771442413330078e-01 1.687562465667724609e-02 9.250774383544921875e-01 1.586580276489257812e-01 5.372568368911743164e-01 0.000000000000000000e+00 0.000000000000000000e+00 0.000000000000000000e+00
9.759728908538818359e-01 3.395329117774963379e-01 9.910780191421508789e-01 4.406846761703491211e-01 8.429588675498962402e-01 4.274424910545349121e-01 8.592396974563598633e-01 7.320111989974975586e-01 6.322420239448547363e-01 0.000000000000000000e+00 0.000000000000000000e+00 0.000000000000000000e+00
9.948883652687072754e-01 2.718305587768554688e-01 1.659194827079772949e-01 9.307147264480590820e-01 8.532715439796447754e-01 3.353472352027893066e-01 9.168149232864379883e-01 8.250029087066650391e-01 3.290895223617553711e-01 0.000000000000000000e+00 0.000000000000000000e+00 0.000000000000000000e+00
6.825454235076904297e-01 9.243792295455932617e-01 4.454702734947204590e-01 3.813228011131286621e-01 9.169964194297790527e-01 7.689633369445800781e-01 7.011174559593200684e-01 3.584126234054565430e-01 3.349066376686096191e-01 0.000000000000000000e+00 0.000000000000000000e+00 0.000000000000000000e+00
7.245258688926696777e-01 8.505407571792602539e-01 2.066107392311096191e-01 3.994053006172180176e-01 9.111596345901489258e-01 6.555005908012390137e-01 9.828098416328430176e-01 9.471354484558105469e-01 4.750302433967590332e-01 0.000000000000000000e+00 0.000000000000000000e+00 0.000000000000000000e+00
6.313452720642089844e-01 1.408599019050598145e-01 2.815533280372619629e-01 3.252927064895629883e-01 5.869030356407165527e-01 7.028847336769104004e-01 2.111165523529052734e-01 1.450435519218444824e-01 9.246153831481933594e-01 0.000000000000000000e+00 0.000000000000000000e+00 0.000000000000000000e+00
1.910960376262664795e-01 6.833504438400268555e-01 6.276553273200988770e-01 2.568743824958801270e-01 4.004783034324645996e-01 7.709439396858215332e-01 6.814551353454589844e-01 5.903874039649963379e-01 5.784624814987182617e-02 0.000000000000000000e+00 0.000000000000000000e+00 0.000000000000000000e+00
9.879003763198852539e-01 5.054877400398254395e-01 3.312855958938598633e-01 8.385236859321594238e-01 9.779700040817260742e-01 3.067209720611572266e-01 2.004252076148986816e-01 6.805177927017211914e-01 9.422364830970764160e-01 0.000000000000000000e+00 0.000000000000000000e+00 0.000000000000000000e+00
5.241998434066772461e-01 6.669218540191650391e-01 1.965269446372985840e-01 8.699454665184020996e-01 5.705213546752929688e-02 2.374433279037475586e-01 6.993058919906616211e-01 2.043104171752929688e-02 6.558802127838134766e-01 1.000000000000000000e+00 0.000000000000000000e+00 0.000000000000000000e+00
2.180821597576141357e-01 1.717029809951782227e-01 1.893013119697570801e-01 3.648509383201599121e-01 4.141747951507568359e-02 2.759345769882202148e-01 2.481913566589355469e-01 6.072490811347961426e-01 7.282242178916931152e-01 1.000000000000000000e+00 1.000000000000000000e+00 1.000000000000000000e+00
7.660403847694396973e-01 6.630086898803710938e-01 3.623006939888000488e-01 9.362981319427490234e-01 3.068721890449523926e-01 4.913262128829956055e-01 9.193896055221557617e-01 3.727944493293762207e-01 3.653529882431030273e-01 0.000000000000000000e+00 0.000000000000000000e+00 0.000000000000000000e+00
8.579826354980468750e-01 4.806506633758544922e-02 8.001311421394348145e-01 1.377716660499572754e-01 4.353566765785217285e-01 3.977656960487365723e-01 7.728683352470397949e-01 5.971814393997192383e-01 2.802578806877136230e-01 0.000000000000000000e+00 1.000000000000000000e+00 0.000000000000000000e+00
4.564833343029022217e-01 1.887192130088806152e-01 3.498446345329284668e-01 1.684394478797912598e-01 7.418357133865356445e-01 9.650063514709472656e-01 6.297969222068786621e-01 5.935230255126953125e-01 2.236875295639038086e-01 0.000000000000000000e+00 1.000000000000000000e+00 0.000000000000000000e+00
9.417589902877807617e-01 3.831611275672912598e-01 9.318532347679138184e-01 1.871412396430969238e-01 8.464854955673217773e-01 3.692167997360229492e-01 6.565014719963073730e-01 6.117914319038391113e-01 8.152731657028198242e-01 0.000000000000000000e+00 0.000000000000000000e+00 0.000000000000000000e+00
9.898395538330078125e-01 1.059937477111816406e-02 9.166907668113708496e-01 7.616061568260192871e-01 6.828494668006896973e-01 8.079892396926879883e-01 3.303924798965454102e-01 4.284958243370056152e-01 2.394893765449523926e-01 0.000000000000000000e+00 0.000000000000000000e+00 0.000000000000000000e+00
8.611046075820922852e-01 9.163910150527954102e-01 7.456195950508117676e-01 9.359276890754699707e-01 4.131752848625183105e-01 2.290387153625488281e-01 3.890950679779052734e-01 1.760598421096801758e-01 9.821791648864746094e-01 0.000000000000000000e+00 0.000000000000000000e+00 0.000000000000000000e+00
6.750642657279968262e-01 6.872199177742004395e-01 8.563764095306396484e-01 7.282872200012207031e-01 2.076120972633361816e-01 5.009990930557250977e-01 9.190232157707214355e-01 4.440335035324096680e-01 5.329864025115966797e-01 0.000000000000000000e+00 0.000000000000000000e+00 0.000000000000000000e+00
6.941117048263549805e-01 8.895480632781982422e-02 7.251502871513366699e-01 2.878212928771972656e-02 2.672308683395385742e-02 1.512673497200012207e-01 6.600338220596313477e-01 7.746560573577880859e-01 2.285866737365722656e-01 0.000000000000000000e+00 0.000000000000000000e+00 0.000000000000000000e+00
8.264728784561157227e-01 2.783480286598205566e-01 7.826046943664550781e-01 4.663764834403991699e-01 5.094813108444213867e-01 4.544141888618469238e-01 6.535214185714721680e-01 7.601822018623352051e-01 4.638940095901489258e-02 0.000000000000000000e+00 0.000000000000000000e+00 0.000000000000000000e+00
5.451454520225524902e-01 8.402287960052490234e-01 4.815566539764404297e-01 1.597909927368164062e-01 6.310181021690368652e-01 1.420952081680297852e-01 2.069111466407775879e-01 5.617686510086059570e-01 3.987586498260498047e-02 0.000000000000000000e+00 0.000000000000000000e+00 0.000000000000000000e+00
8.131108283996582031e-01 3.383286595344543457e-01 3.374342322349548340e-01 6.358754634857177734e-01 3.001168370246887207e-01 3.136389255523681641e-01 5.081024169921875000e-01 2.870081663131713867e-01 2.563750743865966797e-01 0.000000000000000000e+00 0.000000000000000000e+00 0.000000000000000000e+00
9.265689849853515625e-01 6.409351229667663574e-01 7.891488075256347656e-02 9.321113824844360352e-01 8.632333874702453613e-01 5.278372764587402344e-01 6.879259943962097168e-01 2.021749615669250488e-01 8.751690983772277832e-01 0.000000000000000000e+00 1.000000000000000000e+00 0.000000000000000000e+00
8.398385643959045410e-01 1.443181037902832031e-01 4.783552885055541992e-01 3.077920079231262207e-01 5.945712327957153320e-01 2.659402489662170410e-01 6.801177859306335449e-01 5.198663473129272461e-02 7.135514616966247559e-01 0.000000000000000000e+00 0.000000000000000000e+00 0.000000000000000000e+00
2.811531722545623779e-01 9.365099072456359863e-01 4.052549600601196289e-01 2.339503765106201172e-01 2.207919359207153320e-01 7.062332034111022949e-01 1.266692876815795898e-01 6.132492423057556152e-01 3.381139039993286133e-02 1.000000000000000000e+00 0.000000000000000000e+00 0.000000000000000000e+00
4.826863408088684082e-01 4.342567324638366699e-01 1.310883760452270508e-01 2.645323276519775391e-01 7.565593123435974121e-01 1.630955934524536133e-01 7.330429553985595703e-02 6.331266760826110840e-01 2.412770986557006836e-01 1.000000000000000000e+00 0.000000000000000000e+00 0.000000000000000000e+00
5.616882443428039551e-01 6.077138185501098633e-01 3.056339621543884277e-01 1.947282552719116211e-01 6.756286621093750000e-01 1.775622963905334473e-01 4.166339635848999023e-01 7.993539571762084961e-01 3.387851715087890625e-01 0.000000000000000000e+00 0.000000000000000000e+00 0.000000000000000000e+00
6.999590396881103516e-01 6.619286537170410156e-01 6.280244588851928711e-01 7.967690825462341309e-01 4.260331988334655762e-01 9.014645218849182129e-01 7.741073369979858398e-01 6.452994942665100098e-01 7.760156393051147461e-01 1.000000000000000000e+00 0.000000000000000000e+00 0.000000000000000000e+00
6.467728018760681152e-01 1.421270966529846191e-01 5.578813552856445312e-01 1.881229281425476074e-01 5.888563990592956543e-01 5.424513220787048340e-01 6.089634299278259277e-01 6.100294589996337891e-01 7.504501342773437500e-01 0.000000000000000000e+00 0.000000000000000000e+00 0.000000000000000000e+00
4.995612204074859619e-01 9.791595935821533203e-01 8.890767693519592285e-01 6.457193493843078613e-01 3.317050933837890625e-01 6.894240379333496094e-01 6.424649357795715332e-01 9.930353164672851562e-01 9.282892346382141113e-01 1.000000000000000000e+00 0.000000000000000000e+00 0.000000000000000000e+00
3.100677728652954102e-01 5.810294747352600098e-01 2.072738409042358398e-01 2.329905033111572266e-01 6.026526093482971191e-01 2.606138586997985840e-01 9.921178221702575684e-01 4.928368330001831055e-02 9.106724262237548828e-01 0.000000000000000000e+00 0.000000000000000000e+00 0.000000000000000000e+00
3.062393963336944580e-01 9.167287945747375488e-01 1.562907099723815918e-01 1.676267385482788086e-02 3.444374203681945801e-01 2.894459366798400879e-01 4.544237256050109863e-01 1.793934106826782227e-01 3.016625642776489258e-01 0.000000000000000000e+00 0.000000000000000000e+00 0.000000000000000000e+00
7.338578701019287109e-01 4.280676245689392090e-01 6.641879677772521973e-01 4.316163659095764160e-01 7.358248829841613770e-01 3.540135622024536133e-01 6.690279841423034668e-01 8.893373608589172363e-01 1.508173346519470215e-01 0.000000000000000000e+00 0.000000000000000000e+00 0.000000000000000000e+00
6.481174826622009277e-01 9.960899353027343750e-01 6.004389524459838867e-01 7.756194472312927246e-01 5.225582718849182129e-01 6.623070836067199707e-01 3.122079968452453613e-01 3.347424864768981934e-01 2.868529558181762695e-01 0.000000000000000000e+00 0.000000000000000000e+00 0.000000000000000000e+00
8.055407404899597168e-01 4.211223125457763672e-02 7.098103761672973633e-01 3.779581785202026367e-01 1.898201107978820801e-01 7.505303621292114258e-01 2.238366603851318359e-01 6.803666353225708008e-01 9.901578426361083984e-01 1.000000000000000000e+00 0.000000000000000000e+00 0.000000000000000000e+00
4.587080180644989014e-01 9.901857972145080566e-01 7.027556300163269043e-01 2.618815898895263672e-01 6.417121887207031250e-01 3.617317080497741699e-01 8.160073161125183105e-01 7.352866530418395996e-01 7.394254207611083984e-02 1.000000000000000000e+00 0.000000000000000000e+00 0.000000000000000000e+00
7.884566783905029297e-01 7.106973528861999512e-01 7.635151147842407227e-01 5.550079941749572754e-01 8.146430253982543945e-01 8.013064265251159668e-01 6.712925434112548828e-01 4.535247683525085449e-01 9.812521934509277344e-01 1.000000000000000000e+00 0.000000000000000000e+00 0.000000000000000000e+00
1.947313100099563599e-01 3.935746550559997559e-01 1.214624047279357910e-01 2.363216280937194824e-01 1.352552771568298340e-01 9.915477037429809570e-01 7.833449840545654297e-01 2.300966382026672363e-01 2.090477943420410156e-01 0.000000000000000000e+00 0.000000000000000000e+00 0.000000000000000000e+00
4.850930273532867432e-01 8.282920122146606445e-01 1.341145634651184082e-01 2.119318246841430664e-01 8.544937372207641602e-01 5.318323373794555664e-01 9.687878489494323730e-01 2.075618505477905273e-01 2.788972854614257812e-01 0.000000000000000000e+00 0.000000000000000000e+00 0.000000000000000000e+00
9.513998031616210938e-01 5.303753614425659180e-01 5.184782147407531738e-01 9.210082292556762695e-01 3.971639871597290039e-01 3.534697890281677246e-01 9.667134881019592285e-01 6.773627400398254395e-01 5.697670578956604004e-01 0.000000000000000000e+00 0.000000000000000000e+00 0.000000000000000000e+00
9.875740408897399902e-01 2.788829803466796875e-01 9.042364954948425293e-01 9.573991894721984863e-01 6.864050030708312988e-01 7.297286987304687500e-01 9.668487310409545898e-01 8.561207652091979980e-01 8.895780444145202637e-01 0.000000000000000000e+00 0.000000000000000000e+00 0.000000000000000000e+00
3.267140388488769531e-01 7.250286936759948730e-01 9.438555836677551270e-01 2.762596011161804199e-01 3.450029492378234863e-01 8.743016123771667480e-01 3.066519498825073242e-01 8.090360760688781738e-01 1.557145714759826660e-01 0.000000000000000000e+00 0.000000000000000000e+00 0.000000000000000000e+00
9.674838185310363770e-01 7.934474945068359375e-02 5.373036861419677734e-01 9.624448418617248535e-01 2.851963043212890625e-01 8.428452014923095703e-01 5.906445980072021484e-01 3.540940284729003906e-01 3.381222486495971680e-02 1.000000000000000000e+00 0.000000000000000000e+00 0.000000000000000000e+00
6.507765054702758789e-01 9.854647517204284668e-01 7.731033563613891602e-01 9.245077371597290039e-01 3.957772254943847656e-01 2.931416630744934082e-01 3.923484683036804199e-01 3.464334011077880859e-01 5.961436033248901367e-01 1.000000000000000000e+00 0.000000000000000000e+00 0.000000000000000000e+00
3.953140974044799805e-01 8.287802338600158691e-01 7.710457444190979004e-01 4.747306108474731445e-01 3.506432771682739258e-01 6.690732836723327637e-01 3.946365714073181152e-01 1.743956804275512695e-01 8.870444893836975098e-01 0.000000000000000000e+00 0.000000000000000000e+00 0.000000000000000000e+00
8.630575537681579590e-01 5.690740346908569336e-01 9.075129032135009766e-01 8.404498696327209473e-01 6.872434020042419434e-01 7.562513947486877441e-01 8.414475917816162109e-01 1.508003473281860352e-02 9.616766571998596191e-01 0.000000000000000000e+00 0.000000000000000000e+00 0.000000000000000000e+00
9.601330161094665527e-01 2.707816958427429199e-01 7.173265814781188965e-01 5.541217327117919922e-01 7.278022766113281250e-01 3.027569055557250977e-01 6.302948594093322754e-01 2.186936140060424805e-02 2.526801824569702148e-01 0.000000000000000000e+00 0.000000000000000000e+00 0.000000000000000000e+00
3.322116732597351074e-01 4.493439197540283203e-01 1.801151037216186523e-02 2.561730146408081055e-02 7.667251825332641602e-01 3.067963719367980957e-01 2.577186822891235352e-01 8.923580050468444824e-01 7.280308604240417480e-01 1.000000000000000000e+00 0.000000000000000000e+00 0.000000000000000000e+00
5.709353685379028320e-01 3.505086898803710938e-01 5.564920306205749512e-01 2.744595408439636230e-01 1.380191445350646973e-01 9.738765954971313477e-01 5.792401432991027832e-01 6.614255905151367188e-02 7.978358268737792969e-01 1.000000000000000000e+00 0.000000000000000000e+00 0.000000000000000000e+00
4.613780677318572998e-01 8.582833409309387207e-01 4.089152216911315918e-01 7.780944705009460449e-01 1.920373439788818359e-01 8.430608510971069336e-01 7.506132125854492188e-03 1.783809065818786621e-01 8.174568414688110352e-02 1.000000000000000000e+00 0.000000000000000000e+00 0.000000000000000000e+00
8.653901815414428711e-01 3.120618462562561035e-01 6.607518196105957031e-01 8.157991170883178711e-01 2.973619103431701660e-01 9.360693097114562988e-01 7.638248205184936523e-01 2.723698616027832031e-01 9.194643497467041016e-01 1.000000000000000000e+00 0.000000000000000000e+00 0.000000000000000000e+00
8.640133738517761230e-01 5.999833941459655762e-01 1.118175387382507324e-01 3.766041398048400879e-01 9.563277959823608398e-01 1.046788692474365234e-01 9.916573762893676758e-02 8.628534674644470215e-01 9.398664832115173340e-01 1.000000000000000000e+00 0.000000000000000000e+00 0.000000000000000000e+00
5.818793773651123047e-01 4.278860092163085938e-01 7.492878437042236328e-01 5.417132377624511719e-01 2.500676512718200684e-01 6.068917512893676758e-01 2.732889056205749512e-01 4.566981196403503418e-01 8.610912561416625977e-01 1.000000000000000000e+00 0.000000000000000000e+00 0.000000000000000000e+00
2.327075451612472534e-01 4.589436650276184082e-01 5.473668575286865234e-01 9.220016002655029297e-02 1.474678516387939453e-01 2.470175027847290039e-01 1.233912110328674316e-01 9.373634457588195801e-01 9.722675681114196777e-01 0.000000000000000000e+00 0.000000000000000000e+00 0.000000000000000000e+00
5.920075178146362305e-01 4.771692752838134766e-01 1.246023178100585938e-02 8.462806344032287598e-01 4.791975021362304688e-02 7.817856073379516602e-01 1.891846656799316406e-01 4.215389490127563477e-01 4.456177353858947754e-01 1.000000000000000000e+00 1.000000000000000000e+00 1.000000000000000000e+00
9.909896850585937500e-01 2.280974388122558594e-02 3.951174020767211914e-01 9.194456934928894043e-01 2.201809287071228027e-01 4.673624038696289062e-02 6.602406501770019531e-02 8.186547160148620605e-01 2.355010509490966797e-01 0.000000000000000000e+00 0.000000000000000000e+00 0.000000000000000000e+00
4.320064485073089600e-01 9.238190650939941406e-01 5.770799517631530762e-01 5.512377023696899414e-01 3.562440872192382812e-01 6.804074645042419434e-01 3.136604428291320801e-01 6.210557818412780762e-01 6.885398030281066895e-01 0.000000000000000000e+00 0.000000000000000000e+00 0.000000000000000000e+00
9.281834959983825684e-01 2.317112684249877930e-02 8.757079243659973145e-01 2.538176178932189941e-01 6.861215233802795410e-01 9.567976593971252441e-01 9.151372909545898438e-01 5.585615038871765137e-01 6.331490278244018555e-01 0.000000000000000000e+00 0.000000000000000000e+00 0.000000000000000000e+00
9.965723752975463867e-01 6.868243217468261719e-04 7.232754826545715332e-01 8.585697412490844727e-01 3.984089493751525879e-01 1.507904529571533203e-01 2.284876108169555664e-01 9.324305653572082520e-01 6.713403463363647461e-01 0.000000000000000000e+00 0.000000000000000000e+00 0.000000000000000000e+00
4.525929689407348633e-01 6.170984506607055664e-01 9.710639119148254395e-01 9.649741649627685547e-02 5.061823129653930664e-02 5.490252971649169922e-01 4.387083053588867188e-01 9.787486195564270020e-01 7.869197726249694824e-01 1.000000000000000000e+00 0.000000000000000000e+00 0.000000000000000000e+00
5.572348833084106445e-01 6.901314854621887207e-01 1.917579770088195801e-01 5.553001761436462402e-01 5.823726654052734375e-01 5.136612653732299805e-01 4.048995375633239746e-01 3.611204624176025391e-01 1.342753171920776367e-01 0.000000000000000000e+00 0.000000000000000000e+00 0.000000000000000000e+00
5.330289602279663086e-01 1.344855427742004395e-01 2.692094445228576660e-01 2.923765778541564941e-01 8.577713370323181152e-01 8.306814432144165039e-01 8.698713183403015137e-01 2.813236713409423828e-01 5.160771012306213379e-01 1.000000000000000000e+00 0.000000000000000000e+00 0.000000000000000000e+00
3.236711621284484863e-01 8.163039684295654297e-01 3.129519224166870117e-01 3.506068587303161621e-01 7.577681541442871094e-02 2.899294495582580566e-01 1.921557784080505371e-01 9.253276586532592773e-01 7.586523890495300293e-01 0.000000000000000000e+00 0.000000000000000000e+00 0.000000000000000000e+00
7.424922585487365723e-01 2.707449793815612793e-01 8.224689364433288574e-01 1.672561168670654297e-01 3.871343135833740234e-01 5.205673575401306152e-01 8.943195939064025879e-01 2.716411948204040527e-01 8.296250700950622559e-01 1.000000000000000000e+00 0.000000000000000000e+00 0.000000000000000000e+00
9.143806099891662598e-01 1.687495708465576172e-01 3.758562207221984863e-01 7.454823851585388184e-01 5.439259409904479980e-01 9.807754755020141602e-01 7.585480213165283203e-01 2.277494668960571289e-01 4.605064392089843750e-01 1.000000000000000000e+00 0.000000000000000000e+00 0.000000000000000000e+00
9.822661876678466797e-01 7.350555062294006348e-01 7.448613643646240234e-02 9.852606654167175293e-01 7.993544936180114746e-01 2.417522668838500977e-01 7.215297222137451172e-01 6.623696684837341309e-01 4.429573416709899902e-01 0.000000000000000000e+00 0.000000000000000000e+00 0.000000000000000000e+00
7.470018267631530762e-01 6.103175878524780273e-01 6.186558008193969727e-01 7.261807918548583984e-01 3.302212953567504883e-01 9.389572739601135254e-01 5.087307691574096680e-01 2.001481056213378906e-01 8.333878517150878906e-01 0.000000000000000000e+00 0.000000000000000000e+00 0.000000000000000000e+00
7.365559935569763184e-01 7.882710695266723633e-01 9.609435200691223145e-01 1.762868165969848633e-01 7.158078551292419434e-01 7.895414829254150391e-01 9.575184583663940430e-01 3.778701424598693848e-01 9.710312485694885254e-01 0.000000000000000000e+00 0.000000000000000000e+00 0.000000000000000000e+00
4.684067666530609131e-01 5.455318689346313477e-01 3.935272693634033203e-01 5.036833882331848145e-01 4.938831925392150879e-01 6.083803772926330566e-01 7.271848917007446289e-01 2.253363132476806641e-01 9.089818000793457031e-01 1.000000000000000000e+00 0.000000000000000000e+00 0.000000000000000000e+00
1.857191026210784912e-01 3.998097181320190430e-01 3.369954228401184082e-01 9.849375486373901367e-02 3.476934432983398438e-01 1.934665441513061523e-01 7.245627045631408691e-01 2.630248069763183594e-01 7.838749885559082031e-01 0.000000000000000000e+00 0.000000000000000000e+00 0.000000000000000000e+00
9.547162055969238281e-01 6.905736923217773438e-01 3.033924102783203125e-02 9.825451970100402832e-01 4.648481607437133789e-01 1.667047142982482910e-01 1.462386846542358398e-01 6.375440359115600586e-01 9.692385792732238770e-01 0.000000000000000000e+00 1.000000000000000000e+00 0.000000000000000000e+00
3.152107894420623779e-01 5.788688063621520996e-01 5.968105196952819824e-01 1.700066328048706055e-01 5.661743879318237305e-01 8.145146369934082031e-01 2.774702906608581543e-01 5.188797116279602051e-01 1.475936174392700195e-02 1.000000000000000000e+00 0.000000000000000000e+00 0.000000000000000000e+00
8.337901830673217773e-01 3.581396937370300293e-01 9.413946270942687988e-01 5.770890712738037109e-01 6.106272339820861816e-01 9.542538523674011230e-01 1.549956202507019043e-01 3.145775198936462402e-01 3.286677598953247070e-02 0.000000000000000000e+00 0.000000000000000000e+00 0.000000000000000000e+00
9.624640941619873047e-01 6.814410686492919922e-01 8.658152818679809570e-02 9.756982326507568359e-01 8.628463745117187500e-01 4.971020221710205078e-01 8.832721114158630371e-01 6.350558996200561523e-02 3.981015086174011230e-01 0.000000000000000000e+00 0.000000000000000000e+00 0.000000000000000000e+00
8.916361927986145020e-01 1.580335497856140137e-01 4.631637930870056152e-01 5.981661081314086914e-01 6.401702165603637695e-01 7.463330626487731934e-01 1.132816076278686523e-01 3.146917819976806641e-01 6.770566701889038086e-01 0.000000000000000000e+00 0.000000000000000000e+00 0.000000000000000000e+00
6.010418534278869629e-01 8.609815239906311035e-01 5.092639923095703125e-01 8.090252280235290527e-01 5.767244100570678711e-02 5.017458200454711914e-01 6.252591013908386230e-01 3.484514951705932617e-01 1.631699204444885254e-01 0.000000000000000000e+00 0.000000000000000000e+00 0.000000000000000000e+00
8.230426311492919922e-01 4.907358288764953613e-01 6.373417973518371582e-01 8.794648647308349609e-01 7.636898756027221680e-02 4.186846613883972168e-01 4.160711765289306641e-01 8.730733394622802734e-01 4.857615232467651367e-01 0.000000000000000000e+00 0.000000000000000000e+00 0.000000000000000000e+00
9.677265882492065430e-01 3.278881311416625977e-02 7.056744098663330078e-01 7.391477823257446289e-01 4.961647391319274902e-01 6.014035344123840332e-01 1.036951541900634766e-01 9.979724884033203125e-03 5.520786046981811523e-01 0.000000000000000000e+00 1.000000000000000000e+00 0.000000000000000000e+00
1.582920402288436890e-01 1.927545666694641113e-01 3.755022287368774414e-01 3.508304357528686523e-01 9.265410900115966797e-02 8.071950078010559082e-01 5.010698437690734863e-01 1.601541042327880859e-01 8.517274260520935059e-01 1.000000000000000000e+00 1.000000000000000000e+00 1.000000000000000000e+00
4.900695085525512695e-01 7.109114527702331543e-01 4.704261422157287598e-01 3.890317678451538086e-02 3.710683584213256836e-01 9.885263442993164062e-02 2.815101742744445801e-01 4.904285669326782227e-01 3.365451693534851074e-01 1.000000000000000000e+00 0.000000000000000000e+00 0.000000000000000000e+00
7.000566720962524414e-01 4.039168357849121094e-01 7.343877553939819336e-01 9.881970882415771484e-01 5.342996120452880859e-02 9.624197483062744141e-01 8.780277371406555176e-01 7.552831172943115234e-01 4.759413003921508789e-02 1.000000000000000000e+00 0.000000000000000000e+00 0.000000000000000000e+00
6.334527730941772461e-01 2.568304538726806641e-03 1.460520625114440918e-01 4.274908900260925293e-01 1.820082664489746094e-01 3.298618197441101074e-01 4.764367938041687012e-01 2.229618430137634277e-01 5.484443902969360352e-02 1.000000000000000000e+00 0.000000000000000000e+00 0.000000000000000000e+00
9.353990554809570312e-01 7.425379157066345215e-01 9.410895705223083496e-01 4.326500892639160156e-01 5.316981077194213867e-01 5.658805370330810547e-03 5.446407198905944824e-01 8.801280260086059570e-01 8.117753267288208008e-01 0.000000000000000000e+00 0.000000000000000000e+00 0.000000000000000000e+00
4.273895919322967529e-01 9.671090841293334961e-01 9.703673720359802246e-01 9.555137157440185547e-02 9.920619726181030273e-01 7.136934399604797363e-01 8.674412965774536133e-01 3.947751522064208984e-01 7.543209195137023926e-01 0.000000000000000000e+00 0.000000000000000000e+00 0.000000000000000000e+00
8.255895972251892090e-01 3.216624259948730469e-01 8.619915843009948730e-01 5.042958259582519531e-02 4.858142137527465820e-02 3.535938262939453125e-02 6.198551654815673828e-01 7.861264944076538086e-01 7.852619886398315430e-01 0.000000000000000000e+00 1.000000000000000000e+00 0.000000000000000000e+00
8.730598688125610352e-01 9.900508522987365723e-01 3.770333528518676758e-02 8.933832645416259766e-01 6.027809977531433105e-01 6.171549558639526367e-01 7.057502865791320801e-01 5.569952130317687988e-01 9.933938384056091309e-01 0.000000000000000000e+00 0.000000000000000000e+00 0.000000000000000000e+00
8.334725499153137207e-01 2.239266633987426758e-01 2.315995097160339355e-01 4.713976383209228516e-01 9.868454337120056152e-01 7.192950248718261719e-01 4.316322207450866699e-01 8.035900592803955078e-01 3.054564595222473145e-01 0.000000000000000000e+00 0.000000000000000000e+00 0.000000000000000000e+00
3.896131515502929688e-01 2.166579365730285645e-01 6.451730132102966309e-01 2.705907821655273438e-02 1.652252674102783203e-01 7.695555686950683594e-01 4.838181138038635254e-01 3.692728877067565918e-01 8.328840136528015137e-01 1.000000000000000000e+00 1.000000000000000000e+00 1.000000000000000000e+00
4.418035149574279785e-01 9.652513861656188965e-01 1.834452152252197266e-02 6.857870817184448242e-01 2.111625671386718750e-01 8.204165101051330566e-01 2.733230590820312500e-01 2.148776650428771973e-01 2.044117450714111328e-02 0.000000000000000000e+00 0.000000000000000000e+00 0.000000000000000000e+00
2.538931965827941895e-01 8.690994381904602051e-01 5.062476396560668945e-01 3.265291452407836914e-01 8.760976791381835938e-02 8.273251652717590332e-01 9.625662565231323242e-01 6.696070432662963867e-01 4.877728223800659180e-01 0.000000000000000000e+00 0.000000000000000000e+00 0.000000000000000000e+00
5.912499427795410156e-01 5.272296071052551270e-01 7.292042374610900879e-01 5.492519140243530273e-01 2.834106683731079102e-01 3.319007158279418945e-01 2.020711302757263184e-01 2.165950536727905273e-01 3.094005584716796875e-01 0.000000000000000000e+00 1.000000000000000000e+00 0.000000000000000000e+00
3.097577206790447235e-02 1.283079385757446289e-02 7.958579063415527344e-02 4.842633008956909180e-02 5.682011246681213379e-01 3.724070787429809570e-01 3.607768416404724121e-01 9.612072110176086426e-01 3.235599398612976074e-01 0.000000000000000000e+00 0.000000000000000000e+00 0.000000000000000000e+00
7.378321886062622070e-01 8.394290208816528320e-01 2.411854267120361328e-01 8.018773794174194336e-01 6.083638072013854980e-01 7.719625830650329590e-01 6.301875114440917969e-01 8.310204744338989258e-02 8.687556982040405273e-01 0.000000000000000000e+00 0.000000000000000000e+00 0.000000000000000000e+00
9.108465313911437988e-01 5.147008895874023438e-01 8.085213899612426758e-01 7.387405037879943848e-01 8.831707835197448730e-01 6.263301968574523926e-01 1.324605345726013184e-01 5.499087572097778320e-01 5.460053086280822754e-01 1.000000000000000000e+00 0.000000000000000000e+00 0.000000000000000000e+00
7.381971478462219238e-01 7.303650379180908203e-01 8.676895499229431152e-01 2.922434806823730469e-01 6.599599123001098633e-01 8.575358390808105469e-01 7.299022674560546875e-01 5.646787285804748535e-01 2.784914374351501465e-01 0.000000000000000000e+00 1.000000000000000000e+00 0.000000000000000000e+00
8.575475215911865234e-01 4.250733852386474609e-01 2.182402014732360840e-01 7.280408143997192383e-01 7.284107208251953125e-01 7.571188211441040039e-01 9.099298715591430664e-02 5.911206007003784180e-01 2.247500419616699219e-02 0.000000000000000000e+00 1.000000000000000000e+00 0.000000000000000000e+00
2.524459958076477051e-01 6.721173524856567383e-01 5.249540805816650391e-01 2.005865573883056641e-01 3.642022013664245605e-01 7.611452341079711914e-01 5.687233209609985352e-01 6.544572114944458008e-02 8.485864400863647461e-01 0.000000000000000000e+00 0.000000000000000000e+00 0.000000000000000000e+00
6.854416131973266602e-01 3.398780822753906250e-01 9.206722378730773926e-01 1.298742890357971191e-01 2.309550046920776367e-01 8.828114271163940430e-01 2.611538767814636230e-01 3.983294367790222168e-01 2.702333927154541016e-01 1.000000000000000000e+00 0.000000000000000000e+00 0.000000000000000000e+00
7.950509190559387207e-01 8.248972892761230469e-01 7.371524572372436523e-01 7.659431099891662598e-01 8.179400563240051270e-01 6.698141694068908691e-01 4.372756481170654297e-01 7.515776157379150391e-02 1.859090328216552734e-01 0.000000000000000000e+00 0.000000000000000000e+00 0.000000000000000000e+00
6.687834858894348145e-01 1.546233296394348145e-01 6.966705322265625000e-01 1.728634238243103027e-01 6.464223861694335938e-01 8.952127099037170410e-01 7.966551184654235840e-01 6.142988801002502441e-01 5.570039153099060059e-01 1.000000000000000000e+00 0.000000000000000000e+00 0.000000000000000000e+00
4.977136254310607910e-01 8.365668654441833496e-01 5.410952568054199219e-01 3.991239070892333984e-01 4.246511459350585938e-01 4.991896152496337891e-01 9.619312882423400879e-01 2.390819787979125977e-02 1.949295401573181152e-01 1.000000000000000000e+00 0.000000000000000000e+00 0.000000000000000000e+00
9.011154174804687500e-01 2.715826630592346191e-01 6.475458145141601562e-01 4.762532711029052734e-01 9.408010840415954590e-01 5.149408578872680664e-01 3.355330228805541992e-02 6.480574011802673340e-01 1.764482259750366211e-02 0.000000000000000000e+00 1.000000000000000000e+00 0.000000000000000000e+00
5.008191466331481934e-01 9.866713285446166992e-01 6.431021690368652344e-01 1.405664086341857910e-01 8.677783012390136719e-01 3.753847479820251465e-01 3.600640892982482910e-01 1.394965648651123047e-01 5.191630721092224121e-01 0.000000000000000000e+00 0.000000000000000000e+00 0.000000000000000000e+00
9.838968515396118164e-01 2.917696237564086914e-01 8.993440270423889160e-01 4.267989993095397949e-01 8.758427500724792480e-01 3.949748873710632324e-01 9.341111779212951660e-01 8.905428647994995117e-02 1.573385000228881836e-01 0.000000000000000000e+00 0.000000000000000000e+00 0.000000000000000000e+00
7.097002863883972168e-01 1.703840494155883789e-01 1.612448096275329590e-01 4.824734330177307129e-01 3.532520532608032227e-01 5.656660199165344238e-01 6.763927340507507324e-01 6.923210620880126953e-02 8.219173550605773926e-01 0.000000000000000000e+00 1.000000000000000000e+00 0.000000000000000000e+00
9.884218573570251465e-01 2.124083638191223145e-01 9.473040699958801270e-01 6.073381900787353516e-01 9.849190115928649902e-01 5.148693323135375977e-01 1.040345430374145508e-02 7.114825844764709473e-01 8.262938261032104492e-01 0.000000000000000000e+00 0.000000000000000000e+00 0.000000000000000000e+00
2.961620390415191650e-01 6.555573344230651855e-01 4.675527811050415039e-01 5.377864837646484375e-01 1.900351047515869141e-01 2.574308514595031738e-01 6.551553010940551758e-01 9.523012042045593262e-01 5.805415511131286621e-01 1.000000000000000000e+00 0.000000000000000000e+00 0.000000000000000000e+00
8.312755227088928223e-01 2.561541795730590820e-01 7.066726088523864746e-01 5.279802680015563965e-01 3.123871088027954102e-01 1.884837746620178223e-01 4.221115112304687500e-01 6.970524787902832031e-02 5.368067026138305664e-01 0.000000000000000000e+00 0.000000000000000000e+00 0.000000000000000000e+00
8.333525657653808594e-01 6.201806664466857910e-01 1.279680728912353516e-01 5.651342868804931641e-01 9.589640498161315918e-01 4.661908745765686035e-01 6.938773989677429199e-01 8.791585564613342285e-01 9.505834579467773438e-01 0.000000000000000000e+00 0.000000000000000000e+00 0.000000000000000000e+00
6.107352375984191895e-01 8.761286735534667969e-01 5.581945776939392090e-01 5.133897066116333008e-02 9.998261928558349609e-01 2.512352466583251953e-01 2.429161667823791504e-01 1.387991905212402344e-01 8.152341842651367188e-02 1.000000000000000000e+00 0.000000000000000000e+00 0.000000000000000000e+00
6.828565001487731934e-01 6.077307462692260742e-01 6.487695574760437012e-01 3.150711059570312500e-01 8.114044666290283203e-01 7.931641340255737305e-01 9.528633356094360352e-01 9.081429243087768555e-01 7.074810862541198730e-01 0.000000000000000000e+00 0.000000000000000000e+00 0.000000000000000000e+00
9.153248667716979980e-01 2.655400037765502930e-01 3.326644301414489746e-01 7.806112170219421387e-01 2.909612655639648438e-01 1.146572828292846680e-02 2.682310342788696289e-01 4.147807955741882324e-01 3.043673038482666016e-01 0.000000000000000000e+00 0.000000000000000000e+00 0.000000000000000000e+00
6.258510947227478027e-01 8.780362010002136230e-01 7.568243741989135742e-01 3.427348732948303223e-01 7.015516161918640137e-01 4.872878789901733398e-01 9.419420361518859863e-01 7.500640749931335449e-01 8.409561514854431152e-01 1.000000000000000000e+00 0.000000000000000000e+00 0.000000000000000000e+00
6.386063694953918457e-01 3.687785267829895020e-01 2.721344232559204102e-01 5.605694651603698730e-01 4.457473754882812500e-01 3.104491233825683594e-01 5.572212934494018555e-01 8.404856920242309570e-01 9.829378128051757812e-02 1.000000000000000000e+00 0.000000000000000000e+00 0.000000000000000000e+00
7.323221564292907715e-01 3.438871502876281738e-01 4.174392819404602051e-01 1.902611255645751953e-01 9.998948574066162109e-01 9.238523244857788086e-01 1.120064258575439453e-01 2.559067606925964355e-01 9.512833952903747559e-01 0.000000000000000000e+00 0.000000000000000000e+00 0.000000000000000000e+00
5.608707070350646973e-01 3.502394556999206543e-01 2.813792228698730469e-01 6.072764396667480469e-01 2.922648191452026367e-02 6.377758979797363281e-01 1.048125028610229492e-01 6.876224279403686523e-01 6.144149899482727051e-01 0.000000000000000000e+00 0.000000000000000000e+00 0.000000000000000000e+00
7.124404907226562500e-01 1.562857627868652344e-01 6.620572209358215332e-01 2.133733630180358887e-01 1.291928291320800781e-01 5.031679868698120117e-01 9.125104546546936035e-01 2.513368725776672363e-01 9.127885103225708008e-01 0.000000000000000000e+00 1.000000000000000000e+00 0.000000000000000000e+00
6.601459383964538574e-01 4.289048910140991211e-02 2.490739822387695312e-01 3.916530013084411621e-01 3.119183182716369629e-01 8.715175986289978027e-01 3.165409564971923828e-01 5.745781660079956055e-01 6.747930049896240234e-01 1.000000000000000000e+00 0.000000000000000000e+00 0.000000000000000000e+00
4.993612468242645264e-01 2.614163160324096680e-01 3.454040288925170898e-01 1.512750983238220215e-01 7.797403335571289062e-01 1.302229166030883789e-01 9.131166338920593262e-01 9.785163402557373047e-02 5.777244567871093750e-01 1.000000000000000000e+00 0.000000000000000000e+00 0.000000000000000000e+00
8.798858523368835449e-01 4.282944202423095703e-01 3.086016178131103516e-01 7.146720290184020996e-01 9.927740693092346191e-01 7.584620714187622070e-01 3.028092384338378906e-01 8.024778366088867188e-01 2.575003504753112793e-01 0.000000000000000000e+00 0.000000000000000000e+00 0.000000000000000000e+00
1.893361657857894897e-01 4.309644103050231934e-01 3.095008134841918945e-01 3.232933282852172852e-01 1.776283979415893555e-01 4.663996696472167969e-01 5.594272017478942871e-01 6.568797826766967773e-01 3.358967304229736328e-01 0.000000000000000000e+00 0.000000000000000000e+00 0.000000000000000000e+00
6.979216337203979492e-01 9.410453438758850098e-01 8.484309315681457520e-01 4.255952835083007812e-01 8.073557615280151367e-01 3.438758254051208496e-01 2.741996645927429199e-01 7.649093866348266602e-01 2.472239136695861816e-01 1.000000000000000000e+00 0.000000000000000000e+00 0.000000000000000000e+00
4.900313913822174072e-01 4.678224325180053711e-01 7.782406210899353027e-01 3.741425275802612305e-02 3.688436150550842285e-01 9.224715828895568848e-01 9.286171197891235352e-01 9.778367280960083008e-01 1.698341369628906250e-01 0.000000000000000000e+00 0.000000000000000000e+00 0.000000000000000000e+00
7.660918831825256348e-01 9.816424846649169922e-01 5.098273158073425293e-01 6.368198394775390625e-01 7.381962537765502930e-01 6.643563508987426758e-01 9.925761818885803223e-01 1.257550120353698730e-01 9.021323323249816895e-01 0.000000000000000000e+00 0.000000000000000000e+00 0.000000000000000000e+00
6.722398400306701660e-01 6.724464297294616699e-01 2.877653241157531738e-01 6.714684963226318359e-01 6.222581863403320312e-01 5.308610796928405762e-01 8.538135886192321777e-01 1.181033849716186523e-01 7.054684758186340332e-01 0.000000000000000000e+00 0.000000000000000000e+00 0.000000000000000000e+00
8.305784463882446289e-01 7.525823116302490234e-01 7.373240590095520020e-01 9.102477431297302246e-01 7.970173358917236328e-01 7.476919293403625488e-01 4.519069194793701172e-02 7.536737322807312012e-01 6.986799836158752441e-01 1.000000000000000000e+00 0.000000000000000000e+00 0.000000000000000000e+00
6.569985151290893555e-01 5.285680294036865234e-01 7.797356843948364258e-01 4.312746524810791016e-01 3.275783658027648926e-01 1.867009997367858887e-01 9.277657270431518555e-01 7.373476624488830566e-01 9.775232672691345215e-01 0.000000000000000000e+00 0.000000000000000000e+00 0.000000000000000000e+00
7.657500505447387695e-01 1.451315283775329590e-01 4.613290429115295410e-01 1.585335731506347656e-01 6.539939045906066895e-01 2.853401303291320801e-01 7.987047433853149414e-01 3.090348839759826660e-01 3.373807668685913086e-02 0.000000000000000000e+00 0.000000000000000000e+00 0.000000000000000000e+00
6.270583868026733398e-01 6.744346022605895996e-01 5.783706903457641602e-01 4.951099157333374023e-01 7.201160192489624023e-01 3.800384402275085449e-01 9.932347536087036133e-01 8.205896615982055664e-02 6.942821741104125977e-01 0.000000000000000000e+00 0.000000000000000000e+00 0.000000000000000000e+00
5.039687156677246094e-01 5.012353062629699707e-01 3.918353915214538574e-01 2.196360230445861816e-01 9.366912245750427246e-01 5.964832305908203125e-01 9.980782270431518555e-01 1.015545725822448730e-01 9.189580678939819336e-01 1.000000000000000000e+00 0.000000000000000000e+00 0.000000000000000000e+00
8.761585354804992676e-01 1.075546741485595703e-01 5.641426444053649902e-01 6.277818083763122559e-01 4.518308043479919434e-01 6.212524771690368652e-01 8.120438456535339355e-01 9.563457965850830078e-01 7.376412153244018555e-01 0.000000000000000000e+00 0.000000000000000000e+00 0.000000000000000000e+00
4.696097075939178467e-01 7.030484676361083984e-01 9.901005029678344727e-01 3.070486187934875488e-01 1.795726418495178223e-01 3.946466445922851562e-01 7.551571726799011230e-01 5.507493019104003906e-01 9.386307001113891602e-02 1.000000000000000000e+00 1.000000000000000000e+00 1.000000000000000000e+00
8.124331831932067871e-01 1.166390180587768555e-01 8.170126676559448242e-01 9.657144546508789062e-02 6.260740160942077637e-01 9.202246069908142090e-01 8.789891600608825684e-01 9.567161798477172852e-01 5.380443334579467773e-01 0.000000000000000000e+00 0.000000000000000000e+00 0.000000000000000000e+00
9.090984463691711426e-01 6.821104288101196289e-01 9.715192914009094238e-01 5.457494258880615234e-01 9.311814904212951660e-01 8.596302270889282227e-01 9.682691693305969238e-01 3.813427686691284180e-01 1.632063388824462891e-01 0.000000000000000000e+00 0.000000000000000000e+00 0.000000000000000000e+00
7.866844534873962402e-01 6.911815404891967773e-01 4.702667593955993652e-01 3.817423582077026367e-01 9.636341333389282227e-01 2.947621941566467285e-01 9.778156876564025879e-01 2.579476237297058105e-01 9.387391805648803711e-01 0.000000000000000000e+00 0.000000000000000000e+00 0.000000000000000000e+00
9.822521209716796875e-01 7.094025611877441406e-03 5.559285283088684082e-01 9.512977004051208496e-01 8.605294227600097656e-01 9.563883543014526367e-01 6.684020757675170898e-01 6.489727497100830078e-01 1.320565342903137207e-01 0.000000000000000000e+00 0.000000000000000000e+00 0.000000000000000000e+00
8.680268377065658569e-02 1.452171802520751953e-01 1.013643741607666016e-01 1.786122918128967285e-01 3.574936985969543457e-01 1.954848170280456543e-01 8.289911746978759766e-01 7.747294902801513672e-01 6.064377427101135254e-01 0.000000000000000000e+00 0.000000000000000000e+00 0.000000000000000000e+00
9.779288172721862793e-01 1.258569955825805664e-01 6.653348803520202637e-01 5.609247684478759766e-01 9.121389985084533691e-01 2.107217311859130859e-01 1.748666167259216309e-01 6.978366971015930176e-01 2.245535254478454590e-01 0.000000000000000000e+00 1.000000000000000000e+00 0.000000000000000000e+00
4.410758912563323975e-01 9.428015351295471191e-01 6.396168470382690430e-02 5.004881620407104492e-01 2.889911532402038574e-01 3.691496849060058594e-01 7.104880213737487793e-01 6.687569618225097656e-01 1.292377114295959473e-01 1.000000000000000000e+00 0.000000000000000000e+00 0.000000000000000000e+00
6.102185249328613281e-01 4.604333639144897461e-02 4.737762212753295898e-01 2.075397372245788574e-01 2.106627225875854492e-01 4.078803658485412598e-01 9.663661718368530273e-01 7.159091830253601074e-01 7.954716682434082031e-02 1.000000000000000000e+00 0.000000000000000000e+00 0.000000000000000000e+00
9.808925986289978027e-01 3.351700305938720703e-02 1.760349869728088379e-01 8.058733344078063965e-01 6.813694238662719727e-01 6.172976493835449219e-01 5.539590120315551758e-02 6.569426059722900391e-01 5.406856536865234375e-02 0.000000000000000000e+00 1.000000000000000000e+00 0.000000000000000000e+00
9.313620924949645996e-01 5.890146493911743164e-01 1.740812063217163086e-01 9.735702276229858398e-01 2.820946574211120605e-01 3.401514291763305664e-01 6.748287081718444824e-01 3.438247442245483398e-01 9.303830265998840332e-01 0.000000000000000000e+00 0.000000000000000000e+00 0.000000000000000000e+00
8.973500728607177734e-01 2.087765932083129883e-01 8.728702664375305176e-01 3.738839626312255859e-01 2.685122489929199219e-01 5.511311292648315430e-01 1.402950882911682129e-01 6.306862831115722656e-02 4.657762050628662109e-01 0.000000000000000000e+00 0.000000000000000000e+00 0.000000000000000000e+00
7.755545377731323242e-01 3.052431344985961914e-02 1.544349193572998047e-01 6.465347409248352051e-01 6.611400842666625977e-02 6.384884715080261230e-01 4.350333213806152344e-01 7.388603687286376953e-01 8.412380814552307129e-01 1.000000000000000000e+00 0.000000000000000000e+00 0.000000000000000000e+00
9.443184137344360352e-01 1.755962967872619629e-01 4.171005487442016602e-01 4.418972730636596680e-01 9.500463008880615234e-01 3.513208627700805664e-01 1.608556509017944336e-01 3.000329732894897461e-01 9.839219450950622559e-01 0.000000000000000000e+00 0.000000000000000000e+00 0.000000000000000000e+00
6.959404349327087402e-01 9.592884778976440430e-01 8.045786619186401367e-02 8.619197010993957520e-01 2.772307395935058594e-02 1.579093933105468750e-01 3.755932450294494629e-01 3.434844017028808594e-01 1.636353135108947754e-01 0.000000000000000000e+00 0.000000000000000000e+00 0.000000000000000000e+00
7.691290974617004395e-01 8.278632760047912598e-01 1.414071917533874512e-01 6.267579197883605957e-01 8.294716477394104004e-01 6.754227280616760254e-01 4.118996858596801758e-02 9.769495129585266113e-01 3.249562978744506836e-01 0.000000000000000000e+00 0.000000000000000000e+00 0.000000000000000000e+00
8.004102706909179688e-01 1.708393692970275879e-01 4.586185216903686523e-01 5.952681303024291992e-01 3.117102384567260742e-01 2.008804678916931152e-01 9.574886560440063477e-01 4.390448331832885742e-01 6.370877027511596680e-01 0.000000000000000000e+00 0.000000000000000000e+00 0.000000000000000000e+00
3.014280498027801514e-01 5.311369895935058594e-04 2.444603443145751953e-01 2.799500823020935059e-01 5.570060610771179199e-01 3.791962862014770508e-01 4.305315017700195312e-02 6.222535371780395508e-01 2.147166132926940918e-01 0.000000000000000000e+00 0.000000000000000000e+00 0.000000000000000000e+00
7.290477752685546875e-01 9.922565817832946777e-01 1.974818110466003418e-01 6.097987294197082520e-01 6.529296040534973145e-01 5.827871561050415039e-01 9.135400652885437012e-01 3.975707292556762695e-01 6.989700794219970703e-01 1.000000000000000000e+00 0.000000000000000000e+00 0.000000000000000000e+00
1.188888922333717346e-01 3.298774957656860352e-01 9.729111194610595703e-02 1.244461536407470703e-01 4.224091768264770508e-02 2.917779684066772461e-01 4.519985914230346680e-01 9.335065484046936035e-01 5.957159399986267090e-01 0.000000000000000000e+00 1.000000000000000000e+00 0.000000000000000000e+00
7.596718668937683105e-01 4.846602082252502441e-01 2.082297205924987793e-01 7.490010857582092285e-01 2.642878890037536621e-01 4.252892732620239258e-01 9.692587852478027344e-01 6.039437055587768555e-01 7.385797500610351562e-01 0.000000000000000000e+00 0.000000000000000000e+00 0.000000000000000000e+00
3.951708972454071045e-01 8.086707592010498047e-01 4.209105968475341797e-01 6.423180699348449707e-01 3.247696161270141602e-02 4.985179305076599121e-01 8.046866655349731445e-01 1.788488626480102539e-01 2.703627347946166992e-01 1.000000000000000000e+00 0.000000000000000000e+00 0.000000000000000000e+00
6.867753863334655762e-01 6.307649016380310059e-01 9.203705787658691406e-01 3.108247518539428711e-01 4.674505591392517090e-01 3.006560802459716797e-01 9.728881716728210449e-01 2.803385257720947266e-03 1.157267689704895020e-01 0.000000000000000000e+00 1.000000000000000000e+00 0.000000000000000000e+00
8.958091735839843750e-01 7.195706963539123535e-01 8.242157697677612305e-01 6.541215181350708008e-01 7.789322733879089355e-01 4.351701736450195312e-01 3.846127390861511230e-01 5.677284598350524902e-01 3.868388533592224121e-01 0.000000000000000000e+00 0.000000000000000000e+00 0.000000000000000000e+00
9.660795927047729492e-01 5.027306079864501953e-02 7.012045979499816895e-01 5.859479308128356934e-01 2.836987972259521484e-01 3.034677505493164062e-01 7.513515949249267578e-01 4.488188028335571289e-01 2.399065494537353516e-01 0.000000000000000000e+00 1.000000000000000000e+00 0.000000000000000000e+00
4.281391799449920654e-01 4.458251595497131348e-01 3.548079133033752441e-01 5.739053487777709961e-01 4.334386587142944336e-01 9.624853730201721191e-01 6.510615348815917969e-03 5.308824777603149414e-01 9.032360315322875977e-01 1.000000000000000000e+00 0.000000000000000000e+00 0.000000000000000000e+00
8.938106894493103027e-01 3.200429081916809082e-01 9.425607323646545410e-01 9.609217047691345215e-01 1.573495864868164062e-01 9.831443428993225098e-01 2.304064631462097168e-01 2.422530651092529297e-01 4.330637454986572266e-01 0.000000000000000000e+00 1.000000000000000000e+00 0.000000000000000000e+00
6.538424491882324219e-01 7.552914619445800781e-01 3.181819319725036621e-01 7.780016660690307617e-01 1.385198235511779785e-01 2.406184077262878418e-01 9.233009815216064453e-01 4.647603034973144531e-01 5.297244787216186523e-01 1.000000000000000000e+00 0.000000000000000000e+00 0.000000000000000000e+00
7.462167739868164062e-01 8.309704661369323730e-01 2.488291263580322266e-02 7.151819467544555664e-01 3.480916023254394531e-01 3.903625607490539551e-01 1.670253872871398926e-01 8.232306241989135742e-01 9.547145366668701172e-01 0.000000000000000000e+00 0.000000000000000000e+00 0.000000000000000000e+00
8.712873458862304688e-01 3.572402596473693848e-01 5.213431119918823242e-01 5.044071078300476074e-01 9.873870015144348145e-01 9.531095623970031738e-01 2.458523511886596680e-01 4.976647496223449707e-01 8.494913578033447266e-02 0.000000000000000000e+00 0.000000000000000000e+00 0.000000000000000000e+00
9.853798747062683105e-01 1.844644546508789062e-02 7.526392936706542969e-01 8.323549628257751465e-01 4.428451061248779297e-01 6.045289039611816406e-01 5.104315876960754395e-01 7.063213586807250977e-01 3.537069559097290039e-01 1.000000000000000000e+00 0.000000000000000000e+00 0.000000000000000000e+00
9.495116472244262695e-01 7.260020971298217773e-01 7.251795530319213867e-01 9.219485521316528320e-01 9.295195341110229492e-01 9.777154922485351562e-01 5.392661690711975098e-01 7.767051458358764648e-01 5.609767436981201172e-01 0.000000000000000000e+00 0.000000000000000000e+00 0.000000000000000000e+00
5.727866291999816895e-01 6.733875870704650879e-01 8.936589956283569336e-02 1.873260736465454102e-01 7.103883624076843262e-01 1.226621866226196289e-01 3.249495625495910645e-01 8.459473252296447754e-01 4.440951347351074219e-01 1.000000000000000000e+00 0.000000000000000000e+00 0.000000000000000000e+00
9.338679313659667969e-01 2.443783879280090332e-01 1.594938039779663086e-01 8.409539461135864258e-01 3.656409978866577148e-01 7.544295191764831543e-01 3.952517509460449219e-01 1.343762874603271484e-02 2.426814436912536621e-01 0.000000000000000000e+00 1.000000000000000000e+00 0.000000000000000000e+00
8.848132491111755371e-01 4.561346769332885742e-01 5.091324448585510254e-01 7.415047883987426758e-01 8.215125203132629395e-01 5.706504583358764648e-01 4.509079456329345703e-02 9.579098820686340332e-01 7.812734246253967285e-01 1.000000000000000000e+00 0.000000000000000000e+00 0.000000000000000000e+00
9.954832792282104492e-01 1.782711148262023926e-01 2.077499628067016602e-01 8.861588239669799805e-01 6.664213538169860840e-01 3.807148337364196777e-01 8.740085363388061523e-01 8.740133047103881836e-01 5.735419988632202148e-01 0.000000000000000000e+00 0.000000000000000000e+00 0.000000000000000000e+00
7.212013602256774902e-01 1.024060249328613281e-01 5.201973915100097656e-01 2.602893710136413574e-01 6.075115799903869629e-01 5.537442564964294434e-01 8.389007449150085449e-01 1.963020563125610352e-01 3.610386252403259277e-01 0.000000000000000000e+00 0.000000000000000000e+00 0.000000000000000000e+00
9.585451483726501465e-01 6.615190505981445312e-01 8.634137511253356934e-01 9.251257777214050293e-01 8.017662763595581055e-01 6.555615067481994629e-01 3.402120471000671387e-01 9.768797755241394043e-01 4.342193603515625000e-01 0.000000000000000000e+00 0.000000000000000000e+00 0.000000000000000000e+00
7.387133836746215820e-01 2.544039487838745117e-01 5.278118252754211426e-01 2.542780041694641113e-01 4.936363697052001953e-01 3.085368871688842773e-02 2.946130633354187012e-01 3.783054947853088379e-01 7.564693689346313477e-01 0.000000000000000000e+00 0.000000000000000000e+00 0.000000000000000000e+00
6.259696483612060547e-01 7.968733906745910645e-01 1.583831310272216797e-01 6.404036283493041992e-01 4.910869002342224121e-01 3.972870111465454102e-01 6.408514380455017090e-01 8.842906355857849121e-01 1.834698915481567383e-01 0.000000000000000000e+00 0.000000000000000000e+00 0.000000000000000000e+00
8.318116664886474609e-01 8.835587501525878906e-01 3.110625743865966797e-01 8.975186347961425781e-01 7.397691011428833008e-01 9.099814891815185547e-01 4.633744359016418457e-01 6.505706310272216797e-01 2.714044451713562012e-01 0.000000000000000000e+00 0.000000000000000000e+00 0.000000000000000000e+00
7.521346807479858398e-01 7.814145088195800781e-01 1.207643747329711914e-02 4.746069908142089844e-01 6.957840323448181152e-01 8.963912129402160645e-01 2.801191806793212891e-02 1.480684876441955566e-01 1.754571199417114258e-01 0.000000000000000000e+00 0.000000000000000000e+00 0.000000000000000000e+00
7.542563676834106445e-01 5.514865517616271973e-01 8.596375584602355957e-01 1.876527070999145508e-02 7.374568581581115723e-01 5.389432907104492188e-01 3.562546372413635254e-01 2.399965524673461914e-01 1.999258995056152344e-01 0.000000000000000000e+00 0.000000000000000000e+00 0.000000000000000000e+00
9.848528504371643066e-01 3.370876312255859375e-01 9.965763092041015625e-01 6.233866810798645020e-01 7.770131826400756836e-01 2.574412226676940918e-01 1.953096985816955566e-01 9.053190946578979492e-01 5.790797472000122070e-01 0.000000000000000000e+00 0.000000000000000000e+00 0.000000000000000000e+00
4.643476903438568115e-01 5.358610153198242188e-01 6.847220659255981445e-02 5.049008131027221680e-01 4.910426735877990723e-01 3.100197315216064453e-01 6.892524361610412598e-01 4.997805953025817871e-01 1.720885634422302246e-01 1.000000000000000000e+00 1.000000000000000000e+00 1.000000000000000000e+00
6.240167021751403809e-01 3.209009170532226562e-01 2.769453525543212891e-01 5.009840726852416992e-01 5.347353219985961914e-02 1.335338354110717773e-01 2.586541175842285156e-01 2.407048344612121582e-01 5.933107137680053711e-01 1.000000000000000000e+00 0.000000000000000000e+00 0.000000000000000000e+00
9.281381368637084961e-01 5.570307374000549316e-01 1.746740937232971191e-01 8.601254820823669434e-01 9.956508278846740723e-01 1.181641221046447754e-01 1.719703078269958496e-01 6.104916334152221680e-02 1.217044591903686523e-01 0.000000000000000000e+00 1.000000000000000000e+00 0.000000000000000000e+00
9.534999132156372070e-01 3.800920248031616211e-01 2.114466428756713867e-01 6.144998073577880859e-01 9.579736590385437012e-01 2.485754489898681641e-01 3.757441043853759766e-01 6.180921792984008789e-01 3.256757855415344238e-01 0.000000000000000000e+00 0.000000000000000000e+00 0.000000000000000000e+00
9.743073582649230957e-01 3.301902413368225098e-01 3.320628404617309570e-02 7.808232307434082031e-01 9.721337556838989258e-01 7.227659821510314941e-01 2.403274774551391602e-01 2.332635521888732910e-01 1.425177454948425293e-01 0.000000000000000000e+00 1.000000000000000000e+00 0.000000000000000000e+00
7.756547927856445312e-01 9.748606681823730469e-01 4.796457290649414062e-02 7.760486602783203125e-01 2.969732880592346191e-01 1.583819389343261719e-01 8.492656946182250977e-01 6.116645932197570801e-01 3.322761058807373047e-01 0.000000000000000000e+00 0.000000000000000000e+00 0.000000000000000000e+00
9.122330546379089355e-01 1.423859596252441406e-02 4.797454476356506348e-01 4.895027279853820801e-01 7.542244195938110352e-01 3.885209560394287109e-02 3.506683111190795898e-01 7.937387228012084961e-01 9.351180791854858398e-01 0.000000000000000000e+00 0.000000000000000000e+00 0.000000000000000000e+00
6.360354423522949219e-01 1.657245159149169922e-01 1.314372420310974121e-01 5.118656754493713379e-01 1.452730894088745117e-01 6.721550822257995605e-01 4.817371964454650879e-01 7.407313585281372070e-02 3.031147718429565430e-01 1.000000000000000000e+00 1.000000000000000000e+00 1.000000000000000000e+00
9.625436067581176758e-01 5.747854709625244141e-03 9.031847119331359863e-01 4.278044104576110840e-01 9.079341888427734375e-01 8.770125508308410645e-01 3.722825646400451660e-01 6.959053277969360352e-01 5.750672817230224609e-01 0.000000000000000000e+00 0.000000000000000000e+00 0.000000000000000000e+00
1.891055703163146973e-01 8.412938117980957031e-01 2.705805301666259766e-01 2.439128756523132324e-01 1.370418071746826172e-02 2.589727044105529785e-01 5.652471780776977539e-01 2.870433926582336426e-01 7.921043634414672852e-01 0.000000000000000000e+00 0.000000000000000000e+00 0.000000000000000000e+00
1.393223851919174194e-01 4.908119440078735352e-01 2.095460891723632812e-02 6.843030452728271484e-03 8.421069383621215820e-02 4.957606196403503418e-01 7.455069422721862793e-01 6.170468330383300781e-01 3.483193516731262207e-01 1.000000000000000000e+00 1.000000000000000000e+00 1.000000000000000000e+00
2.797522842884063721e-01 6.395389437675476074e-01 2.959473133087158203e-01 2.549741268157958984e-01 3.052673935890197754e-01 2.964899539947509766e-01 4.382470846176147461e-01 1.295927166938781738e-01 9.137502908706665039e-01 1.000000000000000000e+00 1.000000000000000000e+00 1.000000000000000000e+00
8.869711756706237793e-01 9.220110774040222168e-01 1.599226593971252441e-01 4.209444522857666016e-01 9.645917415618896484e-01 1.397716403007507324e-01 3.900879621505737305e-01 9.898375272750854492e-01 8.437168598175048828e-01 0.000000000000000000e+00 0.000000000000000000e+00 0.000000000000000000e+00
7.722802162170410156e-01 5.109010934829711914e-01 8.389355540275573730e-01 6.925509572029113770e-01 2.160204648971557617e-01 6.341812014579772949e-01 2.829957604408264160e-01 5.563161969184875488e-01 9.083390235900878906e-03 1.000000000000000000e+00 1.000000000000000000e+00 1.000000000000000000e+00
4.864324331283569336e-01 7.134160995483398438e-01 3.472458720207214355e-01 8.624112606048583984e-02 6.215186715126037598e-01 3.094973564147949219e-01 6.611385345458984375e-01 6.380626559257507324e-01 2.868737578392028809e-01 1.000000000000000000e+00 0.000000000000000000e+00 0.000000000000000000e+00
9.213939309120178223e-01 3.900696635246276855e-01 8.431766033172607422e-01 7.825409173965454102e-01 4.712979793548583984e-01 7.870212793350219727e-01 6.283609271049499512e-01 8.634254932403564453e-01 8.012856841087341309e-01 0.000000000000000000e+00 0.000000000000000000e+00 0.000000000000000000e+00
8.204424381256103516e-01 4.964635372161865234e-01 1.781271696090698242e-01 8.456911444664001465e-01 1.666185855865478516e-01 6.646512150764465332e-01 9.930432438850402832e-01 6.742163300514221191e-01 3.061127066612243652e-01 1.000000000000000000e+00 0.000000000000000000e+00 0.000000000000000000e+00
3.376861214637756348e-01 3.451760411262512207e-01 4.609039425849914551e-01 1.231508851051330566e-01 5.419178605079650879e-01 7.779017686843872070e-01 6.209189891815185547e-01 7.514005899429321289e-01 3.411762714385986328e-01 1.000000000000000000e+00 1.000000000000000000e+00 1.000000000000000000e+00
7.754424810409545898e-01 8.926701545715332031e-01 5.880715847015380859e-01 9.729807972908020020e-01 3.562228083610534668e-01 1.194512844085693359e-01 8.197225928306579590e-01 5.634502768516540527e-01 4.690272808074951172e-01 0.000000000000000000e+00 0.000000000000000000e+00 0.000000000000000000e+00
1.958827376365661621e-01 9.209952354431152344e-01 5.975782871246337891e-01 5.464810132980346680e-02 2.184334993362426758e-01 1.232475638389587402e-01 8.222850561141967773e-01 6.480222940444946289e-02 4.956245422363281250e-01 0.000000000000000000e+00 1.000000000000000000e+00 0.000000000000000000e+00
8.286392688751220703e-01 6.276057362556457520e-01 7.045336961746215820e-01 8.267220854759216309e-01 6.883136034011840820e-01 8.357018828392028809e-01 5.208632349967956543e-01 1.684504151344299316e-01 8.198106288909912109e-02 1.000000000000000000e+00 1.000000000000000000e+00 1.000000000000000000e+00
6.212620139122009277e-01 7.642644643783569336e-01 2.787880301475524902e-01 4.284219145774841309e-01 6.494407057762145996e-01 1.610915660858154297e-01 7.222455739974975586e-02 2.025825977325439453e-01 4.910688996315002441e-01 0.000000000000000000e+00 0.000000000000000000e+00 0.000000000000000000e+00
9.988196492195129395e-01 2.088272571563720703e-02 9.556486010551452637e-01 7.467076182365417480e-01 8.878349065780639648e-01 3.872143030166625977e-01 6.586560010910034180e-01 1.217937469482421875e-02 2.041914463043212891e-01 0.000000000000000000e+00 1.000000000000000000e+00 0.000000000000000000e+00
6.723467111587524414e-01 6.678153872489929199e-01 8.993897438049316406e-01 4.491111636161804199e-01 5.326667428016662598e-01 9.916784167289733887e-01 4.877245426177978516e-01 9.572816491127014160e-01 1.292022466659545898e-01 0.000000000000000000e+00 0.000000000000000000e+00 0.000000000000000000e+00
7.436114549636840820e-01 8.014048933982849121e-01 7.038677930831909180e-01 6.214935183525085449e-01 7.291223406791687012e-01 7.827221155166625977e-01 8.406199812889099121e-01 3.609610199928283691e-01 5.823645591735839844e-01 0.000000000000000000e+00 0.000000000000000000e+00 0.000000000000000000e+00
8.558064699172973633e-01 6.185132265090942383e-02 2.698389291763305664e-01 5.833523273468017578e-01 6.148016452789306641e-02 2.478407621383666992e-01 8.155959844589233398e-01 4.857171773910522461e-01 4.050267934799194336e-01 0.000000000000000000e+00 0.000000000000000000e+00 0.000000000000000000e+00
8.511122465133666992e-01 5.868777036666870117e-01 1.419886350631713867e-01 9.335386157035827637e-01 6.271399259567260742e-01 9.911110401153564453e-01 7.687580585479736328e-01 5.150867700576782227e-01 3.180239200592041016e-01 0.000000000000000000e+00 0.000000000000000000e+00 0.000000000000000000e+00
7.040570378303527832e-01 2.996870279312133789e-01 8.186960220336914062e-02 6.197256445884704590e-01 6.318648457527160645e-01 7.688894271850585938e-01 6.107765436172485352e-01 8.476272225379943848e-01 7.341032028198242188e-01 0.000000000000000000e+00 0.000000000000000000e+00 0.000000000000000000e+00
5.721527338027954102e-01 4.588049650192260742e-01 8.264156579971313477e-01 1.166508793830871582e-01 1.407886147499084473e-01 2.060375213623046875e-01 6.134668588638305664e-01 1.699082255363464355e-01 7.620698213577270508e-01 1.000000000000000000e+00 1.000000000000000000e+00 1.000000000000000000e+00
6.488650441169738770e-01 8.729369640350341797e-01 5.449309349060058594e-01 3.398597836494445801e-01 5.846807360649108887e-01 1.245882511138916016e-01 3.144078254699707031e-01 2.613219618797302246e-01 5.324242711067199707e-01 1.000000000000000000e+00 0.000000000000000000e+00 0.000000000000000000e+00
2.301105856895446777e-01 8.940934538841247559e-01 2.383559942245483398e-01 2.098125815391540527e-01 1.242817044258117676e-01 6.700304746627807617e-01 7.809922099113464355e-01 1.197669506072998047e-01 4.782870411872863770e-01 0.000000000000000000e+00 0.000000000000000000e+00 0.000000000000000000e+00
5.288583040237426758e-01 3.826544284820556641e-01 1.856684684753417969e-03 3.522141575813293457e-01 5.905613899230957031e-01 5.367466807365417480e-01 6.317434906959533691e-01 1.028765439987182617e-01 9.748244285583496094e-01 0.000000000000000000e+00 0.000000000000000000e+00 0.000000000000000000e+00
8.447068333625793457e-01 6.540659666061401367e-01 6.492680907249450684e-01 6.404734253883361816e-01 7.812873721122741699e-01 9.941080808639526367e-01 9.220911860466003418e-01 1.829674839973449707e-01 4.144058823585510254e-01 0.000000000000000000e+00 0.000000000000000000e+00 0.000000000000000000e+00
6.278870701789855957e-01 9.877640604972839355e-01 9.472082853317260742e-01 6.603246927261352539e-02 9.249905943870544434e-01 2.385051250457763672e-01 9.759001731872558594e-01 1.821412444114685059e-01 7.823146581649780273e-01 1.000000000000000000e+00 0.000000000000000000e+00 0.000000000000000000e+00
8.288261294364929199e-01 8.825438618659973145e-01 8.490133285522460938e-01 6.481168866157531738e-01 9.186120033264160156e-01 9.869984984397888184e-01 5.156769752502441406e-01 3.338999748229980469e-01 4.440414309501647949e-01 0.000000000000000000e+00 0.000000000000000000e+00 0.000000000000000000e+00
8.844996690750122070e-01 2.900043129920959473e-01 6.348896026611328125e-01 8.973266482353210449e-01 7.432818412780761719e-02 3.701160550117492676e-01 6.273612380027770996e-01 8.288532495498657227e-02 7.323425412178039551e-01 0.000000000000000000e+00 0.000000000000000000e+00 0.000000000000000000e+00
5.881400704383850098e-01 8.820477128028869629e-01 4.161888360977172852e-01 6.726047992706298828e-01 5.121972560882568359e-01 7.766457200050354004e-01 9.611889719963073730e-01 3.089671730995178223e-01 2.492004036903381348e-01 1.000000000000000000e+00 0.000000000000000000e+00 0.000000000000000000e+00
6.546815037727355957e-01 9.251542687416076660e-01 6.866264343261718750e-01 7.981960773468017578e-01 4.826143383979797363e-01 9.166517853736877441e-01 8.722593188285827637e-01 4.032204747200012207e-01 6.037092804908752441e-01 0.000000000000000000e+00 0.000000000000000000e+00 0.000000000000000000e+00
4.520338773727416992e-01 5.586828589439392090e-01 9.417590498924255371e-01 6.396967768669128418e-01 1.474660634994506836e-02 8.829934597015380859e-01 5.972068905830383301e-01 3.154168128967285156e-01 7.587605714797973633e-01 1.000000000000000000e+00 0.000000000000000000e+00 0.000000000000000000e+00
9.928013086318969727e-01 2.538446187973022461e-01 5.792657136917114258e-01 8.099223375320434570e-01 6.661309599876403809e-01 1.572502255439758301e-01 9.275474548339843750e-01 2.426249384880065918e-01 5.195745825767517090e-01 0.000000000000000000e+00 0.000000000000000000e+00 0.000000000000000000e+00
8.688657879829406738e-01 9.507505893707275391e-01 4.472190141677856445e-01 7.939811944961547852e-01 8.793150186538696289e-01 2.034193277359008789e-01 9.191334247589111328e-03 7.915812730789184570e-02 6.455891132354736328e-01 0.000000000000000000e+00 0.000000000000000000e+00 0.000000000000000000e+00
5.220898985862731934e-01 2.890950441360473633e-01 4.989761114120483398e-01 1.874064207077026367e-01 5.545700788497924805e-01 7.233904600143432617e-01 9.537422657012939453e-02 8.300635218620300293e-01 7.263767719268798828e-02 1.000000000000000000e+00 0.000000000000000000e+00 0.000000000000000000e+00
1.035223156213760376e-01 4.205749034881591797e-01 2.605050802230834961e-01 1.350170373916625977e-02 2.576388120651245117e-01 5.559173226356506348e-01 5.272167921066284180e-02 4.943557381629943848e-01 7.022272944450378418e-01 1.000000000000000000e+00 1.000000000000000000e+00 1.000000000000000000e+00
2.560392320156097412e-01 3.462367653846740723e-01 3.262108564376831055e-01 2.863627672195434570e-02 5.780857205390930176e-01 4.876209497451782227e-01 1.308894157409667969e-02 2.384644746780395508e-01 2.774502038955688477e-01 1.000000000000000000e+00 0.000000000000000000e+00 0.000000000000000000e+00
1.231357753276824951e-01 4.633471965789794922e-01 4.243834018707275391e-01 3.608859777450561523e-01 3.163949847221374512e-01 5.081579089164733887e-01 3.302654027938842773e-01 9.089870452880859375e-01 5.235278010368347168e-01 0.000000000000000000e+00 1.000000000000000000e+00 0.000000000000000000e+00
2.441308647394180298e-01 4.462417364120483398e-01 6.243419647216796875e-02 1.529589891433715820e-01 3.516488075256347656e-01 6.213998794555664062e-02 3.987311124801635742e-01 1.702791452407836914e-01 2.572591900825500488e-01 1.000000000000000000e+00 0.000000000000000000e+00 0.000000000000000000e+00
6.235977411270141602e-01 7.987269163131713867e-01 8.097941875457763672e-01 4.613311290740966797e-01 4.228997230529785156e-01 3.186649084091186523e-02 9.966246485710144043e-01 1.432257294654846191e-01 1.154565811157226562e-02 0.000000000000000000e+00 0.000000000000000000e+00 0.000000000000000000e+00
2.720295488834381104e-01 8.880926966667175293e-01 6.297886371612548828e-02 2.342073321342468262e-01 3.816037178039550781e-01 4.305604696273803711e-01 9.833020567893981934e-01 3.524112701416015625e-02 2.018817663192749023e-01 1.000000000000000000e+00 1.000000000000000000e+00 1.000000000000000000e+00
9.061673879623413086e-01 2.738952040672302246e-01 2.019490599632263184e-01 7.967295050621032715e-01 4.833214282989501953e-01 5.988577008247375488e-01 8.843326568603515625e-01 5.885496139526367188e-01 3.709207177162170410e-01 1.000000000000000000e+00 0.000000000000000000e+00 0.000000000000000000e+00
5.433889627456665039e-01 5.004721879959106445e-01 3.508305549621582031e-01 4.195401668548583984e-01 3.320289254188537598e-01 1.004729270935058594e-01 7.943099737167358398e-01 1.135592460632324219e-01 4.228612780570983887e-01 0.000000000000000000e+00 0.000000000000000000e+00 0.000000000000000000e+00
6.825503706932067871e-01 7.523190975189208984e-01 4.581326246261596680e-01 6.369178891181945801e-01 9.169797897338867188e-01 4.467479586601257324e-01 6.999844312667846680e-01 1.045777797698974609e-01 4.136767983436584473e-01 0.000000000000000000e+00 0.000000000000000000e+00 0.000000000000000000e+00
8.853534460067749023e-01 3.858541250228881836e-01 7.669167518615722656e-01 8.296884298324584961e-01 3.831974864006042480e-01 4.461326599121093750e-01 4.624946117401123047e-01 1.095101237297058105e-01 1.061434745788574219e-01 0.000000000000000000e+00 1.000000000000000000e+00 0.000000000000000000e+00
6.481613516807556152e-01 5.499945878982543945e-01 3.399595022201538086e-01 5.330692529678344727e-01 7.671627402305603027e-01 2.023583650588989258e-01 1.461088061332702637e-01 4.163383245468139648e-01 9.414200782775878906e-01 1.000000000000000000e+00 0.000000000000000000e+00 0.000000000000000000e+00
8.327643275260925293e-01 2.927410006523132324e-01 8.823398947715759277e-01 4.334647059440612793e-01 1.959484815597534180e-02 3.935667276382446289e-01 8.955771327018737793e-01 1.852295398712158203e-01 4.761648178100585938e-02 1.000000000000000000e+00 0.000000000000000000e+00 0.000000000000000000e+00
2.320152521133422852e-01 9.494565129280090332e-01 6.643970608711242676e-01 5.607724189758300781e-03 6.815707087516784668e-01 6.971243619918823242e-01 9.256455898284912109e-01 6.592934131622314453e-01 8.490151762962341309e-01 1.000000000000000000e+00 0.000000000000000000e+00 0.000000000000000000e+00
9.718282818794250488e-01 4.131911993026733398e-01 3.278360366821289062e-01 7.950331568717956543e-01 5.210642218589782715e-01 3.448450565338134766e-02 3.271185159683227539e-01 4.312133193016052246e-01 2.529298067092895508e-01 0.000000000000000000e+00 1.000000000000000000e+00 0.000000000000000000e+00
5.606750249862670898e-01 9.814805984497070312e-01 5.989880561828613281e-01 3.707562685012817383e-01 8.209298253059387207e-01 3.113319277763366699e-01 1.390071511268615723e-01 3.251791000366210938e-03 5.208766460418701172e-02 0.000000000000000000e+00 0.000000000000000000e+00 0.000000000000000000e+00
1.825272887945175171e-01 4.066033959388732910e-01 7.277685403823852539e-02 3.244976401329040527e-01 2.387430071830749512e-01 6.259797215461730957e-01 4.181059002876281738e-01 3.283393383026123047e-02 6.747606396675109863e-01 0.000000000000000000e+00 0.000000000000000000e+00 0.000000000000000000e+00
8.367753028869628906e-01 7.685959339141845703e-01 1.577895283699035645e-01 5.675181746482849121e-01 9.191689491271972656e-01 1.886053681373596191e-01 8.078130483627319336e-01 1.781176328659057617e-01 8.468126058578491211e-01 0.000000000000000000e+00 0.000000000000000000e+00 0.000000000000000000e+00
5.577567815780639648e-01 5.567356348037719727e-01 4.458781480789184570e-01 3.762764334678649902e-01 4.543622136116027832e-01 9.371066689491271973e-01 6.900894641876220703e-02 2.927911281585693359e-02 2.549476623535156250e-01 1.000000000000000000e+00 1.000000000000000000e+00 1.000000000000000000e+00
4.345199763774871826e-01 2.676641941070556641e-02 2.588967680931091309e-01 2.513416409492492676e-01 8.860418200492858887e-01 9.900406002998352051e-01 1.458474397659301758e-01 3.664073348045349121e-01 4.924768805503845215e-01 1.000000000000000000e+00 0.000000000000000000e+00 0.000000000000000000e+00
7.502560019493103027e-01 9.305648207664489746e-01 5.172608494758605957e-01 8.053701519966125488e-01 3.277472257614135742e-01 7.086422443389892578e-01 7.211785912513732910e-01 4.899171590805053711e-01 5.799114704132080078e-01 1.000000000000000000e+00 0.000000000000000000e+00 0.000000000000000000e+00
7.756308317184448242e-01 8.124881386756896973e-01 6.347725987434387207e-01 8.229951262474060059e-01 6.039600968360900879e-01 3.525793552398681641e-01 9.187855720520019531e-01 8.453103303909301758e-01 5.177415609359741211e-01 1.000000000000000000e+00 0.000000000000000000e+00 0.000000000000000000e+00
9.305782914161682129e-01 1.091086268424987793e-01 1.178166270256042480e-01 6.256844401359558105e-01 6.544924378395080566e-01 8.811138868331909180e-01 4.655554294586181641e-01 6.911314129829406738e-01 6.656447052955627441e-01 0.000000000000000000e+00 0.000000000000000000e+00 0.000000000000000000e+00
9.889001846313476562e-01 6.869375705718994141e-03 6.445840001106262207e-01 9.808390140533447266e-01 3.013846874237060547e-01 7.318240404129028320e-01 9.254718422889709473e-01 1.788327693939208984e-01 4.912037253379821777e-01 0.000000000000000000e+00 1.000000000000000000e+00 0.000000000000000000e+00
8.071867823600769043e-01 2.735083699226379395e-01 4.087969660758972168e-01 5.644984841346740723e-01 5.069974064826965332e-01 3.860023617744445801e-01 2.713299989700317383e-01 6.008063554763793945e-01 7.599771022796630859e-03 0.000000000000000000e+00 0.000000000000000000e+00 0.000000000000000000e+00
3.685196042060852051e-01 2.174336314201354980e-01 5.014611482620239258e-01 5.881613492965698242e-02 4.624426960945129395e-01 3.724881410598754883e-01 3.372142314910888672e-01 9.067404866218566895e-01 1.590150594711303711e-02 1.000000000000000000e+00 1.000000000000000000e+00 1.000000000000000000e+00
6.041582226753234863e-01 6.631396412849426270e-01 4.487053155899047852e-01 1.623331308364868164e-01 9.070536494255065918e-01 9.419783353805541992e-01 4.871578216552734375e-01 5.242146253585815430e-01 8.773443102836608887e-01 0.000000000000000000e+00 0.000000000000000000e+00 0.000000000000000000e+00
8.614896535873413086e-01 4.746901988983154297e-02 4.433903098106384277e-01 6.242369413375854492e-01 7.757511734962463379e-01 9.844521880149841309e-01 1.403843760490417480e-01 4.813985824584960938e-01 5.426918268203735352e-01 0.000000000000000000e+00 0.000000000000000000e+00 0.000000000000000000e+00
4.797217249870300293e-01 9.315009713172912598e-01 2.471371889114379883e-01 7.030761241912841797e-02 7.368362545967102051e-01 3.169543147087097168e-01 7.506293058395385742e-01 1.199191808700561523e-01 4.387965202331542969e-01 1.000000000000000000e+00 0.000000000000000000e+00 0.000000000000000000e+00
2.248045802116394043e-01 2.928932309150695801e-01 3.737381100654602051e-01 3.078911304473876953e-01 9.031933546066284180e-02 9.980452060699462891e-01 9.603477120399475098e-01 7.119448781013488770e-01 7.295748591423034668e-01 0.000000000000000000e+00 1.000000000000000000e+00 0.000000000000000000e+00
8.838065266609191895e-01 8.732190728187561035e-01 5.099445581436157227e-02 9.464201927185058594e-01 4.972850680351257324e-01 2.969511747360229492e-01 1.438329815864562988e-01 6.503679752349853516e-01 3.402409553527832031e-01 0.000000000000000000e+00 0.000000000000000000e+00 0.000000000000000000e+00
9.928600192070007324e-01 1.601201891899108887e-01 4.403806328773498535e-01 8.243883252143859863e-01 7.508447766304016113e-01 1.481374502182006836e-01 2.285743355751037598e-01 7.307780385017395020e-01 6.240289807319641113e-01 0.000000000000000000e+00 0.000000000000000000e+00 0.000000000000000000e+00
7.816556692123413086e-01 3.548668026924133301e-01 1.618671417236328125e-02 4.973922967910766602e-01 8.540974855422973633e-01 6.573270559310913086e-01 6.459092497825622559e-01 2.890281081199645996e-01 6.865620613098144531e-03 1.000000000000000000e+00 0.000000000000000000e+00 0.000000000000000000e+00
2.932305335998535156e-01 2.786082625389099121e-01 1.826889514923095703e-01 3.241323232650756836e-01 2.196582555770874023e-01 8.746153116226196289e-01 2.471322417259216309e-01 4.760696887969970703e-01 4.024647474288940430e-01 1.000000000000000000e+00 0.000000000000000000e+00 0.000000000000000000e+00
4.911465346813201904e-01 7.089827060699462891e-01 7.188768386840820312e-01 2.533173561096191406e-02 9.509400129318237305e-01 8.407900929450988770e-01 1.559549570083618164e-01 9.094243645668029785e-01 8.848872184753417969e-01 0.000000000000000000e+00 0.000000000000000000e+00 0.000000000000000000e+00
7.774707078933715820e-01 5.237350463867187500e-01 2.471465468406677246e-01 8.256520032882690430e-01 2.212343215942382812e-01 5.048131942749023438e-01 8.325249552726745605e-01 5.668022632598876953e-01 7.128476500511169434e-01 1.000000000000000000e+00 0.000000000000000000e+00 0.000000000000000000e+00
9.409095048904418945e-01 1.543296575546264648e-01 9.109395742416381836e-01 2.861196398735046387e-01 5.621421337127685547e-02 3.807139396667480469e-01 7.520167231559753418e-01 4.424440860748291016e-01 3.499966263771057129e-01 1.000000000000000000e+00 0.000000000000000000e+00 0.000000000000000000e+00
7.078617215156555176e-01 4.068781137466430664e-01 8.113540410995483398e-01 4.891868829727172852e-01 4.819553494453430176e-01 6.678100228309631348e-01 4.073460698127746582e-01 1.540731787681579590e-01 1.580716967582702637e-01 0.000000000000000000e+00 0.000000000000000000e+00 0.000000000000000000e+00
6.332188248634338379e-01 8.371229767799377441e-01 5.146200060844421387e-01 4.425978660583496094e-01 7.203645110130310059e-01 1.674759984016418457e-01 2.339597344398498535e-01 4.081845283508300781e-02 6.467598676681518555e-01 0.000000000000000000e+00 0.000000000000000000e+00 0.000000000000000000e+00
8.109521269798278809e-01 7.845932841300964355e-01 4.385232925415039062e-03 5.718255043029785156e-01 4.477680325508117676e-01 5.510991811752319336e-02 6.125940084457397461e-01 1.911732554435729980e-01 8.564077615737915039e-01 1.000000000000000000e+00 0.000000000000000000e+00 0.000000000000000000e+00
2.741360664367675781e-01 6.131355762481689453e-01 3.829488158226013184e-01 2.849428057670593262e-01 6.138551235198974609e-02 1.498122811317443848e-01 4.996033906936645508e-01 2.138038873672485352e-01 4.477335214614868164e-01 1.000000000000000000e+00 1.000000000000000000e+00 1.000000000000000000e+00
9.882761836051940918e-01 3.018442988395690918e-01 9.118071794509887695e-01 9.133216738700866699e-01 3.154905438423156738e-01 1.000939607620239258e-01 8.030068874359130859e-02 7.358071208000183105e-01 1.089144945144653320e-01 0.000000000000000000e+00 0.000000000000000000e+00 0.000000000000000000e+00
7.596629858016967773e-01 7.329472899436950684e-01 9.131563901901245117e-01 5.244572758674621582e-01 4.482735395431518555e-01 2.581954002380371094e-02 5.666123032569885254e-01 7.956409454345703125e-01 9.314163327217102051e-01 0.000000000000000000e+00 0.000000000000000000e+00 0.000000000000000000e+00
3.673060238361358643e-01 9.483510255813598633e-01 1.384019851684570312e-02 1.833320856094360352e-01 8.353419303894042969e-01 4.232968688011169434e-01 7.290880680084228516e-01 1.526588201522827148e-02 1.621891260147094727e-01 0.000000000000000000e+00 0.000000000000000000e+00 0.000000000000000000e+00
2.541848421096801758e-01 7.536449432373046875e-01 8.575711250305175781e-01 1.218521595001220703e-01 5.129742026329040527e-01 6.411121487617492676e-01 8.769639730453491211e-01 5.808323621749877930e-02 2.229857444763183594e-02 1.000000000000000000e+00 0.000000000000000000e+00 0.000000000000000000e+00
7.862306237220764160e-01 1.465519666671752930e-01 9.531779289245605469e-01 2.544211745262145996e-01 2.648482322692871094e-01 7.191101908683776855e-01 3.786284923553466797e-01 6.585089564323425293e-01 2.210361361503601074e-01 1.000000000000000000e+00 0.000000000000000000e+00 0.000000000000000000e+00
3.663792610168457031e-01 7.482277750968933105e-01 4.734402894973754883e-01 5.231427550315856934e-01 1.437366008758544922e-03 5.393290519714355469e-01 7.843794226646423340e-01 8.539640903472900391e-01 3.275011181831359863e-01 0.000000000000000000e+00 0.000000000000000000e+00 0.000000000000000000e+00
9.949241876602172852e-01 3.453847169876098633e-01 9.785772562026977539e-01 4.831417202949523926e-01 9.943760037422180176e-01 9.948623180389404297e-02 7.069572806358337402e-01 6.353386044502258301e-01 3.914401531219482422e-01 0.000000000000000000e+00 0.000000000000000000e+00 0.000000000000000000e+00
4.470424354076385498e-01 7.163600325584411621e-01 8.846731185913085938e-01 5.093405842781066895e-01 3.526586294174194336e-02 9.691191315650939941e-01 4.212366938591003418e-01 4.219132661819458008e-01 3.310207128524780273e-01 1.000000000000000000e+00 0.000000000000000000e+00 0.000000000000000000e+00
9.197045564651489258e-01 6.987321972846984863e-01 9.238264560699462891e-01 9.771744012832641602e-01 5.849796533584594727e-01 8.492669463157653809e-01 3.385133147239685059e-01 1.177818179130554199e-01 1.678325533866882324e-01 1.000000000000000000e+00 1.000000000000000000e+00 1.000000000000000000e+00
5.559504628181457520e-01 8.318902254104614258e-01 4.377548098564147949e-01 2.543962001800537109e-01 7.966148257255554199e-01 6.909829378128051758e-01 7.196974754333496094e-02 6.293609142303466797e-01 4.830750823020935059e-01 1.000000000000000000e+00 0.000000000000000000e+00 0.000000000000000000e+00
5.137539505958557129e-01 8.822916746139526367e-01 9.114515781402587891e-02 6.147235631942749023e-01 7.433992028236389160e-01 8.311070799827575684e-01 5.699906945228576660e-01 9.719299077987670898e-01 6.680911779403686523e-02 0.000000000000000000e+00 0.000000000000000000e+00 0.000000000000000000e+00
9.953294992446899414e-01 1.112285852432250977e-01 4.033707380294799805e-01 9.586602449417114258e-01 1.063148975372314453e-01 3.185606002807617188e-01 9.936032891273498535e-01 1.621027588844299316e-01 6.629883646965026855e-01 0.000000000000000000e+00 0.000000000000000000e+00 0.000000000000000000e+00
4.149161875247955322e-01 7.506229281425476074e-01 3.360217809677124023e-02 4.214250445365905762e-01 6.528635621070861816e-01 7.580298781394958496e-01 5.438032746315002441e-01 6.141361594200134277e-01 8.465946316719055176e-01 0.000000000000000000e+00 0.000000000000000000e+00 0.000000000000000000e+00
2.872801125049591064e-01 4.652355909347534180e-01 1.240738034248352051e-01 4.894691705703735352e-02 6.629143357276916504e-01 6.820935606956481934e-01 7.490005493164062500e-01 4.060816764831542969e-02 4.260678291320800781e-01 1.000000000000000000e+00 1.000000000000000000e+00 1.000000000000000000e+00
3.251488208770751953e-01 7.355493307113647461e-02 2.496933937072753906e-01 4.687190055847167969e-02 3.529857397079467773e-01 3.045901060104370117e-01 4.507723450660705566e-01 4.434071779251098633e-01 8.700765967369079590e-01 1.000000000000000000e+00 0.000000000000000000e+00 0.000000000000000000e+00
9.321758747100830078e-01 1.052138805389404297e-01 2.531952261924743652e-01 6.470079421997070312e-01 3.960682749748229980e-01 8.747999668121337891e-01 9.080014228820800781e-01 9.063869118690490723e-01 6.936584711074829102e-01 0.000000000000000000e+00 0.000000000000000000e+00 0.000000000000000000e+00
9.730457663536071777e-01 2.613209486007690430e-01 3.704234361648559570e-01 8.373836278915405273e-01 3.988522887229919434e-01 3.324303030967712402e-01 1.519895792007446289e-01 5.429068207740783691e-01 5.572360754013061523e-01 0.000000000000000000e+00 1.000000000000000000e+00 0.000000000000000000e+00
4.568380415439605713e-01 2.030686140060424805e-01 2.222788333892822266e-01 6.240305304527282715e-01 1.186990737915039062e-02 5.731306076049804688e-01 1.251541376113891602e-01 3.232722282409667969e-01 7.195940017700195312e-01 0.000000000000000000e+00 0.000000000000000000e+00 0.000000000000000000e+00
9.400548934936523438e-01 2.904886007308959961e-02 4.685557484626770020e-01 6.019027829170227051e-01 4.696542024612426758e-01 3.105146288871765137e-01 8.115577697753906250e-01 1.969303488731384277e-01 5.361348986625671387e-01 1.000000000000000000e+00 0.000000000000000000e+00 0.000000000000000000e+00
6.608107686042785645e-01 7.236809730529785156e-01 2.711414098739624023e-01 5.224945545196533203e-01 4.781596660614013672e-01 9.882569313049316406e-01 5.799780488014221191e-01 1.151094436645507812e-01 5.636032819747924805e-01 1.000000000000000000e+00 0.000000000000000000e+00 0.000000000000000000e+00
6.907832622528076172e-01 5.080507397651672363e-01 4.735839962959289551e-01 2.990027666091918945e-01 4.211387634277343750e-01 9.182153344154357910e-01 9.986218810081481934e-01 9.683118462562561035e-01 1.978536844253540039e-01 1.000000000000000000e+00 0.000000000000000000e+00 0.000000000000000000e+00
9.813259840011596680e-01 2.020938992500305176e-01 9.844328165054321289e-01 7.746469378471374512e-01 1.028493642807006836e-01 2.227401137351989746e-01 3.470113873481750488e-01 2.467142939567565918e-01 9.151762723922729492e-01 0.000000000000000000e+00 0.000000000000000000e+00 0.000000000000000000e+00
9.644980430603027344e-01 1.936940550804138184e-01 1.669076681137084961e-01 9.506235122680664062e-01 4.149631857872009277e-01 8.286942243576049805e-01 2.128576636314392090e-01 9.168249368667602539e-02 1.197770237922668457e-01 1.000000000000000000e+00 1.000000000000000000e+00 1.000000000000000000e+00
6.699119210243225098e-01 8.914307355880737305e-01 1.199352145195007324e-01 9.392589330673217773e-02 8.003880381584167480e-01 1.809968352317810059e-01 6.802303791046142578e-01 4.887366890907287598e-01 2.672552466392517090e-01 1.000000000000000000e+00 0.000000000000000000e+00 0.000000000000000000e+00
6.662803292274475098e-01 3.934987783432006836e-01 4.342201948165893555e-01 5.171812176704406738e-01 5.829607844352722168e-01 4.169529676437377930e-02 1.827985048294067383e-02 1.574184298515319824e-01 5.844885110855102539e-02 0.000000000000000000e+00 0.000000000000000000e+00 0.000000000000000000e+00
2.411327809095382690e-01 2.957598567008972168e-01 4.786554574966430664e-01 1.682478785514831543e-01 2.842050790786743164e-02 1.673936843872070312e-01 8.363675475120544434e-01 3.058578372001647949e-01 6.049106717109680176e-01 1.000000000000000000e+00 1.000000000000000000e+00 1.000000000000000000e+00
4.494085609912872314e-01 3.791294693946838379e-01 6.038349866867065430e-02 2.541351318359375000e-02 6.269428730010986328e-01 6.508176326751708984e-01 9.171000719070434570e-01 4.999662041664123535e-01 3.855788707733154297e-01 1.000000000000000000e+00 0.000000000000000000e+00 0.000000000000000000e+00
9.980282187461853027e-01 1.866506338119506836e-01 8.967715501785278320e-02 9.807301759719848633e-01 7.863564491271972656e-01 3.591187596321105957e-01 1.026886105537414551e-01 6.600224971771240234e-02 3.876223564147949219e-01 1.000000000000000000e+00 0.000000000000000000e+00 0.000000000000000000e+00
2.591027617454528809e-01 9.275945425033569336e-01 7.806521654129028320e-01 4.863271713256835938e-01 2.643935084342956543e-01 6.655244827270507812e-01 2.146587371826171875e-01 2.972876429557800293e-01 4.593492746353149414e-01 0.000000000000000000e+00 0.000000000000000000e+00 0.000000000000000000e+00
1.632379889488220215e-01 9.211302995681762695e-01 7.359468340873718262e-01 1.190075278282165527e-01 3.536323308944702148e-01 8.557867407798767090e-01 8.343665599822998047e-01 4.142400026321411133e-01 9.731369614601135254e-01 0.000000000000000000e+00 0.000000000000000000e+00 0.000000000000000000e+00
8.173348903656005859e-01 6.862162351608276367e-01 7.245643734931945801e-01 7.819123268127441406e-01 8.660345673561096191e-01 3.911003470420837402e-01 3.866720795631408691e-01 3.707883358001708984e-01 4.337256550788879395e-01 0.000000000000000000e+00 0.000000000000000000e+00 0.000000000000000000e+00
8.578422665596008301e-01 7.896041870117187500e-01 8.284967541694641113e-01 4.160363674163818359e-01 9.519271850585937500e-01 8.839078545570373535e-01 3.785014152526855469e-02 1.592934727668762207e-01 8.861049413681030273e-01 1.000000000000000000e+00 0.000000000000000000e+00 0.000000000000000000e+00
2.533950805664062500e-01 3.525555729866027832e-01 4.685951471328735352e-01 7.657891511917114258e-02 2.725545167922973633e-01 6.176519393920898438e-02 8.342406153678894043e-01 6.773895025253295898e-01 1.667048931121826172e-01 0.000000000000000000e+00 0.000000000000000000e+00 0.000000000000000000e+00
8.439995646476745605e-01 9.682937860488891602e-01 8.361096382141113281e-01 6.683799028396606445e-01 7.562224864959716797e-01 2.618358135223388672e-01 5.842239260673522949e-01 1.462441682815551758e-02 6.211502552032470703e-01 1.000000000000000000e+00 0.000000000000000000e+00 0.000000000000000000e+00
7.596060633659362793e-01 4.359806180000305176e-01 1.062708497047424316e-01 6.818138360977172852e-01 7.921330928802490234e-01 8.796994090080261230e-01 1.490517258644104004e-01 7.606438398361206055e-01 2.117277383804321289e-01 0.000000000000000000e+00 0.000000000000000000e+00 0.000000000000000000e+00
4.989247918128967285e-01 9.841418862342834473e-01 2.262043952941894531e-02 4.017701745033264160e-01 2.240446805953979492e-01 4.913831949234008789e-01 4.323429465293884277e-01 5.837659835815429688e-01 6.647831797599792480e-01 0.000000000000000000e+00 0.000000000000000000e+00 0.000000000000000000e+00
8.486718535423278809e-01 5.529236197471618652e-01 6.881011724472045898e-01 6.961604952812194824e-01 6.271025538444519043e-01 1.184627413749694824e-01 6.490647196769714355e-01 7.524473667144775391e-01 8.525641560554504395e-01 0.000000000000000000e+00 0.000000000000000000e+00 0.000000000000000000e+00
2.448819577693939209e-01 6.966487765312194824e-01 3.605860471725463867e-01 1.873979568481445312e-01 5.027681589126586914e-01 4.289271831512451172e-01 2.563636898994445801e-01 6.013664603233337402e-01 4.571705460548400879e-01 1.000000000000000000e+00 0.000000000000000000e+00 0.000000000000000000e+00
9.326623082160949707e-01 5.270293354988098145e-01 8.866149187088012695e-01 5.842639803886413574e-01 8.220109939575195312e-01 5.542302131652832031e-01 1.780358552932739258e-01 4.266197085380554199e-01 2.442410588264465332e-01 0.000000000000000000e+00 0.000000000000000000e+00 0.000000000000000000e+00
7.513282299041748047e-01 3.155089020729064941e-01 5.532145500183105469e-02 4.831790328025817871e-01 6.791425347328186035e-01 5.161920189857482910e-01 4.683278799057006836e-01 7.385365962982177734e-01 1.254439353942871094e-02 1.000000000000000000e+00 0.000000000000000000e+00 0.000000000000000000e+00
6.483585238456726074e-01 1.214120388031005859e-01 4.079208970069885254e-01 2.458179593086242676e-01 4.080646038055419922e-01 8.065466880798339844e-01 9.359659552574157715e-01 3.631985187530517578e-02 1.986211538314819336e-01 0.000000000000000000e+00 0.000000000000000000e+00 0.000000000000000000e+00
1.997287273406982422e-01 7.073175907135009766e-01 1.003040075302124023e-01 1.048923730850219727e-01 1.263309717178344727e-01 1.188434362411499023e-01 4.245567917823791504e-01 1.848064661026000977e-01 7.485589385032653809e-01 0.000000000000000000e+00 0.000000000000000000e+00 0.000000000000000000e+00
8.540869355201721191e-01 7.868189215660095215e-01 2.104043960571289062e-04 9.050709605216979980e-01 7.580847144126892090e-01 7.003444433212280273e-01 1.326614022254943848e-01 3.001093864440917969e-04 2.447159886360168457e-01 0.000000000000000000e+00 0.000000000000000000e+00 0.000000000000000000e+00
9.682372212409973145e-01 6.834433078765869141e-01 1.323019266128540039e-01 8.574166893959045410e-01 8.250858187675476074e-01 1.351327896118164062e-01 3.426143527030944824e-01 1.306075453758239746e-01 4.509240388870239258e-02 1.000000000000000000e+00 1.000000000000000000e+00 1.000000000000000000e+00
9.842404127120971680e-01 6.955183744430541992e-01 2.472819089889526367e-01 9.808201193809509277e-01 4.126704335212707520e-01 1.139277219772338867e-01 2.950661182403564453e-01 1.051527261734008789e-02 8.456532359123229980e-01 0.000000000000000000e+00 0.000000000000000000e+00 0.000000000000000000e+00
7.535402178764343262e-01 6.742706894874572754e-01 8.115780353546142578e-02 8.022996187210083008e-01 2.101598978042602539e-01 6.302745938301086426e-01 1.671568751335144043e-01 2.136246562004089355e-01 5.908097624778747559e-01 1.000000000000000000e+00 0.000000000000000000e+00 0.000000000000000000e+00
9.933323264122009277e-01 6.866079568862915039e-02 6.337409019470214844e-01 9.042991399765014648e-01 5.542806982994079590e-01 4.579234719276428223e-01 2.221705913543701172e-01 1.847088336944580078e-02 3.938931822776794434e-01 0.000000000000000000e+00 0.000000000000000000e+00 0.000000000000000000e+00
9.449551701545715332e-01 1.325805187225341797e-01 1.270338296890258789e-01 7.292292714118957520e-01 2.552118897438049316e-01 3.265560865402221680e-01 5.589850544929504395e-01 1.145765781402587891e-01 7.550275325775146484e-01 0.000000000000000000e+00 1.000000000000000000e+00 0.000000000000000000e+00
9.844205975532531738e-01 5.983738899230957031e-01 9.618353247642517090e-01 9.157127141952514648e-01 6.229857206344604492e-01 3.421306610107421875e-05 5.842253565788269043e-01 2.647626996040344238e-01 9.661863446235656738e-01 0.000000000000000000e+00 0.000000000000000000e+00 0.000000000000000000e+00
7.691707611083984375e-01 3.610696792602539062e-01 4.069604277610778809e-01 6.056360006332397461e-01 1.921301484107971191e-01 2.109389901161193848e-01 5.500960350036621094e-02 7.053863406181335449e-01 6.758682131767272949e-01 0.000000000000000000e+00 0.000000000000000000e+00 0.000000000000000000e+00
7.853716015815734863e-01 1.422252655029296875e-01 7.103433609008789062e-01 4.197927713394165039e-01 3.944726586341857910e-01 7.050218582153320312e-01 7.296665310859680176e-01 2.678303718566894531e-01 7.051133513450622559e-01 0.000000000000000000e+00 1.000000000000000000e+00 0.000000000000000000e+00
9.124622941017150879e-01 7.675051689147949219e-02 7.104166746139526367e-01 7.927512526512145996e-01 9.460848569869995117e-02 5.923559665679931641e-01 2.008115649223327637e-01 6.432973146438598633e-01 8.593643903732299805e-01 0.000000000000000000e+00 0.000000000000000000e+00 0.000000000000000000e+00
3.908248245716094971e-01 7.654416561126708984e-01 6.687951683998107910e-01 2.654123306274414062e-01 5.749163031578063965e-01 6.070077419281005859e-02 6.961637735366821289e-01 1.218830943107604980e-01 6.874605417251586914e-01 1.000000000000000000e+00 0.000000000000000000e+00 0.000000000000000000e+00
3.088487386703491211e-01 1.677073836326599121e-01 2.469781637191772461e-01 3.077980875968933105e-01 3.003599047660827637e-01 3.969657421112060547e-01 5.775594711303710938e-02 5.660229921340942383e-02 9.446537494659423828e-01 1.000000000000000000e+00 0.000000000000000000e+00 0.000000000000000000e+00
3.170698881149291992e-01 9.140486121177673340e-01 4.408027529716491699e-01 3.588550090789794922e-01 3.116832375526428223e-01 5.471309423446655273e-01 5.257476568222045898e-01 2.653844952583312988e-01 3.313994407653808594e-02 1.000000000000000000e+00 0.000000000000000000e+00 0.000000000000000000e+00
7.232561707496643066e-01 5.629172325134277344e-01 8.753869533538818359e-01 6.203883886337280273e-01 7.749664783477783203e-02 9.510674476623535156e-01 6.692035794258117676e-01 3.713005781173706055e-01 1.711923480033874512e-01 1.000000000000000000e+00 0.000000000000000000e+00 0.000000000000000000e+00
9.857806563377380371e-01 3.560524582862854004e-01 8.370888233184814453e-01 9.594602584838867188e-01 4.239441156387329102e-01 2.104652523994445801e-01 8.775395154953002930e-02 4.651646018028259277e-01 7.246419191360473633e-01 0.000000000000000000e+00 0.000000000000000000e+00 0.000000000000000000e+00
4.203293919563293457e-01 9.855849742889404297e-01 7.004743814468383789e-02 4.617826938629150391e-01 4.220160245895385742e-01 4.525425434112548828e-01 9.097485542297363281e-01 2.405230402946472168e-01 2.571684122085571289e-02 0.000000000000000000e+00 1.000000000000000000e+00 0.000000000000000000e+00
8.166159987449645996e-01 7.944715023040771484e-02 5.184700489044189453e-01 6.219025254249572754e-01 4.024302959442138672e-01 7.418293952941894531e-01 4.311104416847229004e-01 9.658434987068176270e-01 2.011235952377319336e-01 1.000000000000000000e+00 0.000000000000000000e+00 0.000000000000000000e+00
5.876345038414001465e-01 6.741914749145507812e-01 7.006478309631347656e-02 2.581316232681274414e-01 7.261562347412109375e-01 1.860487461090087891e-02 5.218451023101806641e-01 1.537783741950988770e-01 8.057492971420288086e-02 0.000000000000000000e+00 0.000000000000000000e+00 0.000000000000000000e+00
9.627274274826049805e-01 4.340676069259643555e-01 9.728987812995910645e-01 6.316860914230346680e-01 4.778136014938354492e-01 3.956474065780639648e-01 7.963740825653076172e-02 7.591180205345153809e-01 8.685104846954345703e-01 0.000000000000000000e+00 0.000000000000000000e+00 0.000000000000000000e+00
7.822588086128234863e-01 1.370482444763183594e-01 5.200865268707275391e-01 2.955309152603149414e-01 6.607412099838256836e-01 1.710298061370849609e-01 5.637461543083190918e-01 6.054651737213134766e-01 3.906164169311523438e-01 0.000000000000000000e+00 0.000000000000000000e+00 0.000000000000000000e+00
9.765314459800720215e-01 9.405094385147094727e-02 4.998708367347717285e-01 6.163638830184936523e-01 8.782369494438171387e-01 1.760370135307312012e-01 3.541623353958129883e-01 5.651870965957641602e-01 7.689753770828247070e-01 0.000000000000000000e+00 0.000000000000000000e+00 0.000000000000000000e+00
1.136657148599624634e-01 2.221176028251647949e-01 1.363972425460815430e-01 4.012280702590942383e-02 5.057517886161804199e-01 8.425680398941040039e-01 1.176663041114807129e-01 4.127718806266784668e-01 7.415584921836853027e-01 0.000000000000000000e+00 0.000000000000000000e+00 0.000000000000000000e+00
8.462209105491638184e-01 2.759255766868591309e-01 2.878803014755249023e-02 4.433540701866149902e-01 9.094775319099426270e-01 6.109490990638732910e-01 9.782601594924926758e-01 8.255004882812500000e-02 3.331558108329772949e-01 0.000000000000000000e+00 1.000000000000000000e+00 0.000000000000000000e+00
6.137161850929260254e-01 4.781998991966247559e-01 7.364410758018493652e-01 1.418436765670776367e-01 7.520971894264221191e-01 8.666228652000427246e-01 3.339938521385192871e-01 5.970315933227539062e-01 6.625794768333435059e-01 0.000000000000000000e+00 0.000000000000000000e+00 0.000000000000000000e+00
1.318006813526153564e-01 2.806732058525085449e-01 2.521053552627563477e-01 1.321145296096801758e-01 5.278098583221435547e-01 8.682208657264709473e-01 5.170996189117431641e-01 2.890875339508056641e-01 8.125483989715576172e-01 1.000000000000000000e+00 1.000000000000000000e+00 1.000000000000000000e+00
4.747113883495330811e-01 4.591287374496459961e-01 4.417681097984313965e-01 2.789658308029174805e-01 8.346343040466308594e-01 2.838498353958129883e-01 9.921725988388061523e-01 4.666893482208251953e-01 5.633571147918701172e-01 1.000000000000000000e+00 0.000000000000000000e+00 0.000000000000000000e+00
9.560353755950927734e-01 1.648682355880737305e-02 9.812812805175781250e-01 3.797942399978637695e-02 3.441480398178100586e-01 4.369057416915893555e-01 6.133781671524047852e-01 4.464941620826721191e-01 1.883528232574462891e-01 0.000000000000000000e+00 1.000000000000000000e+00 0.000000000000000000e+00
8.215872645378112793e-01 8.245044946670532227e-02 9.066680669784545898e-01 5.813004374504089355e-01 1.600490212440490723e-01 9.087114930152893066e-01 4.264475107192993164e-01 4.031794667243957520e-01 5.688100457191467285e-01 0.000000000000000000e+00 1.000000000000000000e+00 0.000000000000000000e+00
8.187239766120910645e-01 2.124863266944885254e-01 1.768088340759277344e-02 7.052869796752929688e-01 2.869743704795837402e-01 7.048373222351074219e-01 8.165050148963928223e-01 2.797964811325073242e-01 6.464406251907348633e-01 0.000000000000000000e+00 0.000000000000000000e+00 0.000000000000000000e+00
2.185450345277786255e-01 8.791394829750061035e-01 8.128439784049987793e-01 3.177477717399597168e-01 5.484707355499267578e-01 7.919440865516662598e-01 7.020781636238098145e-01 5.099567174911499023e-01 9.263160824775695801e-01 1.000000000000000000e+00 0.000000000000000000e+00 0.000000000000000000e+00
7.503018975257873535e-01 2.033517360687255859e-01 6.303675174713134766e-01 4.117817282676696777e-01 2.534842491149902344e-01 1.975248456001281738e-01 1.056867241859436035e-01 4.958557486534118652e-01 1.486653685569763184e-01 0.000000000000000000e+00 0.000000000000000000e+00 0.000000000000000000e+00
8.746210932731628418e-01 1.920426487922668457e-01 5.127580165863037109e-01 6.789801120758056641e-01 4.330276846885681152e-01 2.981352806091308594e-01 1.681492328643798828e-01 2.669054269790649414e-01 3.292316794395446777e-01 0.000000000000000000e+00 1.000000000000000000e+00 0.000000000000000000e+00
5.378563404083251953e-01 9.000730514526367188e-01 4.038826227188110352e-01 8.666813373565673828e-01 2.075438499450683594e-01 7.546941041946411133e-01 9.540349245071411133e-01 3.661403656005859375e-01 4.404674768447875977e-01 0.000000000000000000e+00 0.000000000000000000e+00 0.000000000000000000e+00
9.386190176010131836e-01 7.772289514541625977e-01 4.786169528961181641e-02 9.382718801498413086e-01 9.739001989364624023e-01 5.869178175926208496e-01 4.291203618049621582e-01 5.583744645118713379e-01 8.385276794433593750e-02 0.000000000000000000e+00 0.000000000000000000e+00 0.000000000000000000e+00
4.028625190258026123e-01 4.679066538810729980e-01 5.992657542228698730e-01 5.308214426040649414e-01 2.852982878684997559e-01 4.253869652748107910e-01 4.532461166381835938e-01 6.242821216583251953e-01 3.538614511489868164e-01 0.000000000000000000e+00 1.000000000000000000e+00 0.000000000000000000e+00
2.077989578247070312e-01 8.783110380172729492e-01 1.170182824134826660e-01 2.644215822219848633e-01 1.176272630691528320e-01 8.658134937286376953e-02 3.045625090599060059e-01 4.365223646163940430e-02 1.107923388481140137e-01 0.000000000000000000e+00 0.000000000000000000e+00 0.000000000000000000e+00
9.682922363281250000e-01 1.132426261901855469e-01 1.857175827026367188e-01 7.557911276817321777e-01 1.811138987541198730e-01 3.002935051918029785e-01 2.979061007499694824e-01 5.242351889610290527e-01 2.573060989379882812e-02 0.000000000000000000e+00 0.000000000000000000e+00 0.000000000000000000e+00
3.444684743881225586e-01 9.967855811119079590e-01 1.245435476303100586e-01 5.435883998870849609e-03 7.094210386276245117e-02 6.736958026885986328e-02 7.369610667228698730e-01 2.120589017868041992e-01 9.087759852409362793e-01 1.000000000000000000e+00 0.000000000000000000e+00 0.000000000000000000e+00
9.863139390945434570e-01 9.629399776458740234e-01 9.528247117996215820e-01 9.666688442230224609e-01 9.277281165122985840e-01 6.680381298065185547e-02 8.703553676605224609e-02 8.983924984931945801e-01 8.786179423332214355e-01 0.000000000000000000e+00 0.000000000000000000e+00 0.000000000000000000e+00
5.361742377281188965e-01 6.164461374282836914e-01 5.012402534484863281e-01 3.893749713897705078e-01 7.917550206184387207e-01 6.031318306922912598e-01 4.045266509056091309e-01 5.639570951461791992e-01 9.009379744529724121e-01 1.000000000000000000e+00 0.000000000000000000e+00 0.000000000000000000e+00
2.363709956407546997e-01 8.926343321800231934e-01 7.338833808898925781e-02 1.526839733123779297e-01 3.856745362281799316e-01 7.497978806495666504e-01 5.218696594238281250e-02 8.304069042205810547e-01 9.966085553169250488e-01 0.000000000000000000e+00 0.000000000000000000e+00 0.000000000000000000e+00
9.026262760162353516e-01 1.846395134925842285e-01 8.976991772651672363e-01 2.237246632575988770e-01 3.211789727210998535e-01 5.906646847724914551e-01 8.051390647888183594e-01 9.011429548263549805e-01 2.405806183815002441e-01 0.000000000000000000e+00 0.000000000000000000e+00 0.000000000000000000e+00
4.172777533531188965e-01 3.241816163063049316e-01 4.524188637733459473e-01 3.347938656806945801e-01 2.732474207878112793e-01 9.176662564277648926e-01 5.851346254348754883e-01 2.344760298728942871e-01 3.557938337326049805e-02 0.000000000000000000e+00 0.000000000000000000e+00 0.000000000000000000e+00
4.445783793926239014e-01 4.257031083106994629e-01 5.295965075492858887e-01 3.914667963981628418e-01 4.242069125175476074e-01 7.730237245559692383e-01 6.785809993743896484e-03 2.666920423507690430e-02 1.742219924926757812e-01 0.000000000000000000e+00 0.000000000000000000e+00 0.000000000000000000e+00
9.659770131111145020e-01 3.132657408714294434e-01 6.123383045196533203e-01 9.038327336311340332e-01 9.463621973991394043e-01 9.116359949111938477e-01 8.074510097503662109e-01 1.575809121131896973e-01 2.971767783164978027e-01 0.000000000000000000e+00 1.000000000000000000e+00 0.000000000000000000e+00
1.839579641819000244e-01 4.605697989463806152e-01 3.466469645500183105e-01 8.510780334472656250e-02 3.270656466484069824e-01 5.620868206024169922e-01 2.800928354263305664e-01 1.345531344413757324e-01 7.329612970352172852e-02 1.000000000000000000e+00 1.000000000000000000e+00 1.000000000000000000e+00
4.864081144332885742e-01 2.087640762329101562e-01 5.758529901504516602e-02 4.281310439109802246e-01 5.261796116828918457e-01 6.650643944740295410e-01 1.861597299575805664e-01 2.669301629066467285e-01 9.177473783493041992e-01 1.000000000000000000e+00 1.000000000000000000e+00 1.000000000000000000e+00
6.116036772727966309e-01 3.338396549224853516e-01 4.987167716026306152e-01 4.727414846420288086e-01 6.096298098564147949e-01 1.775516867637634277e-01 4.726949334144592285e-01 6.385437250137329102e-01 6.920903921127319336e-02 0.000000000000000000e+00 0.000000000000000000e+00 0.000000000000000000e+00
9.594584107398986816e-01 3.857168555259704590e-01 4.569773077964782715e-01 7.492968440055847168e-01 3.765160441398620605e-01 7.372611761093139648e-02 3.194504976272583008e-01 8.638569116592407227e-01 5.805612802505493164e-01 0.000000000000000000e+00 0.000000000000000000e+00 0.000000000000000000e+00
5.906983613967895508e-01 5.049136877059936523e-01 5.975912809371948242e-01 5.719119906425476074e-01 2.052603363990783691e-01 8.758479356765747070e-01 1.000356674194335938e-02 9.478344321250915527e-01 3.438615202903747559e-01 0.000000000000000000e+00 0.000000000000000000e+00 0.000000000000000000e+00
9.701707959175109863e-01 1.711308956146240234e-03 7.640543580055236816e-01 3.216010928153991699e-01 6.446968317031860352e-01 1.554504632949829102e-01 3.465994000434875488e-01 7.741433382034301758e-01 5.604928135871887207e-01 1.000000000000000000e+00 0.000000000000000000e+00 0.000000000000000000e+00
9.196841120719909668e-01 6.716632246971130371e-01 8.935391902923583984e-01 6.474918127059936523e-01 9.661657214164733887e-01 5.601826310157775879e-01 6.155553460121154785e-01 7.913984656333923340e-01 3.103078007698059082e-01 0.000000000000000000e+00 0.000000000000000000e+00 0.000000000000000000e+00
2.635977268218994141e-01 2.400982975959777832e-01 2.603561282157897949e-01 2.359498143196105957e-01 4.440233111381530762e-01 3.754635453224182129e-01 2.970082759857177734e-01 5.446181297302246094e-01 7.383081316947937012e-01 0.000000000000000000e+00 0.000000000000000000e+00 0.000000000000000000e+00
9.305973052978515625e-01 6.312572956085205078e-01 8.203105926513671875e-01 8.883065581321716309e-01 5.646874308586120605e-01 1.251158118247985840e-01 6.708818674087524414e-02 9.414631128311157227e-01 5.223818421363830566e-01 0.000000000000000000e+00 0.000000000000000000e+00 0.000000000000000000e+00
6.817764639854431152e-01 1.128357648849487305e-02 2.000669240951538086e-01 3.282330036163330078e-01 8.803447484970092773e-01 2.710989713668823242e-01 8.993923664093017578e-02 1.274501085281372070e-01 1.771675348281860352e-01 1.000000000000000000e+00 0.000000000000000000e+00 0.000000000000000000e+00
4.892547428607940674e-01 4.100208282470703125e-01 7.028717398643493652e-01 3.070843219757080078e-02 4.057672619819641113e-01 2.248310446739196777e-01 6.838894486427307129e-01 9.908895492553710938e-01 3.329896926879882812e-01 1.000000000000000000e+00 0.000000000000000000e+00 0.000000000000000000e+00
5.126908421516418457e-01 8.510941863059997559e-01 4.445607066154479980e-01 8.361624479293823242e-01 1.463344693183898926e-01 3.497415184974670410e-01 3.565664887428283691e-01 2.641944289207458496e-01 5.093613266944885254e-01 1.000000000000000000e+00 0.000000000000000000e+00 0.000000000000000000e+00
8.711856007575988770e-01 8.295679092407226562e-02 4.814696311950683594e-02 7.143019437789916992e-01 5.948323607444763184e-01 8.994403481483459473e-01 5.497931838035583496e-01 5.089634060859680176e-01 1.858038902282714844e-01 1.000000000000000000e+00 0.000000000000000000e+00 0.000000000000000000e+00
6.391966938972473145e-01 3.172819614410400391e-01 8.045816421508789062e-01 4.840370416641235352e-01 8.062875270843505859e-02 4.570181369781494141e-01 7.397717833518981934e-01 2.403014898300170898e-02 5.216079950332641602e-01 1.000000000000000000e+00 0.000000000000000000e+00 0.000000000000000000e+00
9.620324969291687012e-01 3.907768130302429199e-01 7.660574316978454590e-01 5.110986828804016113e-01 7.928829789161682129e-01 1.525270938873291016e-01 9.424207806587219238e-01 3.086155652999877930e-02 3.338450789451599121e-01 0.000000000000000000e+00 0.000000000000000000e+00 0.000000000000000000e+00
8.979877233505249023e-01 2.279316782951354980e-01 6.687665581703186035e-01 4.128268957138061523e-01 8.689938783645629883e-01 8.963816761970520020e-01 5.365642309188842773e-01 2.746912837028503418e-01 7.121129631996154785e-01 0.000000000000000000e+00 1.000000000000000000e+00 0.000000000000000000e+00
5.720926523208618164e-01 3.392924666404724121e-01 6.520667076110839844e-01 1.772636771202087402e-01 3.040716052055358887e-01 9.855437278747558594e-01 3.515819907188415527e-01 3.484300971031188965e-01 3.676145076751708984e-01 0.000000000000000000e+00 0.000000000000000000e+00 0.000000000000000000e+00
7.641708254814147949e-01 1.606518626213073730e-01 3.161529898643493652e-01 5.641221404075622559e-01 4.328615069389343262e-01 4.552463293075561523e-01 7.782380580902099609e-01 9.139215946197509766e-01 9.331195950508117676e-01 0.000000000000000000e+00 0.000000000000000000e+00 0.000000000000000000e+00
4.848121702671051025e-01 9.303851723670959473e-01 3.051866888999938965e-01 3.381367921829223633e-01 2.272013425827026367e-01 5.107583999633789062e-01 2.942085266113281250e-04 5.601890683174133301e-01 5.290142893791198730e-01 1.000000000000000000e+00 0.000000000000000000e+00 0.000000000000000000e+00
